speaker_id,username,predicted,score,correct,gender,age,dialect,micro_make,micro_type,sampling_rate
20080430,Alblasco1702,20080430,0.79074347,True,mannelijk,senior,algemeen Nederlands,n/a,headsetmicrofoon,48000
20080430,Alblasco1702,20080430,0.7329187,True,mannelijk,senior,algemeen Nederlands,n/a,headsetmicrofoon,48000
20080430,Alblasco1702,20080430,0.7040005,True,mannelijk,senior,algemeen Nederlands,n/a,headsetmicrofoon,48000
20080430,Alblasco1702,20080430,0.782989,True,mannelijk,senior,algemeen Nederlands,n/a,headsetmicrofoon,48000
20080430,Alblasco1702,20080430,0.84381974,True,mannelijk,senior,algemeen Nederlands,n/a,headsetmicrofoon,48000
20080430,Alblasco1702,20080430,0.84570074,True,mannelijk,senior,algemeen Nederlands,n/a,headsetmicrofoon,48000
20080430,Alblasco1702,20080430,0.7735673,True,mannelijk,senior,algemeen Nederlands,n/a,headsetmicrofoon,48000
20080430,Alblasco1702,20080430,0.7655157,True,mannelijk,senior,algemeen Nederlands,n/a,headsetmicrofoon,48000
20080430,Alblasco1702,20080430,0.8363675,True,mannelijk,senior,algemeen Nederlands,n/a,headsetmicrofoon,48000
20071225,anneke,20071225,0.69135684,True,female;,,algemeen Nederlands.,,,
20071225,anneke,20071225,0.79167265,True,female;,,algemeen Nederlands.,,,
20071225,anneke,20071225,0.6600722,True,female;,,algemeen Nederlands.,,,
20071225,anneke,20071225,0.75474817,True,female;,,algemeen Nederlands.,,,
20071225,anneke,20071225,0.7499749,True,female;,,algemeen Nederlands.,,,
20071225,anneke,20071225,0.66289866,True,female;,,algemeen Nederlands.,,,
20071225,anneke,20071225,0.7368666,True,female;,,algemeen Nederlands.,,,
20071225,anneke,20071225,0.7317879,True,female;,,algemeen Nederlands.,,,
20071225,anneke,20071225,0.7882088,True,female;,,algemeen Nederlands.,,,
20071225,anneke,20071225,0.8013323,True,female;,,algemeen Nederlands.,,,
20071225,anneke,20071225,0.6926041,True,female;,,algemeen Nederlands.,,,
20071225,anneke,20071225,0.7579975,True,female;,,algemeen Nederlands.,,,
20071225,anneke,20071225,0.6483562,True,female;,,algemeen Nederlands.,,,
20071225,anneke,20071225,0.6975573,True,female;,,algemeen Nederlands.,,,
20071225,anneke,20071225,0.76209915,True,female;,,algemeen Nederlands.,,,
20071225,anneke,20071225,0.77792776,True,female;,,algemeen Nederlands.,,,
20071225,anneke,20071225,0.6450444,True,female;,,algemeen Nederlands.,,,
20071225,anneke,20071225,0.7902051,True,female;,,algemeen Nederlands.,,,
20071225,anneke,20071225,0.735759,True,female;,,algemeen Nederlands.,,,
20071225,anneke,20071225,0.7065027,True,female;,,algemeen Nederlands.,,,
20071225,anneke,20071225,0.7495583,True,female;,,algemeen Nederlands.,,,
20071225,anneke,20071225,0.67845696,True,female;,,algemeen Nederlands.,,,
20071225,anneke,20071225,0.7233681,True,female;,,algemeen Nederlands.,,,
20071225,anneke,20071225,0.7513137,True,female;,,algemeen Nederlands.,,,
20071225,anneke,20071225,0.77716386,True,female;,,algemeen Nederlands.,,,
20071225,anneke,20071225,0.6995451,True,female;,,algemeen Nederlands.,,,
20071225,anneke,20071225,0.7993854,True,female;,,algemeen Nederlands.,,,
20080120,anonymous,20080120,0.7591295,True,mannelijk,volwassen,algemeen Nederlands,n/a,headsetmicrofoon,48000
20071225,anneke,20071225,0.7645223,True,female;,,algemeen Nederlands.,,,
20080120,anonymous,20080120,0.7464305,True,mannelijk,volwassen,algemeen Nederlands,n/a,headsetmicrofoon,48000
20071225,anneke,20071225,0.78545964,True,female;,,algemeen Nederlands.,,,
20071225,anneke,20071225,0.744038,True,female;,,algemeen Nederlands.,,,
20080120,anonymous,20080120,0.64552784,True,mannelijk,volwassen,algemeen Nederlands,n/a,headsetmicrofoon,48000
20080120,anonymous,20080120,0.7020266,True,mannelijk,volwassen,algemeen Nederlands,n/a,headsetmicrofoon,48000
20080120,anonymous,20080120,0.6916604,True,mannelijk,volwassen,algemeen Nederlands,n/a,headsetmicrofoon,48000
20080120,anonymous,20080120,0.8127904,True,mannelijk,volwassen,algemeen Nederlands,n/a,headsetmicrofoon,48000
20080120,anonymous,20080120,0.76600564,True,mannelijk,volwassen,algemeen Nederlands,n/a,headsetmicrofoon,48000
20080120,anonymous,20080120,0.73773897,True,mannelijk,volwassen,algemeen Nederlands,n/a,headsetmicrofoon,48000
20080120,anonymous,20080120,0.7667481,True,mannelijk,volwassen,algemeen Nederlands,n/a,headsetmicrofoon,48000
20080120,anonymous,20080120,0.9789596,True,mannelijk,volwassen,algemeen Nederlands,n/a,headsetmicrofoon,48000
20080120,anonymous,20080120,0.68678033,True,mannelijk,volwassen,algemeen Nederlands,n/a,headsetmicrofoon,48000
20080120,anonymous,20080120,0.6330741,True,mannelijk,volwassen,algemeen Nederlands,n/a,headsetmicrofoon,48000
20080120,anonymous,20080120,0.6503555,True,mannelijk,volwassen,algemeen Nederlands,n/a,headsetmicrofoon,48000
20080120,anonymous,20080120,0.65436745,True,mannelijk,volwassen,algemeen Nederlands,n/a,headsetmicrofoon,48000
20080120,anonymous,20080120,0.64081764,True,mannelijk,volwassen,algemeen Nederlands,n/a,headsetmicrofoon,48000
20080120,anonymous,20080120,0.70764256,True,mannelijk,volwassen,algemeen Nederlands,n/a,headsetmicrofoon,48000
20080120,anonymous,20080120,0.7037895,True,mannelijk,volwassen,algemeen Nederlands,n/a,headsetmicrofoon,48000
20080120,anonymous,20080120,0.7493482,True,mannelijk,volwassen,algemeen Nederlands,n/a,headsetmicrofoon,48000
20080210,anonymous,20080720,0.3585708,False,mannelijk,jeugd,Noordoostelijk,n/a,headsetmicrofoon,48000
20080120,anonymous,20080120,0.68727434,True,mannelijk,volwassen,algemeen Nederlands,n/a,headsetmicrofoon,48000
20080210,anonymous,20080301,0.39125943,False,mannelijk,jeugd,Noordoostelijk,n/a,headsetmicrofoon,48000
20080210,anonymous,20080120,0.4308561,False,mannelijk,jeugd,Noordoostelijk,n/a,headsetmicrofoon,48000
20080210,anonymous,20080120,0.4019856,False,mannelijk,jeugd,Noordoostelijk,n/a,headsetmicrofoon,48000
20080210,anonymous,20080120,0.44002816,False,mannelijk,jeugd,Noordoostelijk,n/a,headsetmicrofoon,48000
20080210,anonymous,20080120,0.41686654,False,mannelijk,jeugd,Noordoostelijk,n/a,headsetmicrofoon,48000
20080210,anonymous,20080120,0.34782463,False,mannelijk,jeugd,Noordoostelijk,n/a,headsetmicrofoon,48000
20080210,anonymous,20080120,0.5366173,False,mannelijk,jeugd,Noordoostelijk,n/a,headsetmicrofoon,48000
20080210,anonymous,20120315,0.2922969,False,mannelijk,jeugd,Noordoostelijk,n/a,headsetmicrofoon,48000
20080210,anonymous,20080120,0.4328158,False,mannelijk,jeugd,Noordoostelijk,n/a,headsetmicrofoon,48000
20080210,anonymous,20111021,0.30982202,False,mannelijk,jeugd,Noordoostelijk,n/a,headsetmicrofoon,48000
20080210,anonymous,20080504,0.37587845,False,mannelijk,jeugd,Noordoostelijk,n/a,headsetmicrofoon,48000
20080210,anonymous,20080606,0.33481613,False,mannelijk,jeugd,Noordoostelijk,n/a,headsetmicrofoon,48000
20080210,anonymous,20080302,0.37499353,False,mannelijk,jeugd,Noordoostelijk,n/a,headsetmicrofoon,48000
20080210,anonymous,20120315,0.44444427,False,mannelijk,jeugd,Noordoostelijk,n/a,headsetmicrofoon,48000
20080210,anonymous,20080301,0.26953268,False,mannelijk,jeugd,Noordoostelijk,n/a,headsetmicrofoon,48000
20080210,anonymous,20080120,0.40708238,False,mannelijk,jeugd,Noordoostelijk,n/a,headsetmicrofoon,48000
20080210,anonymous,20080120,0.45226172,False,mannelijk,jeugd,Noordoostelijk,n/a,headsetmicrofoon,48000
20080213,anonymous,20090617,0.4390036,False,mannelijk,volwassen,algemeen Nederlands,n/a,microfoon in laptop,48000
20080213,anonymous,20080120,0.4110561,False,mannelijk,volwassen,algemeen Nederlands,n/a,microfoon in laptop,48000
20080210,anonymous,20090719,0.3918211,False,mannelijk,jeugd,Noordoostelijk,n/a,headsetmicrofoon,48000
20080213,anonymous,20081022,0.46419078,False,mannelijk,volwassen,algemeen Nederlands,n/a,microfoon in laptop,48000
20080213,anonymous,20111119,0.42606527,False,mannelijk,volwassen,algemeen Nederlands,n/a,microfoon in laptop,48000
20080213,anonymous,20070823_nl1,0.38847026,False,mannelijk,volwassen,algemeen Nederlands,n/a,microfoon in laptop,48000
20080213,anonymous,20070823_nl1,0.44224277,False,mannelijk,volwassen,algemeen Nederlands,n/a,microfoon in laptop,48000
20080213,anonymous,20070823_nl1,0.4587888,False,mannelijk,volwassen,algemeen Nederlands,n/a,microfoon in laptop,48000
20080213,anonymous,20090322,0.43060142,False,mannelijk,volwassen,algemeen Nederlands,n/a,microfoon in laptop,48000
20080213,anonymous,20081022,0.37169284,False,mannelijk,volwassen,algemeen Nederlands,n/a,microfoon in laptop,48000
20080220,anonymous,20080220,0.6539279,True,male,adult,anders,n/a,unknown,48000
20080220,anonymous,20090826,0.6509279,False,male,adult,anders,n/a,unknown,48000
20080220,anonymous,20080220,0.46080762,True,male,adult,anders,n/a,unknown,48000
20080220,anonymous,20080220,0.5863296,True,male,adult,anders,n/a,unknown,48000
20080220,anonymous,20080220,0.62038785,True,male,adult,anders,n/a,unknown,48000
20080220,anonymous,20080220,0.6823239,True,male,adult,anders,n/a,unknown,48000
20080220,anonymous,20080220,0.62882686,True,male,adult,anders,n/a,unknown,48000
20080220,anonymous,20080220,0.56192017,True,male,adult,anders,n/a,unknown,48000
20080220,anonymous,20080220,0.60565764,True,male,adult,anders,n/a,unknown,48000
20080220,anonymous,20080220,0.58036447,True,male,adult,anders,n/a,unknown,48000
20080220,anonymous,20080220,0.6239017,True,male,adult,anders,n/a,unknown,48000
20080220,anonymous,20080220,0.45328972,True,male,adult,anders,n/a,unknown,48000
20080220,anonymous,20080220,0.61216563,True,male,adult,anders,n/a,unknown,48000
20080220,anonymous,20080220,0.5029423,True,male,adult,anders,n/a,unknown,48000
20080220,anonymous,20080220,0.5831156,True,male,adult,anders,n/a,unknown,48000
20080220,anonymous,20080220,0.6009326,True,male,adult,anders,n/a,unknown,48000
20080220,anonymous,20080220,0.6181587,True,male,adult,anders,n/a,unknown,48000
20080220,anonymous,20080220,0.6475873,True,male,adult,anders,n/a,unknown,48000
20080220,anonymous,20080220,0.62859607,True,male,adult,anders,n/a,unknown,48000
20080220,anonymous,20080220,0.9982443,True,male,adult,anders,n/a,unknown,48000
20080220,anonymous,20080220,0.62888855,True,male,adult,anders,n/a,unknown,48000
20080220,anonymous,20080220,0.6232289,True,male,adult,anders,n/a,unknown,48000
20080220,anonymous,20080220,0.5680737,True,male,adult,anders,n/a,unknown,48000
20080220,anonymous,20080220,0.5981591,True,male,adult,anders,n/a,unknown,48000
20080220,anonymous,20080220,0.53943217,True,male,adult,anders,n/a,unknown,48000
20080220,anonymous,20090826,0.4826988,False,male,adult,anders,n/a,unknown,48000
20080220,anonymous,20080220,0.400714,True,male,adult,anders,n/a,unknown,48000
20080301,anonymous,20080301,0.54300797,True,male,adult,anders,n/a,unknown,48000
20080301,anonymous,20080301,0.6260194,True,male,adult,anders,n/a,unknown,48000
20080301,anonymous,20080301,0.43942374,True,male,adult,anders,n/a,unknown,48000
20080301,anonymous,20080301,0.641153,True,male,adult,anders,n/a,unknown,48000
20080301,anonymous,20080301,0.6817736,True,male,adult,anders,n/a,unknown,48000
20080301,anonymous,20080301,0.6508566,True,male,adult,anders,n/a,unknown,48000
20080301,anonymous,20080301,0.6313078,True,male,adult,anders,n/a,unknown,48000
20080301,anonymous,20080301,0.5909734,True,male,adult,anders,n/a,unknown,48000
20080301,anonymous,20080406,0.44231862,False,male,adult,anders,n/a,unknown,48000
20080301,anonymous,20080301,0.39017862,True,male,adult,anders,n/a,unknown,48000
20080301,anonymous,20080301,0.64842904,True,male,adult,anders,n/a,unknown,48000
20080301,anonymous,20081018,0.54909384,False,male,adult,anders,n/a,unknown,48000
20080301,anonymous,20080301,0.5476563,True,male,adult,anders,n/a,unknown,48000
20080301,anonymous,20080301,0.51294655,True,male,adult,anders,n/a,unknown,48000
20080301,anonymous,20080301,0.67328405,True,male,adult,anders,n/a,unknown,48000
20080301,anonymous,20080301,0.6588339,True,male,adult,anders,n/a,unknown,48000
20080301,anonymous,20080301,0.5117699,True,male,adult,anders,n/a,unknown,48000
20080301,anonymous,20080301,0.68916404,True,male,adult,anders,n/a,unknown,48000
20080301,anonymous,20080301,0.6703144,True,male,adult,anders,n/a,unknown,48000
20080301,anonymous,20080301,0.93052363,True,male,adult,anders,n/a,unknown,48000
20080301,anonymous,20080301,0.75251603,True,male,adult,anders,n/a,unknown,48000
20080301,anonymous,20080301,0.7594816,True,male,adult,anders,n/a,unknown,48000
20080301,anonymous,20080301,0.75502527,True,male,adult,anders,n/a,unknown,48000
20080301,anonymous,20080301,0.77782536,True,male,adult,anders,n/a,unknown,48000
20080301,anonymous,20080301,0.72735643,True,male,adult,anders,n/a,unknown,48000
20080301,anonymous,20080301,0.78091097,True,male,adult,anders,n/a,unknown,48000
20080301,anonymous,20080301,0.7545496,True,male,adult,anders,n/a,unknown,48000
20080301,anonymous,20080301,0.8132579,True,male,adult,anders,n/a,unknown,48000
20080301,anonymous,20080301,0.48978388,True,male,adult,anders,n/a,unknown,48000
20080301,anonymous,20080301,0.6568199,True,male,adult,anders,n/a,unknown,48000
20080301,anonymous,20080301,0.67634046,True,male,adult,anders,n/a,unknown,48000
20080301,anonymous,20080301,0.69047797,True,male,adult,anders,n/a,unknown,48000
20080301,anonymous,20080301,0.66166496,True,male,adult,anders,n/a,unknown,48000
20080301,anonymous,20090617,0.54324967,False,male,adult,anders,n/a,unknown,48000
20080301,anonymous,20090617,0.6128926,False,male,adult,anders,n/a,unknown,48000
20080301,anonymous,20080301,0.59109306,True,male,adult,anders,n/a,unknown,48000
20080301,anonymous,20080301,0.7740742,True,male,adult,anders,n/a,unknown,48000
20080301,anonymous,20080301,0.7818179,True,male,adult,anders,n/a,unknown,48000
20080301,anonymous,20080301,0.7172153,True,male,adult,anders,n/a,unknown,48000
20080301,anonymous,20080301,0.7295369,True,male,adult,anders,n/a,unknown,48000
20080301,anonymous,20080301,0.37860754,True,male,adult,anders,n/a,unknown,48000
20080301,anonymous,20080301,0.6529454,True,male,adult,anders,n/a,unknown,48000
20080301,anonymous,20080301,0.73080146,True,male,adult,anders,n/a,unknown,48000
20080301,anonymous,20080301,0.63878375,True,male,adult,anders,n/a,unknown,48000
20080301,anonymous,20080301,0.6266199,True,male,adult,anders,n/a,unknown,48000
20080301,anonymous,20080301,0.61684656,True,male,adult,anders,n/a,unknown,48000
20080301,anonymous,20080301,0.6684186,True,male,adult,anders,n/a,unknown,48000
20080301,anonymous,20080301,0.6075857,True,male,adult,anders,n/a,unknown,48000
20080301,anonymous,20080301,0.7066063,True,male,adult,anders,n/a,unknown,48000
20080301,anonymous,20080301,0.7564819,True,male,adult,anders,n/a,unknown,48000
20080301,anonymous,20080301,0.64832354,True,male,adult,anders,n/a,unknown,48000
20080301,anonymous,20080301,0.48932898,True,male,adult,anders,n/a,unknown,48000
20080301,anonymous,20080301,0.6734414,True,male,adult,anders,n/a,unknown,48000
20080301,anonymous,20080301,0.7129767,True,male,adult,anders,n/a,unknown,48000
20080301,anonymous,20080301,0.42629933,True,male,adult,anders,n/a,unknown,48000
20080301,anonymous,20080301,0.60897994,True,male,adult,anders,n/a,unknown,48000
20080301,anonymous,20080301,0.67375785,True,male,adult,anders,n/a,unknown,48000
20080301,anonymous,20080301,0.6685962,True,male,adult,anders,n/a,unknown,48000
20080301,anonymous,20080301,0.6830815,True,male,adult,anders,n/a,unknown,48000
20080301,anonymous,20080301,0.6156039,True,male,adult,anders,n/a,unknown,48000
20080301,anonymous,20080301,0.66902685,True,male,adult,anders,n/a,unknown,48000
20080301,anonymous,20090629,0.26858974,False,male,adult,anders,n/a,unknown,48000
20080301,anonymous,20080301,0.5430335,True,male,adult,anders,n/a,unknown,48000
20080301,anonymous,20080301,0.62431747,True,male,adult,anders,n/a,unknown,48000
20080301,anonymous,20080301,0.66100574,True,male,adult,anders,n/a,unknown,48000
20080301,anonymous,20080301,0.492388,True,male,adult,anders,n/a,unknown,48000
20080301,anonymous,20080301,0.5359025,True,male,adult,anders,n/a,unknown,48000
20080301,anonymous,20080301,0.758689,True,male,adult,anders,n/a,unknown,48000
20080301,anonymous,20090617,0.6013569,False,male,adult,anders,n/a,unknown,48000
20080301,anonymous,20080301,0.708364,True,male,adult,anders,n/a,unknown,48000
20080301,anonymous,20080301,0.7002765,True,male,adult,anders,n/a,unknown,48000
20080301,anonymous,20080301,0.6484505,True,male,adult,anders,n/a,unknown,48000
20080301,anonymous,20080301,0.7331135,True,male,adult,anders,n/a,unknown,48000
20080301,anonymous,20080301,0.7539912,True,male,adult,anders,n/a,unknown,48000
20080301,anonymous,20080301,0.71514666,True,male,adult,anders,n/a,unknown,48000
20080301,anonymous,20080301,0.7735182,True,male,adult,anders,n/a,unknown,48000
20080301,anonymous,20080301,0.7100669,True,male,adult,anders,n/a,unknown,48000
20080301,anonymous,20080301,0.76334065,True,male,adult,anders,n/a,unknown,48000
20080301,anonymous,20080301,0.7010151,True,male,adult,anders,n/a,unknown,48000
20080301,anonymous,20080301,0.629688,True,male,adult,anders,n/a,unknown,48000
20080301,anonymous,20080301,0.6600168,True,male,adult,anders,n/a,unknown,48000
20080301,anonymous,20080301,0.6840355,True,male,adult,anders,n/a,unknown,48000
20080301,anonymous,20080301,0.6536372,True,male,adult,anders,n/a,unknown,48000
20080301,anonymous,20080301,0.7250062,True,male,adult,anders,n/a,unknown,48000
20080301,anonymous,20080301,0.69794506,True,male,adult,anders,n/a,unknown,48000
20080301,anonymous,20080301,0.70556843,True,male,adult,anders,n/a,unknown,48000
20080301,anonymous,20080301,0.68790627,True,male,adult,anders,n/a,unknown,48000
20080301,anonymous,20080301,0.61793244,True,male,adult,anders,n/a,unknown,48000
20080301,anonymous,20080301,0.703372,True,male,adult,anders,n/a,unknown,48000
20080301,anonymous,20080301,0.736755,True,male,adult,anders,n/a,unknown,48000
20080301,anonymous,20080301,0.6750283,True,male,adult,anders,n/a,unknown,48000
20080301,anonymous,20080301,0.63764906,True,male,adult,anders,n/a,unknown,48000
20080301,anonymous,20090617,0.3782935,False,male,adult,anders,n/a,unknown,48000
20080301,anonymous,20080301,0.69962704,True,male,adult,anders,n/a,unknown,48000
20080301,anonymous,20080301,0.66395247,True,male,adult,anders,n/a,unknown,48000
20080301,anonymous,20081018,0.39619124,False,male,adult,anders,n/a,unknown,48000
20080301,anonymous,20080301,0.66757405,True,male,adult,anders,n/a,unknown,48000
20080301,anonymous,20080301,0.56759864,True,male,adult,anders,n/a,unknown,48000
20080301,anonymous,20080301,0.64941895,True,male,adult,anders,n/a,unknown,48000
20080301,anonymous,20080301,0.7259371,True,male,adult,anders,n/a,unknown,48000
20080301,anonymous,20080301,0.7038849,True,male,adult,anders,n/a,unknown,48000
20080301,anonymous,20080301,0.71878403,True,male,adult,anders,n/a,unknown,48000
20080301,anonymous,20080301,0.70056915,True,male,adult,anders,n/a,unknown,48000
20080301,anonymous,20080301,0.72911453,True,male,adult,anders,n/a,unknown,48000
20080301,anonymous,20080301,0.6932563,True,male,adult,anders,n/a,unknown,48000
20080301,anonymous,20090617,0.5663682,False,male,adult,anders,n/a,unknown,48000
20080301,anonymous,20080301,0.6770117,True,male,adult,anders,n/a,unknown,48000
20080301,anonymous,20080301,0.6241583,True,male,adult,anders,n/a,unknown,48000
20080301,anonymous,20080301,0.78675026,True,male,adult,anders,n/a,unknown,48000
20080301,anonymous,20080301,0.6520513,True,male,adult,anders,n/a,unknown,48000
20080301,anonymous,20080301,0.66764575,True,male,adult,anders,n/a,unknown,48000
20080301,anonymous,20080301,0.7281021,True,male,adult,anders,n/a,unknown,48000
20080301,anonymous,20080301,0.735572,True,male,adult,anders,n/a,unknown,48000
20080301,anonymous,20080301,0.6151142,True,male,adult,anders,n/a,unknown,48000
20080301,anonymous,20080301,0.69330096,True,male,adult,anders,n/a,unknown,48000
20080301,anonymous,20080301,0.6355827,True,male,adult,anders,n/a,unknown,48000
20080301,anonymous,20080301,0.6457212,True,male,adult,anders,n/a,unknown,48000
20080301,anonymous,20080301,0.6642698,True,male,adult,anders,n/a,unknown,48000
20080322,anonymous,20080325,0.5732862,False,mannelijk,volwassen,algemeen Nederlands,n/a,bureaumicrofoon,48000
20080322,anonymous,20080325,0.61641574,False,mannelijk,volwassen,algemeen Nederlands,n/a,bureaumicrofoon,48000
20080301,anonymous,20080301,0.6981844,True,male,adult,anders,n/a,unknown,48000
20080322,anonymous,20080325,0.7316474,False,mannelijk,volwassen,algemeen Nederlands,n/a,bureaumicrofoon,48000
20080322,anonymous,20080325,0.6561785,False,mannelijk,volwassen,algemeen Nederlands,n/a,bureaumicrofoon,48000
20080322,anonymous,20080325,0.709068,False,mannelijk,volwassen,algemeen Nederlands,n/a,bureaumicrofoon,48000
20080322,anonymous,20080325,0.61365384,False,mannelijk,volwassen,algemeen Nederlands,n/a,bureaumicrofoon,48000
20080322,anonymous,20080325,0.5837029,False,mannelijk,volwassen,algemeen Nederlands,n/a,bureaumicrofoon,48000
20080322,anonymous,20080325,0.61364204,False,mannelijk,volwassen,algemeen Nederlands,n/a,bureaumicrofoon,48000
20080322,anonymous,20080325,0.5821432,False,mannelijk,volwassen,algemeen Nederlands,n/a,bureaumicrofoon,48000
20080406,anonymous,20080406,0.6474135,True,mannelijk,volwassen,algemeen Nederlands,n/a,headsetmicrofoon (USB),48000
20080406,anonymous,20080406,0.5393402,True,mannelijk,volwassen,algemeen Nederlands,n/a,headsetmicrofoon (USB),48000
20080406,anonymous,20080406,0.5792044,True,mannelijk,volwassen,algemeen Nederlands,n/a,headsetmicrofoon (USB),48000
20080406,anonymous,20080406,0.55756235,True,mannelijk,volwassen,algemeen Nederlands,n/a,headsetmicrofoon (USB),48000
20080406,anonymous,20080406,0.5919781,True,mannelijk,volwassen,algemeen Nederlands,n/a,headsetmicrofoon (USB),48000
20080406,anonymous,20080406,0.6372793,True,mannelijk,volwassen,algemeen Nederlands,n/a,headsetmicrofoon (USB),48000
20080406,anonymous,20080406,0.6270683,True,mannelijk,volwassen,algemeen Nederlands,n/a,headsetmicrofoon (USB),48000
20080406,anonymous,20080406,0.64515734,True,mannelijk,volwassen,algemeen Nederlands,n/a,headsetmicrofoon (USB),48000
20080406,anonymous,20080406,0.6739924,True,mannelijk,volwassen,algemeen Nederlands,n/a,headsetmicrofoon (USB),48000
20080406,anonymous,20080406,0.99986196,True,mannelijk,volwassen,algemeen Nederlands,n/a,headsetmicrofoon (USB),48000
20080406,anonymous,20080406,0.6388631,True,mannelijk,volwassen,algemeen Nederlands,n/a,headsetmicrofoon (USB),48000
20080406,anonymous,20080406,0.69094974,True,mannelijk,volwassen,algemeen Nederlands,n/a,headsetmicrofoon (USB),48000
20080406,anonymous,20080406,0.6397986,True,mannelijk,volwassen,algemeen Nederlands,n/a,headsetmicrofoon (USB),48000
20080406,anonymous,20080406,0.7523947,True,mannelijk,volwassen,algemeen Nederlands,n/a,headsetmicrofoon (USB),48000
20080406,anonymous,20080406,0.5338863,True,mannelijk,volwassen,algemeen Nederlands,n/a,headsetmicrofoon (USB),48000
20080406,anonymous,20080406,0.59734535,True,mannelijk,volwassen,algemeen Nederlands,n/a,headsetmicrofoon (USB),48000
20080406,anonymous,20080406,0.6305394,True,mannelijk,volwassen,algemeen Nederlands,n/a,headsetmicrofoon (USB),48000
20080406,anonymous,20080406,0.6223982,True,mannelijk,volwassen,algemeen Nederlands,n/a,headsetmicrofoon (USB),48000
20080406,anonymous,20080406,0.6302866,True,mannelijk,volwassen,algemeen Nederlands,n/a,headsetmicrofoon (USB),48000
20080406,anonymous,20080406,0.6586091,True,mannelijk,volwassen,algemeen Nederlands,n/a,headsetmicrofoon (USB),48000
20080406,anonymous,20080406,0.6405948,True,mannelijk,volwassen,algemeen Nederlands,n/a,headsetmicrofoon (USB),48000
20080406,anonymous,20080406,0.62688905,True,mannelijk,volwassen,algemeen Nederlands,n/a,headsetmicrofoon (USB),48000
20080406,anonymous,20080406,0.6060831,True,mannelijk,volwassen,algemeen Nederlands,n/a,headsetmicrofoon (USB),48000
20080406,anonymous,20080406,0.6368207,True,mannelijk,volwassen,algemeen Nederlands,n/a,headsetmicrofoon (USB),48000
20080406,anonymous,20080406,0.5450102,True,mannelijk,volwassen,algemeen Nederlands,n/a,headsetmicrofoon (USB),48000
20080406,anonymous,20080406,0.59462076,True,mannelijk,volwassen,algemeen Nederlands,n/a,headsetmicrofoon (USB),48000
20080406,anonymous,20080406,0.6730627,True,mannelijk,volwassen,algemeen Nederlands,n/a,headsetmicrofoon (USB),48000
20080406,anonymous,20080406,0.62232506,True,mannelijk,volwassen,algemeen Nederlands,n/a,headsetmicrofoon (USB),48000
20080406,anonymous,20080406,0.4922899,True,mannelijk,volwassen,algemeen Nederlands,n/a,headsetmicrofoon (USB),48000
20080514,anonymous,20091123,0.35559392,False,vrouwelijk,volwassen,Noordoostelijk,n/a,anders,48000
20080514,anonymous,20090329,0.41070142,False,vrouwelijk,volwassen,Noordoostelijk,n/a,anders,48000
20080514,anonymous,20120315,0.42843112,False,vrouwelijk,volwassen,Noordoostelijk,n/a,anders,48000
20080514,anonymous,20130325,0.40749058,False,vrouwelijk,volwassen,Noordoostelijk,n/a,anders,48000
20080514,anonymous,20130325,0.5029992,False,vrouwelijk,volwassen,Noordoostelijk,n/a,anders,48000
20080514,anonymous,20170510,0.39534935,False,vrouwelijk,volwassen,Noordoostelijk,n/a,anders,48000
20080514,anonymous,20130325,0.38554645,False,vrouwelijk,volwassen,Noordoostelijk,n/a,anders,48000
20080514,anonymous,20160115,0.42957622,False,vrouwelijk,volwassen,Noordoostelijk,n/a,anders,48000
20080514,anonymous,20080406,0.46399775,False,vrouwelijk,volwassen,Noordoostelijk,n/a,anders,48000
20080514,anonymous,20080514,0.96906346,True,vrouwelijk,volwassen,Noordoostelijk,n/a,anders,48000
20080514,anonymous,20080514,0.54832757,True,vrouwelijk,volwassen,Noordoostelijk,n/a,anders,48000
20080514,anonymous,20080514,0.49083918,True,vrouwelijk,volwassen,Noordoostelijk,n/a,anders,48000
20080514,anonymous,20080514,0.4426549,True,vrouwelijk,volwassen,Noordoostelijk,n/a,anders,48000
20080514,anonymous,20080514,0.4824183,True,vrouwelijk,volwassen,Noordoostelijk,n/a,anders,48000
20080514,anonymous,20080514,0.5411257,True,vrouwelijk,volwassen,Noordoostelijk,n/a,anders,48000
20080514,anonymous,20080514,0.42980808,True,vrouwelijk,volwassen,Noordoostelijk,n/a,anders,48000
20080514,anonymous,20090423,0.4044271,False,vrouwelijk,volwassen,Noordoostelijk,n/a,anders,48000
20080521,anonymous,20080616,0.65838283,False,vrouwelijk,volwassen,Zuidoostelijk,n/a,headsetmicrofoon,48000
20080521,anonymous,20080616,0.5114727,False,vrouwelijk,volwassen,Zuidoostelijk,n/a,headsetmicrofoon,48000
20080521,anonymous,20080404,0.4808667,False,vrouwelijk,volwassen,Zuidoostelijk,n/a,headsetmicrofoon,48000
20080514,anonymous,20080514,0.48061824,True,vrouwelijk,volwassen,Noordoostelijk,n/a,anders,48000
20080521,anonymous,20080616,0.58569014,False,vrouwelijk,volwassen,Zuidoostelijk,n/a,headsetmicrofoon,48000
20080514,anonymous,20080514,0.44095454,True,vrouwelijk,volwassen,Noordoostelijk,n/a,anders,48000
20080521,anonymous,20080616,0.5975201,False,vrouwelijk,volwassen,Zuidoostelijk,n/a,headsetmicrofoon,48000
20080521,anonymous,20080616,0.6533816,False,vrouwelijk,volwassen,Zuidoostelijk,n/a,headsetmicrofoon,48000
20080521,anonymous,20080616,0.49609852,False,vrouwelijk,volwassen,Zuidoostelijk,n/a,headsetmicrofoon,48000
20080521,anonymous,20080616,0.50476635,False,vrouwelijk,volwassen,Zuidoostelijk,n/a,headsetmicrofoon,48000
20080521,anonymous,20080616,0.60711706,False,vrouwelijk,volwassen,Zuidoostelijk,n/a,headsetmicrofoon,48000
20080521,anonymous,20080616,0.62976956,False,vrouwelijk,volwassen,Zuidoostelijk,n/a,headsetmicrofoon,48000
20080521,anonymous,20080616,0.54564565,False,vrouwelijk,volwassen,Zuidoostelijk,n/a,headsetmicrofoon,48000
20080521,anonymous,20080616,0.56365883,False,vrouwelijk,volwassen,Zuidoostelijk,n/a,headsetmicrofoon,48000
20080521,anonymous,20080616,0.57586485,False,vrouwelijk,volwassen,Zuidoostelijk,n/a,headsetmicrofoon,48000
20080521,anonymous,20080616,0.5290159,False,vrouwelijk,volwassen,Zuidoostelijk,n/a,headsetmicrofoon,48000
20080521,anonymous,20080616,0.5184561,False,vrouwelijk,volwassen,Zuidoostelijk,n/a,headsetmicrofoon,48000
20080521,anonymous,20080616,0.51581764,False,vrouwelijk,volwassen,Zuidoostelijk,n/a,headsetmicrofoon,48000
20080521,anonymous,20080616,0.65082264,False,vrouwelijk,volwassen,Zuidoostelijk,n/a,headsetmicrofoon,48000
20080521,anonymous,20080616,0.5204205,False,vrouwelijk,volwassen,Zuidoostelijk,n/a,headsetmicrofoon,48000
20080521,anonymous,20080616,0.6345802,False,vrouwelijk,volwassen,Zuidoostelijk,n/a,headsetmicrofoon,48000
20080521,anonymous,20080404,0.4734703,False,vrouwelijk,volwassen,Zuidoostelijk,n/a,headsetmicrofoon,48000
20080521,anonymous,20080616,0.6569301,False,vrouwelijk,volwassen,Zuidoostelijk,n/a,headsetmicrofoon,48000
20080521,anonymous,20080909,0.46774396,False,vrouwelijk,volwassen,Zuidoostelijk,n/a,headsetmicrofoon,48000
20080521,anonymous,20080616,0.59704673,False,vrouwelijk,volwassen,Zuidoostelijk,n/a,headsetmicrofoon,48000
20080521,anonymous,20080909,0.58792746,False,vrouwelijk,volwassen,Zuidoostelijk,n/a,headsetmicrofoon,48000
20080521,anonymous,20080616,0.58126026,False,vrouwelijk,volwassen,Zuidoostelijk,n/a,headsetmicrofoon,48000
20080521,anonymous,20080404,0.4823872,False,vrouwelijk,volwassen,Zuidoostelijk,n/a,headsetmicrofoon,48000
20080521,anonymous,20080616,0.55679697,False,vrouwelijk,volwassen,Zuidoostelijk,n/a,headsetmicrofoon,48000
20080521,anonymous,20080616,0.4924129,False,vrouwelijk,volwassen,Zuidoostelijk,n/a,headsetmicrofoon,48000
20080521,anonymous,20080404,0.47339123,False,vrouwelijk,volwassen,Zuidoostelijk,n/a,headsetmicrofoon,48000
20080616,anonymous,20080616,0.66547656,True,vrouwelijk,volwassen,algemeen Nederlands,n/a,headsetmicrofoon,48000
20080616,anonymous,20080616,0.6274215,True,vrouwelijk,volwassen,algemeen Nederlands,n/a,headsetmicrofoon,48000
20080616,anonymous,20080616,0.6043726,True,vrouwelijk,volwassen,algemeen Nederlands,n/a,headsetmicrofoon,48000
20080616,anonymous,20080616,0.5853266,True,vrouwelijk,volwassen,algemeen Nederlands,n/a,headsetmicrofoon,48000
20080616,anonymous,20080616,0.5206636,True,vrouwelijk,volwassen,algemeen Nederlands,n/a,headsetmicrofoon,48000
20080616,anonymous,20080616,0.61052436,True,vrouwelijk,volwassen,algemeen Nederlands,n/a,headsetmicrofoon,48000
20080616,anonymous,20080616,0.71094424,True,vrouwelijk,volwassen,algemeen Nederlands,n/a,headsetmicrofoon,48000
20080616,anonymous,20080616,0.4651169,True,vrouwelijk,volwassen,algemeen Nederlands,n/a,headsetmicrofoon,48000
20080616,anonymous,20080616,0.52455735,True,vrouwelijk,volwassen,algemeen Nederlands,n/a,headsetmicrofoon,48000
20080616,anonymous,20080616,0.98756003,True,vrouwelijk,volwassen,algemeen Nederlands,n/a,headsetmicrofoon,48000
20080616,anonymous,20080616,0.5023157,True,vrouwelijk,volwassen,algemeen Nederlands,n/a,headsetmicrofoon,48000
20080616,anonymous,20080616,0.54163706,True,vrouwelijk,volwassen,algemeen Nederlands,n/a,headsetmicrofoon,48000
20080616,anonymous,20080616,0.59946585,True,vrouwelijk,volwassen,algemeen Nederlands,n/a,headsetmicrofoon,48000
20080616,anonymous,20080616,0.6790945,True,vrouwelijk,volwassen,algemeen Nederlands,n/a,headsetmicrofoon,48000
20080616,anonymous,20080616,0.71641785,True,vrouwelijk,volwassen,algemeen Nederlands,n/a,headsetmicrofoon,48000
20080616,anonymous,20080616,0.73554474,True,vrouwelijk,volwassen,algemeen Nederlands,n/a,headsetmicrofoon,48000
20080616,anonymous,20080616,0.71478474,True,vrouwelijk,volwassen,algemeen Nederlands,n/a,headsetmicrofoon,48000
20080616,anonymous,20080616,0.60243094,True,vrouwelijk,volwassen,algemeen Nederlands,n/a,headsetmicrofoon,48000
20080616,anonymous,20080616,0.5667428,True,vrouwelijk,volwassen,algemeen Nederlands,n/a,headsetmicrofoon,48000
20080616,anonymous,20080616,0.6840012,True,vrouwelijk,volwassen,algemeen Nederlands,n/a,headsetmicrofoon,48000
20080616,anonymous,20080616,0.5168704,True,vrouwelijk,volwassen,algemeen Nederlands,n/a,headsetmicrofoon,48000
20080616,anonymous,20080616,0.6086018,True,vrouwelijk,volwassen,algemeen Nederlands,n/a,headsetmicrofoon,48000
20080616,anonymous,20080616,0.61769027,True,vrouwelijk,volwassen,algemeen Nederlands,n/a,headsetmicrofoon,48000
20080616,anonymous,20080616,0.62981206,True,vrouwelijk,volwassen,algemeen Nederlands,n/a,headsetmicrofoon,48000
20080616,anonymous,20080616,0.5589669,True,vrouwelijk,volwassen,algemeen Nederlands,n/a,headsetmicrofoon,48000
20080616,anonymous,20080616,0.75065386,True,vrouwelijk,volwassen,algemeen Nederlands,n/a,headsetmicrofoon,48000
20080616,anonymous,20080616,0.6755855,True,vrouwelijk,volwassen,algemeen Nederlands,n/a,headsetmicrofoon,48000
20080616,anonymous,20080616,0.571095,True,vrouwelijk,volwassen,algemeen Nederlands,n/a,headsetmicrofoon,48000
20080616,anonymous,20080616,0.7697581,True,vrouwelijk,volwassen,algemeen Nederlands,n/a,headsetmicrofoon,48000
20080713,anonymous,20120318,0.33895585,False,mannelijk,jeugd,Noordwestelijk,n/a,headsetmicrofoon,48000
20080713,anonymous,20080708,0.2812727,False,mannelijk,jeugd,Noordwestelijk,n/a,headsetmicrofoon,48000
20080713,anonymous,20071225,0.33713204,False,mannelijk,jeugd,Noordwestelijk,n/a,headsetmicrofoon,48000
20080713,anonymous,20071225,0.402278,False,mannelijk,jeugd,Noordwestelijk,n/a,headsetmicrofoon,48000
20080713,anonymous,20080708,0.35380197,False,mannelijk,jeugd,Noordwestelijk,n/a,headsetmicrofoon,48000
20080713,anonymous,20120318,0.36202115,False,mannelijk,jeugd,Noordwestelijk,n/a,headsetmicrofoon,48000
20080713,anonymous,20080708,0.37906212,False,mannelijk,jeugd,Noordwestelijk,n/a,headsetmicrofoon,48000
20080713,anonymous,20090205,0.27355373,False,mannelijk,jeugd,Noordwestelijk,n/a,headsetmicrofoon,48000
20080716,anonymous,20081018,0.5628991,False,mannelijk,jeugd,Zuidoostelijk,n/a,anders,48000
20080713,anonymous,20120318,0.3302894,False,mannelijk,jeugd,Noordwestelijk,n/a,headsetmicrofoon,48000
20080716,anonymous,20080301,0.57258934,False,mannelijk,jeugd,Zuidoostelijk,n/a,anders,48000
20080716,anonymous,20080301,0.65751994,False,mannelijk,jeugd,Zuidoostelijk,n/a,anders,48000
20080716,anonymous,20080301,0.64403474,False,mannelijk,jeugd,Zuidoostelijk,n/a,anders,48000
20080716,anonymous,20080301,0.6310352,False,mannelijk,jeugd,Zuidoostelijk,n/a,anders,48000
20080716,anonymous,20080301,0.6855191,False,mannelijk,jeugd,Zuidoostelijk,n/a,anders,48000
20080716,anonymous,20080301,0.6575938,False,mannelijk,jeugd,Zuidoostelijk,n/a,anders,48000
20080716,anonymous,20081018,0.6921959,False,mannelijk,jeugd,Zuidoostelijk,n/a,anders,48000
20080716,anonymous,20081018,0.59589016,False,mannelijk,jeugd,Zuidoostelijk,n/a,anders,48000
20080716,anonymous,20080301,0.7075104,False,mannelijk,jeugd,Zuidoostelijk,n/a,anders,48000
20080716,anonymous,20080301,0.67345,False,mannelijk,jeugd,Zuidoostelijk,n/a,anders,48000
20080716,anonymous,20080301,0.67706907,False,mannelijk,jeugd,Zuidoostelijk,n/a,anders,48000
20080716,anonymous,20080301,0.72200567,False,mannelijk,jeugd,Zuidoostelijk,n/a,anders,48000
20080716,anonymous,20080301,0.5483306,False,mannelijk,jeugd,Zuidoostelijk,n/a,anders,48000
20080716,anonymous,20080301,0.6802214,False,mannelijk,jeugd,Zuidoostelijk,n/a,anders,48000
20080716,anonymous,20080301,0.6647481,False,mannelijk,jeugd,Zuidoostelijk,n/a,anders,48000
20080716,anonymous,20080301,0.6182086,False,mannelijk,jeugd,Zuidoostelijk,n/a,anders,48000
20080716,anonymous,20080301,0.6369846,False,mannelijk,jeugd,Zuidoostelijk,n/a,anders,48000
20080716,anonymous,20080301,0.6921512,False,mannelijk,jeugd,Zuidoostelijk,n/a,anders,48000
20080716,anonymous,20080301,0.61199236,False,mannelijk,jeugd,Zuidoostelijk,n/a,anders,48000
20080716,anonymous,20081018,0.6421485,False,mannelijk,jeugd,Zuidoostelijk,n/a,anders,48000
20080716,anonymous,20080301,0.6172657,False,mannelijk,jeugd,Zuidoostelijk,n/a,anders,48000
20080716,anonymous,20080301,0.6785587,False,mannelijk,jeugd,Zuidoostelijk,n/a,anders,48000
20080716,anonymous,20080301,0.66742206,False,mannelijk,jeugd,Zuidoostelijk,n/a,anders,48000
20080716,anonymous,20080301,0.61240494,False,mannelijk,jeugd,Zuidoostelijk,n/a,anders,48000
20080716,anonymous,20080301,0.7111642,False,mannelijk,jeugd,Zuidoostelijk,n/a,anders,48000
20080716,anonymous,20090617,0.69027257,False,mannelijk,jeugd,Zuidoostelijk,n/a,anders,48000
20080716,anonymous,20080301,0.5194908,False,mannelijk,jeugd,Zuidoostelijk,n/a,anders,48000
20080716,anonymous,20080301,0.6603602,False,mannelijk,jeugd,Zuidoostelijk,n/a,anders,48000
20080804,anonymous,20080301,0.6007894,False,mannelijk,jeugd,Zuidoostelijk,n/a,anders,48000
20080804,anonymous,20080301,0.59194547,False,mannelijk,jeugd,Zuidoostelijk,n/a,anders,48000
20080804,anonymous,20090617,0.62575924,False,mannelijk,jeugd,Zuidoostelijk,n/a,anders,48000
20080804,anonymous,20090617,0.69849145,False,mannelijk,jeugd,Zuidoostelijk,n/a,anders,48000
20080804,anonymous,20080301,0.6494674,False,mannelijk,jeugd,Zuidoostelijk,n/a,anders,48000
20080804,anonymous,20080301,0.63479805,False,mannelijk,jeugd,Zuidoostelijk,n/a,anders,48000
20080804,anonymous,20080301,0.6073593,False,mannelijk,jeugd,Zuidoostelijk,n/a,anders,48000
20080804,anonymous,20080301,0.64713675,False,mannelijk,jeugd,Zuidoostelijk,n/a,anders,48000
20080804,anonymous,20080301,0.6823455,False,mannelijk,jeugd,Zuidoostelijk,n/a,anders,48000
20080804,anonymous,20080301,0.56700146,False,mannelijk,jeugd,Zuidoostelijk,n/a,anders,48000
20080804,anonymous,20080301,0.6471537,False,mannelijk,jeugd,Zuidoostelijk,n/a,anders,48000
20080804,anonymous,20090617,0.6602976,False,mannelijk,jeugd,Zuidoostelijk,n/a,anders,48000
20080804,anonymous,20081018,0.646067,False,mannelijk,jeugd,Zuidoostelijk,n/a,anders,48000
20080804,anonymous,20081018,0.65483713,False,mannelijk,jeugd,Zuidoostelijk,n/a,anders,48000
20080804,anonymous,20090617,0.6007762,False,mannelijk,jeugd,Zuidoostelijk,n/a,anders,48000
20080804,anonymous,20080301,0.6038062,False,mannelijk,jeugd,Zuidoostelijk,n/a,anders,48000
20080804,anonymous,20080301,0.65224874,False,mannelijk,jeugd,Zuidoostelijk,n/a,anders,48000
20080804,anonymous,20080301,0.60670614,False,mannelijk,jeugd,Zuidoostelijk,n/a,anders,48000
20080804,anonymous,20080301,0.61126566,False,mannelijk,jeugd,Zuidoostelijk,n/a,anders,48000
20080804,anonymous,20090617,0.57040155,False,mannelijk,jeugd,Zuidoostelijk,n/a,anders,48000
20080804,anonymous,20080301,0.69980764,False,mannelijk,jeugd,Zuidoostelijk,n/a,anders,48000
20080804,anonymous,20080301,0.6445346,False,mannelijk,jeugd,Zuidoostelijk,n/a,anders,48000
20080804,anonymous,20080301,0.6355748,False,mannelijk,jeugd,Zuidoostelijk,n/a,anders,48000
20080804,anonymous,20090617,0.6258633,False,mannelijk,jeugd,Zuidoostelijk,n/a,anders,48000
20080804,anonymous,20080301,0.699145,False,mannelijk,jeugd,Zuidoostelijk,n/a,anders,48000
20080804,anonymous,20090617,0.5577804,False,mannelijk,jeugd,Zuidoostelijk,n/a,anders,48000
20080804,anonymous,20080301,0.6675967,False,mannelijk,jeugd,Zuidoostelijk,n/a,anders,48000
20080804,anonymous,20080120,0.5148696,False,mannelijk,jeugd,Zuidoostelijk,n/a,anders,48000
20080804,anonymous,20080301,0.69605935,False,mannelijk,jeugd,Zuidoostelijk,n/a,anders,48000
20080804,anonymous,20080301,0.63214326,False,mannelijk,jeugd,Zuidoostelijk,n/a,anders,48000
20080804,anonymous,20080301,0.56555617,False,mannelijk,jeugd,Zuidoostelijk,n/a,anders,48000
20080804,anonymous,20080301,0.5967243,False,mannelijk,jeugd,Zuidoostelijk,n/a,anders,48000
20080804,anonymous,20090617,0.6162945,False,mannelijk,jeugd,Zuidoostelijk,n/a,anders,48000
20080804,anonymous,20090617,0.6346799,False,mannelijk,jeugd,Zuidoostelijk,n/a,anders,48000
20080804,anonymous,20090617,0.6920991,False,mannelijk,jeugd,Zuidoostelijk,n/a,anders,48000
20080804,anonymous,20080301,0.74775505,False,mannelijk,jeugd,Zuidoostelijk,n/a,anders,48000
20080804,anonymous,20090617,0.6759503,False,mannelijk,jeugd,Zuidoostelijk,n/a,anders,48000
20080804,anonymous,20080301,0.65099084,False,mannelijk,jeugd,Zuidoostelijk,n/a,anders,48000
20080804,anonymous,20080301,0.6446707,False,mannelijk,jeugd,Zuidoostelijk,n/a,anders,48000
20080804,anonymous,20090617,0.46680662,False,mannelijk,jeugd,Zuidoostelijk,n/a,anders,48000
20080804,anonymous,20090617,0.5997662,False,mannelijk,jeugd,Zuidoostelijk,n/a,anders,48000
20080804,anonymous,20090617,0.6673033,False,mannelijk,jeugd,Zuidoostelijk,n/a,anders,48000
20080804,anonymous,20090617,0.62233454,False,mannelijk,jeugd,Zuidoostelijk,n/a,anders,48000
20080804,anonymous,20080301,0.64974964,False,mannelijk,jeugd,Zuidoostelijk,n/a,anders,48000
20080804,anonymous,20080301,0.5801309,False,mannelijk,jeugd,Zuidoostelijk,n/a,anders,48000
20080804,anonymous,20090617,0.62749285,False,mannelijk,jeugd,Zuidoostelijk,n/a,anders,48000
20080804,anonymous,20090617,0.5697068,False,mannelijk,jeugd,Zuidoostelijk,n/a,anders,48000
20080804,anonymous,20080301,0.7002073,False,mannelijk,jeugd,Zuidoostelijk,n/a,anders,48000
20080804,anonymous,20080301,0.58206934,False,mannelijk,jeugd,Zuidoostelijk,n/a,anders,48000
20080804,anonymous,20090617,0.67611456,False,mannelijk,jeugd,Zuidoostelijk,n/a,anders,48000
20080804,anonymous,20081018,0.5647231,False,mannelijk,jeugd,Zuidoostelijk,n/a,anders,48000
20080804,anonymous,20080301,0.6522366,False,mannelijk,jeugd,Zuidoostelijk,n/a,anders,48000
20080804,anonymous,20080301,0.6082916,False,mannelijk,jeugd,Zuidoostelijk,n/a,anders,48000
20080804,anonymous,20080301,0.6117866,False,mannelijk,jeugd,Zuidoostelijk,n/a,anders,48000
20080804,anonymous,20090617,0.5665976,False,mannelijk,jeugd,Zuidoostelijk,n/a,anders,48000
20080804,anonymous,20090617,0.6633489,False,mannelijk,jeugd,Zuidoostelijk,n/a,anders,48000
20080804,anonymous,20080301,0.6725886,False,mannelijk,jeugd,Zuidoostelijk,n/a,anders,48000
20080804,anonymous,20080301,0.64968956,False,mannelijk,jeugd,Zuidoostelijk,n/a,anders,48000
20080805,anonymous,20090617,0.6965816,False,unknown,unknown,unknown,n/a,unknown,48000
20080804,anonymous,20080301,0.6263108,False,mannelijk,jeugd,Zuidoostelijk,n/a,anders,48000
20080805,anonymous,20080301,0.6584137,False,unknown,unknown,unknown,n/a,unknown,48000
20080805,anonymous,20081018,0.6746516,False,unknown,unknown,unknown,n/a,unknown,48000
20080805,anonymous,20081018,0.5241984,False,unknown,unknown,unknown,n/a,unknown,48000
20080805,anonymous,20081018,0.6563973,False,unknown,unknown,unknown,n/a,unknown,48000
20080805,anonymous,20080301,0.65560126,False,unknown,unknown,unknown,n/a,unknown,48000
20080805,anonymous,20080301,0.593457,False,unknown,unknown,unknown,n/a,unknown,48000
20080805,anonymous,20081018,0.27172133,False,unknown,unknown,unknown,n/a,unknown,48000
20080805,anonymous,20080301,0.6680747,False,unknown,unknown,unknown,n/a,unknown,48000
20080805,anonymous,20090617,0.5944629,False,unknown,unknown,unknown,n/a,unknown,48000
20080805,anonymous,20090617,0.68851614,False,unknown,unknown,unknown,n/a,unknown,48000
20080805,anonymous,20090617,0.59295166,False,unknown,unknown,unknown,n/a,unknown,48000
20080805,anonymous,20080301,0.647083,False,unknown,unknown,unknown,n/a,unknown,48000
20080805,anonymous,20080301,0.6664964,False,unknown,unknown,unknown,n/a,unknown,48000
20080805,anonymous,20090617,0.6800736,False,unknown,unknown,unknown,n/a,unknown,48000
20080805,anonymous,20081018,0.5743138,False,unknown,unknown,unknown,n/a,unknown,48000
20080805,anonymous,20090617,0.6334283,False,unknown,unknown,unknown,n/a,unknown,48000
20080805,anonymous,20080301,0.6557307,False,unknown,unknown,unknown,n/a,unknown,48000
20080805,anonymous,20080301,0.59531254,False,unknown,unknown,unknown,n/a,unknown,48000
20080805,anonymous,20081018,0.62356526,False,unknown,unknown,unknown,n/a,unknown,48000
20080805,anonymous,20090617,0.6430789,False,unknown,unknown,unknown,n/a,unknown,48000
20080805,anonymous,20090617,0.61818314,False,unknown,unknown,unknown,n/a,unknown,48000
20080805,anonymous,20081018,0.6373521,False,unknown,unknown,unknown,n/a,unknown,48000
20080805,anonymous,20090617,0.6594104,False,unknown,unknown,unknown,n/a,unknown,48000
20080805,anonymous,20080301,0.5023911,False,unknown,unknown,unknown,n/a,unknown,48000
20080805,anonymous,20080301,0.6270321,False,unknown,unknown,unknown,n/a,unknown,48000
20080805,anonymous,20081018,0.64584553,False,unknown,unknown,unknown,n/a,unknown,48000
20080805,anonymous,20080301,0.59300226,False,unknown,unknown,unknown,n/a,unknown,48000
20080805,anonymous,20081018,0.7070769,False,unknown,unknown,unknown,n/a,unknown,48000
20080805,anonymous,20081018,0.72402585,False,unknown,unknown,unknown,n/a,unknown,48000
20080805,anonymous,20081018,0.7070579,False,unknown,unknown,unknown,n/a,unknown,48000
20080805,anonymous,20080301,0.6734122,False,unknown,unknown,unknown,n/a,unknown,48000
20080805,anonymous,20080301,0.642893,False,unknown,unknown,unknown,n/a,unknown,48000
20080805,anonymous,20081018,0.6661896,False,unknown,unknown,unknown,n/a,unknown,48000
20080805,anonymous,20080301,0.6378372,False,unknown,unknown,unknown,n/a,unknown,48000
20080805,anonymous,20081018,0.69187015,False,unknown,unknown,unknown,n/a,unknown,48000
20080805,anonymous,20080301,0.70611554,False,unknown,unknown,unknown,n/a,unknown,48000
20080805,anonymous,20081018,0.65989876,False,unknown,unknown,unknown,n/a,unknown,48000
20080805,anonymous,20080301,0.6272069,False,unknown,unknown,unknown,n/a,unknown,48000
20080805,anonymous,20081018,0.6201162,False,unknown,unknown,unknown,n/a,unknown,48000
20080805,anonymous,20081018,0.5770898,False,unknown,unknown,unknown,n/a,unknown,48000
20080805,anonymous,20080301,0.64907336,False,unknown,unknown,unknown,n/a,unknown,48000
20080805,anonymous,20081018,0.6225313,False,unknown,unknown,unknown,n/a,unknown,48000
20080805,anonymous,20081018,0.5992348,False,unknown,unknown,unknown,n/a,unknown,48000
20080805,anonymous,20080301,0.6398792,False,unknown,unknown,unknown,n/a,unknown,48000
20080805,anonymous,20080301,0.5957091,False,unknown,unknown,unknown,n/a,unknown,48000
20080805,anonymous,20081018,0.52308273,False,unknown,unknown,unknown,n/a,unknown,48000
20080805,anonymous,20080301,0.5668962,False,unknown,unknown,unknown,n/a,unknown,48000
20080805,anonymous,20080301,0.6421472,False,unknown,unknown,unknown,n/a,unknown,48000
20080805,anonymous,20080301,0.6054834,False,unknown,unknown,unknown,n/a,unknown,48000
20080805,anonymous,20080301,0.69472027,False,unknown,unknown,unknown,n/a,unknown,48000
20080805,anonymous,20090617,0.59339875,False,unknown,unknown,unknown,n/a,unknown,48000
20080805,anonymous,20081018,0.5483076,False,unknown,unknown,unknown,n/a,unknown,48000
20080805,anonymous,20080301,0.6626383,False,unknown,unknown,unknown,n/a,unknown,48000
20080805,anonymous,20080301,0.5762843,False,unknown,unknown,unknown,n/a,unknown,48000
20080805,anonymous,20080301,0.61872995,False,unknown,unknown,unknown,n/a,unknown,48000
20080805,anonymous,20090617,0.49411064,False,unknown,unknown,unknown,n/a,unknown,48000
20080805,anonymous,20080301,0.6868311,False,unknown,unknown,unknown,n/a,unknown,48000
20080805,anonymous,20080301,0.7294161,False,unknown,unknown,unknown,n/a,unknown,48000
20080805,anonymous,20080301,0.6735433,False,unknown,unknown,unknown,n/a,unknown,48000
20080805,anonymous,20080301,0.437067,False,unknown,unknown,unknown,n/a,unknown,48000
20080805,anonymous,20080301,0.6076115,False,unknown,unknown,unknown,n/a,unknown,48000
20080805,anonymous,20081018,0.63452387,False,unknown,unknown,unknown,n/a,unknown,48000
20080805,anonymous,20080301,0.542072,False,unknown,unknown,unknown,n/a,unknown,48000
20080805,anonymous,20090617,0.60544896,False,unknown,unknown,unknown,n/a,unknown,48000
20080805,anonymous,20081018,0.66073304,False,unknown,unknown,unknown,n/a,unknown,48000
20080805,anonymous,20080301,0.5438005,False,unknown,unknown,unknown,n/a,unknown,48000
20080805,anonymous,20080301,0.6192583,False,unknown,unknown,unknown,n/a,unknown,48000
20080805,anonymous,20080301,0.6369391,False,unknown,unknown,unknown,n/a,unknown,48000
20080805,anonymous,20080301,0.687781,False,unknown,unknown,unknown,n/a,unknown,48000
20080805,anonymous,20081018,0.57793444,False,unknown,unknown,unknown,n/a,unknown,48000
20080805,anonymous,20080301,0.61035895,False,unknown,unknown,unknown,n/a,unknown,48000
20080805,anonymous,20090617,0.64640814,False,unknown,unknown,unknown,n/a,unknown,48000
20080805,anonymous,20080301,0.63423556,False,unknown,unknown,unknown,n/a,unknown,48000
20080805,anonymous,20080301,0.52984,False,unknown,unknown,unknown,n/a,unknown,48000
20080805,anonymous,20081018,0.6266986,False,unknown,unknown,unknown,n/a,unknown,48000
20080805,anonymous,20080301,0.52915776,False,unknown,unknown,unknown,n/a,unknown,48000
20080805,anonymous,20081018,0.53506094,False,unknown,unknown,unknown,n/a,unknown,48000
20080805,anonymous,20081018,0.5351104,False,unknown,unknown,unknown,n/a,unknown,48000
20080805,anonymous,dano,0.5422871,False,unknown,unknown,unknown,n/a,unknown,48000
20080805,anonymous,20090617,0.6610607,False,unknown,unknown,unknown,n/a,unknown,48000
20080805,anonymous,20080301,0.6360887,False,unknown,unknown,unknown,n/a,unknown,48000
20080805,anonymous,20090617,0.55323505,False,unknown,unknown,unknown,n/a,unknown,48000
20080805,anonymous,20080301,0.5593583,False,unknown,unknown,unknown,n/a,unknown,48000
20080805,anonymous,20080301,0.59859633,False,unknown,unknown,unknown,n/a,unknown,48000
20080805,anonymous,20080301,0.63960195,False,unknown,unknown,unknown,n/a,unknown,48000
20080805,anonymous,20090617,0.56790304,False,unknown,unknown,unknown,n/a,unknown,48000
20080805,anonymous,20080301,0.5408152,False,unknown,unknown,unknown,n/a,unknown,48000
20080805,anonymous,20080301,0.64538395,False,unknown,unknown,unknown,n/a,unknown,48000
20080805,anonymous,20081018,0.5679829,False,unknown,unknown,unknown,n/a,unknown,48000
20080805,anonymous,20080301,0.5789988,False,unknown,unknown,unknown,n/a,unknown,48000
20080805,anonymous,20080301,0.6716087,False,unknown,unknown,unknown,n/a,unknown,48000
20080805,anonymous,20080301,0.49932957,False,unknown,unknown,unknown,n/a,unknown,48000
20080805,anonymous,20080301,0.6897901,False,unknown,unknown,unknown,n/a,unknown,48000
20080805,anonymous,20081018,0.6175889,False,unknown,unknown,unknown,n/a,unknown,48000
20080805,anonymous,20080301,0.52876747,False,unknown,unknown,unknown,n/a,unknown,48000
20080805,anonymous,20081018,0.49860016,False,unknown,unknown,unknown,n/a,unknown,48000
20080805,anonymous,20080301,0.5322244,False,unknown,unknown,unknown,n/a,unknown,48000
20080805,anonymous,20080301,0.6726048,False,unknown,unknown,unknown,n/a,unknown,48000
20080805,anonymous,20081018,0.659377,False,unknown,unknown,unknown,n/a,unknown,48000
20080805,anonymous,20081018,0.58729523,False,unknown,unknown,unknown,n/a,unknown,48000
20080805,anonymous,20081018,0.67514765,False,unknown,unknown,unknown,n/a,unknown,48000
20080805,anonymous,20080301,0.5991061,False,unknown,unknown,unknown,n/a,unknown,48000
20080805,anonymous,20081018,0.6361164,False,unknown,unknown,unknown,n/a,unknown,48000
20080805,anonymous,20080301,0.58057576,False,unknown,unknown,unknown,n/a,unknown,48000
20080805,anonymous,20080301,0.667946,False,unknown,unknown,unknown,n/a,unknown,48000
20080805,anonymous,20080301,0.6605274,False,unknown,unknown,unknown,n/a,unknown,48000
20080805,anonymous,20080301,0.6597483,False,unknown,unknown,unknown,n/a,unknown,48000
20080805,anonymous,20080301,0.41970763,False,unknown,unknown,unknown,n/a,unknown,48000
20080805,anonymous,20090617,0.49399835,False,unknown,unknown,unknown,n/a,unknown,48000
20080805,anonymous,20080301,0.5762105,False,unknown,unknown,unknown,n/a,unknown,48000
20080805,anonymous,20081018,0.5553317,False,unknown,unknown,unknown,n/a,unknown,48000
20080805,anonymous,20080301,0.68777525,False,unknown,unknown,unknown,n/a,unknown,48000
20080805,anonymous,20080301,0.5896927,False,unknown,unknown,unknown,n/a,unknown,48000
20080805,anonymous,20080301,0.6099321,False,unknown,unknown,unknown,n/a,unknown,48000
20080805,anonymous,20080301,0.66553193,False,unknown,unknown,unknown,n/a,unknown,48000
20080805,anonymous,20080301,0.6139567,False,unknown,unknown,unknown,n/a,unknown,48000
20080805,anonymous,20080301,0.6257683,False,unknown,unknown,unknown,n/a,unknown,48000
20080805,anonymous,20080301,0.66240567,False,unknown,unknown,unknown,n/a,unknown,48000
20080805,anonymous,20081018,0.5756983,False,unknown,unknown,unknown,n/a,unknown,48000
20080805,anonymous,20080301,0.6237737,False,unknown,unknown,unknown,n/a,unknown,48000
20080805,anonymous,20081018,0.6261062,False,unknown,unknown,unknown,n/a,unknown,48000
20080805,anonymous,20080301,0.57745135,False,unknown,unknown,unknown,n/a,unknown,48000
20080805,anonymous,20090617,0.46919185,False,unknown,unknown,unknown,n/a,unknown,48000
20080805,anonymous,20081018,0.5678465,False,unknown,unknown,unknown,n/a,unknown,48000
20080805,anonymous,20080301,0.66853184,False,unknown,unknown,unknown,n/a,unknown,48000
20080805,anonymous,20080301,0.6363841,False,unknown,unknown,unknown,n/a,unknown,48000
20080805,anonymous,20080301,0.5069861,False,unknown,unknown,unknown,n/a,unknown,48000
20080805,anonymous,20080301,0.67206484,False,unknown,unknown,unknown,n/a,unknown,48000
20080805,anonymous,20081018,0.5713632,False,unknown,unknown,unknown,n/a,unknown,48000
20080805,anonymous,20080301,0.60665816,False,unknown,unknown,unknown,n/a,unknown,48000
20080805,anonymous,20081018,0.62705636,False,unknown,unknown,unknown,n/a,unknown,48000
20080805,anonymous,20080301,0.6186539,False,unknown,unknown,unknown,n/a,unknown,48000
20080805,anonymous,20080301,0.56786084,False,unknown,unknown,unknown,n/a,unknown,48000
20080805,anonymous,20090617,0.66652656,False,unknown,unknown,unknown,n/a,unknown,48000
20080805,anonymous,20081018,0.60138583,False,unknown,unknown,unknown,n/a,unknown,48000
20080805,anonymous,20081018,0.5668975,False,unknown,unknown,unknown,n/a,unknown,48000
20080805,anonymous,20081018,0.4786492,False,unknown,unknown,unknown,n/a,unknown,48000
20080805,anonymous,20080301,0.6073992,False,unknown,unknown,unknown,n/a,unknown,48000
20080805,anonymous,20080301,0.5906182,False,unknown,unknown,unknown,n/a,unknown,48000
20080805,anonymous,20080301,0.6218081,False,unknown,unknown,unknown,n/a,unknown,48000
20080805,anonymous,20080301,0.678505,False,unknown,unknown,unknown,n/a,unknown,48000
20080805,anonymous,20080301,0.59750664,False,unknown,unknown,unknown,n/a,unknown,48000
20080805,anonymous,20080301,0.53382385,False,unknown,unknown,unknown,n/a,unknown,48000
20080805,anonymous,20080301,0.6829183,False,unknown,unknown,unknown,n/a,unknown,48000
20080805,anonymous,20080301,0.473655,False,unknown,unknown,unknown,n/a,unknown,48000
20080805,anonymous,20080301,0.6157336,False,unknown,unknown,unknown,n/a,unknown,48000
20080805,anonymous,20081018,0.48174196,False,unknown,unknown,unknown,n/a,unknown,48000
20080805,anonymous,20080301,0.67570925,False,unknown,unknown,unknown,n/a,unknown,48000
20080805,anonymous,20080301,0.39371097,False,unknown,unknown,unknown,n/a,unknown,48000
20080805,anonymous,20081018,0.6013291,False,unknown,unknown,unknown,n/a,unknown,48000
20080805,anonymous,20081018,0.61422956,False,unknown,unknown,unknown,n/a,unknown,48000
20080805,anonymous,20080301,0.6268151,False,unknown,unknown,unknown,n/a,unknown,48000
20080805,anonymous,20080301,0.6905393,False,unknown,unknown,unknown,n/a,unknown,48000
20080805,anonymous,20081018,0.5898496,False,unknown,unknown,unknown,n/a,unknown,48000
20080805,anonymous,20080301,0.68932784,False,unknown,unknown,unknown,n/a,unknown,48000
20080805,anonymous,20080301,0.7362604,False,unknown,unknown,unknown,n/a,unknown,48000
20080805,anonymous,20081018,0.61182755,False,unknown,unknown,unknown,n/a,unknown,48000
20080805,anonymous,20081018,0.673388,False,unknown,unknown,unknown,n/a,unknown,48000
20080805,anonymous,20081018,0.62230295,False,unknown,unknown,unknown,n/a,unknown,48000
20080805,anonymous,20081018,0.6901201,False,unknown,unknown,unknown,n/a,unknown,48000
20080805,anonymous,20081018,0.56358147,False,unknown,unknown,unknown,n/a,unknown,48000
20080805,anonymous,20080301,0.60513866,False,unknown,unknown,unknown,n/a,unknown,48000
20080805,anonymous,20080301,0.60357356,False,unknown,unknown,unknown,n/a,unknown,48000
20080805,anonymous,20080301,0.6354677,False,unknown,unknown,unknown,n/a,unknown,48000
20080805,anonymous,20081018,0.57452726,False,unknown,unknown,unknown,n/a,unknown,48000
20080805,anonymous,20080301,0.54371244,False,unknown,unknown,unknown,n/a,unknown,48000
20080805,anonymous,20081018,0.5620965,False,unknown,unknown,unknown,n/a,unknown,48000
20080805,anonymous,20080301,0.66115487,False,unknown,unknown,unknown,n/a,unknown,48000
20080805,anonymous,20080301,0.66875374,False,unknown,unknown,unknown,n/a,unknown,48000
20080805,anonymous,20081018,0.45763502,False,unknown,unknown,unknown,n/a,unknown,48000
20080805,anonymous,20081018,0.61783075,False,unknown,unknown,unknown,n/a,unknown,48000
20080805,anonymous,20081018,0.5992591,False,unknown,unknown,unknown,n/a,unknown,48000
20080805,anonymous,20090629,0.45467478,False,unknown,unknown,unknown,n/a,unknown,48000
20080805,anonymous,20081018,0.48638758,False,unknown,unknown,unknown,n/a,unknown,48000
20080805,anonymous,20081018,0.6629852,False,unknown,unknown,unknown,n/a,unknown,48000
20080805,anonymous,20080301,0.58600134,False,unknown,unknown,unknown,n/a,unknown,48000
20080805,anonymous,20080301,0.5446694,False,unknown,unknown,unknown,n/a,unknown,48000
20080805,anonymous,20081018,0.69755685,False,unknown,unknown,unknown,n/a,unknown,48000
20080805,anonymous,20080301,0.6264672,False,unknown,unknown,unknown,n/a,unknown,48000
20080805,anonymous,20081018,0.54632205,False,unknown,unknown,unknown,n/a,unknown,48000
20080805,anonymous,20081018,0.6256564,False,unknown,unknown,unknown,n/a,unknown,48000
20080805,anonymous,20080301,0.7206708,False,unknown,unknown,unknown,n/a,unknown,48000
20080805,anonymous,20081018,0.5508301,False,unknown,unknown,unknown,n/a,unknown,48000
20080805,anonymous,20080301,0.5922894,False,unknown,unknown,unknown,n/a,unknown,48000
20080805,anonymous,20080301,0.6989314,False,unknown,unknown,unknown,n/a,unknown,48000
20080805,anonymous,20080301,0.66327685,False,unknown,unknown,unknown,n/a,unknown,48000
20080805,anonymous,20081018,0.36545566,False,unknown,unknown,unknown,n/a,unknown,48000
20080805,anonymous,20080301,0.63024855,False,unknown,unknown,unknown,n/a,unknown,48000
20080805,anonymous,20080301,0.7128323,False,unknown,unknown,unknown,n/a,unknown,48000
20080805,anonymous,20080301,0.6538081,False,unknown,unknown,unknown,n/a,unknown,48000
20080805,anonymous,20080301,0.6446003,False,unknown,unknown,unknown,n/a,unknown,48000
20080805,anonymous,20081018,0.4722218,False,unknown,unknown,unknown,n/a,unknown,48000
20080805,anonymous,20081018,0.604715,False,unknown,unknown,unknown,n/a,unknown,48000
20080805,anonymous,20080301,0.5540332,False,unknown,unknown,unknown,n/a,unknown,48000
20080805,anonymous,20081018,0.60693955,False,unknown,unknown,unknown,n/a,unknown,48000
20080805,anonymous,20080301,0.6126468,False,unknown,unknown,unknown,n/a,unknown,48000
20080805,anonymous,20080301,0.6620097,False,unknown,unknown,unknown,n/a,unknown,48000
20080805,anonymous,20080301,0.61600745,False,unknown,unknown,unknown,n/a,unknown,48000
20080805,anonymous,20080301,0.6899575,False,unknown,unknown,unknown,n/a,unknown,48000
20080805,anonymous,20081018,0.5298278,False,unknown,unknown,unknown,n/a,unknown,48000
20080805,anonymous,20080301,0.70712686,False,unknown,unknown,unknown,n/a,unknown,48000
20080805,anonymous,20080301,0.7065097,False,unknown,unknown,unknown,n/a,unknown,48000
20080805,anonymous,20080301,0.6849927,False,unknown,unknown,unknown,n/a,unknown,48000
20080805,anonymous,20080301,0.6552702,False,unknown,unknown,unknown,n/a,unknown,48000
20080805,anonymous,20080301,0.650516,False,unknown,unknown,unknown,n/a,unknown,48000
20080805,anonymous,20080301,0.65993583,False,unknown,unknown,unknown,n/a,unknown,48000
20080805,anonymous,20080301,0.6669233,False,unknown,unknown,unknown,n/a,unknown,48000
20080805,anonymous,20080301,0.64064,False,unknown,unknown,unknown,n/a,unknown,48000
20080805,anonymous,20080301,0.58654016,False,unknown,unknown,unknown,n/a,unknown,48000
20080805,anonymous,20081018,0.6332748,False,unknown,unknown,unknown,n/a,unknown,48000
20080805,anonymous,20080301,0.62243986,False,unknown,unknown,unknown,n/a,unknown,48000
20080805,anonymous,20080301,0.65156096,False,unknown,unknown,unknown,n/a,unknown,48000
20080805,anonymous,20080301,0.6709553,False,unknown,unknown,unknown,n/a,unknown,48000
20080805,anonymous,20080301,0.6227335,False,unknown,unknown,unknown,n/a,unknown,48000
20080805,anonymous,20080301,0.65715456,False,unknown,unknown,unknown,n/a,unknown,48000
20080805,anonymous,20080301,0.6119453,False,unknown,unknown,unknown,n/a,unknown,48000
20080805,anonymous,20081018,0.5719406,False,unknown,unknown,unknown,n/a,unknown,48000
20080805,anonymous,20080301,0.46984628,False,unknown,unknown,unknown,n/a,unknown,48000
20080805,anonymous,20080301,0.69326043,False,unknown,unknown,unknown,n/a,unknown,48000
20080805,anonymous,20081018,0.6632829,False,unknown,unknown,unknown,n/a,unknown,48000
20080805,anonymous,20080301,0.6468874,False,unknown,unknown,unknown,n/a,unknown,48000
20080805,anonymous,20080301,0.6313251,False,unknown,unknown,unknown,n/a,unknown,48000
20080805,anonymous,20090617,0.57891965,False,unknown,unknown,unknown,n/a,unknown,48000
20080805,anonymous,20081018,0.5017077,False,unknown,unknown,unknown,n/a,unknown,48000
20080805,anonymous,20081018,0.58219564,False,unknown,unknown,unknown,n/a,unknown,48000
20080805,anonymous,20081018,0.5024713,False,unknown,unknown,unknown,n/a,unknown,48000
20080805,anonymous,20080301,0.48771882,False,unknown,unknown,unknown,n/a,unknown,48000
20080805,anonymous,20080301,0.4974896,False,unknown,unknown,unknown,n/a,unknown,48000
20080805,anonymous,20081018,0.60075057,False,unknown,unknown,unknown,n/a,unknown,48000
20080805,anonymous,20080301,0.6670134,False,unknown,unknown,unknown,n/a,unknown,48000
20080805,anonymous,20081018,0.5494176,False,unknown,unknown,unknown,n/a,unknown,48000
20080805,anonymous,20080301,0.4225732,False,unknown,unknown,unknown,n/a,unknown,48000
20080805,anonymous,20080301,0.5869647,False,unknown,unknown,unknown,n/a,unknown,48000
20080805,anonymous,20080301,0.6480373,False,unknown,unknown,unknown,n/a,unknown,48000
20080805,anonymous,20080301,0.68409896,False,unknown,unknown,unknown,n/a,unknown,48000
20080805,anonymous,20090617,0.54889596,False,unknown,unknown,unknown,n/a,unknown,48000
20080805,anonymous,20080301,0.52428615,False,unknown,unknown,unknown,n/a,unknown,48000
20080805,anonymous,20081018,0.56746256,False,unknown,unknown,unknown,n/a,unknown,48000
20080805,anonymous,20080301,0.59887207,False,unknown,unknown,unknown,n/a,unknown,48000
20080805,anonymous,20080301,0.6136694,False,unknown,unknown,unknown,n/a,unknown,48000
20080805,anonymous,20081018,0.5359471,False,unknown,unknown,unknown,n/a,unknown,48000
20080805,anonymous,20090617,0.6428168,False,unknown,unknown,unknown,n/a,unknown,48000
20080805,anonymous,20081018,0.62854993,False,unknown,unknown,unknown,n/a,unknown,48000
20080805,anonymous,20080301,0.7026609,False,unknown,unknown,unknown,n/a,unknown,48000
20080805,anonymous,20080301,0.5802007,False,unknown,unknown,unknown,n/a,unknown,48000
20080805,anonymous,20080301,0.6909015,False,unknown,unknown,unknown,n/a,unknown,48000
20080805,anonymous,20081018,0.5482236,False,unknown,unknown,unknown,n/a,unknown,48000
20080805,anonymous,20080301,0.6197243,False,unknown,unknown,unknown,n/a,unknown,48000
20080805,anonymous,20080301,0.5686406,False,unknown,unknown,unknown,n/a,unknown,48000
20080805,anonymous,20080301,0.6007695,False,unknown,unknown,unknown,n/a,unknown,48000
20080805,anonymous,20080301,0.57965076,False,unknown,unknown,unknown,n/a,unknown,48000
20080805,anonymous,20081018,0.5850423,False,unknown,unknown,unknown,n/a,unknown,48000
20080805,anonymous,20090108,0.4534511,False,unknown,unknown,unknown,n/a,unknown,48000
20080805,anonymous,20081018,0.45110846,False,unknown,unknown,unknown,n/a,unknown,48000
20080805,anonymous,20081018,0.3671713,False,unknown,unknown,unknown,n/a,unknown,48000
20080805,anonymous,20080301,0.5636463,False,unknown,unknown,unknown,n/a,unknown,48000
20080805,anonymous,20081018,0.44275463,False,unknown,unknown,unknown,n/a,unknown,48000
20080805,anonymous,20081018,0.54664516,False,unknown,unknown,unknown,n/a,unknown,48000
20080805,anonymous,20081018,0.3449871,False,unknown,unknown,unknown,n/a,unknown,48000
20080805,anonymous,20080301,0.632762,False,unknown,unknown,unknown,n/a,unknown,48000
20080805,anonymous,20080301,0.50896597,False,unknown,unknown,unknown,n/a,unknown,48000
20080805,anonymous,20080301,0.6509107,False,unknown,unknown,unknown,n/a,unknown,48000
20080805,anonymous,20081018,0.43943748,False,unknown,unknown,unknown,n/a,unknown,48000
20080805,anonymous,20080301,0.5727507,False,unknown,unknown,unknown,n/a,unknown,48000
20080805,anonymous,20080301,0.6733273,False,unknown,unknown,unknown,n/a,unknown,48000
20080805,anonymous,20080301,0.5908537,False,unknown,unknown,unknown,n/a,unknown,48000
20080805,anonymous,20080301,0.53594416,False,unknown,unknown,unknown,n/a,unknown,48000
20080805,anonymous,20081018,0.59562254,False,unknown,unknown,unknown,n/a,unknown,48000
20080805,anonymous,20081018,0.68578863,False,unknown,unknown,unknown,n/a,unknown,48000
20080805,anonymous,20080301,0.6675521,False,unknown,unknown,unknown,n/a,unknown,48000
20080805,anonymous,20080301,0.6337105,False,unknown,unknown,unknown,n/a,unknown,48000
20080805,anonymous,20080301,0.7211609,False,unknown,unknown,unknown,n/a,unknown,48000
20080805,anonymous,20080301,0.7167601,False,unknown,unknown,unknown,n/a,unknown,48000
20080805,anonymous,20080301,0.6409153,False,unknown,unknown,unknown,n/a,unknown,48000
20080805,anonymous,20080301,0.5767505,False,unknown,unknown,unknown,n/a,unknown,48000
20080805,anonymous,20080301,0.5000041,False,unknown,unknown,unknown,n/a,unknown,48000
20080805,anonymous,20080301,0.57594436,False,unknown,unknown,unknown,n/a,unknown,48000
20080805,anonymous,20080301,0.6779164,False,unknown,unknown,unknown,n/a,unknown,48000
20080805,anonymous,20080301,0.6125809,False,unknown,unknown,unknown,n/a,unknown,48000
20080805,anonymous,20080301,0.62421197,False,unknown,unknown,unknown,n/a,unknown,48000
20080805,anonymous,20080301,0.62720346,False,unknown,unknown,unknown,n/a,unknown,48000
20080805,anonymous,20081018,0.53737557,False,unknown,unknown,unknown,n/a,unknown,48000
20080805,anonymous,20080301,0.53088665,False,unknown,unknown,unknown,n/a,unknown,48000
20080805,anonymous,20081018,0.657012,False,unknown,unknown,unknown,n/a,unknown,48000
20080805,anonymous,20080301,0.63694954,False,unknown,unknown,unknown,n/a,unknown,48000
20080805,anonymous,20080301,0.5274935,False,unknown,unknown,unknown,n/a,unknown,48000
20080805,anonymous,20080301,0.57164544,False,unknown,unknown,unknown,n/a,unknown,48000
20080805,anonymous,20080301,0.66395104,False,unknown,unknown,unknown,n/a,unknown,48000
20080805,anonymous,20080301,0.60766053,False,unknown,unknown,unknown,n/a,unknown,48000
20080805,anonymous,20080301,0.65070426,False,unknown,unknown,unknown,n/a,unknown,48000
20080805,anonymous,20081018,0.53934276,False,unknown,unknown,unknown,n/a,unknown,48000
20080805,anonymous,20081018,0.40461278,False,unknown,unknown,unknown,n/a,unknown,48000
20080805,anonymous,20080301,0.68803585,False,unknown,unknown,unknown,n/a,unknown,48000
20080805,anonymous,20080301,0.6943604,False,unknown,unknown,unknown,n/a,unknown,48000
20080805,anonymous,20080301,0.6483654,False,unknown,unknown,unknown,n/a,unknown,48000
20080805,anonymous,20080301,0.63228047,False,unknown,unknown,unknown,n/a,unknown,48000
20080805,anonymous,20090617,0.67625624,False,unknown,unknown,unknown,n/a,unknown,48000
20080805,anonymous,20081018,0.51815164,False,unknown,unknown,unknown,n/a,unknown,48000
20080805,anonymous,20080301,0.668206,False,unknown,unknown,unknown,n/a,unknown,48000
20080805,anonymous,20080301,0.6826273,False,unknown,unknown,unknown,n/a,unknown,48000
20080805,anonymous,20080301,0.630479,False,unknown,unknown,unknown,n/a,unknown,48000
20080805,anonymous,20080301,0.5763824,False,unknown,unknown,unknown,n/a,unknown,48000
20080805,anonymous,20080301,0.58474475,False,unknown,unknown,unknown,n/a,unknown,48000
20080805,anonymous,20080301,0.583324,False,unknown,unknown,unknown,n/a,unknown,48000
20080805,anonymous,20090617,0.6642823,False,unknown,unknown,unknown,n/a,unknown,48000
20080805,anonymous,20080301,0.6019537,False,unknown,unknown,unknown,n/a,unknown,48000
20080805,anonymous,20081018,0.43866837,False,unknown,unknown,unknown,n/a,unknown,48000
20080805,anonymous,20080301,0.67206,False,unknown,unknown,unknown,n/a,unknown,48000
20080805,anonymous,20090617,0.57714283,False,unknown,unknown,unknown,n/a,unknown,48000
20080805,anonymous,20080301,0.60500765,False,unknown,unknown,unknown,n/a,unknown,48000
20080805,anonymous,20080301,0.54658633,False,unknown,unknown,unknown,n/a,unknown,48000
20080805,anonymous,20080301,0.70102334,False,unknown,unknown,unknown,n/a,unknown,48000
20080805,anonymous,20081018,0.63705873,False,unknown,unknown,unknown,n/a,unknown,48000
20080805,anonymous,20080301,0.5959766,False,unknown,unknown,unknown,n/a,unknown,48000
20080805,anonymous,20081018,0.6393416,False,unknown,unknown,unknown,n/a,unknown,48000
20080805,anonymous,20080301,0.65768254,False,unknown,unknown,unknown,n/a,unknown,48000
20080805,anonymous,20080301,0.63859135,False,unknown,unknown,unknown,n/a,unknown,48000
20080805,anonymous,20090617,0.7041354,False,unknown,unknown,unknown,n/a,unknown,48000
20080805,anonymous,20080301,0.6875001,False,unknown,unknown,unknown,n/a,unknown,48000
20080805,anonymous,20090617,0.58403397,False,unknown,unknown,unknown,n/a,unknown,48000
20080805,anonymous,20081018,0.6332078,False,unknown,unknown,unknown,n/a,unknown,48000
20080805,anonymous,20111119,0.4555504,False,unknown,unknown,unknown,n/a,unknown,48000
20080805,anonymous,20080301,0.63865864,False,unknown,unknown,unknown,n/a,unknown,48000
20080805,anonymous,20090617,0.67778444,False,unknown,unknown,unknown,n/a,unknown,48000
20080805,anonymous,20090617,0.57262015,False,unknown,unknown,unknown,n/a,unknown,48000
20080805,anonymous,20090617,0.59393466,False,unknown,unknown,unknown,n/a,unknown,48000
20080805,anonymous,20080301,0.567394,False,unknown,unknown,unknown,n/a,unknown,48000
20080805,anonymous,20080301,0.5555544,False,unknown,unknown,unknown,n/a,unknown,48000
20080806,anonymous,20081018,0.65839744,False,unknown,unknown,unknown,n/a,unknown,48000
20080806,anonymous,20080301,0.6152726,False,unknown,unknown,unknown,n/a,unknown,48000
20080806,anonymous,20090617,0.5415172,False,unknown,unknown,unknown,n/a,unknown,48000
20080806,anonymous,20081018,0.58620346,False,unknown,unknown,unknown,n/a,unknown,48000
20080806,anonymous,20080301,0.6831384,False,unknown,unknown,unknown,n/a,unknown,48000
20080806,anonymous,20080301,0.63883173,False,unknown,unknown,unknown,n/a,unknown,48000
20080806,anonymous,20090617,0.5047578,False,unknown,unknown,unknown,n/a,unknown,48000
20080806,anonymous,20080301,0.6498158,False,unknown,unknown,unknown,n/a,unknown,48000
20080806,anonymous,20080301,0.60544175,False,unknown,unknown,unknown,n/a,unknown,48000
20080806,anonymous,20080301,0.5335378,False,unknown,unknown,unknown,n/a,unknown,48000
20080806,anonymous,20090617,0.6050537,False,unknown,unknown,unknown,n/a,unknown,48000
20080806,anonymous,20080301,0.68024784,False,unknown,unknown,unknown,n/a,unknown,48000
20080806,anonymous,20081018,0.63827664,False,unknown,unknown,unknown,n/a,unknown,48000
20080806,anonymous,20080301,0.55186284,False,unknown,unknown,unknown,n/a,unknown,48000
20080806,anonymous,20080301,0.5864922,False,unknown,unknown,unknown,n/a,unknown,48000
20080806,anonymous,20080301,0.5971937,False,unknown,unknown,unknown,n/a,unknown,48000
20080806,anonymous,20081018,0.56537867,False,unknown,unknown,unknown,n/a,unknown,48000
20080806,anonymous,20081018,0.55915296,False,unknown,unknown,unknown,n/a,unknown,48000
20080806,anonymous,20090617,0.5681154,False,unknown,unknown,unknown,n/a,unknown,48000
20080806,anonymous,20081018,0.6815153,False,unknown,unknown,unknown,n/a,unknown,48000
20080806,anonymous,20080301,0.6839905,False,unknown,unknown,unknown,n/a,unknown,48000
20080806,anonymous,20080301,0.54734063,False,unknown,unknown,unknown,n/a,unknown,48000
20080806,anonymous,20080301,0.5521326,False,unknown,unknown,unknown,n/a,unknown,48000
20080806,anonymous,20080301,0.61879677,False,unknown,unknown,unknown,n/a,unknown,48000
20080806,anonymous,20080301,0.6468109,False,unknown,unknown,unknown,n/a,unknown,48000
20080806,anonymous,20080301,0.52376246,False,unknown,unknown,unknown,n/a,unknown,48000
20080806,anonymous,20081018,0.5165041,False,unknown,unknown,unknown,n/a,unknown,48000
20080806,anonymous,20080301,0.6142366,False,unknown,unknown,unknown,n/a,unknown,48000
20080806,anonymous,20080301,0.64637035,False,unknown,unknown,unknown,n/a,unknown,48000
20080806,anonymous,20080301,0.6703065,False,unknown,unknown,unknown,n/a,unknown,48000
20080806,anonymous,20080301,0.6126692,False,unknown,unknown,unknown,n/a,unknown,48000
20080806,anonymous,20080301,0.6373413,False,unknown,unknown,unknown,n/a,unknown,48000
20080806,anonymous,20080301,0.5882632,False,unknown,unknown,unknown,n/a,unknown,48000
20080806,anonymous,20080301,0.6531216,False,unknown,unknown,unknown,n/a,unknown,48000
20080806,anonymous,20080301,0.7173431,False,unknown,unknown,unknown,n/a,unknown,48000
20080806,anonymous,20080301,0.6079994,False,unknown,unknown,unknown,n/a,unknown,48000
20080806,anonymous,20081018,0.58289313,False,unknown,unknown,unknown,n/a,unknown,48000
20080806,anonymous,20090617,0.6097034,False,unknown,unknown,unknown,n/a,unknown,48000
20080806,anonymous,20081018,0.5250761,False,unknown,unknown,unknown,n/a,unknown,48000
20080806,anonymous,20080301,0.6464566,False,unknown,unknown,unknown,n/a,unknown,48000
20080806,anonymous,20080301,0.73844063,False,unknown,unknown,unknown,n/a,unknown,48000
20080806,anonymous,20080301,0.64309883,False,unknown,unknown,unknown,n/a,unknown,48000
20080806,anonymous,20090617,0.5236821,False,unknown,unknown,unknown,n/a,unknown,48000
20080806,anonymous,20090617,0.6283518,False,unknown,unknown,unknown,n/a,unknown,48000
20080806,anonymous,20090617,0.68450606,False,unknown,unknown,unknown,n/a,unknown,48000
20080806,anonymous,20080301,0.5485121,False,unknown,unknown,unknown,n/a,unknown,48000
20080806,anonymous,20080301,0.65726024,False,unknown,unknown,unknown,n/a,unknown,48000
20080806,anonymous,20080301,0.6534494,False,unknown,unknown,unknown,n/a,unknown,48000
20080806,anonymous,20080301,0.6706693,False,unknown,unknown,unknown,n/a,unknown,48000
20080806,anonymous,20090617,0.56734735,False,unknown,unknown,unknown,n/a,unknown,48000
20080806,anonymous,20080301,0.60912627,False,unknown,unknown,unknown,n/a,unknown,48000
20080806,anonymous,20080301,0.65129244,False,unknown,unknown,unknown,n/a,unknown,48000
20080806,anonymous,20090617,0.65804017,False,unknown,unknown,unknown,n/a,unknown,48000
20080806,anonymous,20081018,0.6028848,False,unknown,unknown,unknown,n/a,unknown,48000
20080806,anonymous,20080301,0.644052,False,unknown,unknown,unknown,n/a,unknown,48000
20080806,anonymous,20080301,0.62267226,False,unknown,unknown,unknown,n/a,unknown,48000
20080806,anonymous,20080301,0.50031745,False,unknown,unknown,unknown,n/a,unknown,48000
20080806,anonymous,20090617,0.5151071,False,unknown,unknown,unknown,n/a,unknown,48000
20080806,anonymous,20080301,0.47733268,False,unknown,unknown,unknown,n/a,unknown,48000
20080806,anonymous,20081018,0.52751446,False,unknown,unknown,unknown,n/a,unknown,48000
20080806,anonymous,20080301,0.66818655,False,unknown,unknown,unknown,n/a,unknown,48000
20080806,anonymous,20080301,0.6043116,False,unknown,unknown,unknown,n/a,unknown,48000
20080806,anonymous,20090617,0.6029417,False,unknown,unknown,unknown,n/a,unknown,48000
20080806,anonymous,20081018,0.47609168,False,unknown,unknown,unknown,n/a,unknown,48000
20080806,anonymous,20081018,0.49765995,False,unknown,unknown,unknown,n/a,unknown,48000
20080806,anonymous,20080301,0.5463332,False,unknown,unknown,unknown,n/a,unknown,48000
20080806,anonymous,20080301,0.6566535,False,unknown,unknown,unknown,n/a,unknown,48000
20080806,anonymous,20081018,0.5399056,False,unknown,unknown,unknown,n/a,unknown,48000
20080806,anonymous,20080301,0.6205324,False,unknown,unknown,unknown,n/a,unknown,48000
20080806,anonymous,20081018,0.5554617,False,unknown,unknown,unknown,n/a,unknown,48000
20080806,anonymous,20080301,0.56912947,False,unknown,unknown,unknown,n/a,unknown,48000
20080806,anonymous,20081018,0.53745985,False,unknown,unknown,unknown,n/a,unknown,48000
20080806,anonymous,20081018,0.59952176,False,unknown,unknown,unknown,n/a,unknown,48000
20080806,anonymous,20081018,0.5349518,False,unknown,unknown,unknown,n/a,unknown,48000
20080806,anonymous,20080301,0.51670283,False,unknown,unknown,unknown,n/a,unknown,48000
20080806,anonymous,20081018,0.5396143,False,unknown,unknown,unknown,n/a,unknown,48000
20080806,anonymous,20081018,0.4095258,False,unknown,unknown,unknown,n/a,unknown,48000
20080806,anonymous,20080301,0.5768301,False,unknown,unknown,unknown,n/a,unknown,48000
20080806,anonymous,20090617,0.4859504,False,unknown,unknown,unknown,n/a,unknown,48000
20080806,anonymous,20090617,0.4458145,False,unknown,unknown,unknown,n/a,unknown,48000
20080806,anonymous,20080301,0.5303824,False,unknown,unknown,unknown,n/a,unknown,48000
20080806,anonymous,20081018,0.5127188,False,unknown,unknown,unknown,n/a,unknown,48000
20080806,anonymous,20090719,0.50301147,False,unknown,unknown,unknown,n/a,unknown,48000
20080806,anonymous,20081018,0.43129575,False,unknown,unknown,unknown,n/a,unknown,48000
20080806,anonymous,20080301,0.60188764,False,unknown,unknown,unknown,n/a,unknown,48000
20080806,anonymous,20080301,0.6257424,False,unknown,unknown,unknown,n/a,unknown,48000
20080806,anonymous,20080301,0.6339905,False,unknown,unknown,unknown,n/a,unknown,48000
20080806,anonymous,20090617,0.5831647,False,unknown,unknown,unknown,n/a,unknown,48000
20080806,anonymous,20081018,0.5920728,False,unknown,unknown,unknown,n/a,unknown,48000
20080806,anonymous,20081018,0.61873853,False,unknown,unknown,unknown,n/a,unknown,48000
20080806,anonymous,20081018,0.593642,False,unknown,unknown,unknown,n/a,unknown,48000
20080806,anonymous,20080301,0.45391068,False,unknown,unknown,unknown,n/a,unknown,48000
20080806,anonymous,20090719,0.45328426,False,unknown,unknown,unknown,n/a,unknown,48000
20080806,anonymous,20080301,0.62060297,False,unknown,unknown,unknown,n/a,unknown,48000
20080806,anonymous,20080301,0.49920884,False,unknown,unknown,unknown,n/a,unknown,48000
20080806,anonymous,20080301,0.73093796,False,unknown,unknown,unknown,n/a,unknown,48000
20080806,anonymous,20080301,0.6398505,False,unknown,unknown,unknown,n/a,unknown,48000
20080806,anonymous,20081018,0.6243082,False,unknown,unknown,unknown,n/a,unknown,48000
20080806,anonymous,20080301,0.6333896,False,unknown,unknown,unknown,n/a,unknown,48000
20080806,anonymous,20090617,0.639397,False,unknown,unknown,unknown,n/a,unknown,48000
20080806,anonymous,20090617,0.5416266,False,unknown,unknown,unknown,n/a,unknown,48000
20080806,anonymous,20080301,0.6755731,False,unknown,unknown,unknown,n/a,unknown,48000
20080806,anonymous,20080301,0.54113424,False,unknown,unknown,unknown,n/a,unknown,48000
20080806,anonymous,20080301,0.5576768,False,unknown,unknown,unknown,n/a,unknown,48000
20080806,anonymous,20080301,0.622399,False,unknown,unknown,unknown,n/a,unknown,48000
20080806,anonymous,20080301,0.6869121,False,unknown,unknown,unknown,n/a,unknown,48000
20080806,anonymous,20090617,0.7457383,False,unknown,unknown,unknown,n/a,unknown,48000
20080806,anonymous,20090617,0.60211515,False,unknown,unknown,unknown,n/a,unknown,48000
20080806,anonymous,20090617,0.6793934,False,unknown,unknown,unknown,n/a,unknown,48000
20080806,anonymous,20080301,0.6590657,False,unknown,unknown,unknown,n/a,unknown,48000
20080806,anonymous,20080301,0.6391758,False,unknown,unknown,unknown,n/a,unknown,48000
20080806,anonymous,20080301,0.58270437,False,unknown,unknown,unknown,n/a,unknown,48000
20080806,anonymous,20080301,0.7110383,False,unknown,unknown,unknown,n/a,unknown,48000
20080806,anonymous,20080301,0.62194544,False,unknown,unknown,unknown,n/a,unknown,48000
20080806,anonymous,20080301,0.54065114,False,unknown,unknown,unknown,n/a,unknown,48000
20080806,anonymous,20090719,0.47322637,False,unknown,unknown,unknown,n/a,unknown,48000
20080806,anonymous,20080301,0.6494932,False,unknown,unknown,unknown,n/a,unknown,48000
20080806,anonymous,20080301,0.65258276,False,unknown,unknown,unknown,n/a,unknown,48000
20080806,anonymous,20090617,0.52039397,False,unknown,unknown,unknown,n/a,unknown,48000
20080806,anonymous,20080301,0.6603214,False,unknown,unknown,unknown,n/a,unknown,48000
20080806,anonymous,20090617,0.5579046,False,unknown,unknown,unknown,n/a,unknown,48000
20080806,anonymous,20080301,0.54928404,False,unknown,unknown,unknown,n/a,unknown,48000
20080806,anonymous,20090617,0.61689353,False,unknown,unknown,unknown,n/a,unknown,48000
20080806,anonymous,20081018,0.4282776,False,unknown,unknown,unknown,n/a,unknown,48000
20080806,anonymous,20090617,0.6040369,False,unknown,unknown,unknown,n/a,unknown,48000
20080806,anonymous,20090617,0.48328003,False,unknown,unknown,unknown,n/a,unknown,48000
20080806,anonymous,20080301,0.60890496,False,unknown,unknown,unknown,n/a,unknown,48000
20080806,anonymous,20090617,0.5871533,False,unknown,unknown,unknown,n/a,unknown,48000
20080806,anonymous,20090617,0.55146253,False,unknown,unknown,unknown,n/a,unknown,48000
20080806,anonymous,20081018,0.67919505,False,unknown,unknown,unknown,n/a,unknown,48000
20080806,anonymous,20080120,0.55117786,False,unknown,unknown,unknown,n/a,unknown,48000
20080806,anonymous,20080301,0.65062463,False,unknown,unknown,unknown,n/a,unknown,48000
20080806,anonymous,20080301,0.6225569,False,unknown,unknown,unknown,n/a,unknown,48000
20080806,anonymous,20090617,0.6413651,False,unknown,unknown,unknown,n/a,unknown,48000
20080806,anonymous,20080301,0.57403225,False,unknown,unknown,unknown,n/a,unknown,48000
20080806,anonymous,20080301,0.6927835,False,unknown,unknown,unknown,n/a,unknown,48000
20080806,anonymous,20080301,0.592813,False,unknown,unknown,unknown,n/a,unknown,48000
20080806,anonymous,20080301,0.6285763,False,unknown,unknown,unknown,n/a,unknown,48000
20080806,anonymous,20080301,0.64688164,False,unknown,unknown,unknown,n/a,unknown,48000
20080806,anonymous,20080301,0.5670548,False,unknown,unknown,unknown,n/a,unknown,48000
20080806,anonymous,20111119,0.55046165,False,unknown,unknown,unknown,n/a,unknown,48000
20080806,anonymous,20081018,0.6359367,False,unknown,unknown,unknown,n/a,unknown,48000
20080806,anonymous,20080301,0.51022774,False,unknown,unknown,unknown,n/a,unknown,48000
20080806,anonymous,20080301,0.6000538,False,unknown,unknown,unknown,n/a,unknown,48000
20080806,anonymous,20081018,0.6670984,False,unknown,unknown,unknown,n/a,unknown,48000
20080806,anonymous,20080301,0.637691,False,unknown,unknown,unknown,n/a,unknown,48000
20080806,anonymous,20080301,0.6689922,False,unknown,unknown,unknown,n/a,unknown,48000
20080806,anonymous,20080301,0.65576553,False,unknown,unknown,unknown,n/a,unknown,48000
20080806,anonymous,20080301,0.6874269,False,unknown,unknown,unknown,n/a,unknown,48000
20080806,anonymous,20080301,0.51509464,False,unknown,unknown,unknown,n/a,unknown,48000
20080806,anonymous,20081018,0.610801,False,unknown,unknown,unknown,n/a,unknown,48000
20080806,anonymous,20081018,0.6327554,False,unknown,unknown,unknown,n/a,unknown,48000
20080806,anonymous,20080301,0.55891395,False,unknown,unknown,unknown,n/a,unknown,48000
20080806,anonymous,20080301,0.5814307,False,unknown,unknown,unknown,n/a,unknown,48000
20080806,anonymous,20090617,0.6038169,False,unknown,unknown,unknown,n/a,unknown,48000
20080806,anonymous,20080301,0.4743418,False,unknown,unknown,unknown,n/a,unknown,48000
20080806,anonymous,20170801,0.3494079,False,unknown,unknown,unknown,n/a,unknown,48000
20080806,anonymous,20080301,0.59524894,False,unknown,unknown,unknown,n/a,unknown,48000
20080806,anonymous,20080301,0.6531944,False,unknown,unknown,unknown,n/a,unknown,48000
20080806,anonymous,20080802,0.66735256,False,unknown,unknown,unknown,n/a,unknown,48000
20080806,anonymous,20080802,0.6731156,False,unknown,unknown,unknown,n/a,unknown,48000
20080806,anonymous,20080802,0.56907046,False,unknown,unknown,unknown,n/a,unknown,48000
20080806,anonymous,20080802,0.57394063,False,unknown,unknown,unknown,n/a,unknown,48000
20080806,anonymous,20080802,0.6029092,False,unknown,unknown,unknown,n/a,unknown,48000
20080806,anonymous,20080802,0.5439036,False,unknown,unknown,unknown,n/a,unknown,48000
20080806,anonymous,20080802,0.46296036,False,unknown,unknown,unknown,n/a,unknown,48000
20080806,anonymous,20080802,0.5571904,False,unknown,unknown,unknown,n/a,unknown,48000
20080806,anonymous,20080802,0.67391,False,unknown,unknown,unknown,n/a,unknown,48000
20080806,anonymous,20080806,0.9521399,True,unknown,unknown,unknown,n/a,unknown,48000
20080806,anonymous,20080802,0.57934,False,unknown,unknown,unknown,n/a,unknown,48000
20080806,anonymous,20080708,0.5290673,False,unknown,unknown,unknown,n/a,unknown,48000
20080806,anonymous,20080806,0.5044129,True,unknown,unknown,unknown,n/a,unknown,48000
20080806,anonymous,20080708,0.61485153,False,unknown,unknown,unknown,n/a,unknown,48000
20080806,anonymous,20080708,0.4632157,False,unknown,unknown,unknown,n/a,unknown,48000
20080806,anonymous,20080708,0.6074546,False,unknown,unknown,unknown,n/a,unknown,48000
20080806,anonymous,20080708,0.51889986,False,unknown,unknown,unknown,n/a,unknown,48000
20080806,anonymous,20080806,0.5481203,True,unknown,unknown,unknown,n/a,unknown,48000
20080806,anonymous,20080708,0.50206554,False,unknown,unknown,unknown,n/a,unknown,48000
20080806,anonymous,20080708,0.51436293,False,unknown,unknown,unknown,n/a,unknown,48000
20080821,anonymous,20120318,0.33340135,False,mannelijk,jeugd,algemeen Nederlands,n/a,headsetmicrofoon,48000
20080821,anonymous,20080708,0.35336453,False,mannelijk,jeugd,algemeen Nederlands,n/a,headsetmicrofoon,48000
20080821,anonymous,20080708,0.3667767,False,mannelijk,jeugd,algemeen Nederlands,n/a,headsetmicrofoon,48000
20080821,anonymous,20080708,0.3255946,False,mannelijk,jeugd,algemeen Nederlands,n/a,headsetmicrofoon,48000
20080821,anonymous,20080708,0.35135818,False,mannelijk,jeugd,algemeen Nederlands,n/a,headsetmicrofoon,48000
20080821,anonymous,20080708,0.32927,False,mannelijk,jeugd,algemeen Nederlands,n/a,headsetmicrofoon,48000
20080821,anonymous,20080708,0.3639034,False,mannelijk,jeugd,algemeen Nederlands,n/a,headsetmicrofoon,48000
20080821,anonymous,20080708,0.31132817,False,mannelijk,jeugd,algemeen Nederlands,n/a,headsetmicrofoon,48000
20080821,anonymous,20080708,0.31590706,False,mannelijk,jeugd,algemeen Nederlands,n/a,headsetmicrofoon,48000
20080821,anonymous,20080708,0.41536462,False,mannelijk,jeugd,algemeen Nederlands,n/a,headsetmicrofoon,48000
20080821,anonymous,20080708,0.32207242,False,mannelijk,jeugd,algemeen Nederlands,n/a,headsetmicrofoon,48000
20080821,anonymous,20080708,0.381731,False,mannelijk,jeugd,algemeen Nederlands,n/a,headsetmicrofoon,48000
20080821,anonymous,20080326,0.35782996,False,mannelijk,jeugd,algemeen Nederlands,n/a,headsetmicrofoon,48000
20080821,anonymous,20080708,0.3447926,False,mannelijk,jeugd,algemeen Nederlands,n/a,headsetmicrofoon,48000
20080821,anonymous,20080708,0.35413462,False,mannelijk,jeugd,algemeen Nederlands,n/a,headsetmicrofoon,48000
20080821,anonymous,20080708,0.41590527,False,mannelijk,jeugd,algemeen Nederlands,n/a,headsetmicrofoon,48000
20080821,anonymous,20080708,0.32223502,False,mannelijk,jeugd,algemeen Nederlands,n/a,headsetmicrofoon,48000
20080821,anonymous,20120318,0.3527065,False,mannelijk,jeugd,algemeen Nederlands,n/a,headsetmicrofoon,48000
20080821,anonymous,20080708,0.26686096,False,mannelijk,jeugd,algemeen Nederlands,n/a,headsetmicrofoon,48000
20080821,anonymous,20090205,0.29931855,False,mannelijk,jeugd,algemeen Nederlands,n/a,headsetmicrofoon,48000
20080821,anonymous,20080404,0.25026715,False,mannelijk,jeugd,algemeen Nederlands,n/a,headsetmicrofoon,48000
20080821,anonymous,20080708,0.37099665,False,mannelijk,jeugd,algemeen Nederlands,n/a,headsetmicrofoon,48000
20080821,anonymous,20080708,0.45518684,False,mannelijk,jeugd,algemeen Nederlands,n/a,headsetmicrofoon,48000
20080821,anonymous,20071225,0.29847038,False,mannelijk,jeugd,algemeen Nederlands,n/a,headsetmicrofoon,48000
20080821,anonymous,20140212,0.23955142,False,mannelijk,jeugd,algemeen Nederlands,n/a,headsetmicrofoon,48000
20080821,anonymous,20120318,0.32157558,False,mannelijk,jeugd,algemeen Nederlands,n/a,headsetmicrofoon,48000
20080821,anonymous,20080708,0.32369107,False,mannelijk,jeugd,algemeen Nederlands,n/a,headsetmicrofoon,48000
20080821,anonymous,20080708,0.38979405,False,mannelijk,jeugd,algemeen Nederlands,n/a,headsetmicrofoon,48000
20080821,anonymous,20080708,0.39441085,False,mannelijk,jeugd,algemeen Nederlands,n/a,headsetmicrofoon,48000
20080821,anonymous,20080708,0.34378445,False,mannelijk,jeugd,algemeen Nederlands,n/a,headsetmicrofoon,48000
20080821,anonymous,20080708,0.3551255,False,mannelijk,jeugd,algemeen Nederlands,n/a,headsetmicrofoon,48000
20080821,anonymous,20080708,0.35632294,False,mannelijk,jeugd,algemeen Nederlands,n/a,headsetmicrofoon,48000
20080821,anonymous,20080326,0.28949365,False,mannelijk,jeugd,algemeen Nederlands,n/a,headsetmicrofoon,48000
20080821,anonymous,20080708,0.34223497,False,mannelijk,jeugd,algemeen Nederlands,n/a,headsetmicrofoon,48000
20080821,anonymous,20080708,0.29120785,False,mannelijk,jeugd,algemeen Nederlands,n/a,headsetmicrofoon,48000
20080821,anonymous,20080708,0.34899086,False,mannelijk,jeugd,algemeen Nederlands,n/a,headsetmicrofoon,48000
20080821,anonymous,20080708,0.32375726,False,mannelijk,jeugd,algemeen Nederlands,n/a,headsetmicrofoon,48000
20080821,anonymous,20080708,0.3033561,False,mannelijk,jeugd,algemeen Nederlands,n/a,headsetmicrofoon,48000
20080821,anonymous,20080708,0.41214287,False,mannelijk,jeugd,algemeen Nederlands,n/a,headsetmicrofoon,48000
20080909,anonymous,20080909,0.56858367,True,vrouwelijk,volwassen,algemeen Nederlands,n/a,headsetmicrofoon,48000
20080909,anonymous,20080909,0.70227337,True,vrouwelijk,volwassen,algemeen Nederlands,n/a,headsetmicrofoon,48000
20080909,anonymous,20080909,0.36835426,True,vrouwelijk,volwassen,algemeen Nederlands,n/a,headsetmicrofoon,48000
20080909,anonymous,20080909,0.6383215,True,vrouwelijk,volwassen,algemeen Nederlands,n/a,headsetmicrofoon,48000
20080909,anonymous,20080909,0.6295009,True,vrouwelijk,volwassen,algemeen Nederlands,n/a,headsetmicrofoon,48000
20080909,anonymous,20080909,0.5776994,True,vrouwelijk,volwassen,algemeen Nederlands,n/a,headsetmicrofoon,48000
20080909,anonymous,20080909,0.59510446,True,vrouwelijk,volwassen,algemeen Nederlands,n/a,headsetmicrofoon,48000
20080909,anonymous,20080909,0.5569465,True,vrouwelijk,volwassen,algemeen Nederlands,n/a,headsetmicrofoon,48000
20080909,anonymous,20080909,0.6315876,True,vrouwelijk,volwassen,algemeen Nederlands,n/a,headsetmicrofoon,48000
20080909,anonymous,20080909,0.99426115,True,vrouwelijk,volwassen,algemeen Nederlands,n/a,headsetmicrofoon,48000
20080909,anonymous,20080909,0.7368685,True,vrouwelijk,volwassen,algemeen Nederlands,n/a,headsetmicrofoon,48000
20080909,anonymous,20080909,0.67808855,True,vrouwelijk,volwassen,algemeen Nederlands,n/a,headsetmicrofoon,48000
20080909,anonymous,20080909,0.59667516,True,vrouwelijk,volwassen,algemeen Nederlands,n/a,headsetmicrofoon,48000
20080909,anonymous,20080909,0.57548,True,vrouwelijk,volwassen,algemeen Nederlands,n/a,headsetmicrofoon,48000
20080909,anonymous,20080909,0.6749177,True,vrouwelijk,volwassen,algemeen Nederlands,n/a,headsetmicrofoon,48000
20080909,anonymous,20080909,0.66789913,True,vrouwelijk,volwassen,algemeen Nederlands,n/a,headsetmicrofoon,48000
20080909,anonymous,20080909,0.68819165,True,vrouwelijk,volwassen,algemeen Nederlands,n/a,headsetmicrofoon,48000
20081008,anonymous,20090423,0.42779887,False,mannelijk,jeugd,Noordelijk-centraal,n/a,unknown,48000
20081008,anonymous,20090423,0.4077176,False,mannelijk,jeugd,Noordelijk-centraal,n/a,unknown,48000
20080909,anonymous,20080909,0.7555051,True,vrouwelijk,volwassen,algemeen Nederlands,n/a,headsetmicrofoon,48000
20080909,anonymous,20080909,0.6341224,True,vrouwelijk,volwassen,algemeen Nederlands,n/a,headsetmicrofoon,48000
20081008,anonymous,20090423,0.4128188,False,mannelijk,jeugd,Noordelijk-centraal,n/a,unknown,48000
20081008,anonymous,20090423,0.35924453,False,mannelijk,jeugd,Noordelijk-centraal,n/a,unknown,48000
20081008,anonymous,20090423,0.42601964,False,mannelijk,jeugd,Noordelijk-centraal,n/a,unknown,48000
20081008,anonymous,20090423,0.3730647,False,mannelijk,jeugd,Noordelijk-centraal,n/a,unknown,48000
20081008,anonymous,20140415,0.35948443,False,mannelijk,jeugd,Noordelijk-centraal,n/a,unknown,48000
20081008,anonymous,20111021,0.39434832,False,mannelijk,jeugd,Noordelijk-centraal,n/a,unknown,48000
20081008,anonymous,20080205,0.39710635,False,mannelijk,jeugd,Noordelijk-centraal,n/a,unknown,48000
20081102,anonymous,20090423,0.33552903,False,mannelijk,volwassen,anders,n/a,microfoon in laptop,48000
20081102,anonymous,20160115,0.3545873,False,mannelijk,volwassen,anders,n/a,microfoon in laptop,48000
20081102,anonymous,20080220,0.37965608,False,mannelijk,volwassen,anders,n/a,microfoon in laptop,48000
20081102,anonymous,20090205,0.4408318,False,mannelijk,volwassen,anders,n/a,microfoon in laptop,48000
20081102,anonymous,20090423,0.33400065,False,mannelijk,volwassen,anders,n/a,microfoon in laptop,48000
20081102,anonymous,20090423,0.20807944,False,mannelijk,volwassen,anders,n/a,microfoon in laptop,48000
20081102,anonymous,20080708,0.32757246,False,mannelijk,volwassen,anders,n/a,microfoon in laptop,48000
20081102,anonymous,20160115,0.37316662,False,mannelijk,volwassen,anders,n/a,microfoon in laptop,48000
20081102,anonymous,20080220,0.38819218,False,mannelijk,volwassen,anders,n/a,microfoon in laptop,48000
20081110,anonymous,20160115,0.3835255,False,mannelijk,volwassen,algemeen Nederlands,n/a,headsetmicrofoon,48000
20081110,anonymous,20160115,0.43753213,False,mannelijk,volwassen,algemeen Nederlands,n/a,headsetmicrofoon,48000
20081110,anonymous,20080406,0.4152516,False,mannelijk,volwassen,algemeen Nederlands,n/a,headsetmicrofoon,48000
20081110,anonymous,20080406,0.4577961,False,mannelijk,volwassen,algemeen Nederlands,n/a,headsetmicrofoon,48000
20081110,anonymous,20080326,0.4151637,False,mannelijk,volwassen,algemeen Nederlands,n/a,headsetmicrofoon,48000
20081110,anonymous,20080220,0.477925,False,mannelijk,volwassen,algemeen Nederlands,n/a,headsetmicrofoon,48000
20081110,anonymous,20160115,0.38216996,False,mannelijk,volwassen,algemeen Nederlands,n/a,headsetmicrofoon,48000
20081110,anonymous,20081018,0.38878742,False,mannelijk,volwassen,algemeen Nederlands,n/a,headsetmicrofoon,48000
20081110,anonymous,20131120,0.40638137,False,mannelijk,volwassen,algemeen Nederlands,n/a,headsetmicrofoon,48000
20081111,anonymous,20080326,0.30993566,False,mannelijk,volwassen,algemeen Nederlands,n/a,headsetmicrofoon,48000
20081111,anonymous,20160115,0.47078854,False,mannelijk,volwassen,algemeen Nederlands,n/a,headsetmicrofoon,48000
20081111,anonymous,20080406,0.46183366,False,mannelijk,volwassen,algemeen Nederlands,n/a,headsetmicrofoon,48000
20081111,anonymous,20080414,0.3922433,False,mannelijk,volwassen,algemeen Nederlands,n/a,headsetmicrofoon,48000
20081111,anonymous,20080326,0.49495935,False,mannelijk,volwassen,algemeen Nederlands,n/a,headsetmicrofoon,48000
20081111,anonymous,20130527,0.32963878,False,mannelijk,volwassen,algemeen Nederlands,n/a,headsetmicrofoon,48000
20081111,anonymous,20160115,0.48805475,False,mannelijk,volwassen,algemeen Nederlands,n/a,headsetmicrofoon,48000
20081111,anonymous,20080220,0.39976126,False,mannelijk,volwassen,algemeen Nederlands,n/a,headsetmicrofoon,48000
20081111,anonymous,20080220,0.3778808,False,mannelijk,volwassen,algemeen Nederlands,n/a,headsetmicrofoon,48000
20081111,anonymous,20090125,0.4147125,False,mannelijk,volwassen,algemeen Nederlands,n/a,headsetmicrofoon,48000
20081111,anonymous,20080406,0.36723566,False,mannelijk,volwassen,algemeen Nederlands,n/a,headsetmicrofoon,48000
20081111,anonymous,20080205,0.3044598,False,mannelijk,volwassen,algemeen Nederlands,n/a,headsetmicrofoon,48000
20081111,anonymous,20110422,0.34727848,False,mannelijk,volwassen,algemeen Nederlands,n/a,headsetmicrofoon,48000
20081111,anonymous,20080326,0.34209195,False,mannelijk,volwassen,algemeen Nederlands,n/a,headsetmicrofoon,48000
20081111,anonymous,20080326,0.3732583,False,mannelijk,volwassen,algemeen Nederlands,n/a,headsetmicrofoon,48000
20081111,anonymous,20120930,0.34190172,False,mannelijk,volwassen,algemeen Nederlands,n/a,headsetmicrofoon,48000
20081111,anonymous,20080711,0.37515306,False,mannelijk,volwassen,algemeen Nederlands,n/a,headsetmicrofoon,48000
20081111,anonymous,20080326,0.30275834,False,mannelijk,volwassen,algemeen Nederlands,n/a,headsetmicrofoon,48000
20081111,anonymous,20080326,0.34887365,False,mannelijk,volwassen,algemeen Nederlands,n/a,headsetmicrofoon,48000
20090108,anonymous,20090108,0.73433304,True,male,adult,unknown,n/a,unknown,48000
20090108,anonymous,20090108,0.69389945,True,male,adult,unknown,n/a,unknown,48000
20090108,anonymous,20090108,0.76171833,True,male,adult,unknown,n/a,unknown,48000
20090108,anonymous,20090108,0.567218,True,male,adult,unknown,n/a,unknown,48000
20090108,anonymous,20090108,0.72664857,True,male,adult,unknown,n/a,unknown,48000
20090108,anonymous,20090108,0.75120336,True,male,adult,unknown,n/a,unknown,48000
20090108,anonymous,20090108,0.72170186,True,male,adult,unknown,n/a,unknown,48000
20090108,anonymous,20090108,0.7186104,True,male,adult,unknown,n/a,unknown,48000
20090108,anonymous,20090108,0.99992526,True,male,adult,unknown,n/a,unknown,48000
20090108,anonymous,20090108,0.7275115,True,male,adult,unknown,n/a,unknown,48000
20090108,anonymous,20090108,0.7221677,True,male,adult,unknown,n/a,unknown,48000
20090108,anonymous,20090108,0.6977385,True,male,adult,unknown,n/a,unknown,48000
20090108,anonymous,20090108,0.7041626,True,male,adult,unknown,n/a,unknown,48000
20090108,anonymous,20090108,0.6690598,True,male,adult,unknown,n/a,unknown,48000
20090108,anonymous,20090108,0.61264503,True,male,adult,unknown,n/a,unknown,48000
20090108,anonymous,20090108,0.7390674,True,male,adult,unknown,n/a,unknown,48000
20090108,anonymous,20090108,0.750949,True,male,adult,unknown,n/a,unknown,48000
20090108,anonymous,20090108,0.6752907,True,male,adult,unknown,n/a,unknown,48000
20090108,anonymous,20090108,0.7147006,True,male,adult,unknown,n/a,unknown,48000
20090108,anonymous,20090108,0.76503706,True,male,adult,unknown,n/a,unknown,48000
20090108,anonymous,20090108,0.50529027,True,male,adult,unknown,n/a,unknown,48000
20090108,anonymous,20090108,0.7141726,True,male,adult,unknown,n/a,unknown,48000
20090108,anonymous,20090108,0.6578268,True,male,adult,unknown,n/a,unknown,48000
20090108,anonymous,20090108,0.559263,True,male,adult,unknown,n/a,unknown,48000
20090108,anonymous,20090108,0.79236543,True,male,adult,unknown,n/a,unknown,48000
20090108,anonymous,20090108,0.6941878,True,male,adult,unknown,n/a,unknown,48000
20090108,anonymous,20090108,0.5736036,True,male,adult,unknown,n/a,unknown,48000
20090108,anonymous,20090108,0.6660311,True,male,adult,unknown,n/a,unknown,48000
20090108,anonymous,20090108,0.5331517,True,male,adult,unknown,n/a,unknown,48000
20090108,anonymous,20090108,0.69927967,True,male,adult,unknown,n/a,unknown,48000
20090108,anonymous,20090108,0.77617466,True,male,adult,unknown,n/a,unknown,48000
20090108,anonymous,20090108,0.69498503,True,male,adult,unknown,n/a,unknown,48000
20090108,anonymous,20090108,0.7669953,True,male,adult,unknown,n/a,unknown,48000
20090108,anonymous,20090108,0.63698995,True,male,adult,unknown,n/a,unknown,48000
20090108,anonymous,20090108,0.65335685,True,male,adult,unknown,n/a,unknown,48000
20090108,anonymous,20090108,0.7765767,True,male,adult,unknown,n/a,unknown,48000
20090108,anonymous,20090108,0.39971435,True,male,adult,unknown,n/a,unknown,48000
20090108,anonymous,20090108,0.7036401,True,male,adult,unknown,n/a,unknown,48000
20090108,anonymous,20090108,0.6551962,True,male,adult,unknown,n/a,unknown,48000
20090108,anonymous,20090108,0.6687859,True,male,adult,unknown,n/a,unknown,48000
20090108,anonymous,20090108,0.78124726,True,male,adult,unknown,n/a,unknown,48000
20090108,anonymous,20090108,0.7067892,True,male,adult,unknown,n/a,unknown,48000
20090108,anonymous,20090108,0.6642077,True,male,adult,unknown,n/a,unknown,48000
20090108,anonymous,20090108,0.54861194,True,male,adult,unknown,n/a,unknown,48000
20090108,anonymous,20090108,0.6271287,True,male,adult,unknown,n/a,unknown,48000
20090108,anonymous,20090108,0.6782052,True,male,adult,unknown,n/a,unknown,48000
20090108,anonymous,20090108,0.7208158,True,male,adult,unknown,n/a,unknown,48000
20090108,anonymous,20090108,0.75267017,True,male,adult,unknown,n/a,unknown,48000
20090203,anonymous,20120318,0.32046795,False,mannelijk,jeugd,algemeen Nederlands,n/a,headsetmicrofoon,48000
20090203,anonymous,20080909,0.392968,False,mannelijk,jeugd,algemeen Nederlands,n/a,headsetmicrofoon,48000
20090203,anonymous,20080404,0.29331714,False,mannelijk,jeugd,algemeen Nederlands,n/a,headsetmicrofoon,48000
20090108,anonymous,20090108,0.693606,True,male,adult,unknown,n/a,unknown,48000
20090203,anonymous,20080404,0.4415775,False,mannelijk,jeugd,algemeen Nederlands,n/a,headsetmicrofoon,48000
20090203,anonymous,20080404,0.35178155,False,mannelijk,jeugd,algemeen Nederlands,n/a,headsetmicrofoon,48000
20090203,anonymous,20080302,0.38171637,False,mannelijk,jeugd,algemeen Nederlands,n/a,headsetmicrofoon,48000
20090203,anonymous,20080404,0.4720675,False,mannelijk,jeugd,algemeen Nederlands,n/a,headsetmicrofoon,48000
20090203,anonymous,20080302,0.3472115,False,mannelijk,jeugd,algemeen Nederlands,n/a,headsetmicrofoon,48000
20090203,anonymous,20080909,0.47553343,False,mannelijk,jeugd,algemeen Nederlands,n/a,headsetmicrofoon,48000
20090206,anonymous,20080404,0.45777267,False,mannelijk,jeugd,anders,n/a,microfoon in laptop,48000
20090206,anonymous,20080302,0.50038975,False,mannelijk,jeugd,anders,n/a,microfoon in laptop,48000
20090206,anonymous,20080909,0.42784256,False,mannelijk,jeugd,anders,n/a,microfoon in laptop,48000
20090206,anonymous,20080302,0.5004829,False,mannelijk,jeugd,anders,n/a,microfoon in laptop,48000
20090206,anonymous,20081011,0.40215057,False,mannelijk,jeugd,anders,n/a,microfoon in laptop,48000
20090206,anonymous,20080616,0.47218037,False,mannelijk,jeugd,anders,n/a,microfoon in laptop,48000
20090206,anonymous,20080909,0.4434634,False,mannelijk,jeugd,anders,n/a,microfoon in laptop,48000
20090206,anonymous,20080302,0.41363588,False,mannelijk,jeugd,anders,n/a,microfoon in laptop,48000
20090206,anonymous,20080302,0.5137172,False,mannelijk,jeugd,anders,n/a,microfoon in laptop,48000
20090224,anonymous,20080301,0.2942745,False,mannelijk,volwassen,Noordelijk-centraal,n/a,microfoon in laptop,48000
20090224,anonymous,20090108,0.39287865,False,mannelijk,volwassen,Noordelijk-centraal,n/a,microfoon in laptop,48000
20090224,anonymous,20080301,0.39129692,False,mannelijk,volwassen,Noordelijk-centraal,n/a,microfoon in laptop,48000
20090224,anonymous,20170801,0.35034987,False,mannelijk,volwassen,Noordelijk-centraal,n/a,microfoon in laptop,48000
20090224,anonymous,20160115,0.38002688,False,mannelijk,volwassen,Noordelijk-centraal,n/a,microfoon in laptop,48000
20090224,anonymous,20080301,0.39198214,False,mannelijk,volwassen,Noordelijk-centraal,n/a,microfoon in laptop,48000
20090224,anonymous,20110422,0.31244844,False,mannelijk,volwassen,Noordelijk-centraal,n/a,microfoon in laptop,48000
20090224,anonymous,20090108,0.29723194,False,mannelijk,volwassen,Noordelijk-centraal,n/a,microfoon in laptop,48000
20090224,anonymous,20080301,0.36520648,False,mannelijk,volwassen,Noordelijk-centraal,n/a,microfoon in laptop,48000
20090326,anonymous,20141218,0.54972625,False,mannelijk,volwassen,Zuidoostelijk,n/a,bureaumicrofoon,48000
20090326,anonymous,20111119,0.4682197,False,mannelijk,volwassen,Zuidoostelijk,n/a,bureaumicrofoon,48000
20090326,anonymous,20141218,0.40024084,False,mannelijk,volwassen,Zuidoostelijk,n/a,bureaumicrofoon,48000
20090326,anonymous,20090617,0.49619105,False,mannelijk,volwassen,Zuidoostelijk,n/a,bureaumicrofoon,48000
20090326,anonymous,20081128,0.4712811,False,mannelijk,volwassen,Zuidoostelijk,n/a,bureaumicrofoon,48000
20090326,anonymous,20141218,0.44725257,False,mannelijk,volwassen,Zuidoostelijk,n/a,bureaumicrofoon,48000
20090326,anonymous,20111119,0.52918756,False,mannelijk,volwassen,Zuidoostelijk,n/a,bureaumicrofoon,48000
20090326,anonymous,20090617,0.47618663,False,mannelijk,volwassen,Zuidoostelijk,n/a,bureaumicrofoon,48000
20090326,anonymous,20141218,0.5123876,False,mannelijk,volwassen,Zuidoostelijk,n/a,bureaumicrofoon,48000
20090401,anonymous,20070823_nl1,0.5381645,False,mannelijk,volwassen,Zuidwestelijk,n/a,headsetmicrofoon (USB),48000
20090401,anonymous,20120930,0.43247196,False,mannelijk,volwassen,Zuidwestelijk,n/a,headsetmicrofoon (USB),48000
20090401,anonymous,20120930,0.48119602,False,mannelijk,volwassen,Zuidwestelijk,n/a,headsetmicrofoon (USB),48000
20090401,anonymous,20070823_nl1,0.44820654,False,mannelijk,volwassen,Zuidwestelijk,n/a,headsetmicrofoon (USB),48000
20090401,anonymous,20120315,0.42941076,False,mannelijk,volwassen,Zuidwestelijk,n/a,headsetmicrofoon (USB),48000
20090401,anonymous,20120930,0.31599554,False,mannelijk,volwassen,Zuidwestelijk,n/a,headsetmicrofoon (USB),48000
20090401,anonymous,20080912,0.4448382,False,mannelijk,volwassen,Zuidwestelijk,n/a,headsetmicrofoon (USB),48000
20090401,anonymous,20080912,0.48082915,False,mannelijk,volwassen,Zuidwestelijk,n/a,headsetmicrofoon (USB),48000
20090401,anonymous,20110311,0.44083345,False,mannelijk,volwassen,Zuidwestelijk,n/a,headsetmicrofoon (USB),48000
20090401,anonymous,20090401,0.99144113,True,mannelijk,volwassen,Zuidwestelijk,n/a,headsetmicrofoon (USB),48000
20090401,anonymous,20090401,0.67418194,True,mannelijk,volwassen,Zuidwestelijk,n/a,headsetmicrofoon (USB),48000
20090401,anonymous,20090401,0.81417435,True,mannelijk,volwassen,Zuidwestelijk,n/a,headsetmicrofoon (USB),48000
20090401,anonymous,20090401,0.7380019,True,mannelijk,volwassen,Zuidwestelijk,n/a,headsetmicrofoon (USB),48000
20090401,anonymous,20090401,0.7112665,True,mannelijk,volwassen,Zuidwestelijk,n/a,headsetmicrofoon (USB),48000
20090401,anonymous,20090401,0.7940723,True,mannelijk,volwassen,Zuidwestelijk,n/a,headsetmicrofoon (USB),48000
20090401,anonymous,20090401,0.74856555,True,mannelijk,volwassen,Zuidwestelijk,n/a,headsetmicrofoon (USB),48000
20090401,anonymous,20090401,0.6376301,True,mannelijk,volwassen,Zuidwestelijk,n/a,headsetmicrofoon (USB),48000
20090401,anonymous,20090401,0.6794459,True,mannelijk,volwassen,Zuidwestelijk,n/a,headsetmicrofoon (USB),48000
20090401,anonymous,20090401,0.8191073,True,mannelijk,volwassen,Zuidwestelijk,n/a,headsetmicrofoon (USB),48000
20090509,anonymous,20080616,0.31566507,False,vrouwelijk,jeugd,Zuidwestelijk,n/a,webcam microfoon,48000
20090509,anonymous,20080226,0.26576477,False,vrouwelijk,jeugd,Zuidwestelijk,n/a,webcam microfoon,48000
20090509,anonymous,20080226,0.31787705,False,vrouwelijk,jeugd,Zuidwestelijk,n/a,webcam microfoon,48000
20090509,anonymous,20090629,0.2923864,False,vrouwelijk,jeugd,Zuidwestelijk,n/a,webcam microfoon,48000
20090509,anonymous,20080326,0.24462734,False,vrouwelijk,jeugd,Zuidwestelijk,n/a,webcam microfoon,48000
20090509,anonymous,20080302,0.33299923,False,vrouwelijk,jeugd,Zuidwestelijk,n/a,webcam microfoon,48000
20090509,anonymous,20081011,0.26646057,False,vrouwelijk,jeugd,Zuidwestelijk,n/a,webcam microfoon,48000
20090509,anonymous,20080708,0.2947479,False,vrouwelijk,jeugd,Zuidwestelijk,n/a,webcam microfoon,48000
20090509,anonymous,20080226,0.37091857,False,vrouwelijk,jeugd,Zuidwestelijk,n/a,webcam microfoon,48000
20090512,anonymous,20080909,0.4995734,False,mannelijk,jeugd,algemeen Nederlands,n/a,headsetmicrofoon (USB),48000
20090512,anonymous,20080909,0.52056026,False,mannelijk,jeugd,algemeen Nederlands,n/a,headsetmicrofoon (USB),48000
20090512,anonymous,20080909,0.32219508,False,mannelijk,jeugd,algemeen Nederlands,n/a,headsetmicrofoon (USB),48000
20090512,anonymous,20080909,0.5420089,False,mannelijk,jeugd,algemeen Nederlands,n/a,headsetmicrofoon (USB),48000
20090512,anonymous,20080909,0.4529152,False,mannelijk,jeugd,algemeen Nederlands,n/a,headsetmicrofoon (USB),48000
20090512,anonymous,20080909,0.48544157,False,mannelijk,jeugd,algemeen Nederlands,n/a,headsetmicrofoon (USB),48000
20090512,anonymous,20080909,0.40185004,False,mannelijk,jeugd,algemeen Nederlands,n/a,headsetmicrofoon (USB),48000
20090512,anonymous,20080909,0.4714977,False,mannelijk,jeugd,algemeen Nederlands,n/a,headsetmicrofoon (USB),48000
20090512,anonymous,20080909,0.51186705,False,mannelijk,jeugd,algemeen Nederlands,n/a,headsetmicrofoon (USB),48000
20090813,anonymous,20090813,0.6600102,True,mannelijk,volwassen,algemeen Nederlands,n/a,studiomicrofoon,48000
20090813,anonymous,20090813,0.6459977,True,mannelijk,volwassen,algemeen Nederlands,n/a,studiomicrofoon,48000
20090813,anonymous,20090813,0.69657063,True,mannelijk,volwassen,algemeen Nederlands,n/a,studiomicrofoon,48000
20090813,anonymous,20090813,0.5923692,True,mannelijk,volwassen,algemeen Nederlands,n/a,studiomicrofoon,48000
20090813,anonymous,20090813,0.70222056,True,mannelijk,volwassen,algemeen Nederlands,n/a,studiomicrofoon,48000
20090813,anonymous,20090813,0.6650498,True,mannelijk,volwassen,algemeen Nederlands,n/a,studiomicrofoon,48000
20090813,anonymous,20090813,0.5940424,True,mannelijk,volwassen,algemeen Nederlands,n/a,studiomicrofoon,48000
20090813,anonymous,20090813,0.5798461,True,mannelijk,volwassen,algemeen Nederlands,n/a,studiomicrofoon,48000
20090813,anonymous,20090813,0.9912125,True,mannelijk,volwassen,algemeen Nederlands,n/a,studiomicrofoon,48000
20090813,anonymous,20090813,0.6886758,True,mannelijk,volwassen,algemeen Nederlands,n/a,studiomicrofoon,48000
20090813,anonymous,20090813,0.61069536,True,mannelijk,volwassen,algemeen Nederlands,n/a,studiomicrofoon,48000
20090813,anonymous,20090813,0.69281435,True,mannelijk,volwassen,algemeen Nederlands,n/a,studiomicrofoon,48000
20090813,anonymous,20090813,0.6434982,True,mannelijk,volwassen,algemeen Nederlands,n/a,studiomicrofoon,48000
20090813,anonymous,20090813,0.62819123,True,mannelijk,volwassen,algemeen Nederlands,n/a,studiomicrofoon,48000
20090813,anonymous,20090813,0.58020145,True,mannelijk,volwassen,algemeen Nederlands,n/a,studiomicrofoon,48000
20090813,anonymous,20090813,0.7187527,True,mannelijk,volwassen,algemeen Nederlands,n/a,studiomicrofoon,48000
20090813,anonymous,20090813,0.60524213,True,mannelijk,volwassen,algemeen Nederlands,n/a,studiomicrofoon,48000
20090813,anonymous,20090813,0.5703725,True,mannelijk,volwassen,algemeen Nederlands,n/a,studiomicrofoon,48000
20090813,anonymous,20090813,0.64700973,True,mannelijk,volwassen,algemeen Nederlands,n/a,studiomicrofoon,48000
20090826,anonymous,20090826,0.5622103,True,mannelijk,jeugd,algemeen Nederlands,n/a,bureaumicrofoon,48000
20090826,anonymous,20090826,0.59052587,True,mannelijk,jeugd,algemeen Nederlands,n/a,bureaumicrofoon,48000
20090826,anonymous,20090826,0.65393126,True,mannelijk,jeugd,algemeen Nederlands,n/a,bureaumicrofoon,48000
20090826,anonymous,20090826,0.7048897,True,mannelijk,jeugd,algemeen Nederlands,n/a,bureaumicrofoon,48000
20090826,anonymous,20090826,0.5766032,True,mannelijk,jeugd,algemeen Nederlands,n/a,bureaumicrofoon,48000
20090826,anonymous,20090826,0.5686381,True,mannelijk,jeugd,algemeen Nederlands,n/a,bureaumicrofoon,48000
20090826,anonymous,20080220,0.51165694,False,mannelijk,jeugd,algemeen Nederlands,n/a,bureaumicrofoon,48000
20090826,anonymous,20090826,0.9904202,True,mannelijk,jeugd,algemeen Nederlands,n/a,bureaumicrofoon,48000
20090826,anonymous,20090826,0.6596823,True,mannelijk,jeugd,algemeen Nederlands,n/a,bureaumicrofoon,48000
20090826,anonymous,20090826,0.6841035,True,mannelijk,jeugd,algemeen Nederlands,n/a,bureaumicrofoon,48000
20090826,anonymous,20080220,0.59945273,False,mannelijk,jeugd,algemeen Nederlands,n/a,bureaumicrofoon,48000
20090826,anonymous,20090826,0.4886827,True,mannelijk,jeugd,algemeen Nederlands,n/a,bureaumicrofoon,48000
20090826,anonymous,20090826,0.58557695,True,mannelijk,jeugd,algemeen Nederlands,n/a,bureaumicrofoon,48000
20090826,anonymous,20090826,0.4773686,True,mannelijk,jeugd,algemeen Nederlands,n/a,bureaumicrofoon,48000
20090826,anonymous,20090826,0.6326541,True,mannelijk,jeugd,algemeen Nederlands,n/a,bureaumicrofoon,48000
20090826,anonymous,20080220,0.5398201,False,mannelijk,jeugd,algemeen Nederlands,n/a,bureaumicrofoon,48000
20090826,anonymous,20090826,0.5783403,True,mannelijk,jeugd,algemeen Nederlands,n/a,bureaumicrofoon,48000
20090826,anonymous,20090826,0.5513943,True,mannelijk,jeugd,algemeen Nederlands,n/a,bureaumicrofoon,48000
20090826,anonymous,20090826,0.5631995,True,mannelijk,jeugd,algemeen Nederlands,n/a,bureaumicrofoon,48000
20090826,anonymous,20090826,0.57616556,True,mannelijk,jeugd,algemeen Nederlands,n/a,bureaumicrofoon,48000
20090826,anonymous,20080220,0.55879325,False,mannelijk,jeugd,algemeen Nederlands,n/a,bureaumicrofoon,48000
20090826,anonymous,20090826,0.56139624,True,mannelijk,jeugd,algemeen Nederlands,n/a,bureaumicrofoon,48000
20090826,anonymous,20090826,0.49798366,True,mannelijk,jeugd,algemeen Nederlands,n/a,bureaumicrofoon,48000
20090826,anonymous,20090826,0.568372,True,mannelijk,jeugd,algemeen Nederlands,n/a,bureaumicrofoon,48000
20090826,anonymous,20080220,0.6354568,False,mannelijk,jeugd,algemeen Nederlands,n/a,bureaumicrofoon,48000
20090826,anonymous,20090826,0.621814,True,mannelijk,jeugd,algemeen Nederlands,n/a,bureaumicrofoon,48000
20090826,anonymous,20090826,0.6801913,True,mannelijk,jeugd,algemeen Nederlands,n/a,bureaumicrofoon,48000
20090826,anonymous,20090826,0.589301,True,mannelijk,jeugd,algemeen Nederlands,n/a,bureaumicrofoon,48000
20090826,anonymous,20090826,0.568962,True,mannelijk,jeugd,algemeen Nederlands,n/a,bureaumicrofoon,48000
20091001,anonymous,20080220,0.44984797,False,mannelijk,jeugd,Noordoostelijk,n/a,headsetmicrofoon,48000
20091001,anonymous,20170801,0.5483665,False,mannelijk,jeugd,Noordoostelijk,n/a,headsetmicrofoon,48000
20091001,anonymous,20090412,0.462891,False,mannelijk,jeugd,Noordoostelijk,n/a,headsetmicrofoon,48000
20091001,anonymous,20080325,0.4128263,False,mannelijk,jeugd,Noordoostelijk,n/a,headsetmicrofoon,48000
20091001,anonymous,20120329,0.5078089,False,mannelijk,jeugd,Noordoostelijk,n/a,headsetmicrofoon,48000
20091001,anonymous,20151021,0.49183995,False,mannelijk,jeugd,Noordoostelijk,n/a,headsetmicrofoon,48000
20091001,anonymous,20120930,0.4756864,False,mannelijk,jeugd,Noordoostelijk,n/a,headsetmicrofoon,48000
20091001,anonymous,20090412,0.41994864,False,mannelijk,jeugd,Noordoostelijk,n/a,headsetmicrofoon,48000
20091001,anonymous,20091123,0.41242334,False,mannelijk,jeugd,Noordoostelijk,n/a,headsetmicrofoon,48000
20091018,anonymous,20091018,0.6524165,True,male,adult,anders,n/a,unknown,48000
20091018,anonymous,20091018,0.73590165,True,male,adult,anders,n/a,unknown,48000
20091018,anonymous,20091018,0.64841187,True,male,adult,anders,n/a,unknown,48000
20091018,anonymous,20091018,0.6949998,True,male,adult,anders,n/a,unknown,48000
20091018,anonymous,20091018,0.73018557,True,male,adult,anders,n/a,unknown,48000
20091018,anonymous,20091018,0.7000069,True,male,adult,anders,n/a,unknown,48000
20091018,anonymous,20091018,0.7836757,True,male,adult,anders,n/a,unknown,48000
20091018,anonymous,20091018,0.665099,True,male,adult,anders,n/a,unknown,48000
20091018,anonymous,20091018,0.5975776,True,male,adult,anders,n/a,unknown,48000
20091018,anonymous,20091018,0.7078624,True,male,adult,anders,n/a,unknown,48000
20091018,anonymous,20091018,0.64247394,True,male,adult,anders,n/a,unknown,48000
20091018,anonymous,20091018,0.73848903,True,male,adult,anders,n/a,unknown,48000
20091018,anonymous,20091018,0.6823861,True,male,adult,anders,n/a,unknown,48000
20091018,anonymous,20091018,0.6925227,True,male,adult,anders,n/a,unknown,48000
20091018,anonymous,20091018,0.63590586,True,male,adult,anders,n/a,unknown,48000
20091018,anonymous,20091018,0.7215789,True,male,adult,anders,n/a,unknown,48000
20091018,anonymous,20091018,0.6204074,True,male,adult,anders,n/a,unknown,48000
20091018,anonymous,20091018,0.6902064,True,male,adult,anders,n/a,unknown,48000
20091018,anonymous,20091018,0.7159272,True,male,adult,anders,n/a,unknown,48000
20091018,anonymous,20091018,0.99962044,True,male,adult,anders,n/a,unknown,48000
20091018,anonymous,20091018,0.6940546,True,male,adult,anders,n/a,unknown,48000
20091018,anonymous,20091018,0.67936826,True,male,adult,anders,n/a,unknown,48000
20091018,anonymous,20091018,0.7701225,True,male,adult,anders,n/a,unknown,48000
20091018,anonymous,20091018,0.64769685,True,male,adult,anders,n/a,unknown,48000
20091018,anonymous,20091018,0.6747582,True,male,adult,anders,n/a,unknown,48000
20091018,anonymous,20091018,0.7418491,True,male,adult,anders,n/a,unknown,48000
20091018,anonymous,20091018,0.7169368,True,male,adult,anders,n/a,unknown,48000
20091018,anonymous,20091018,0.7290182,True,male,adult,anders,n/a,unknown,48000
20091018,anonymous,20091018,0.678741,True,male,adult,anders,n/a,unknown,48000
20091018,anonymous,20091018,0.73476994,True,male,adult,anders,n/a,unknown,48000
20091018,anonymous,20091018,0.68214494,True,male,adult,anders,n/a,unknown,48000
20091018,anonymous,20091018,0.71936977,True,male,adult,anders,n/a,unknown,48000
20091018,anonymous,20091018,0.72010285,True,male,adult,anders,n/a,unknown,48000
20091018,anonymous,20091018,0.696941,True,male,adult,anders,n/a,unknown,48000
20091018,anonymous,20091018,0.6392173,True,male,adult,anders,n/a,unknown,48000
20091018,anonymous,20091018,0.7102914,True,male,adult,anders,n/a,unknown,48000
20091018,anonymous,20091018,0.73866785,True,male,adult,anders,n/a,unknown,48000
20091018,anonymous,20091018,0.69298255,True,male,adult,anders,n/a,unknown,48000
20091018,anonymous,20091018,0.6866158,True,male,adult,anders,n/a,unknown,48000
20091018,anonymous,20091018,0.6567371,True,male,adult,anders,n/a,unknown,48000
20091018,anonymous,20091018,0.6822877,True,male,adult,anders,n/a,unknown,48000
20091018,anonymous,20091018,0.67506385,True,male,adult,anders,n/a,unknown,48000
20091018,anonymous,20091018,0.687029,True,male,adult,anders,n/a,unknown,48000
20091018,anonymous,20091018,0.71511996,True,male,adult,anders,n/a,unknown,48000
20091018,anonymous,20091018,0.7016919,True,male,adult,anders,n/a,unknown,48000
20091018,anonymous,20091018,0.6995611,True,male,adult,anders,n/a,unknown,48000
20091018,anonymous,20091018,0.6132511,True,male,adult,anders,n/a,unknown,48000
20091018,anonymous,20091018,0.71691155,True,male,adult,anders,n/a,unknown,48000
20091018,anonymous,20091018,0.6669425,True,male,adult,anders,n/a,unknown,48000
20091018,anonymous,20091018,0.6911006,True,male,adult,anders,n/a,unknown,48000
20091018,anonymous,20091018,0.66805494,True,male,adult,anders,n/a,unknown,48000
20091018,anonymous,20091018,0.49258596,True,male,adult,anders,n/a,unknown,48000
20091018,anonymous,20091018,0.71359575,True,male,adult,anders,n/a,unknown,48000
20091018,anonymous,20091018,0.67781764,True,male,adult,anders,n/a,unknown,48000
20091018,anonymous,20091018,0.61930346,True,male,adult,anders,n/a,unknown,48000
20091018,anonymous,20091018,0.6812166,True,male,adult,anders,n/a,unknown,48000
20091018,anonymous,20091018,0.58802986,True,male,adult,anders,n/a,unknown,48000
20091018,anonymous,20091018,0.6785756,True,male,adult,anders,n/a,unknown,48000
20091109,anonymous,20090719,0.36313543,False,mannelijk,volwassen,algemeen Nederlands,n/a,headsetmicrofoon,48000
20091018,anonymous,20091018,0.6813857,True,male,adult,anders,n/a,unknown,48000
20091109,anonymous,20080504,0.4324764,False,mannelijk,volwassen,algemeen Nederlands,n/a,headsetmicrofoon,48000
20091109,anonymous,20130619,0.4297243,False,mannelijk,volwassen,algemeen Nederlands,n/a,headsetmicrofoon,48000
20091109,anonymous,20150731,0.38115257,False,mannelijk,volwassen,algemeen Nederlands,n/a,headsetmicrofoon,48000
20091109,anonymous,20080504,0.4039268,False,mannelijk,volwassen,algemeen Nederlands,n/a,headsetmicrofoon,48000
20091109,anonymous,20080120,0.3397627,False,mannelijk,volwassen,algemeen Nederlands,n/a,headsetmicrofoon,48000
20091109,anonymous,20080504,0.45211974,False,mannelijk,volwassen,algemeen Nederlands,n/a,headsetmicrofoon,48000
20091109,anonymous,20091018,0.41786534,False,mannelijk,volwassen,algemeen Nederlands,n/a,headsetmicrofoon,48000
20091109,anonymous,20130619,0.4244901,False,mannelijk,volwassen,algemeen Nederlands,n/a,headsetmicrofoon,48000
20091117,anonymous,20080605,0.4337014,False,made,adult,anders,n/a,unknown,48000
20091117,anonymous,20080802,0.40178862,False,made,adult,anders,n/a,unknown,48000
20091117,anonymous,20081128,0.45649207,False,made,adult,anders,n/a,unknown,48000
20091117,anonymous,20081128,0.41644216,False,made,adult,anders,n/a,unknown,48000
20091117,anonymous,20080605,0.52688396,False,made,adult,anders,n/a,unknown,48000
20091117,anonymous,20170510,0.4936924,False,made,adult,anders,n/a,unknown,48000
20091117,anonymous,20080605,0.42989853,False,made,adult,anders,n/a,unknown,48000
20091117,anonymous,20090423,0.35244077,False,made,adult,anders,n/a,unknown,48000
20091130,anonymous,20150731,0.40121225,False,mannelijk,jeugd,anders,n/a,microfoon in laptop,48000
20091117,anonymous,20081128,0.4520129,False,made,adult,anders,n/a,unknown,48000
20091130,anonymous,20090826,0.26496607,False,mannelijk,jeugd,anders,n/a,microfoon in laptop,48000
20091130,anonymous,20080802,0.35255927,False,mannelijk,jeugd,anders,n/a,microfoon in laptop,48000
20091130,anonymous,20150731,0.38464904,False,mannelijk,jeugd,anders,n/a,microfoon in laptop,48000
20091130,anonymous,20080325,0.42493114,False,mannelijk,jeugd,anders,n/a,microfoon in laptop,48000
20091130,anonymous,20150731,0.39230213,False,mannelijk,jeugd,anders,n/a,microfoon in laptop,48000
20091130,anonymous,20080325,0.39954633,False,mannelijk,jeugd,anders,n/a,microfoon in laptop,48000
20091130,anonymous,20090826,0.314213,False,mannelijk,jeugd,anders,n/a,microfoon in laptop,48000
20091130,anonymous,20150731,0.39267492,False,mannelijk,jeugd,anders,n/a,microfoon in laptop,48000
20091130,anonymous,20090205,0.31195003,False,mannelijk,jeugd,anders,n/a,microfoon in laptop,48000
20091130,anonymous,20080708,0.39585453,False,mannelijk,jeugd,anders,n/a,microfoon in laptop,48000
20091130,anonymous,20090205,0.36484832,False,mannelijk,jeugd,anders,n/a,microfoon in laptop,48000
20091130,anonymous,20150731,0.3430172,False,mannelijk,jeugd,anders,n/a,microfoon in laptop,48000
20091130,anonymous,20150731,0.3512153,False,mannelijk,jeugd,anders,n/a,microfoon in laptop,48000
20091130,anonymous,20150731,0.41581088,False,mannelijk,jeugd,anders,n/a,microfoon in laptop,48000
20091130,anonymous,20090205,0.39965057,False,mannelijk,jeugd,anders,n/a,microfoon in laptop,48000
20091130,anonymous,20150731,0.47830874,False,mannelijk,jeugd,anders,n/a,microfoon in laptop,48000
20100304,anonymous,20080220,0.3193418,False,mannelijk,volwassen,algemeen Nederlands,n/a,headsetmicrofoon,48000
20091130,anonymous,20150731,0.45129934,False,mannelijk,jeugd,anders,n/a,microfoon in laptop,48000
20091130,anonymous,20150731,0.43800628,False,mannelijk,jeugd,anders,n/a,microfoon in laptop,48000
20100304,anonymous,20090826,0.2807601,False,mannelijk,volwassen,algemeen Nederlands,n/a,headsetmicrofoon,48000
20100304,anonymous,20140228,0.32617253,False,mannelijk,volwassen,algemeen Nederlands,n/a,headsetmicrofoon,48000
20100304,anonymous,20090629,0.4537934,False,mannelijk,volwassen,algemeen Nederlands,n/a,headsetmicrofoon,48000
20100304,anonymous,20090629,0.34268582,False,mannelijk,volwassen,algemeen Nederlands,n/a,headsetmicrofoon,48000
20100304,anonymous,20140228,0.35475633,False,mannelijk,volwassen,algemeen Nederlands,n/a,headsetmicrofoon,48000
20100304,anonymous,20090629,0.31897667,False,mannelijk,volwassen,algemeen Nederlands,n/a,headsetmicrofoon,48000
20100304,anonymous,20170510,0.3189683,False,mannelijk,volwassen,algemeen Nederlands,n/a,headsetmicrofoon,48000
20100304,anonymous,20081203,0.3471337,False,mannelijk,volwassen,algemeen Nederlands,n/a,headsetmicrofoon,48000
20100308,anonymous,20170510,0.47572207,False,mannelijk,volwassen,algemeen Nederlands,n/a,headsetmicrofoon,48000
20100308,anonymous,20170510,0.47358155,False,mannelijk,volwassen,algemeen Nederlands,n/a,headsetmicrofoon,48000
20100308,anonymous,20131120,0.5223348,False,mannelijk,volwassen,algemeen Nederlands,n/a,headsetmicrofoon,48000
20100308,anonymous,20131120,0.46905512,False,mannelijk,volwassen,algemeen Nederlands,n/a,headsetmicrofoon,48000
20100308,anonymous,20131120,0.54301417,False,mannelijk,volwassen,algemeen Nederlands,n/a,headsetmicrofoon,48000
20100308,anonymous,20111119,0.5230349,False,mannelijk,volwassen,algemeen Nederlands,n/a,headsetmicrofoon,48000
20100308,anonymous,20150518,0.491906,False,mannelijk,volwassen,algemeen Nederlands,n/a,headsetmicrofoon,48000
20100308,anonymous,20080720,0.496727,False,mannelijk,volwassen,algemeen Nederlands,n/a,headsetmicrofoon,48000
20100308,anonymous,20150518,0.5182358,False,mannelijk,volwassen,algemeen Nederlands,n/a,headsetmicrofoon,48000
20101227,anonymous,20120329,0.5416185,False,mannelijk,volwassen,Noordwestelijk,n/a,microfoon in laptop,48000
20101227,anonymous,20080414,0.34406796,False,mannelijk,volwassen,Noordwestelijk,n/a,microfoon in laptop,48000
20101227,anonymous,20120930,0.42646742,False,mannelijk,volwassen,Noordwestelijk,n/a,microfoon in laptop,48000
20101227,anonymous,20180724,0.3673281,False,mannelijk,volwassen,Noordwestelijk,n/a,microfoon in laptop,48000
20101227,anonymous,20140702,0.36519128,False,mannelijk,volwassen,Noordwestelijk,n/a,microfoon in laptop,48000
20101227,anonymous,20120329,0.3759418,False,mannelijk,volwassen,Noordwestelijk,n/a,microfoon in laptop,48000
20101227,anonymous,20120329,0.4187593,False,mannelijk,volwassen,Noordwestelijk,n/a,microfoon in laptop,48000
20101227,anonymous,20140702,0.33157834,False,mannelijk,volwassen,Noordwestelijk,n/a,microfoon in laptop,48000
20101227,anonymous,20120329,0.40100408,False,mannelijk,volwassen,Noordwestelijk,n/a,microfoon in laptop,48000
20110215,anonymous,20090423,0.37471843,False,mannelijk,jeugd,Noordelijk-centraal,n/a,microfoon in laptop,48000
20110215,anonymous,20081022,0.3256259,False,mannelijk,jeugd,Noordelijk-centraal,n/a,microfoon in laptop,48000
20110215,anonymous,20080120,0.3420004,False,mannelijk,jeugd,Noordelijk-centraal,n/a,microfoon in laptop,48000
20110215,anonymous,20080504,0.3789034,False,mannelijk,jeugd,Noordelijk-centraal,n/a,microfoon in laptop,48000
20110215,anonymous,20080120,0.35048008,False,mannelijk,jeugd,Noordelijk-centraal,n/a,microfoon in laptop,48000
20110215,anonymous,20090423,0.36795437,False,mannelijk,jeugd,Noordelijk-centraal,n/a,microfoon in laptop,48000
20110215,anonymous,20080802,0.38343233,False,mannelijk,jeugd,Noordelijk-centraal,n/a,microfoon in laptop,48000
20110215,anonymous,20090719,0.41717798,False,mannelijk,jeugd,Noordelijk-centraal,n/a,microfoon in laptop,48000
20110215,anonymous,20150731,0.44996387,False,mannelijk,jeugd,Noordelijk-centraal,n/a,microfoon in laptop,48000
20110416,anonymous,20080909,0.44118053,False,vrouwelijk,volwassen,algemeen Nederlands,n/a,headsetmicrofoon (USB),48000
20110416,anonymous,20081011,0.42278904,False,vrouwelijk,volwassen,algemeen Nederlands,n/a,headsetmicrofoon (USB),48000
20110416,anonymous,20080909,0.42034778,False,vrouwelijk,volwassen,algemeen Nederlands,n/a,headsetmicrofoon (USB),48000
20110416,anonymous,20090423,0.24976179,False,vrouwelijk,volwassen,algemeen Nederlands,n/a,headsetmicrofoon (USB),48000
20110416,anonymous,20080909,0.45894492,False,vrouwelijk,volwassen,algemeen Nederlands,n/a,headsetmicrofoon (USB),48000
20110416,anonymous,20080909,0.40695438,False,vrouwelijk,volwassen,algemeen Nederlands,n/a,headsetmicrofoon (USB),48000
20110416,anonymous,20080909,0.37521225,False,vrouwelijk,volwassen,algemeen Nederlands,n/a,headsetmicrofoon (USB),48000
20110416,anonymous,20080909,0.40174258,False,vrouwelijk,volwassen,algemeen Nederlands,n/a,headsetmicrofoon (USB),48000
20110416,anonymous,20080909,0.41308627,False,vrouwelijk,volwassen,algemeen Nederlands,n/a,headsetmicrofoon (USB),48000
20111108,anonymous,20080219,0.4058742,False,mannelijk,volwassen,algemeen Nederlands,n/a,headsetmicrofoon (USB),48000
20111108,anonymous,20090617,0.55713075,False,mannelijk,volwassen,algemeen Nederlands,n/a,headsetmicrofoon (USB),48000
20111108,anonymous,20090629,0.535453,False,mannelijk,volwassen,algemeen Nederlands,n/a,headsetmicrofoon (USB),48000
20111108,anonymous,20090629,0.4323214,False,mannelijk,volwassen,algemeen Nederlands,n/a,headsetmicrofoon (USB),48000
20111108,anonymous,20090629,0.5519819,False,mannelijk,volwassen,algemeen Nederlands,n/a,headsetmicrofoon (USB),48000
20111108,anonymous,20090629,0.5228487,False,mannelijk,volwassen,algemeen Nederlands,n/a,headsetmicrofoon (USB),48000
20111108,anonymous,20090617,0.4350872,False,mannelijk,volwassen,algemeen Nederlands,n/a,headsetmicrofoon (USB),48000
20111108,anonymous,20081128,0.4096135,False,mannelijk,volwassen,algemeen Nederlands,n/a,headsetmicrofoon (USB),48000
20111108,anonymous,20090629,0.5090389,False,mannelijk,volwassen,algemeen Nederlands,n/a,headsetmicrofoon (USB),48000
20111122,anonymous,20090629,0.5588379,False,mannelijk,volwassen,Zuidwestelijk,n/a,microfoon in laptop,48000
20111122,anonymous,20090629,0.44548464,False,mannelijk,volwassen,Zuidwestelijk,n/a,microfoon in laptop,48000
20111122,anonymous,20090629,0.50207335,False,mannelijk,volwassen,Zuidwestelijk,n/a,microfoon in laptop,48000
20111122,anonymous,20090629,0.5619377,False,mannelijk,volwassen,Zuidwestelijk,n/a,microfoon in laptop,48000
20111122,anonymous,20120318,0.49313176,False,mannelijk,volwassen,Zuidwestelijk,n/a,microfoon in laptop,48000
20111122,anonymous,20090629,0.49890193,False,mannelijk,volwassen,Zuidwestelijk,n/a,microfoon in laptop,48000
20111122,anonymous,20090629,0.5576166,False,mannelijk,volwassen,Zuidwestelijk,n/a,microfoon in laptop,48000
20111122,anonymous,20090629,0.5490998,False,mannelijk,volwassen,Zuidwestelijk,n/a,microfoon in laptop,48000
20111122,anonymous,20090629,0.58364916,False,mannelijk,volwassen,Zuidwestelijk,n/a,microfoon in laptop,48000
20111122,anonymous,20090719,0.48961893,False,mannelijk,volwassen,Zuidwestelijk,n/a,microfoon in laptop,48000
20111122,anonymous,20120318,0.51300305,False,mannelijk,volwassen,Zuidwestelijk,n/a,microfoon in laptop,48000
20111122,anonymous,20130527,0.4740343,False,mannelijk,volwassen,Zuidwestelijk,n/a,microfoon in laptop,48000
20111122,anonymous,20130527,0.4291185,False,mannelijk,volwassen,Zuidwestelijk,n/a,microfoon in laptop,48000
20111122,anonymous,20090629,0.43379793,False,mannelijk,volwassen,Zuidwestelijk,n/a,microfoon in laptop,48000
20111122,anonymous,20090719,0.48159638,False,mannelijk,volwassen,Zuidwestelijk,n/a,microfoon in laptop,48000
20111122,anonymous,20090629,0.4900455,False,mannelijk,volwassen,Zuidwestelijk,n/a,microfoon in laptop,48000
20111122,anonymous,20090629,0.5286627,False,mannelijk,volwassen,Zuidwestelijk,n/a,microfoon in laptop,48000
20111122,anonymous,20130527,0.45892593,False,mannelijk,volwassen,Zuidwestelijk,n/a,microfoon in laptop,48000
20111124,anonymous,20111210,0.5791745,False,mannelijk,volwassen,algemeen Nederlands,n/a,microfoon in laptop,48000
20111124,anonymous,20111210,0.503799,False,mannelijk,volwassen,algemeen Nederlands,n/a,microfoon in laptop,48000
20111124,anonymous,20111210,0.47976145,False,mannelijk,volwassen,algemeen Nederlands,n/a,microfoon in laptop,48000
20111124,anonymous,20111210,0.44361407,False,mannelijk,volwassen,algemeen Nederlands,n/a,microfoon in laptop,48000
20111124,anonymous,20111210,0.5013007,False,mannelijk,volwassen,algemeen Nederlands,n/a,microfoon in laptop,48000
20111124,anonymous,20111210,0.5679802,False,mannelijk,volwassen,algemeen Nederlands,n/a,microfoon in laptop,48000
20111124,anonymous,20111210,0.49074808,False,mannelijk,volwassen,algemeen Nederlands,n/a,microfoon in laptop,48000
20111124,anonymous,20111210,0.5262263,False,mannelijk,volwassen,algemeen Nederlands,n/a,microfoon in laptop,48000
20111124,anonymous,20111210,0.42562407,False,mannelijk,volwassen,algemeen Nederlands,n/a,microfoon in laptop,48000
20111210,anonymous,20111210,0.6478715,True,mannelijk,volwassen,algemeen Nederlands,n/a,microfoon in laptop,48000
20111210,anonymous,20111210,0.5356978,True,mannelijk,volwassen,algemeen Nederlands,n/a,microfoon in laptop,48000
20111210,anonymous,20111210,0.60451394,True,mannelijk,volwassen,algemeen Nederlands,n/a,microfoon in laptop,48000
20111210,anonymous,20111210,0.6286824,True,mannelijk,volwassen,algemeen Nederlands,n/a,microfoon in laptop,48000
20111210,anonymous,20111210,0.6733898,True,mannelijk,volwassen,algemeen Nederlands,n/a,microfoon in laptop,48000
20111210,anonymous,20111210,0.6864537,True,mannelijk,volwassen,algemeen Nederlands,n/a,microfoon in laptop,48000
20111210,anonymous,20111210,0.64375925,True,mannelijk,volwassen,algemeen Nederlands,n/a,microfoon in laptop,48000
20111210,anonymous,20111210,0.562745,True,mannelijk,volwassen,algemeen Nederlands,n/a,microfoon in laptop,48000
20111210,anonymous,20111210,0.9993994,True,mannelijk,volwassen,algemeen Nederlands,n/a,microfoon in laptop,48000
20111210,anonymous,20111210,0.6794553,True,mannelijk,volwassen,algemeen Nederlands,n/a,microfoon in laptop,48000
20111210,anonymous,20111210,0.553398,True,mannelijk,volwassen,algemeen Nederlands,n/a,microfoon in laptop,48000
20111210,anonymous,20111210,0.6460407,True,mannelijk,volwassen,algemeen Nederlands,n/a,microfoon in laptop,48000
20111210,anonymous,20111210,0.5539999,True,mannelijk,volwassen,algemeen Nederlands,n/a,microfoon in laptop,48000
20111210,anonymous,20111210,0.61416125,True,mannelijk,volwassen,algemeen Nederlands,n/a,microfoon in laptop,48000
20111210,anonymous,20111210,0.45621198,True,mannelijk,volwassen,algemeen Nederlands,n/a,microfoon in laptop,48000
20111210,anonymous,20111210,0.66972417,True,mannelijk,volwassen,algemeen Nederlands,n/a,microfoon in laptop,48000
20111210,anonymous,20111210,0.54174036,True,mannelijk,volwassen,algemeen Nederlands,n/a,microfoon in laptop,48000
20111210,anonymous,20111210,0.48628938,True,mannelijk,volwassen,algemeen Nederlands,n/a,microfoon in laptop,48000
20111210,anonymous,20111210,0.5657642,True,mannelijk,volwassen,algemeen Nederlands,n/a,microfoon in laptop,48000
20120104,anonymous,20130619,0.40539598,False,mannelijk,jeugd,algemeen Nederlands,n/a,bureaumicrofoon (USB),48000
20120104,anonymous,20130619,0.5112337,False,mannelijk,jeugd,algemeen Nederlands,n/a,bureaumicrofoon (USB),48000
20120104,anonymous,20130619,0.5020796,False,mannelijk,jeugd,algemeen Nederlands,n/a,bureaumicrofoon (USB),48000
20120104,anonymous,20091123,0.3728842,False,mannelijk,jeugd,algemeen Nederlands,n/a,bureaumicrofoon (USB),48000
20120104,anonymous,20130619,0.4486001,False,mannelijk,jeugd,algemeen Nederlands,n/a,bureaumicrofoon (USB),48000
20120104,anonymous,20080720,0.38642883,False,mannelijk,jeugd,algemeen Nederlands,n/a,bureaumicrofoon (USB),48000
20120104,anonymous,20090412,0.4064544,False,mannelijk,jeugd,algemeen Nederlands,n/a,bureaumicrofoon (USB),48000
20120104,anonymous,20130619,0.4811381,False,mannelijk,jeugd,algemeen Nederlands,n/a,bureaumicrofoon (USB),48000
20120104,anonymous,20130619,0.48199648,False,mannelijk,jeugd,algemeen Nederlands,n/a,bureaumicrofoon (USB),48000
20120203,anonymous,20120203,0.54555,True,mannelijk,volwassen,algemeen Nederlands,n/a,headsetmicrofoon,48000
20120203,anonymous,20120203,0.68731225,True,mannelijk,volwassen,algemeen Nederlands,n/a,headsetmicrofoon,48000
20120203,anonymous,20120203,0.55062145,True,mannelijk,volwassen,algemeen Nederlands,n/a,headsetmicrofoon,48000
20120203,anonymous,20120203,0.5942886,True,mannelijk,volwassen,algemeen Nederlands,n/a,headsetmicrofoon,48000
20120203,anonymous,20120203,0.61719054,True,mannelijk,volwassen,algemeen Nederlands,n/a,headsetmicrofoon,48000
20120203,anonymous,20120203,0.617208,True,mannelijk,volwassen,algemeen Nederlands,n/a,headsetmicrofoon,48000
20120203,anonymous,20120203,0.61158323,True,mannelijk,volwassen,algemeen Nederlands,n/a,headsetmicrofoon,48000
20120203,anonymous,20120203,0.58195734,True,mannelijk,volwassen,algemeen Nederlands,n/a,headsetmicrofoon,48000
20120203,anonymous,20120203,0.9806989,True,mannelijk,volwassen,algemeen Nederlands,n/a,headsetmicrofoon,48000
20120203,anonymous,20120203,0.6156336,True,mannelijk,volwassen,algemeen Nederlands,n/a,headsetmicrofoon,48000
20120203,anonymous,20120203,0.49768296,True,mannelijk,volwassen,algemeen Nederlands,n/a,headsetmicrofoon,48000
20120203,anonymous,20120203,0.7134076,True,mannelijk,volwassen,algemeen Nederlands,n/a,headsetmicrofoon,48000
20120203,anonymous,20120203,0.593352,True,mannelijk,volwassen,algemeen Nederlands,n/a,headsetmicrofoon,48000
20120203,anonymous,20120203,0.6237356,True,mannelijk,volwassen,algemeen Nederlands,n/a,headsetmicrofoon,48000
20120203,anonymous,20120203,0.5817422,True,mannelijk,volwassen,algemeen Nederlands,n/a,headsetmicrofoon,48000
20120203,anonymous,20120203,0.58164865,True,mannelijk,volwassen,algemeen Nederlands,n/a,headsetmicrofoon,48000
20120203,anonymous,20120203,0.5852931,True,mannelijk,volwassen,algemeen Nederlands,n/a,headsetmicrofoon,48000
20120203,anonymous,20120203,0.5767538,True,mannelijk,volwassen,algemeen Nederlands,n/a,headsetmicrofoon,48000
20120203,anonymous,20120203,0.58372307,True,mannelijk,volwassen,algemeen Nederlands,n/a,headsetmicrofoon,48000
20120203,anonymous,20120203,0.5353377,True,mannelijk,volwassen,algemeen Nederlands,n/a,headsetmicrofoon,48000
20120203,anonymous,20120203,0.60510886,True,mannelijk,volwassen,algemeen Nederlands,n/a,headsetmicrofoon,48000
20120203,anonymous,20120203,0.5187688,True,mannelijk,volwassen,algemeen Nederlands,n/a,headsetmicrofoon,48000
20120203,anonymous,20120203,0.4871859,True,mannelijk,volwassen,algemeen Nederlands,n/a,headsetmicrofoon,48000
20120203,anonymous,20120203,0.5127741,True,mannelijk,volwassen,algemeen Nederlands,n/a,headsetmicrofoon,48000
20120203,anonymous,20120203,0.5586864,True,mannelijk,volwassen,algemeen Nederlands,n/a,headsetmicrofoon,48000
20120203,anonymous,20120203,0.5243056,True,mannelijk,volwassen,algemeen Nederlands,n/a,headsetmicrofoon,48000
20120203,anonymous,20120203,0.45919827,True,mannelijk,volwassen,algemeen Nederlands,n/a,headsetmicrofoon,48000
20120203,anonymous,20120203,0.41438067,True,mannelijk,volwassen,algemeen Nederlands,n/a,headsetmicrofoon,48000
20120203,anonymous,20120203,0.4425612,True,mannelijk,volwassen,algemeen Nederlands,n/a,headsetmicrofoon,48000
20120204,anonymous,20080909,0.37859857,False,mannelijk,jeugd,algemeen Nederlands,n/a,headsetmicrofoon,48000
20120204,anonymous,20080404,0.36854255,False,mannelijk,jeugd,algemeen Nederlands,n/a,headsetmicrofoon,48000
20120204,anonymous,20080404,0.38501382,False,mannelijk,jeugd,algemeen Nederlands,n/a,headsetmicrofoon,48000
20120204,anonymous,20080404,0.46167397,False,mannelijk,jeugd,algemeen Nederlands,n/a,headsetmicrofoon,48000
20120204,anonymous,20080909,0.44412854,False,mannelijk,jeugd,algemeen Nederlands,n/a,headsetmicrofoon,48000
20120204,anonymous,20080909,0.4594528,False,mannelijk,jeugd,algemeen Nederlands,n/a,headsetmicrofoon,48000
20120204,anonymous,20080404,0.4674852,False,mannelijk,jeugd,algemeen Nederlands,n/a,headsetmicrofoon,48000
20120326,anonymous,20080220,0.33225217,False,mannelijk,volwassen,algemeen Nederlands,n/a,webcam microfoon,48000
20120204,anonymous,20080909,0.43086398,False,mannelijk,jeugd,algemeen Nederlands,n/a,headsetmicrofoon,48000
20120326,anonymous,04032016,0.3130692,False,mannelijk,volwassen,algemeen Nederlands,n/a,webcam microfoon,48000
20120326,anonymous,20120329,0.34866172,False,mannelijk,volwassen,algemeen Nederlands,n/a,webcam microfoon,48000
20120326,anonymous,20140702,0.25101346,False,mannelijk,volwassen,algemeen Nederlands,n/a,webcam microfoon,48000
20120326,anonymous,04032016,0.5109209,False,mannelijk,volwassen,algemeen Nederlands,n/a,webcam microfoon,48000
20120326,anonymous,20130325,0.2933957,False,mannelijk,volwassen,algemeen Nederlands,n/a,webcam microfoon,48000
20120326,anonymous,04032016,0.3047556,False,mannelijk,volwassen,algemeen Nederlands,n/a,webcam microfoon,48000
20120326,anonymous,20110422,0.2598995,False,mannelijk,volwassen,algemeen Nederlands,n/a,webcam microfoon,48000
20120326,anonymous,20111210,0.24748898,False,mannelijk,volwassen,algemeen Nederlands,n/a,webcam microfoon,48000
20120326,anonymous,20120326,0.9949075,True,mannelijk,volwassen,algemeen Nederlands,n/a,webcam microfoon,48000
20120326,anonymous,20120326,0.68679786,True,mannelijk,volwassen,algemeen Nederlands,n/a,webcam microfoon,48000
20120326,anonymous,20120326,0.7466891,True,mannelijk,volwassen,algemeen Nederlands,n/a,webcam microfoon,48000
20120326,anonymous,20120326,0.67247105,True,mannelijk,volwassen,algemeen Nederlands,n/a,webcam microfoon,48000
20120326,anonymous,20120326,0.7433746,True,mannelijk,volwassen,algemeen Nederlands,n/a,webcam microfoon,48000
20120326,anonymous,20120326,0.7565603,True,mannelijk,volwassen,algemeen Nederlands,n/a,webcam microfoon,48000
20120326,anonymous,20120326,0.6865218,True,mannelijk,volwassen,algemeen Nederlands,n/a,webcam microfoon,48000
20120326,anonymous,20120326,0.6302113,True,mannelijk,volwassen,algemeen Nederlands,n/a,webcam microfoon,48000
20120326,anonymous,20120326,0.7096123,True,mannelijk,volwassen,algemeen Nederlands,n/a,webcam microfoon,48000
20120326,anonymous,20120326,0.7678258,True,mannelijk,volwassen,algemeen Nederlands,n/a,webcam microfoon,48000
20121219,anonymous,20121219,0.5688214,True,male,adult,other,n/a,unknown,48000
20121219,anonymous,20121219,0.6125765,True,male,adult,other,n/a,unknown,48000
20121219,anonymous,20121219,0.64173687,True,male,adult,other,n/a,unknown,48000
20121219,anonymous,20121219,0.5633799,True,male,adult,other,n/a,unknown,48000
20121219,anonymous,20121219,0.57582957,True,male,adult,other,n/a,unknown,48000
20121219,anonymous,20121219,0.576607,True,male,adult,other,n/a,unknown,48000
20121219,anonymous,20121219,0.5362295,True,male,adult,other,n/a,unknown,48000
20121219,anonymous,20121219,0.7185317,True,male,adult,other,n/a,unknown,48000
20121219,anonymous,20121219,0.60194504,True,male,adult,other,n/a,unknown,48000
20121219,anonymous,20121219,0.62830913,True,male,adult,other,n/a,unknown,48000
20121219,anonymous,20121219,0.9972455,True,male,adult,other,n/a,unknown,48000
20121219,anonymous,20121219,0.669413,True,male,adult,other,n/a,unknown,48000
20121219,anonymous,20121219,0.7632204,True,male,adult,other,n/a,unknown,48000
20121219,anonymous,20121219,0.60256374,True,male,adult,other,n/a,unknown,48000
20121219,anonymous,20121219,0.6345552,True,male,adult,other,n/a,unknown,48000
20121219,anonymous,20121219,0.5833868,True,male,adult,other,n/a,unknown,48000
20121219,anonymous,20121219,0.5530566,True,male,adult,other,n/a,unknown,48000
20130527,anonymous,20130527,0.6078801,True,mannelijk,volwassen,anders,n/a,headsetmicrofoon,48000
20121219,anonymous,20121219,0.7138586,True,male,adult,other,n/a,unknown,48000
20121219,anonymous,20121219,0.64661425,True,male,adult,other,n/a,unknown,48000
20130527,anonymous,20130527,0.7782732,True,mannelijk,volwassen,anders,n/a,headsetmicrofoon,48000
20130527,anonymous,20130527,0.6509477,True,mannelijk,volwassen,anders,n/a,headsetmicrofoon,48000
20130527,anonymous,20130527,0.7210895,True,mannelijk,volwassen,anders,n/a,headsetmicrofoon,48000
20130527,anonymous,20130527,0.800208,True,mannelijk,volwassen,anders,n/a,headsetmicrofoon,48000
20130527,anonymous,20130527,0.72544074,True,mannelijk,volwassen,anders,n/a,headsetmicrofoon,48000
20130527,anonymous,20130527,0.68399835,True,mannelijk,volwassen,anders,n/a,headsetmicrofoon,48000
20130527,anonymous,20130527,0.74681914,True,mannelijk,volwassen,anders,n/a,headsetmicrofoon,48000
20130527,anonymous,20130527,0.5193197,True,mannelijk,volwassen,anders,n/a,headsetmicrofoon,48000
20130527,anonymous,20130527,0.7813786,True,mannelijk,volwassen,anders,n/a,headsetmicrofoon,48000
20130527,anonymous,20130527,0.7395241,True,mannelijk,volwassen,anders,n/a,headsetmicrofoon,48000
20130527,anonymous,20130527,0.53241044,True,mannelijk,volwassen,anders,n/a,headsetmicrofoon,48000
20130527,anonymous,20130527,0.7079405,True,mannelijk,volwassen,anders,n/a,headsetmicrofoon,48000
20130527,anonymous,20130527,0.9978843,True,mannelijk,volwassen,anders,n/a,headsetmicrofoon,48000
20130527,anonymous,20130527,0.7135583,True,mannelijk,volwassen,anders,n/a,headsetmicrofoon,48000
20130527,anonymous,20130527,0.5921699,True,mannelijk,volwassen,anders,n/a,headsetmicrofoon,48000
20130527,anonymous,20130527,0.810565,True,mannelijk,volwassen,anders,n/a,headsetmicrofoon,48000
20130527,anonymous,20130527,0.70257187,True,mannelijk,volwassen,anders,n/a,headsetmicrofoon,48000
20130527,anonymous,20130527,0.6335225,True,mannelijk,volwassen,anders,n/a,headsetmicrofoon,48000
20130527,anonymous,20130527,0.6853278,True,mannelijk,volwassen,anders,n/a,headsetmicrofoon,48000
20130527,anonymous,20130527,0.70678604,True,mannelijk,volwassen,anders,n/a,headsetmicrofoon,48000
20130527,anonymous,20130527,0.6305509,True,mannelijk,volwassen,anders,n/a,headsetmicrofoon,48000
20130527,anonymous,20130527,0.5938051,True,mannelijk,volwassen,anders,n/a,headsetmicrofoon,48000
20130527,anonymous,20130527,0.71669865,True,mannelijk,volwassen,anders,n/a,headsetmicrofoon,48000
20130527,anonymous,20130527,0.7162528,True,mannelijk,volwassen,anders,n/a,headsetmicrofoon,48000
20130527,anonymous,20130527,0.73027307,True,mannelijk,volwassen,anders,n/a,headsetmicrofoon,48000
20130527,anonymous,20130527,0.69355583,True,mannelijk,volwassen,anders,n/a,headsetmicrofoon,48000
20130629,anonymous,20150731,0.28542593,False,mannelijk,volwassen,anders,n/a,unknown,48000
20130527,anonymous,20130527,0.6390289,True,mannelijk,volwassen,anders,n/a,headsetmicrofoon,48000
20130527,anonymous,20130527,0.74694896,True,mannelijk,volwassen,anders,n/a,headsetmicrofoon,48000
20130629,anonymous,20080708,0.33061558,False,mannelijk,volwassen,anders,n/a,unknown,48000
20130629,anonymous,20080806,0.39986885,False,mannelijk,volwassen,anders,n/a,unknown,48000
20130629,anonymous,20080301,0.32802975,False,mannelijk,volwassen,anders,n/a,unknown,48000
20130629,anonymous,20080301,0.37221664,False,mannelijk,volwassen,anders,n/a,unknown,48000
20130629,anonymous,20150731,0.30765617,False,mannelijk,volwassen,anders,n/a,unknown,48000
20130629,anonymous,20150731,0.29415154,False,mannelijk,volwassen,anders,n/a,unknown,48000
20130629,anonymous,20090826,0.29153246,False,mannelijk,volwassen,anders,n/a,unknown,48000
20130629,anonymous,20080301,0.35187787,False,mannelijk,volwassen,anders,n/a,unknown,48000
20130708,anonymous,20090401,0.47413245,False,mannelijk,volwassen,algemeen Nederlands,n/a,headsetmicrofoon (USB),48000
20130708,anonymous,20070823_nl1,0.51923466,False,mannelijk,volwassen,algemeen Nederlands,n/a,headsetmicrofoon (USB),48000
20130708,anonymous,20120930,0.39800674,False,mannelijk,volwassen,algemeen Nederlands,n/a,headsetmicrofoon (USB),48000
20130708,anonymous,20070823_nl1,0.58429784,False,mannelijk,volwassen,algemeen Nederlands,n/a,headsetmicrofoon (USB),48000
20130708,anonymous,20070823_nl1,0.48994315,False,mannelijk,volwassen,algemeen Nederlands,n/a,headsetmicrofoon (USB),48000
20130708,anonymous,20070823_nl1,0.5587941,False,mannelijk,volwassen,algemeen Nederlands,n/a,headsetmicrofoon (USB),48000
20130708,anonymous,20070823_nl1,0.44398946,False,mannelijk,volwassen,algemeen Nederlands,n/a,headsetmicrofoon (USB),48000
20130708,anonymous,20070823_nl1,0.518765,False,mannelijk,volwassen,algemeen Nederlands,n/a,headsetmicrofoon (USB),48000
20130708,anonymous,20070823_nl1,0.4836256,False,mannelijk,volwassen,algemeen Nederlands,n/a,headsetmicrofoon (USB),48000
20130708,anonymous,20070823_nl1,0.46220553,False,mannelijk,volwassen,algemeen Nederlands,n/a,headsetmicrofoon (USB),48000
20130708,anonymous,20070823_nl1,0.4815213,False,mannelijk,volwassen,algemeen Nederlands,n/a,headsetmicrofoon (USB),48000
20130708,anonymous,20090401,0.47648963,False,mannelijk,volwassen,algemeen Nederlands,n/a,headsetmicrofoon (USB),48000
20130708,anonymous,20070823_nl1,0.5215255,False,mannelijk,volwassen,algemeen Nederlands,n/a,headsetmicrofoon (USB),48000
20130708,anonymous,20160115,0.4110806,False,mannelijk,volwassen,algemeen Nederlands,n/a,headsetmicrofoon (USB),48000
20130708,anonymous,20070823_nl1,0.47092324,False,mannelijk,volwassen,algemeen Nederlands,n/a,headsetmicrofoon (USB),48000
20130708,anonymous,20090401,0.47810924,False,mannelijk,volwassen,algemeen Nederlands,n/a,headsetmicrofoon (USB),48000
20130708,anonymous,20080120,0.51787853,False,mannelijk,volwassen,algemeen Nederlands,n/a,headsetmicrofoon (USB),48000
20130708,anonymous,20070823_nl1,0.4327364,False,mannelijk,volwassen,algemeen Nederlands,n/a,headsetmicrofoon (USB),48000
20130708,anonymous,20070823_nl1,0.543125,False,mannelijk,volwassen,algemeen Nederlands,n/a,headsetmicrofoon (USB),48000
20130708,anonymous,20130619,0.48148572,False,mannelijk,volwassen,algemeen Nederlands,n/a,headsetmicrofoon (USB),48000
20130708,anonymous,20070823_nl1,0.44891343,False,mannelijk,volwassen,algemeen Nederlands,n/a,headsetmicrofoon (USB),48000
20130708,anonymous,20090401,0.3857068,False,mannelijk,volwassen,algemeen Nederlands,n/a,headsetmicrofoon (USB),48000
20130708,anonymous,20070823_nl1,0.529861,False,mannelijk,volwassen,algemeen Nederlands,n/a,headsetmicrofoon (USB),48000
20130708,anonymous,20130619,0.46861988,False,mannelijk,volwassen,algemeen Nederlands,n/a,headsetmicrofoon (USB),48000
20130708,anonymous,20070823_nl1,0.49270782,False,mannelijk,volwassen,algemeen Nederlands,n/a,headsetmicrofoon (USB),48000
20130708,anonymous,20090813,0.41060567,False,mannelijk,volwassen,algemeen Nederlands,n/a,headsetmicrofoon (USB),48000
20130708,anonymous,20130619,0.5029602,False,mannelijk,volwassen,algemeen Nederlands,n/a,headsetmicrofoon (USB),48000
20130708,anonymous,20090401,0.41344357,False,mannelijk,volwassen,algemeen Nederlands,n/a,headsetmicrofoon (USB),48000
20130902,anonymous,20130819,0.71187216,False,mannelijk,volwassen,algemeen Nederlands,n/a,headsetmicrofoon,48000
20130708,anonymous,20090401,0.42123735,False,mannelijk,volwassen,algemeen Nederlands,n/a,headsetmicrofoon (USB),48000
20130902,anonymous,20130819,0.66766214,False,mannelijk,volwassen,algemeen Nederlands,n/a,headsetmicrofoon,48000
20130902,anonymous,20130819,0.6977018,False,mannelijk,volwassen,algemeen Nederlands,n/a,headsetmicrofoon,48000
20130902,anonymous,20130819,0.68365276,False,mannelijk,volwassen,algemeen Nederlands,n/a,headsetmicrofoon,48000
20130902,anonymous,20130819,0.6156816,False,mannelijk,volwassen,algemeen Nederlands,n/a,headsetmicrofoon,48000
20130902,anonymous,20130819,0.54701144,False,mannelijk,volwassen,algemeen Nederlands,n/a,headsetmicrofoon,48000
20130902,anonymous,20130819,0.59623814,False,mannelijk,volwassen,algemeen Nederlands,n/a,headsetmicrofoon,48000
20130902,anonymous,20130819,0.48636,False,mannelijk,volwassen,algemeen Nederlands,n/a,headsetmicrofoon,48000
20130902,anonymous,20130819,0.60111386,False,mannelijk,volwassen,algemeen Nederlands,n/a,headsetmicrofoon,48000
20130912,anonymous,20130913,0.40494993,False,mannelijk,volwassen,algemeen Nederlands,n/a,webcam microfoon,48000
20130912,anonymous,20130913,0.44143063,False,mannelijk,volwassen,algemeen Nederlands,n/a,webcam microfoon,48000
20130912,anonymous,20130913,0.44547892,False,mannelijk,volwassen,algemeen Nederlands,n/a,webcam microfoon,48000
20130912,anonymous,20130913,0.4712314,False,mannelijk,volwassen,algemeen Nederlands,n/a,webcam microfoon,48000
20130912,anonymous,20130913,0.63034505,False,mannelijk,volwassen,algemeen Nederlands,n/a,webcam microfoon,48000
20130912,anonymous,20130913,0.44759065,False,mannelijk,volwassen,algemeen Nederlands,n/a,webcam microfoon,48000
20130912,anonymous,20130913,0.61391175,False,mannelijk,volwassen,algemeen Nederlands,n/a,webcam microfoon,48000
20130912,anonymous,20130913,0.48838174,False,mannelijk,volwassen,algemeen Nederlands,n/a,webcam microfoon,48000
20131118,anonymous,20151021,0.47481287,False,mannelijk,volwassen,algemeen Nederlands,n/a,microfoon in laptop,48000
20131118,anonymous,20140528,0.4640629,False,mannelijk,volwassen,algemeen Nederlands,n/a,microfoon in laptop,48000
20130912,anonymous,04032016,0.40437096,False,mannelijk,volwassen,algemeen Nederlands,n/a,webcam microfoon,48000
20131118,anonymous,20130527,0.38076162,False,mannelijk,volwassen,algemeen Nederlands,n/a,microfoon in laptop,48000
20131118,anonymous,20151021,0.42599744,False,mannelijk,volwassen,algemeen Nederlands,n/a,microfoon in laptop,48000
20131118,anonymous,20130527,0.3361765,False,mannelijk,volwassen,algemeen Nederlands,n/a,microfoon in laptop,48000
20131118,anonymous,20120930,0.33726192,False,mannelijk,volwassen,algemeen Nederlands,n/a,microfoon in laptop,48000
20131118,anonymous,20140228,0.48009664,False,mannelijk,volwassen,algemeen Nederlands,n/a,microfoon in laptop,48000
20131118,anonymous,20150731,0.36159462,False,mannelijk,volwassen,algemeen Nederlands,n/a,microfoon in laptop,48000
20131118,anonymous,20090617,0.47297788,False,mannelijk,volwassen,algemeen Nederlands,n/a,microfoon in laptop,48000
20131118,anonymous,20090617,0.3937856,False,mannelijk,volwassen,algemeen Nederlands,n/a,microfoon in laptop,48000
20131118,anonymous,20140228,0.3390742,False,mannelijk,volwassen,algemeen Nederlands,n/a,microfoon in laptop,48000
20131118,anonymous,20090617,0.43511254,False,mannelijk,volwassen,algemeen Nederlands,n/a,microfoon in laptop,48000
20131118,anonymous,20090617,0.48226693,False,mannelijk,volwassen,algemeen Nederlands,n/a,microfoon in laptop,48000
20131118,anonymous,20151021,0.44154233,False,mannelijk,volwassen,algemeen Nederlands,n/a,microfoon in laptop,48000
20131118,anonymous,20090617,0.53024876,False,mannelijk,volwassen,algemeen Nederlands,n/a,microfoon in laptop,48000
20131118,anonymous,20090617,0.47736827,False,mannelijk,volwassen,algemeen Nederlands,n/a,microfoon in laptop,48000
20131118,anonymous,20090719,0.4400167,False,mannelijk,volwassen,algemeen Nederlands,n/a,microfoon in laptop,48000
20131118,anonymous,04032016,0.4311851,False,mannelijk,volwassen,algemeen Nederlands,n/a,microfoon in laptop,48000
20131118,anonymous,20130527,0.3063147,False,mannelijk,volwassen,algemeen Nederlands,n/a,microfoon in laptop,48000
20131221,anonymous,20091018,0.37424862,False,mannelijk,volwassen,algemeen Nederlands,n/a,webcam microfoon,48000
20131221,anonymous,20090617,0.3629573,False,mannelijk,volwassen,algemeen Nederlands,n/a,webcam microfoon,48000
20131221,anonymous,20091018,0.42404217,False,mannelijk,volwassen,algemeen Nederlands,n/a,webcam microfoon,48000
20131221,anonymous,20091018,0.3645583,False,mannelijk,volwassen,algemeen Nederlands,n/a,webcam microfoon,48000
20131221,anonymous,20080120,0.45838654,False,mannelijk,volwassen,algemeen Nederlands,n/a,webcam microfoon,48000
20131221,anonymous,20090617,0.4115758,False,mannelijk,volwassen,algemeen Nederlands,n/a,webcam microfoon,48000
20131221,anonymous,20070823_nl1,0.45548216,False,mannelijk,volwassen,algemeen Nederlands,n/a,webcam microfoon,48000
20131221,anonymous,20080205,0.4192122,False,mannelijk,volwassen,algemeen Nederlands,n/a,webcam microfoon,48000
20131221,anonymous,20181202,0.41194338,False,mannelijk,volwassen,algemeen Nederlands,n/a,webcam microfoon,48000
20131221,anonymous,20090617,0.4349176,False,mannelijk,volwassen,algemeen Nederlands,n/a,webcam microfoon,48000
20131221,anonymous,20120203,0.36948192,False,mannelijk,volwassen,algemeen Nederlands,n/a,webcam microfoon,48000
20131221,anonymous,20091018,0.4443655,False,mannelijk,volwassen,algemeen Nederlands,n/a,webcam microfoon,48000
20131221,anonymous,20091018,0.42410633,False,mannelijk,volwassen,algemeen Nederlands,n/a,webcam microfoon,48000
20131221,anonymous,20091018,0.38538226,False,mannelijk,volwassen,algemeen Nederlands,n/a,webcam microfoon,48000
20131221,anonymous,20091018,0.44175595,False,mannelijk,volwassen,algemeen Nederlands,n/a,webcam microfoon,48000
20131221,anonymous,20080120,0.3681934,False,mannelijk,volwassen,algemeen Nederlands,n/a,webcam microfoon,48000
20131221,anonymous,20091018,0.46996772,False,mannelijk,volwassen,algemeen Nederlands,n/a,webcam microfoon,48000
20131221,anonymous,20181202,0.35123825,False,mannelijk,volwassen,algemeen Nederlands,n/a,webcam microfoon,48000
20131221,anonymous,20080205,0.3694407,False,mannelijk,volwassen,algemeen Nederlands,n/a,webcam microfoon,48000
20131221,anonymous,20080120,0.42341027,False,mannelijk,volwassen,algemeen Nederlands,n/a,webcam microfoon,48000
20131221,anonymous,20090617,0.40936354,False,mannelijk,volwassen,algemeen Nederlands,n/a,webcam microfoon,48000
20131221,anonymous,20140323,0.27195415,False,mannelijk,volwassen,algemeen Nederlands,n/a,webcam microfoon,48000
20131221,anonymous,20090617,0.24104294,False,mannelijk,volwassen,algemeen Nederlands,n/a,webcam microfoon,48000
20131221,anonymous,20070823_nl1,0.4594612,False,mannelijk,volwassen,algemeen Nederlands,n/a,webcam microfoon,48000
20131221,anonymous,20091018,0.3319493,False,mannelijk,volwassen,algemeen Nederlands,n/a,webcam microfoon,48000
20131221,anonymous,20081018,0.38781053,False,mannelijk,volwassen,algemeen Nederlands,n/a,webcam microfoon,48000
20131221,anonymous,20080120,0.36034495,False,mannelijk,volwassen,algemeen Nederlands,n/a,webcam microfoon,48000
20131221,anonymous,20091018,0.35715353,False,mannelijk,volwassen,algemeen Nederlands,n/a,webcam microfoon,48000
20131221,anonymous,20080205,0.28155953,False,mannelijk,volwassen,algemeen Nederlands,n/a,webcam microfoon,48000
20131221,anonymous,20091018,0.35313445,False,mannelijk,volwassen,algemeen Nederlands,n/a,webcam microfoon,48000
20131221,anonymous,20140323,0.38533697,False,mannelijk,volwassen,algemeen Nederlands,n/a,webcam microfoon,48000
20131221,anonymous,20080120,0.33556825,False,mannelijk,volwassen,algemeen Nederlands,n/a,webcam microfoon,48000
20131221,anonymous,20090322,0.34075528,False,mannelijk,volwassen,algemeen Nederlands,n/a,webcam microfoon,48000
20131221,anonymous,20090322,0.33465382,False,mannelijk,volwassen,algemeen Nederlands,n/a,webcam microfoon,48000
20131221,anonymous,20091018,0.41908488,False,mannelijk,volwassen,algemeen Nederlands,n/a,webcam microfoon,48000
20131221,anonymous,20080606,0.30821776,False,mannelijk,volwassen,algemeen Nederlands,n/a,webcam microfoon,48000
20131221,anonymous,20080414,0.3476739,False,mannelijk,volwassen,algemeen Nederlands,n/a,webcam microfoon,48000
20131221,anonymous,20181202,0.38631052,False,mannelijk,volwassen,algemeen Nederlands,n/a,webcam microfoon,48000
20131221,anonymous,20091018,0.4499461,False,mannelijk,volwassen,algemeen Nederlands,n/a,webcam microfoon,48000
20140328,anonymous,20080404,0.27550972,False,Maak een keuze,Maak een keuze,Maak een keuze,n/a,Maak een keuze,48000
20140328,anonymous,20080404,0.32784617,False,Maak een keuze,Maak een keuze,Maak een keuze,n/a,Maak een keuze,48000
20140328,anonymous,20080404,0.2434895,False,Maak een keuze,Maak een keuze,Maak een keuze,n/a,Maak een keuze,48000
20140328,anonymous,20080404,0.2929261,False,Maak een keuze,Maak een keuze,Maak een keuze,n/a,Maak een keuze,48000
20140328,anonymous,20091123,0.26454836,False,Maak een keuze,Maak een keuze,Maak een keuze,n/a,Maak een keuze,48000
20140328,anonymous,20080711,0.28565,False,Maak een keuze,Maak een keuze,Maak een keuze,n/a,Maak een keuze,48000
20140328,anonymous,20091123,0.2848502,False,Maak een keuze,Maak een keuze,Maak een keuze,n/a,Maak een keuze,48000
20140328,anonymous,20120318,0.24813311,False,Maak een keuze,Maak een keuze,Maak een keuze,n/a,Maak een keuze,48000
20140515,anonymous,20141218,0.51774156,False,mannelijk,volwassen,algemeen Nederlands,n/a,webcam microfoon,48000
20140328,anonymous,20120318,0.35123837,False,Maak een keuze,Maak een keuze,Maak een keuze,n/a,Maak een keuze,48000
20140515,anonymous,20141218,0.44818684,False,mannelijk,volwassen,algemeen Nederlands,n/a,webcam microfoon,48000
20140515,anonymous,20141218,0.51926666,False,mannelijk,volwassen,algemeen Nederlands,n/a,webcam microfoon,48000
20140515,anonymous,20170510,0.534657,False,mannelijk,volwassen,algemeen Nederlands,n/a,webcam microfoon,48000
20140515,anonymous,20090629,0.41658032,False,mannelijk,volwassen,algemeen Nederlands,n/a,webcam microfoon,48000
20140515,anonymous,20141218,0.46673495,False,mannelijk,volwassen,algemeen Nederlands,n/a,webcam microfoon,48000
20140515,anonymous,20110305,0.46523574,False,mannelijk,volwassen,algemeen Nederlands,n/a,webcam microfoon,48000
20140515,anonymous,20110305,0.51085496,False,mannelijk,volwassen,algemeen Nederlands,n/a,webcam microfoon,48000
20140617,anonymous,20140415,0.33878767,False,mannelijk,volwassen,algemeen Nederlands,n/a,studiomicrofoon,48000
20140515,anonymous,20141218,0.54467726,False,mannelijk,volwassen,algemeen Nederlands,n/a,webcam microfoon,48000
20140617,anonymous,20120315,0.42065346,False,mannelijk,volwassen,algemeen Nederlands,n/a,studiomicrofoon,48000
20140617,anonymous,20120315,0.44709754,False,mannelijk,volwassen,algemeen Nederlands,n/a,studiomicrofoon,48000
20140617,anonymous,20110305,0.338238,False,mannelijk,volwassen,algemeen Nederlands,n/a,studiomicrofoon,48000
20140617,anonymous,20120315,0.4095192,False,mannelijk,volwassen,algemeen Nederlands,n/a,studiomicrofoon,48000
20140617,anonymous,20140415,0.4181659,False,mannelijk,volwassen,algemeen Nederlands,n/a,studiomicrofoon,48000
20140617,anonymous,20120315,0.39682993,False,mannelijk,volwassen,algemeen Nederlands,n/a,studiomicrofoon,48000
20140617,anonymous,20100110,0.41183025,False,mannelijk,volwassen,algemeen Nederlands,n/a,studiomicrofoon,48000
20140617,anonymous,20100110,0.39466476,False,mannelijk,volwassen,algemeen Nederlands,n/a,studiomicrofoon,48000
20140617,anonymous,20120315,0.43421304,False,mannelijk,volwassen,algemeen Nederlands,n/a,studiomicrofoon,48000
20140617,anonymous,20080326,0.3629642,False,mannelijk,volwassen,algemeen Nederlands,n/a,studiomicrofoon,48000
20140617,anonymous,20120315,0.34536254,False,mannelijk,volwassen,algemeen Nederlands,n/a,studiomicrofoon,48000
20140617,anonymous,20120315,0.40142775,False,mannelijk,volwassen,algemeen Nederlands,n/a,studiomicrofoon,48000
20140617,anonymous,20120315,0.40370628,False,mannelijk,volwassen,algemeen Nederlands,n/a,studiomicrofoon,48000
20140617,anonymous,20111210,0.4658068,False,mannelijk,volwassen,algemeen Nederlands,n/a,studiomicrofoon,48000
20140617,anonymous,20080720,0.3199195,False,mannelijk,volwassen,algemeen Nederlands,n/a,studiomicrofoon,48000
20140617,anonymous,20090108,0.33624333,False,mannelijk,volwassen,algemeen Nederlands,n/a,studiomicrofoon,48000
20140617,anonymous,20120315,0.42321312,False,mannelijk,volwassen,algemeen Nederlands,n/a,studiomicrofoon,48000
20140617,anonymous,20140415,0.48157477,False,mannelijk,volwassen,algemeen Nederlands,n/a,studiomicrofoon,48000
20140617,anonymous,20140415,0.35196045,False,mannelijk,volwassen,algemeen Nederlands,n/a,studiomicrofoon,48000
20140617,anonymous,20111210,0.39251304,False,mannelijk,volwassen,algemeen Nederlands,n/a,studiomicrofoon,48000
20140617,anonymous,20080325,0.4093873,False,mannelijk,volwassen,algemeen Nederlands,n/a,studiomicrofoon,48000
20140617,anonymous,20120315,0.49666312,False,mannelijk,volwassen,algemeen Nederlands,n/a,studiomicrofoon,48000
20140617,anonymous,20080802,0.31361228,False,mannelijk,volwassen,algemeen Nederlands,n/a,studiomicrofoon,48000
20140617,anonymous,20080802,0.33386415,False,mannelijk,volwassen,algemeen Nederlands,n/a,studiomicrofoon,48000
20140617,anonymous,20100110,0.40883523,False,mannelijk,volwassen,algemeen Nederlands,n/a,studiomicrofoon,48000
20140617,anonymous,20080325,0.3626186,False,mannelijk,volwassen,algemeen Nederlands,n/a,studiomicrofoon,48000
20140617,anonymous,20120315,0.41328737,False,mannelijk,volwassen,algemeen Nederlands,n/a,studiomicrofoon,48000
20140617,anonymous,20100110,0.44580358,False,mannelijk,volwassen,algemeen Nederlands,n/a,studiomicrofoon,48000
20140617,anonymous,20140415,0.43954673,False,mannelijk,volwassen,algemeen Nederlands,n/a,studiomicrofoon,48000
20140617,anonymous,20080802,0.3306756,False,mannelijk,volwassen,algemeen Nederlands,n/a,studiomicrofoon,48000
20140617,anonymous,20120315,0.3740455,False,mannelijk,volwassen,algemeen Nederlands,n/a,studiomicrofoon,48000
20140617,anonymous,20120315,0.40071693,False,mannelijk,volwassen,algemeen Nederlands,n/a,studiomicrofoon,48000
20140617,anonymous,20140415,0.43327993,False,mannelijk,volwassen,algemeen Nederlands,n/a,studiomicrofoon,48000
20140617,anonymous,20080720,0.4500469,False,mannelijk,volwassen,algemeen Nederlands,n/a,studiomicrofoon,48000
20140617,anonymous,20120315,0.46673027,False,mannelijk,volwassen,algemeen Nederlands,n/a,studiomicrofoon,48000
20140617,anonymous,20120315,0.40349278,False,mannelijk,volwassen,algemeen Nederlands,n/a,studiomicrofoon,48000
20140617,anonymous,20120315,0.3761596,False,mannelijk,volwassen,algemeen Nederlands,n/a,studiomicrofoon,48000
20140617,anonymous,20120315,0.43515554,False,mannelijk,volwassen,algemeen Nederlands,n/a,studiomicrofoon,48000
20140617,anonymous,20120315,0.4164834,False,mannelijk,volwassen,algemeen Nederlands,n/a,studiomicrofoon,48000
20140617,anonymous,20120315,0.46558326,False,mannelijk,volwassen,algemeen Nederlands,n/a,studiomicrofoon,48000
20140617,anonymous,20120315,0.4569723,False,mannelijk,volwassen,algemeen Nederlands,n/a,studiomicrofoon,48000
20140617,anonymous,20100110,0.42478743,False,mannelijk,volwassen,algemeen Nederlands,n/a,studiomicrofoon,48000
20140617,anonymous,20080720,0.44943556,False,mannelijk,volwassen,algemeen Nederlands,n/a,studiomicrofoon,48000
20140617,anonymous,20120315,0.3983639,False,mannelijk,volwassen,algemeen Nederlands,n/a,studiomicrofoon,48000
20140617,anonymous,20140415,0.45882306,False,mannelijk,volwassen,algemeen Nederlands,n/a,studiomicrofoon,48000
20140617,anonymous,20080802,0.40515164,False,mannelijk,volwassen,algemeen Nederlands,n/a,studiomicrofoon,48000
20140617,anonymous,20120315,0.47419423,False,mannelijk,volwassen,algemeen Nederlands,n/a,studiomicrofoon,48000
20140617,anonymous,20140415,0.3845905,False,mannelijk,volwassen,algemeen Nederlands,n/a,studiomicrofoon,48000
20140617,anonymous,20120315,0.43354648,False,mannelijk,volwassen,algemeen Nederlands,n/a,studiomicrofoon,48000
20140617,anonymous,20080720,0.3432332,False,mannelijk,volwassen,algemeen Nederlands,n/a,studiomicrofoon,48000
20140617,anonymous,20120315,0.42750946,False,mannelijk,volwassen,algemeen Nederlands,n/a,studiomicrofoon,48000
20140617,anonymous,20100110,0.4021266,False,mannelijk,volwassen,algemeen Nederlands,n/a,studiomicrofoon,48000
20140617,anonymous,20120315,0.38015705,False,mannelijk,volwassen,algemeen Nederlands,n/a,studiomicrofoon,48000
20140617,anonymous,20120315,0.4054007,False,mannelijk,volwassen,algemeen Nederlands,n/a,studiomicrofoon,48000
20140617,anonymous,20120315,0.50003886,False,mannelijk,volwassen,algemeen Nederlands,n/a,studiomicrofoon,48000
20140617,anonymous,20080326,0.42893016,False,mannelijk,volwassen,algemeen Nederlands,n/a,studiomicrofoon,48000
20140617,anonymous,20120315,0.3436846,False,mannelijk,volwassen,algemeen Nederlands,n/a,studiomicrofoon,48000
20140617,anonymous,20100110,0.38260484,False,mannelijk,volwassen,algemeen Nederlands,n/a,studiomicrofoon,48000
20150608,anonymous,20120930,0.4881984,False,mannelijk,senior,algemeen Nederlands,n/a,bureaumicrofoon (USB),48000
20150608,anonymous,20070823_nl1,0.3009777,False,mannelijk,senior,algemeen Nederlands,n/a,bureaumicrofoon (USB),48000
20150608,anonymous,20110311,0.45393795,False,mannelijk,senior,algemeen Nederlands,n/a,bureaumicrofoon (USB),48000
20150608,anonymous,20120326,0.49255508,False,mannelijk,senior,algemeen Nederlands,n/a,bureaumicrofoon (USB),48000
20150608,anonymous,20120326,0.47592193,False,mannelijk,senior,algemeen Nederlands,n/a,bureaumicrofoon (USB),48000
20150608,anonymous,20120326,0.41849917,False,mannelijk,senior,algemeen Nederlands,n/a,bureaumicrofoon (USB),48000
20150608,anonymous,20120326,0.47167847,False,mannelijk,senior,algemeen Nederlands,n/a,bureaumicrofoon (USB),48000
20090617,asda,20090617,0.61607426,True,mannelijk,jeugd,algemeen Nederlands,n/a,headsetmicrofoon,48000
20150608,anonymous,20120930,0.4061215,False,mannelijk,senior,algemeen Nederlands,n/a,bureaumicrofoon (USB),48000
20090617,asda,20081018,0.5568521,False,mannelijk,jeugd,algemeen Nederlands,n/a,headsetmicrofoon,48000
20090617,asda,20090617,0.7168553,True,mannelijk,jeugd,algemeen Nederlands,n/a,headsetmicrofoon,48000
20090617,asda,20090617,0.7558842,True,mannelijk,jeugd,algemeen Nederlands,n/a,headsetmicrofoon,48000
20090617,asda,20090617,0.69787157,True,mannelijk,jeugd,algemeen Nederlands,n/a,headsetmicrofoon,48000
20090617,asda,20090617,0.74125373,True,mannelijk,jeugd,algemeen Nederlands,n/a,headsetmicrofoon,48000
20090617,asda,20090617,0.8151319,True,mannelijk,jeugd,algemeen Nederlands,n/a,headsetmicrofoon,48000
20090617,asda,20090617,0.69087327,True,mannelijk,jeugd,algemeen Nederlands,n/a,headsetmicrofoon,48000
20090617,asda,20090617,0.7320633,True,mannelijk,jeugd,algemeen Nederlands,n/a,headsetmicrofoon,48000
20090617,asda,20090617,0.6823983,True,mannelijk,jeugd,algemeen Nederlands,n/a,headsetmicrofoon,48000
20090617,asda,20090617,0.7515017,True,mannelijk,jeugd,algemeen Nederlands,n/a,headsetmicrofoon,48000
20090617,asda,20090617,0.67714,True,mannelijk,jeugd,algemeen Nederlands,n/a,headsetmicrofoon,48000
20090617,asda,20090617,0.7183669,True,mannelijk,jeugd,algemeen Nederlands,n/a,headsetmicrofoon,48000
20090617,asda,20090617,0.69530016,True,mannelijk,jeugd,algemeen Nederlands,n/a,headsetmicrofoon,48000
20090617,asda,20090617,0.82413846,True,mannelijk,jeugd,algemeen Nederlands,n/a,headsetmicrofoon,48000
20090617,asda,20090617,0.7319706,True,mannelijk,jeugd,algemeen Nederlands,n/a,headsetmicrofoon,48000
20090617,asda,20090617,0.706573,True,mannelijk,jeugd,algemeen Nederlands,n/a,headsetmicrofoon,48000
20090617,asda,20090617,0.607618,True,mannelijk,jeugd,algemeen Nederlands,n/a,headsetmicrofoon,48000
20090617,asda,20090617,0.99982876,True,mannelijk,jeugd,algemeen Nederlands,n/a,headsetmicrofoon,48000
20090617,asda,20090617,0.7347452,True,mannelijk,jeugd,algemeen Nederlands,n/a,headsetmicrofoon,48000
20090617,asda,20090617,0.64894265,True,mannelijk,jeugd,algemeen Nederlands,n/a,headsetmicrofoon,48000
20090617,asda,20090617,0.7552109,True,mannelijk,jeugd,algemeen Nederlands,n/a,headsetmicrofoon,48000
20090617,asda,20090617,0.7059908,True,mannelijk,jeugd,algemeen Nederlands,n/a,headsetmicrofoon,48000
20090617,asda,20090617,0.6619146,True,mannelijk,jeugd,algemeen Nederlands,n/a,headsetmicrofoon,48000
20090617,asda,20090617,0.71303993,True,mannelijk,jeugd,algemeen Nederlands,n/a,headsetmicrofoon,48000
20090617,asda,20090617,0.80472016,True,mannelijk,jeugd,algemeen Nederlands,n/a,headsetmicrofoon,48000
20090617,asda,20090617,0.6841545,True,mannelijk,jeugd,algemeen Nederlands,n/a,headsetmicrofoon,48000
20090617,asda,20090617,0.6978613,True,mannelijk,jeugd,algemeen Nederlands,n/a,headsetmicrofoon,48000
20090617,asda,20090617,0.6854844,True,mannelijk,jeugd,algemeen Nederlands,n/a,headsetmicrofoon,48000
20090617,asda,20090617,0.78462225,True,mannelijk,jeugd,algemeen Nederlands,n/a,headsetmicrofoon,48000
20090617,asda,20090617,0.68360275,True,mannelijk,jeugd,algemeen Nederlands,n/a,headsetmicrofoon,48000
20090617,asda,20090617,0.6983146,True,mannelijk,jeugd,algemeen Nederlands,n/a,headsetmicrofoon,48000
20090617,asda,20090617,0.7960732,True,mannelijk,jeugd,algemeen Nederlands,n/a,headsetmicrofoon,48000
20090617,asda,20090617,0.76732564,True,mannelijk,jeugd,algemeen Nederlands,n/a,headsetmicrofoon,48000
20090617,asda,20090617,0.7548852,True,mannelijk,jeugd,algemeen Nederlands,n/a,headsetmicrofoon,48000
20090617,asda,20090617,0.67814744,True,mannelijk,jeugd,algemeen Nederlands,n/a,headsetmicrofoon,48000
20090617,asda,20090617,0.6422499,True,mannelijk,jeugd,algemeen Nederlands,n/a,headsetmicrofoon,48000
20090617,asda,20090617,0.6843635,True,mannelijk,jeugd,algemeen Nederlands,n/a,headsetmicrofoon,48000
20090617,asda,20090617,0.73453087,True,mannelijk,jeugd,algemeen Nederlands,n/a,headsetmicrofoon,48000
20090617,asda,20090617,0.6910045,True,mannelijk,jeugd,algemeen Nederlands,n/a,headsetmicrofoon,48000
20090617,asda,20090617,0.76973164,True,mannelijk,jeugd,algemeen Nederlands,n/a,headsetmicrofoon,48000
20090617,asda,20090617,0.75157094,True,mannelijk,jeugd,algemeen Nederlands,n/a,headsetmicrofoon,48000
20090617,asda,20090617,0.71149695,True,mannelijk,jeugd,algemeen Nederlands,n/a,headsetmicrofoon,48000
20090617,asda,20090617,0.805359,True,mannelijk,jeugd,algemeen Nederlands,n/a,headsetmicrofoon,48000
20090617,asda,20090617,0.7272953,True,mannelijk,jeugd,algemeen Nederlands,n/a,headsetmicrofoon,48000
20090617,asda,20090617,0.73968434,True,mannelijk,jeugd,algemeen Nederlands,n/a,headsetmicrofoon,48000
20090617,asda,20090617,0.7450168,True,mannelijk,jeugd,algemeen Nederlands,n/a,headsetmicrofoon,48000
20090617,asda,20090617,0.7469548,True,mannelijk,jeugd,algemeen Nederlands,n/a,headsetmicrofoon,48000
20090617,asda,20090617,0.79321355,True,mannelijk,jeugd,algemeen Nederlands,n/a,headsetmicrofoon,48000
20110422,bakeds,20110422,0.74737763,True,mannelijk,jeugd,algemeen Nederlands,n/a,headsetmicrofoon,48000
20110422,bakeds,20110422,0.7692976,True,mannelijk,jeugd,algemeen Nederlands,n/a,headsetmicrofoon,48000
20110422,bakeds,20110422,0.7422603,True,mannelijk,jeugd,algemeen Nederlands,n/a,headsetmicrofoon,48000
20110422,bakeds,20110422,0.79033023,True,mannelijk,jeugd,algemeen Nederlands,n/a,headsetmicrofoon,48000
20110422,bakeds,20110422,0.72521263,True,mannelijk,jeugd,algemeen Nederlands,n/a,headsetmicrofoon,48000
20110422,bakeds,20110422,0.69275886,True,mannelijk,jeugd,algemeen Nederlands,n/a,headsetmicrofoon,48000
20110422,bakeds,20110422,0.68672526,True,mannelijk,jeugd,algemeen Nederlands,n/a,headsetmicrofoon,48000
20110422,bakeds,20110422,0.7669778,True,mannelijk,jeugd,algemeen Nederlands,n/a,headsetmicrofoon,48000
20110422,bakeds,20110422,0.69172,True,mannelijk,jeugd,algemeen Nederlands,n/a,headsetmicrofoon,48000
20110422,bakeds,20110422,0.69993114,True,mannelijk,jeugd,algemeen Nederlands,n/a,headsetmicrofoon,48000
20110422,bakeds,20110422,0.7488646,True,mannelijk,jeugd,algemeen Nederlands,n/a,headsetmicrofoon,48000
20110422,bakeds,20110422,0.7092392,True,mannelijk,jeugd,algemeen Nederlands,n/a,headsetmicrofoon,48000
20110422,bakeds,20110422,0.7487365,True,mannelijk,jeugd,algemeen Nederlands,n/a,headsetmicrofoon,48000
20110422,bakeds,20110422,0.6232797,True,mannelijk,jeugd,algemeen Nederlands,n/a,headsetmicrofoon,48000
20110422,bakeds,20110422,0.66652346,True,mannelijk,jeugd,algemeen Nederlands,n/a,headsetmicrofoon,48000
20110422,bakeds,20110422,0.7458846,True,mannelijk,jeugd,algemeen Nederlands,n/a,headsetmicrofoon,48000
20110422,bakeds,20110422,0.694936,True,mannelijk,jeugd,algemeen Nederlands,n/a,headsetmicrofoon,48000
20110422,bakeds,20110422,0.74486184,True,mannelijk,jeugd,algemeen Nederlands,n/a,headsetmicrofoon,48000
20080219,Bas,20080219,0.7323731,True,mannelijk,volwassen,algemeen Nederlands,n/a,studiomicrofoon,48000
20080219,Bas,20080219,0.71919745,True,mannelijk,volwassen,algemeen Nederlands,n/a,studiomicrofoon,48000
20080219,Bas,20080219,0.6436695,True,mannelijk,volwassen,algemeen Nederlands,n/a,studiomicrofoon,48000
20080219,Bas,20080219,0.6306888,True,mannelijk,volwassen,algemeen Nederlands,n/a,studiomicrofoon,48000
20080219,Bas,20080219,0.6954223,True,mannelijk,volwassen,algemeen Nederlands,n/a,studiomicrofoon,48000
20080219,Bas,20080219,0.68408734,True,mannelijk,volwassen,algemeen Nederlands,n/a,studiomicrofoon,48000
20080219,Bas,20080219,0.7323338,True,mannelijk,volwassen,algemeen Nederlands,n/a,studiomicrofoon,48000
20080219,Bas,20080219,0.6450863,True,mannelijk,volwassen,algemeen Nederlands,n/a,studiomicrofoon,48000
20080219,Bas,20080219,0.68236613,True,mannelijk,volwassen,algemeen Nederlands,n/a,studiomicrofoon,48000
20080219,Bas,20080219,0.70453334,True,mannelijk,volwassen,algemeen Nederlands,n/a,studiomicrofoon,48000
20080219,Bas,20080219,0.6497556,True,mannelijk,volwassen,algemeen Nederlands,n/a,studiomicrofoon,48000
20080219,Bas,20080219,0.6846584,True,mannelijk,volwassen,algemeen Nederlands,n/a,studiomicrofoon,48000
20080219,Bas,20080219,0.6680571,True,mannelijk,volwassen,algemeen Nederlands,n/a,studiomicrofoon,48000
20080219,Bas,20080219,0.6868332,True,mannelijk,volwassen,algemeen Nederlands,n/a,studiomicrofoon,48000
20080219,Bas,20080219,0.5889,True,mannelijk,volwassen,algemeen Nederlands,n/a,studiomicrofoon,48000
20080219,Bas,20080219,0.6957178,True,mannelijk,volwassen,algemeen Nederlands,n/a,studiomicrofoon,48000
20080219,Bas,20080219,0.69579923,True,mannelijk,volwassen,algemeen Nederlands,n/a,studiomicrofoon,48000
20080219,Bas,20080219,0.6935103,True,mannelijk,volwassen,algemeen Nederlands,n/a,studiomicrofoon,48000
20080219,Bas,20080219,0.72554755,True,mannelijk,volwassen,algemeen Nederlands,n/a,studiomicrofoon,48000
20150518,bearhugNL,20150518,0.7208955,True,mannelijk,senior,algemeen Nederlands,n/a,headsetmicrofoon,48000
20150518,bearhugNL,20150518,0.6566695,True,mannelijk,senior,algemeen Nederlands,n/a,headsetmicrofoon,48000
20150518,bearhugNL,20150518,0.70344615,True,mannelijk,senior,algemeen Nederlands,n/a,headsetmicrofoon,48000
20150518,bearhugNL,20150518,0.7361468,True,mannelijk,senior,algemeen Nederlands,n/a,headsetmicrofoon,48000
20150518,bearhugNL,20150518,0.59503424,True,mannelijk,senior,algemeen Nederlands,n/a,headsetmicrofoon,48000
20150518,bearhugNL,20150518,0.75555027,True,mannelijk,senior,algemeen Nederlands,n/a,headsetmicrofoon,48000
20150518,bearhugNL,20150518,0.7189243,True,mannelijk,senior,algemeen Nederlands,n/a,headsetmicrofoon,48000
20150518,bearhugNL,20150518,0.6931279,True,mannelijk,senior,algemeen Nederlands,n/a,headsetmicrofoon,48000
20150518,bearhugNL,20150518,0.5415056,True,mannelijk,senior,algemeen Nederlands,n/a,headsetmicrofoon,48000
20150518,bearhugNL,20150518,0.7180688,True,mannelijk,senior,algemeen Nederlands,n/a,headsetmicrofoon,48000
20150518,bearhugNL,20150518,0.6721003,True,mannelijk,senior,algemeen Nederlands,n/a,headsetmicrofoon,48000
20150518,bearhugNL,20150518,0.5549382,True,mannelijk,senior,algemeen Nederlands,n/a,headsetmicrofoon,48000
20150518,bearhugNL,20150518,0.67324936,True,mannelijk,senior,algemeen Nederlands,n/a,headsetmicrofoon,48000
20150518,bearhugNL,20150518,0.62123466,True,mannelijk,senior,algemeen Nederlands,n/a,headsetmicrofoon,48000
20150518,bearhugNL,20150518,0.6329938,True,mannelijk,senior,algemeen Nederlands,n/a,headsetmicrofoon,48000
20150518,bearhugNL,20150518,0.7017093,True,mannelijk,senior,algemeen Nederlands,n/a,headsetmicrofoon,48000
20150518,bearhugNL,20150518,0.70900357,True,mannelijk,senior,algemeen Nederlands,n/a,headsetmicrofoon,48000
20150518,bearhugNL,20150518,0.5856281,True,mannelijk,senior,algemeen Nederlands,n/a,headsetmicrofoon,48000
20150518,bearhugNL,20150518,0.715249,True,mannelijk,senior,algemeen Nederlands,n/a,headsetmicrofoon,48000
20150523,bearhugNL,20150518,0.6831854,False,mannelijk,senior,algemeen Nederlands,n/a,headsetmicrofoon,48000
20150523,bearhugNL,20150518,0.6163881,False,mannelijk,senior,algemeen Nederlands,n/a,headsetmicrofoon,48000
20150523,bearhugNL,20150518,0.6394518,False,mannelijk,senior,algemeen Nederlands,n/a,headsetmicrofoon,48000
20150523,bearhugNL,20150518,0.6710911,False,mannelijk,senior,algemeen Nederlands,n/a,headsetmicrofoon,48000
20150523,bearhugNL,20150518,0.68120676,False,mannelijk,senior,algemeen Nederlands,n/a,headsetmicrofoon,48000
20150523,bearhugNL,20150518,0.6476153,False,mannelijk,senior,algemeen Nederlands,n/a,headsetmicrofoon,48000
20150523,bearhugNL,20150518,0.6662364,False,mannelijk,senior,algemeen Nederlands,n/a,headsetmicrofoon,48000
20150523,bearhugNL,20150518,0.6563756,False,mannelijk,senior,algemeen Nederlands,n/a,headsetmicrofoon,48000
20150523,bearhugNL,20150518,0.6296716,False,mannelijk,senior,algemeen Nederlands,n/a,headsetmicrofoon,48000
20150523,bearhugNL,20150518,0.6400447,False,mannelijk,senior,algemeen Nederlands,n/a,headsetmicrofoon,48000
20150523,bearhugNL,20150518,0.6958746,False,mannelijk,senior,algemeen Nederlands,n/a,headsetmicrofoon,48000
20150523,bearhugNL,20150518,0.74246395,False,mannelijk,senior,algemeen Nederlands,n/a,headsetmicrofoon,48000
20150523,bearhugNL,20150518,0.74391735,False,mannelijk,senior,algemeen Nederlands,n/a,headsetmicrofoon,48000
20150523,bearhugNL,20150518,0.70742774,False,mannelijk,senior,algemeen Nederlands,n/a,headsetmicrofoon,48000
20150523,bearhugNL,20150518,0.6969201,False,mannelijk,senior,algemeen Nederlands,n/a,headsetmicrofoon,48000
20150523,bearhugNL,20150518,0.68874884,False,mannelijk,senior,algemeen Nederlands,n/a,headsetmicrofoon,48000
20150523,bearhugNL,20150518,0.6070432,False,mannelijk,senior,algemeen Nederlands,n/a,headsetmicrofoon,48000
20150523,bearhugNL,20150518,0.6206989,False,mannelijk,senior,algemeen Nederlands,n/a,headsetmicrofoon,48000
20150523,bearhugNL,20150518,0.6861523,False,mannelijk,senior,algemeen Nederlands,n/a,headsetmicrofoon,48000
20150523,bearhugNL,20150518,0.69612813,False,mannelijk,senior,algemeen Nederlands,n/a,headsetmicrofoon,48000
20150523,bearhugNL,20150518,0.7177713,False,mannelijk,senior,algemeen Nederlands,n/a,headsetmicrofoon,48000
20150523,bearhugNL,20150518,0.7131511,False,mannelijk,senior,algemeen Nederlands,n/a,headsetmicrofoon,48000
20150523,bearhugNL,20150518,0.68819046,False,mannelijk,senior,algemeen Nederlands,n/a,headsetmicrofoon,48000
20150523,bearhugNL,20150518,0.62325394,False,mannelijk,senior,algemeen Nederlands,n/a,headsetmicrofoon,48000
20150523,bearhugNL,20150518,0.6997352,False,mannelijk,senior,algemeen Nederlands,n/a,headsetmicrofoon,48000
20150523,bearhugNL,20150518,0.65750897,False,mannelijk,senior,algemeen Nederlands,n/a,headsetmicrofoon,48000
20150523,bearhugNL,20150518,0.6188868,False,mannelijk,senior,algemeen Nederlands,n/a,headsetmicrofoon,48000
20150523,bearhugNL,20150518,0.6382084,False,mannelijk,senior,algemeen Nederlands,n/a,headsetmicrofoon,48000
20080605,Blackdrive,20160115,0.46466085,False,mannelijk,volwassen,anders,n/a,microfoon in laptop,48000
20080605,Blackdrive,20080605,0.28094718,True,mannelijk,volwassen,anders,n/a,microfoon in laptop,48000
20150523,bearhugNL,20150518,0.702344,False,mannelijk,senior,algemeen Nederlands,n/a,headsetmicrofoon,48000
20080605,Blackdrive,20080605,0.48095235,True,mannelijk,volwassen,anders,n/a,microfoon in laptop,48000
20080605,Blackdrive,20160115,0.51275873,False,mannelijk,volwassen,anders,n/a,microfoon in laptop,48000
20080605,Blackdrive,20080605,0.5776757,True,mannelijk,volwassen,anders,n/a,microfoon in laptop,48000
20080605,Blackdrive,20080605,0.3688304,True,mannelijk,volwassen,anders,n/a,microfoon in laptop,48000
20080605,Blackdrive,20080605,0.46429497,True,mannelijk,volwassen,anders,n/a,microfoon in laptop,48000
20080605,Blackdrive,20080605,0.46492088,True,mannelijk,volwassen,anders,n/a,microfoon in laptop,48000
20080605,Blackdrive,20080605,0.5119256,True,mannelijk,volwassen,anders,n/a,microfoon in laptop,48000
20080605,Blackdrive,20081128,0.3544931,False,mannelijk,volwassen,anders,n/a,microfoon in laptop,48000
20080605,Blackdrive,20080605,0.44543213,True,mannelijk,volwassen,anders,n/a,microfoon in laptop,48000
20080605,Blackdrive,20080605,0.35669112,True,mannelijk,volwassen,anders,n/a,microfoon in laptop,48000
20080605,Blackdrive,20080605,0.42763302,True,mannelijk,volwassen,anders,n/a,microfoon in laptop,48000
20080605,Blackdrive,20160115,0.48238567,False,mannelijk,volwassen,anders,n/a,microfoon in laptop,48000
20080605,Blackdrive,20080605,0.65194833,True,mannelijk,volwassen,anders,n/a,microfoon in laptop,48000
20080605,Blackdrive,20080605,0.5912448,True,mannelijk,volwassen,anders,n/a,microfoon in laptop,48000
20080605,Blackdrive,20080605,0.46861896,True,mannelijk,volwassen,anders,n/a,microfoon in laptop,48000
20080605,Blackdrive,20080605,0.47424123,True,mannelijk,volwassen,anders,n/a,microfoon in laptop,48000
20080414,boergait,20080414,0.7164835,True,mannelijk,volwassen,Noordoostelijk,n/a,headsetmicrofoon,48000
20080414,boergait,20080414,0.7461708,True,mannelijk,volwassen,Noordoostelijk,n/a,headsetmicrofoon,48000
20080414,boergait,20080414,0.70161116,True,mannelijk,volwassen,Noordoostelijk,n/a,headsetmicrofoon,48000
20080605,Blackdrive,20080605,0.5446008,True,mannelijk,volwassen,anders,n/a,microfoon in laptop,48000
20080414,boergait,20080414,0.73412514,True,mannelijk,volwassen,Noordoostelijk,n/a,headsetmicrofoon,48000
20080414,boergait,20080414,0.7728486,True,mannelijk,volwassen,Noordoostelijk,n/a,headsetmicrofoon,48000
20080414,boergait,20080418,0.63239276,False,mannelijk,volwassen,Noordoostelijk,n/a,headsetmicrofoon,48000
20080414,boergait,20080414,0.85219026,True,mannelijk,volwassen,Noordoostelijk,n/a,headsetmicrofoon,48000
20080414,boergait,20080414,0.81437814,True,mannelijk,volwassen,Noordoostelijk,n/a,headsetmicrofoon,48000
20080414,boergait,20080414,0.7589741,True,mannelijk,volwassen,Noordoostelijk,n/a,headsetmicrofoon,48000
20080414,boergait,20080414,0.64547443,True,mannelijk,volwassen,Noordoostelijk,n/a,headsetmicrofoon,48000
20080414,boergait,20080414,0.63674057,True,mannelijk,volwassen,Noordoostelijk,n/a,headsetmicrofoon,48000
20080414,boergait,20080414,0.67693806,True,mannelijk,volwassen,Noordoostelijk,n/a,headsetmicrofoon,48000
20080414,boergait,20080414,0.63840425,True,mannelijk,volwassen,Noordoostelijk,n/a,headsetmicrofoon,48000
20080414,boergait,20080414,0.7156985,True,mannelijk,volwassen,Noordoostelijk,n/a,headsetmicrofoon,48000
20080414,boergait,20080414,0.72995913,True,mannelijk,volwassen,Noordoostelijk,n/a,headsetmicrofoon,48000
20080414,boergait,20080414,0.6626909,True,mannelijk,volwassen,Noordoostelijk,n/a,headsetmicrofoon,48000
20080414,boergait,20080418,0.6804483,False,mannelijk,volwassen,Noordoostelijk,n/a,headsetmicrofoon,48000
20080414,boergait,20080414,0.70288837,True,mannelijk,volwassen,Noordoostelijk,n/a,headsetmicrofoon,48000
20080414,boergait,20080414,0.64207673,True,mannelijk,volwassen,Noordoostelijk,n/a,headsetmicrofoon,48000
20080414,boergait,20080418,0.62808645,False,mannelijk,volwassen,Noordoostelijk,n/a,headsetmicrofoon,48000
20080414,boergait,20080414,0.69659126,True,mannelijk,volwassen,Noordoostelijk,n/a,headsetmicrofoon,48000
20080414,boergait,20080418,0.7382026,False,mannelijk,volwassen,Noordoostelijk,n/a,headsetmicrofoon,48000
20080414,boergait,20080414,0.65040594,True,mannelijk,volwassen,Noordoostelijk,n/a,headsetmicrofoon,48000
20080414,boergait,20080414,0.59873354,True,mannelijk,volwassen,Noordoostelijk,n/a,headsetmicrofoon,48000
20080414,boergait,20080414,0.709472,True,mannelijk,volwassen,Noordoostelijk,n/a,headsetmicrofoon,48000
20080414,boergait,20080414,0.6885212,True,mannelijk,volwassen,Noordoostelijk,n/a,headsetmicrofoon,48000
20080414,boergait,20080418,0.6916635,False,mannelijk,volwassen,Noordoostelijk,n/a,headsetmicrofoon,48000
20080414,boergait,20080414,0.6472621,True,mannelijk,volwassen,Noordoostelijk,n/a,headsetmicrofoon,48000
20080414,boergait,20080414,0.79736745,True,mannelijk,volwassen,Noordoostelijk,n/a,headsetmicrofoon,48000
20080414,boergait,20080418,0.67686033,False,mannelijk,volwassen,Noordoostelijk,n/a,headsetmicrofoon,48000
20080414,boergait,20080414,0.71273327,True,mannelijk,volwassen,Noordoostelijk,n/a,headsetmicrofoon,48000
20080414,boergait,20080414,0.6918894,True,mannelijk,volwassen,Noordoostelijk,n/a,headsetmicrofoon,48000
20080414,boergait,20080414,0.75334835,True,mannelijk,volwassen,Noordoostelijk,n/a,headsetmicrofoon,48000
20080414,boergait,20080414,0.73184645,True,mannelijk,volwassen,Noordoostelijk,n/a,headsetmicrofoon,48000
20080414,boergait,20080414,0.7595022,True,mannelijk,volwassen,Noordoostelijk,n/a,headsetmicrofoon,48000
20080414,boergait,20080414,0.6387111,True,mannelijk,volwassen,Noordoostelijk,n/a,headsetmicrofoon,48000
20080414,boergait,20080414,0.73774683,True,mannelijk,volwassen,Noordoostelijk,n/a,headsetmicrofoon,48000
20080414,boergait,20080414,0.7109101,True,mannelijk,volwassen,Noordoostelijk,n/a,headsetmicrofoon,48000
20080414,boergait,20080414,0.79005253,True,mannelijk,volwassen,Noordoostelijk,n/a,headsetmicrofoon,48000
20080414,boergait,20080414,0.5963079,True,mannelijk,volwassen,Noordoostelijk,n/a,headsetmicrofoon,48000
20080414,boergait,20080414,0.6835927,True,mannelijk,volwassen,Noordoostelijk,n/a,headsetmicrofoon,48000
20080414,boergait,20080414,0.6605428,True,mannelijk,volwassen,Noordoostelijk,n/a,headsetmicrofoon,48000
20080414,boergait,20080414,0.816768,True,mannelijk,volwassen,Noordoostelijk,n/a,headsetmicrofoon,48000
20080414,boergait,20080414,0.7714447,True,mannelijk,volwassen,Noordoostelijk,n/a,headsetmicrofoon,48000
20080414,boergait,20080414,0.79525185,True,mannelijk,volwassen,Noordoostelijk,n/a,headsetmicrofoon,48000
20080414,boergait,20080414,0.7918506,True,mannelijk,volwassen,Noordoostelijk,n/a,headsetmicrofoon,48000
20080414,boergait,20080414,0.7681696,True,mannelijk,volwassen,Noordoostelijk,n/a,headsetmicrofoon,48000
20080414,boergait,20080414,0.60659075,True,mannelijk,volwassen,Noordoostelijk,n/a,headsetmicrofoon,48000
20080414,boergait,20080414,0.62720823,True,mannelijk,volwassen,Noordoostelijk,n/a,headsetmicrofoon,48000
20080414,boergait,20080414,0.6524853,True,mannelijk,volwassen,Noordoostelijk,n/a,headsetmicrofoon,48000
20080414,boergait,20080414,0.75204945,True,mannelijk,volwassen,Noordoostelijk,n/a,headsetmicrofoon,48000
20080414,boergait,20080414,0.768801,True,mannelijk,volwassen,Noordoostelijk,n/a,headsetmicrofoon,48000
20080414,boergait,20080414,0.65936846,True,mannelijk,volwassen,Noordoostelijk,n/a,headsetmicrofoon,48000
20080414,boergait,20080414,0.693357,True,mannelijk,volwassen,Noordoostelijk,n/a,headsetmicrofoon,48000
20080414,boergait,20080414,0.6347225,True,mannelijk,volwassen,Noordoostelijk,n/a,headsetmicrofoon,48000
20080414,boergait,20080414,0.57001287,True,mannelijk,volwassen,Noordoostelijk,n/a,headsetmicrofoon,48000
20080414,boergait,20080414,0.694929,True,mannelijk,volwassen,Noordoostelijk,n/a,headsetmicrofoon,48000
20080414,boergait,20080418,0.436932,False,mannelijk,volwassen,Noordoostelijk,n/a,headsetmicrofoon,48000
20080414,boergait,20080414,0.8099021,True,mannelijk,volwassen,Noordoostelijk,n/a,headsetmicrofoon,48000
20080414,boergait,20080414,0.6038526,True,mannelijk,volwassen,Noordoostelijk,n/a,headsetmicrofoon,48000
20080414,boergait,20080414,0.77619565,True,mannelijk,volwassen,Noordoostelijk,n/a,headsetmicrofoon,48000
20080414,boergait,20080418,0.6974484,False,mannelijk,volwassen,Noordoostelijk,n/a,headsetmicrofoon,48000
20080414,boergait,20080418,0.55930305,False,mannelijk,volwassen,Noordoostelijk,n/a,headsetmicrofoon,48000
20080414,boergait,20080414,0.62682545,True,mannelijk,volwassen,Noordoostelijk,n/a,headsetmicrofoon,48000
20080414,boergait,20080414,0.7576921,True,mannelijk,volwassen,Noordoostelijk,n/a,headsetmicrofoon,48000
20080414,boergait,20080414,0.662398,True,mannelijk,volwassen,Noordoostelijk,n/a,headsetmicrofoon,48000
20080414,boergait,20080414,0.78067267,True,mannelijk,volwassen,Noordoostelijk,n/a,headsetmicrofoon,48000
20080414,boergait,20080414,0.65264285,True,mannelijk,volwassen,Noordoostelijk,n/a,headsetmicrofoon,48000
20080414,boergait,20080414,0.796453,True,mannelijk,volwassen,Noordoostelijk,n/a,headsetmicrofoon,48000
20080414,boergait,20080414,0.6660802,True,mannelijk,volwassen,Noordoostelijk,n/a,headsetmicrofoon,48000
20080414,boergait,20080414,0.80205023,True,mannelijk,volwassen,Noordoostelijk,n/a,headsetmicrofoon,48000
20080414,boergait,20080414,0.73468256,True,mannelijk,volwassen,Noordoostelijk,n/a,headsetmicrofoon,48000
20080414,boergait,20080414,0.7772767,True,mannelijk,volwassen,Noordoostelijk,n/a,headsetmicrofoon,48000
20080414,boergait,20080414,0.81541085,True,mannelijk,volwassen,Noordoostelijk,n/a,headsetmicrofoon,48000
20080414,boergait,20080414,0.69982946,True,mannelijk,volwassen,Noordoostelijk,n/a,headsetmicrofoon,48000
20080414,boergait,20080414,0.7514939,True,mannelijk,volwassen,Noordoostelijk,n/a,headsetmicrofoon,48000
20080414,boergait,20080414,0.7707604,True,mannelijk,volwassen,Noordoostelijk,n/a,headsetmicrofoon,48000
20080414,boergait,20080414,0.7676314,True,mannelijk,volwassen,Noordoostelijk,n/a,headsetmicrofoon,48000
20080414,boergait,20080414,0.71323675,True,mannelijk,volwassen,Noordoostelijk,n/a,headsetmicrofoon,48000
20080414,boergait,20080414,0.6951298,True,mannelijk,volwassen,Noordoostelijk,n/a,headsetmicrofoon,48000
20080414,boergait,20080414,0.66930526,True,mannelijk,volwassen,Noordoostelijk,n/a,headsetmicrofoon,48000
20080414,boergait,20080414,0.7778959,True,mannelijk,volwassen,Noordoostelijk,n/a,headsetmicrofoon,48000
20080414,boergait,20080414,0.8181007,True,mannelijk,volwassen,Noordoostelijk,n/a,headsetmicrofoon,48000
20080414,boergait,20080414,0.79004014,True,mannelijk,volwassen,Noordoostelijk,n/a,headsetmicrofoon,48000
20080414,boergait,20080414,0.68173736,True,mannelijk,volwassen,Noordoostelijk,n/a,headsetmicrofoon,48000
20080414,boergait,20080414,0.71252173,True,mannelijk,volwassen,Noordoostelijk,n/a,headsetmicrofoon,48000
20080414,boergait,20080414,0.6961332,True,mannelijk,volwassen,Noordoostelijk,n/a,headsetmicrofoon,48000
20080414,boergait,20080414,0.7253977,True,mannelijk,volwassen,Noordoostelijk,n/a,headsetmicrofoon,48000
20080414,boergait,20080414,0.71506,True,mannelijk,volwassen,Noordoostelijk,n/a,headsetmicrofoon,48000
20080414,boergait,20080414,0.69011825,True,mannelijk,volwassen,Noordoostelijk,n/a,headsetmicrofoon,48000
20080414,boergait,20080414,0.73943436,True,mannelijk,volwassen,Noordoostelijk,n/a,headsetmicrofoon,48000
20080414,boergait,20080414,0.6890507,True,mannelijk,volwassen,Noordoostelijk,n/a,headsetmicrofoon,48000
20080414,boergait,20080414,0.6981802,True,mannelijk,volwassen,Noordoostelijk,n/a,headsetmicrofoon,48000
20080414,boergait,20080414,0.76802087,True,mannelijk,volwassen,Noordoostelijk,n/a,headsetmicrofoon,48000
20080414,boergait,20080418,0.66351914,False,mannelijk,volwassen,Noordoostelijk,n/a,headsetmicrofoon,48000
20080414,boergait,20080414,0.74841505,True,mannelijk,volwassen,Noordoostelijk,n/a,headsetmicrofoon,48000
20080414,boergait,20080418,0.7352007,False,mannelijk,volwassen,Noordoostelijk,n/a,headsetmicrofoon,48000
20080414,boergait,20080414,0.7230127,True,mannelijk,volwassen,Noordoostelijk,n/a,headsetmicrofoon,48000
20080414,boergait,20080418,0.7013481,False,mannelijk,volwassen,Noordoostelijk,n/a,headsetmicrofoon,48000
20080414,boergait,20080414,0.80483913,True,mannelijk,volwassen,Noordoostelijk,n/a,headsetmicrofoon,48000
20080414,boergait,20080418,0.74791205,False,mannelijk,volwassen,Noordoostelijk,n/a,headsetmicrofoon,48000
20080414,boergait,20080414,0.72623175,True,mannelijk,volwassen,Noordoostelijk,n/a,headsetmicrofoon,48000
20080414,boergait,20080414,0.67599964,True,mannelijk,volwassen,Noordoostelijk,n/a,headsetmicrofoon,48000
20080414,boergait,20080414,0.7182559,True,mannelijk,volwassen,Noordoostelijk,n/a,headsetmicrofoon,48000
20080414,boergait,20080414,0.77777505,True,mannelijk,volwassen,Noordoostelijk,n/a,headsetmicrofoon,48000
20080414,boergait,20080414,0.7157649,True,mannelijk,volwassen,Noordoostelijk,n/a,headsetmicrofoon,48000
20080414,boergait,20080414,0.7640882,True,mannelijk,volwassen,Noordoostelijk,n/a,headsetmicrofoon,48000
20080414,boergait,20080414,0.741346,True,mannelijk,volwassen,Noordoostelijk,n/a,headsetmicrofoon,48000
20080414,boergait,20080414,0.81571126,True,mannelijk,volwassen,Noordoostelijk,n/a,headsetmicrofoon,48000
20080414,boergait,20080414,0.7532736,True,mannelijk,volwassen,Noordoostelijk,n/a,headsetmicrofoon,48000
20080414,boergait,20080414,0.593081,True,mannelijk,volwassen,Noordoostelijk,n/a,headsetmicrofoon,48000
20080414,boergait,20080414,0.7424213,True,mannelijk,volwassen,Noordoostelijk,n/a,headsetmicrofoon,48000
20080414,boergait,20080414,0.66063905,True,mannelijk,volwassen,Noordoostelijk,n/a,headsetmicrofoon,48000
20080414,boergait,20080414,0.70792484,True,mannelijk,volwassen,Noordoostelijk,n/a,headsetmicrofoon,48000
20080414,boergait,20080414,0.739991,True,mannelijk,volwassen,Noordoostelijk,n/a,headsetmicrofoon,48000
20080414,boergait,20080414,0.8045236,True,mannelijk,volwassen,Noordoostelijk,n/a,headsetmicrofoon,48000
20080414,boergait,20080414,0.77308065,True,mannelijk,volwassen,Noordoostelijk,n/a,headsetmicrofoon,48000
20080414,boergait,20080414,0.75163674,True,mannelijk,volwassen,Noordoostelijk,n/a,headsetmicrofoon,48000
20080414,boergait,20080414,0.74957204,True,mannelijk,volwassen,Noordoostelijk,n/a,headsetmicrofoon,48000
20080414,boergait,20080418,0.6882885,False,mannelijk,volwassen,Noordoostelijk,n/a,headsetmicrofoon,48000
20080414,boergait,20080418,0.67351156,False,mannelijk,volwassen,Noordoostelijk,n/a,headsetmicrofoon,48000
20080414,boergait,20080414,0.6549158,True,mannelijk,volwassen,Noordoostelijk,n/a,headsetmicrofoon,48000
20080414,boergait,20080414,0.6948466,True,mannelijk,volwassen,Noordoostelijk,n/a,headsetmicrofoon,48000
20080414,boergait,20080414,0.71095,True,mannelijk,volwassen,Noordoostelijk,n/a,headsetmicrofoon,48000
20080414,boergait,20080414,0.7095752,True,mannelijk,volwassen,Noordoostelijk,n/a,headsetmicrofoon,48000
20080414,boergait,20080414,0.6688695,True,mannelijk,volwassen,Noordoostelijk,n/a,headsetmicrofoon,48000
20080414,boergait,20080414,0.66430676,True,mannelijk,volwassen,Noordoostelijk,n/a,headsetmicrofoon,48000
20080414,boergait,20080414,0.6476883,True,mannelijk,volwassen,Noordoostelijk,n/a,headsetmicrofoon,48000
20080414,boergait,20080418,0.67270947,False,mannelijk,volwassen,Noordoostelijk,n/a,headsetmicrofoon,48000
20080414,boergait,20080414,0.6978782,True,mannelijk,volwassen,Noordoostelijk,n/a,headsetmicrofoon,48000
20080414,boergait,20080414,0.81761754,True,mannelijk,volwassen,Noordoostelijk,n/a,headsetmicrofoon,48000
20080414,boergait,20080414,0.7488551,True,mannelijk,volwassen,Noordoostelijk,n/a,headsetmicrofoon,48000
20080414,boergait,20080418,0.726279,False,mannelijk,volwassen,Noordoostelijk,n/a,headsetmicrofoon,48000
20080414,boergait,20080414,0.7064134,True,mannelijk,volwassen,Noordoostelijk,n/a,headsetmicrofoon,48000
20080414,boergait,20080418,0.47863704,False,mannelijk,volwassen,Noordoostelijk,n/a,headsetmicrofoon,48000
20080414,boergait,20080414,0.7478719,True,mannelijk,volwassen,Noordoostelijk,n/a,headsetmicrofoon,48000
20080414,boergait,20080414,0.73712146,True,mannelijk,volwassen,Noordoostelijk,n/a,headsetmicrofoon,48000
20080414,boergait,20080414,0.68566227,True,mannelijk,volwassen,Noordoostelijk,n/a,headsetmicrofoon,48000
20080414,boergait,20080414,0.7694073,True,mannelijk,volwassen,Noordoostelijk,n/a,headsetmicrofoon,48000
20080414,boergait,20080414,0.6058316,True,mannelijk,volwassen,Noordoostelijk,n/a,headsetmicrofoon,48000
20080414,boergait,20080414,0.7071814,True,mannelijk,volwassen,Noordoostelijk,n/a,headsetmicrofoon,48000
20080414,boergait,20080418,0.69626796,False,mannelijk,volwassen,Noordoostelijk,n/a,headsetmicrofoon,48000
20080414,boergait,20080414,0.73330045,True,mannelijk,volwassen,Noordoostelijk,n/a,headsetmicrofoon,48000
20080414,boergait,20080418,0.6451719,False,mannelijk,volwassen,Noordoostelijk,n/a,headsetmicrofoon,48000
20080414,boergait,20080414,0.75942326,True,mannelijk,volwassen,Noordoostelijk,n/a,headsetmicrofoon,48000
20080414,boergait,20080414,0.6573425,True,mannelijk,volwassen,Noordoostelijk,n/a,headsetmicrofoon,48000
20080414,boergait,20080414,0.7460878,True,mannelijk,volwassen,Noordoostelijk,n/a,headsetmicrofoon,48000
20080414,boergait,20080414,0.6663698,True,mannelijk,volwassen,Noordoostelijk,n/a,headsetmicrofoon,48000
20080414,boergait,20080414,0.7105646,True,mannelijk,volwassen,Noordoostelijk,n/a,headsetmicrofoon,48000
20080414,boergait,20080418,0.7179149,False,mannelijk,volwassen,Noordoostelijk,n/a,headsetmicrofoon,48000
20080414,boergait,20080414,0.60475695,True,mannelijk,volwassen,Noordoostelijk,n/a,headsetmicrofoon,48000
20080414,boergait,20120930,0.5319611,False,mannelijk,volwassen,Noordoostelijk,n/a,headsetmicrofoon,48000
20080414,boergait,20080414,0.7127228,True,mannelijk,volwassen,Noordoostelijk,n/a,headsetmicrofoon,48000
20080414,boergait,20080414,0.7281495,True,mannelijk,volwassen,Noordoostelijk,n/a,headsetmicrofoon,48000
20080414,boergait,20080414,0.5722858,True,mannelijk,volwassen,Noordoostelijk,n/a,headsetmicrofoon,48000
20080414,boergait,20080414,0.69318414,True,mannelijk,volwassen,Noordoostelijk,n/a,headsetmicrofoon,48000
20080414,boergait,20080414,0.54673064,True,mannelijk,volwassen,Noordoostelijk,n/a,headsetmicrofoon,48000
20080414,boergait,20080414,0.6795616,True,mannelijk,volwassen,Noordoostelijk,n/a,headsetmicrofoon,48000
20080414,boergait,20080414,0.6599381,True,mannelijk,volwassen,Noordoostelijk,n/a,headsetmicrofoon,48000
20080414,boergait,20080414,0.7138088,True,mannelijk,volwassen,Noordoostelijk,n/a,headsetmicrofoon,48000
20080414,boergait,20080414,0.7762128,True,mannelijk,volwassen,Noordoostelijk,n/a,headsetmicrofoon,48000
20080414,boergait,20080414,0.7224053,True,mannelijk,volwassen,Noordoostelijk,n/a,headsetmicrofoon,48000
20080414,boergait,20080414,0.7838132,True,mannelijk,volwassen,Noordoostelijk,n/a,headsetmicrofoon,48000
20080414,boergait,20080414,0.75388056,True,mannelijk,volwassen,Noordoostelijk,n/a,headsetmicrofoon,48000
20080414,boergait,20080414,0.73282754,True,mannelijk,volwassen,Noordoostelijk,n/a,headsetmicrofoon,48000
20080414,boergait,20080418,0.6083661,False,mannelijk,volwassen,Noordoostelijk,n/a,headsetmicrofoon,48000
20080414,boergait,20080414,0.7553711,True,mannelijk,volwassen,Noordoostelijk,n/a,headsetmicrofoon,48000
20080414,boergait,20080414,0.8132324,True,mannelijk,volwassen,Noordoostelijk,n/a,headsetmicrofoon,48000
20080414,boergait,20080414,0.7954588,True,mannelijk,volwassen,Noordoostelijk,n/a,headsetmicrofoon,48000
20080414,boergait,20080414,0.76142347,True,mannelijk,volwassen,Noordoostelijk,n/a,headsetmicrofoon,48000
20080414,boergait,20080414,0.7802783,True,mannelijk,volwassen,Noordoostelijk,n/a,headsetmicrofoon,48000
20080414,boergait,20080414,0.6896119,True,mannelijk,volwassen,Noordoostelijk,n/a,headsetmicrofoon,48000
20080414,boergait,20080414,0.5748096,True,mannelijk,volwassen,Noordoostelijk,n/a,headsetmicrofoon,48000
20080414,boergait,20080418,0.78008205,False,mannelijk,volwassen,Noordoostelijk,n/a,headsetmicrofoon,48000
20080414,boergait,20080414,0.67160076,True,mannelijk,volwassen,Noordoostelijk,n/a,headsetmicrofoon,48000
20080414,boergait,20080418,0.68565494,False,mannelijk,volwassen,Noordoostelijk,n/a,headsetmicrofoon,48000
20080414,boergait,20080414,0.65727365,True,mannelijk,volwassen,Noordoostelijk,n/a,headsetmicrofoon,48000
20080414,boergait,20080414,0.7026595,True,mannelijk,volwassen,Noordoostelijk,n/a,headsetmicrofoon,48000
20080414,boergait,20080414,0.7189232,True,mannelijk,volwassen,Noordoostelijk,n/a,headsetmicrofoon,48000
20080414,boergait,20080414,0.7484094,True,mannelijk,volwassen,Noordoostelijk,n/a,headsetmicrofoon,48000
20080414,boergait,20080414,0.7004113,True,mannelijk,volwassen,Noordoostelijk,n/a,headsetmicrofoon,48000
20080414,boergait,20080414,0.77168655,True,mannelijk,volwassen,Noordoostelijk,n/a,headsetmicrofoon,48000
20080414,boergait,20080414,0.7425126,True,mannelijk,volwassen,Noordoostelijk,n/a,headsetmicrofoon,48000
20080414,boergait,20080414,0.68751,True,mannelijk,volwassen,Noordoostelijk,n/a,headsetmicrofoon,48000
20080414,boergait,20080414,0.7245548,True,mannelijk,volwassen,Noordoostelijk,n/a,headsetmicrofoon,48000
20080414,boergait,20080414,0.7234235,True,mannelijk,volwassen,Noordoostelijk,n/a,headsetmicrofoon,48000
20080414,boergait,20080414,0.72256505,True,mannelijk,volwassen,Noordoostelijk,n/a,headsetmicrofoon,48000
20080414,boergait,20080414,0.62797475,True,mannelijk,volwassen,Noordoostelijk,n/a,headsetmicrofoon,48000
20080414,boergait,20080414,0.56219894,True,mannelijk,volwassen,Noordoostelijk,n/a,headsetmicrofoon,48000
20080414,boergait,20080414,0.62769765,True,mannelijk,volwassen,Noordoostelijk,n/a,headsetmicrofoon,48000
20080414,boergait,20080418,0.67615354,False,mannelijk,volwassen,Noordoostelijk,n/a,headsetmicrofoon,48000
20080414,boergait,20080414,0.74213994,True,mannelijk,volwassen,Noordoostelijk,n/a,headsetmicrofoon,48000
20080414,boergait,20080414,0.7328496,True,mannelijk,volwassen,Noordoostelijk,n/a,headsetmicrofoon,48000
20080414,boergait,20080414,0.69691676,True,mannelijk,volwassen,Noordoostelijk,n/a,headsetmicrofoon,48000
20080414,boergait,20080414,0.75209296,True,mannelijk,volwassen,Noordoostelijk,n/a,headsetmicrofoon,48000
20080414,boergait,20080414,0.669482,True,mannelijk,volwassen,Noordoostelijk,n/a,headsetmicrofoon,48000
20080414,boergait,20080414,0.7220106,True,mannelijk,volwassen,Noordoostelijk,n/a,headsetmicrofoon,48000
20080414,boergait,20080414,0.6850507,True,mannelijk,volwassen,Noordoostelijk,n/a,headsetmicrofoon,48000
20080414,boergait,20080414,0.7356889,True,mannelijk,volwassen,Noordoostelijk,n/a,headsetmicrofoon,48000
20080414,boergait,20080414,0.7782308,True,mannelijk,volwassen,Noordoostelijk,n/a,headsetmicrofoon,48000
20080414,boergait,20080414,0.6737168,True,mannelijk,volwassen,Noordoostelijk,n/a,headsetmicrofoon,48000
20080414,boergait,20080414,0.7196124,True,mannelijk,volwassen,Noordoostelijk,n/a,headsetmicrofoon,48000
20080414,boergait,20080414,0.67580175,True,mannelijk,volwassen,Noordoostelijk,n/a,headsetmicrofoon,48000
20080414,boergait,20080414,0.69446236,True,mannelijk,volwassen,Noordoostelijk,n/a,headsetmicrofoon,48000
20080414,boergait,20080414,0.83382237,True,mannelijk,volwassen,Noordoostelijk,n/a,headsetmicrofoon,48000
20080414,boergait,20080414,0.7648767,True,mannelijk,volwassen,Noordoostelijk,n/a,headsetmicrofoon,48000
20080414,boergait,20080414,0.76120603,True,mannelijk,volwassen,Noordoostelijk,n/a,headsetmicrofoon,48000
20080414,boergait,20080414,0.6644167,True,mannelijk,volwassen,Noordoostelijk,n/a,headsetmicrofoon,48000
20080414,boergait,20080414,0.7802242,True,mannelijk,volwassen,Noordoostelijk,n/a,headsetmicrofoon,48000
20080414,boergait,20080414,0.72047114,True,mannelijk,volwassen,Noordoostelijk,n/a,headsetmicrofoon,48000
20080414,boergait,20080414,0.725161,True,mannelijk,volwassen,Noordoostelijk,n/a,headsetmicrofoon,48000
20080414,boergait,20080414,0.6663641,True,mannelijk,volwassen,Noordoostelijk,n/a,headsetmicrofoon,48000
20080414,boergait,20080414,0.7828882,True,mannelijk,volwassen,Noordoostelijk,n/a,headsetmicrofoon,48000
20080414,boergait,20080414,0.6841608,True,mannelijk,volwassen,Noordoostelijk,n/a,headsetmicrofoon,48000
20080414,boergait,20080414,0.7260562,True,mannelijk,volwassen,Noordoostelijk,n/a,headsetmicrofoon,48000
20080414,boergait,20080414,0.7408792,True,mannelijk,volwassen,Noordoostelijk,n/a,headsetmicrofoon,48000
20080414,boergait,20080414,0.744156,True,mannelijk,volwassen,Noordoostelijk,n/a,headsetmicrofoon,48000
20080414,boergait,20080414,0.79965377,True,mannelijk,volwassen,Noordoostelijk,n/a,headsetmicrofoon,48000
20080414,boergait,20080414,0.76733005,True,mannelijk,volwassen,Noordoostelijk,n/a,headsetmicrofoon,48000
20080414,boergait,20080414,0.616963,True,mannelijk,volwassen,Noordoostelijk,n/a,headsetmicrofoon,48000
20080414,boergait,20080414,0.6739805,True,mannelijk,volwassen,Noordoostelijk,n/a,headsetmicrofoon,48000
20080414,boergait,20080414,0.7225522,True,mannelijk,volwassen,Noordoostelijk,n/a,headsetmicrofoon,48000
20080414,boergait,20080414,0.74999535,True,mannelijk,volwassen,Noordoostelijk,n/a,headsetmicrofoon,48000
20080414,boergait,20080414,0.6850395,True,mannelijk,volwassen,Noordoostelijk,n/a,headsetmicrofoon,48000
20080414,boergait,20080414,0.73107487,True,mannelijk,volwassen,Noordoostelijk,n/a,headsetmicrofoon,48000
20080414,boergait,20080414,0.77753764,True,mannelijk,volwassen,Noordoostelijk,n/a,headsetmicrofoon,48000
20080414,boergait,20080414,0.7354258,True,mannelijk,volwassen,Noordoostelijk,n/a,headsetmicrofoon,48000
20080414,boergait,20080414,0.6912606,True,mannelijk,volwassen,Noordoostelijk,n/a,headsetmicrofoon,48000
20080414,boergait,20080414,0.7530406,True,mannelijk,volwassen,Noordoostelijk,n/a,headsetmicrofoon,48000
20080414,boergait,20080414,0.70155525,True,mannelijk,volwassen,Noordoostelijk,n/a,headsetmicrofoon,48000
20080414,boergait,20080418,0.6233895,False,mannelijk,volwassen,Noordoostelijk,n/a,headsetmicrofoon,48000
20080414,boergait,20080414,0.7627244,True,mannelijk,volwassen,Noordoostelijk,n/a,headsetmicrofoon,48000
20080414,boergait,20080414,0.7710391,True,mannelijk,volwassen,Noordoostelijk,n/a,headsetmicrofoon,48000
20080414,boergait,20080414,0.76455647,True,mannelijk,volwassen,Noordoostelijk,n/a,headsetmicrofoon,48000
20080414,boergait,20080414,0.72210324,True,mannelijk,volwassen,Noordoostelijk,n/a,headsetmicrofoon,48000
20080414,boergait,20080414,0.7428125,True,mannelijk,volwassen,Noordoostelijk,n/a,headsetmicrofoon,48000
20080414,boergait,20080414,0.7163614,True,mannelijk,volwassen,Noordoostelijk,n/a,headsetmicrofoon,48000
20080414,boergait,20080414,0.66816926,True,mannelijk,volwassen,Noordoostelijk,n/a,headsetmicrofoon,48000
20080414,boergait,20080414,0.6342475,True,mannelijk,volwassen,Noordoostelijk,n/a,headsetmicrofoon,48000
20080414,boergait,20080414,0.7174936,True,mannelijk,volwassen,Noordoostelijk,n/a,headsetmicrofoon,48000
20080414,boergait,20080414,0.6930313,True,mannelijk,volwassen,Noordoostelijk,n/a,headsetmicrofoon,48000
20080414,boergait,20080414,0.6914772,True,mannelijk,volwassen,Noordoostelijk,n/a,headsetmicrofoon,48000
20080414,boergait,20080414,0.7604451,True,mannelijk,volwassen,Noordoostelijk,n/a,headsetmicrofoon,48000
20080414,boergait,20080414,0.62928134,True,mannelijk,volwassen,Noordoostelijk,n/a,headsetmicrofoon,48000
20080414,boergait,20080414,0.7601094,True,mannelijk,volwassen,Noordoostelijk,n/a,headsetmicrofoon,48000
20080414,boergait,20080414,0.5776857,True,mannelijk,volwassen,Noordoostelijk,n/a,headsetmicrofoon,48000
20080414,boergait,20080414,0.7616074,True,mannelijk,volwassen,Noordoostelijk,n/a,headsetmicrofoon,48000
20080414,boergait,20080414,0.70893043,True,mannelijk,volwassen,Noordoostelijk,n/a,headsetmicrofoon,48000
20080414,boergait,20080414,0.63831884,True,mannelijk,volwassen,Noordoostelijk,n/a,headsetmicrofoon,48000
20080414,boergait,20080414,0.7350024,True,mannelijk,volwassen,Noordoostelijk,n/a,headsetmicrofoon,48000
20080414,boergait,20080414,0.8141309,True,mannelijk,volwassen,Noordoostelijk,n/a,headsetmicrofoon,48000
20080414,boergait,20080414,0.71546936,True,mannelijk,volwassen,Noordoostelijk,n/a,headsetmicrofoon,48000
20080414,boergait,20080414,0.7813691,True,mannelijk,volwassen,Noordoostelijk,n/a,headsetmicrofoon,48000
20080414,boergait,20080414,0.80496544,True,mannelijk,volwassen,Noordoostelijk,n/a,headsetmicrofoon,48000
20080414,boergait,20080414,0.78768426,True,mannelijk,volwassen,Noordoostelijk,n/a,headsetmicrofoon,48000
20080414,boergait,20080414,0.77686995,True,mannelijk,volwassen,Noordoostelijk,n/a,headsetmicrofoon,48000
20080414,boergait,20080414,0.72825253,True,mannelijk,volwassen,Noordoostelijk,n/a,headsetmicrofoon,48000
20080418,boergait,20080414,0.6477233,False,mannelijk,volwassen,Noordoostelijk,n/a,headsetmicrofoon,48000
20080418,boergait,20080414,0.6364161,False,mannelijk,volwassen,Noordoostelijk,n/a,headsetmicrofoon,48000
20080414,boergait,20080414,0.77739275,True,mannelijk,volwassen,Noordoostelijk,n/a,headsetmicrofoon,48000
20080414,boergait,20080414,0.75720483,True,mannelijk,volwassen,Noordoostelijk,n/a,headsetmicrofoon,48000
20080418,boergait,20080414,0.68564755,False,mannelijk,volwassen,Noordoostelijk,n/a,headsetmicrofoon,48000
20080418,boergait,20080414,0.45465484,False,mannelijk,volwassen,Noordoostelijk,n/a,headsetmicrofoon,48000
20080418,boergait,20080414,0.781133,False,mannelijk,volwassen,Noordoostelijk,n/a,headsetmicrofoon,48000
20080418,boergait,20080414,0.75947213,False,mannelijk,volwassen,Noordoostelijk,n/a,headsetmicrofoon,48000
20080418,boergait,20080414,0.70570505,False,mannelijk,volwassen,Noordoostelijk,n/a,headsetmicrofoon,48000
20080418,boergait,20080414,0.6647922,False,mannelijk,volwassen,Noordoostelijk,n/a,headsetmicrofoon,48000
20080418,boergait,20080414,0.63152415,False,mannelijk,volwassen,Noordoostelijk,n/a,headsetmicrofoon,48000
20080418,boergait,20080414,0.76501286,False,mannelijk,volwassen,Noordoostelijk,n/a,headsetmicrofoon,48000
20080418,boergait,20080414,0.6011187,False,mannelijk,volwassen,Noordoostelijk,n/a,headsetmicrofoon,48000
20080418,boergait,20080912,0.5843271,False,mannelijk,volwassen,Noordoostelijk,n/a,headsetmicrofoon,48000
20080418,boergait,20080414,0.6717311,False,mannelijk,volwassen,Noordoostelijk,n/a,headsetmicrofoon,48000
20080418,boergait,20080414,0.6138015,False,mannelijk,volwassen,Noordoostelijk,n/a,headsetmicrofoon,48000
20080418,boergait,20080414,0.69639415,False,mannelijk,volwassen,Noordoostelijk,n/a,headsetmicrofoon,48000
20080418,boergait,20080414,0.73920155,False,mannelijk,volwassen,Noordoostelijk,n/a,headsetmicrofoon,48000
20080418,boergait,20080414,0.7601488,False,mannelijk,volwassen,Noordoostelijk,n/a,headsetmicrofoon,48000
20080418,boergait,20080414,0.6672072,False,mannelijk,volwassen,Noordoostelijk,n/a,headsetmicrofoon,48000
20080418,boergait,20080414,0.7177439,False,mannelijk,volwassen,Noordoostelijk,n/a,headsetmicrofoon,48000
20080418,boergait,20080414,0.7233555,False,mannelijk,volwassen,Noordoostelijk,n/a,headsetmicrofoon,48000
20080418,boergait,20080414,0.6432806,False,mannelijk,volwassen,Noordoostelijk,n/a,headsetmicrofoon,48000
20080418,boergait,20080414,0.63148415,False,mannelijk,volwassen,Noordoostelijk,n/a,headsetmicrofoon,48000
20080418,boergait,20080414,0.73172796,False,mannelijk,volwassen,Noordoostelijk,n/a,headsetmicrofoon,48000
20080418,boergait,20080414,0.7589641,False,mannelijk,volwassen,Noordoostelijk,n/a,headsetmicrofoon,48000
20080418,boergait,20080414,0.74045396,False,mannelijk,volwassen,Noordoostelijk,n/a,headsetmicrofoon,48000
20080418,boergait,20080414,0.76845217,False,mannelijk,volwassen,Noordoostelijk,n/a,headsetmicrofoon,48000
20080418,boergait,20080414,0.75895244,False,mannelijk,volwassen,Noordoostelijk,n/a,headsetmicrofoon,48000
20080418,boergait,20080414,0.749169,False,mannelijk,volwassen,Noordoostelijk,n/a,headsetmicrofoon,48000
20080418,boergait,20080414,0.7096262,False,mannelijk,volwassen,Noordoostelijk,n/a,headsetmicrofoon,48000
20080418,boergait,20080414,0.70007044,False,mannelijk,volwassen,Noordoostelijk,n/a,headsetmicrofoon,48000
20080418,boergait,20080414,0.7176738,False,mannelijk,volwassen,Noordoostelijk,n/a,headsetmicrofoon,48000
20080418,boergait,20080414,0.74769235,False,mannelijk,volwassen,Noordoostelijk,n/a,headsetmicrofoon,48000
20080418,boergait,20080414,0.77125657,False,mannelijk,volwassen,Noordoostelijk,n/a,headsetmicrofoon,48000
20080418,boergait,20080414,0.7844019,False,mannelijk,volwassen,Noordoostelijk,n/a,headsetmicrofoon,48000
20080418,boergait,20080414,0.69253933,False,mannelijk,volwassen,Noordoostelijk,n/a,headsetmicrofoon,48000
20080418,boergait,20080414,0.6759914,False,mannelijk,volwassen,Noordoostelijk,n/a,headsetmicrofoon,48000
20080418,boergait,20080414,0.7256248,False,mannelijk,volwassen,Noordoostelijk,n/a,headsetmicrofoon,48000
20080418,boergait,20080414,0.82338893,False,mannelijk,volwassen,Noordoostelijk,n/a,headsetmicrofoon,48000
20080418,boergait,20080418,0.54957104,True,mannelijk,volwassen,Noordoostelijk,n/a,headsetmicrofoon,48000
20080418,boergait,20080414,0.7553292,False,mannelijk,volwassen,Noordoostelijk,n/a,headsetmicrofoon,48000
20080418,boergait,20080418,0.7162253,True,mannelijk,volwassen,Noordoostelijk,n/a,headsetmicrofoon,48000
20080418,boergait,20080414,0.7904819,False,mannelijk,volwassen,Noordoostelijk,n/a,headsetmicrofoon,48000
20080418,boergait,20080414,0.84006345,False,mannelijk,volwassen,Noordoostelijk,n/a,headsetmicrofoon,48000
20080418,boergait,20080414,0.75433517,False,mannelijk,volwassen,Noordoostelijk,n/a,headsetmicrofoon,48000
20080418,boergait,20080414,0.75882643,False,mannelijk,volwassen,Noordoostelijk,n/a,headsetmicrofoon,48000
20080418,boergait,20080414,0.72271794,False,mannelijk,volwassen,Noordoostelijk,n/a,headsetmicrofoon,48000
20080418,boergait,20080414,0.733046,False,mannelijk,volwassen,Noordoostelijk,n/a,headsetmicrofoon,48000
20080418,boergait,20080414,0.80124116,False,mannelijk,volwassen,Noordoostelijk,n/a,headsetmicrofoon,48000
20080418,boergait,20080418,0.9997834,True,mannelijk,volwassen,Noordoostelijk,n/a,headsetmicrofoon,48000
20080418,boergait,20080414,0.68258584,False,mannelijk,volwassen,Noordoostelijk,n/a,headsetmicrofoon,48000
20080418,boergait,20080418,0.75174284,True,mannelijk,volwassen,Noordoostelijk,n/a,headsetmicrofoon,48000
20080418,boergait,20080414,0.7456337,False,mannelijk,volwassen,Noordoostelijk,n/a,headsetmicrofoon,48000
20080418,boergait,20080414,0.7583759,False,mannelijk,volwassen,Noordoostelijk,n/a,headsetmicrofoon,48000
20080418,boergait,20080418,0.7062547,True,mannelijk,volwassen,Noordoostelijk,n/a,headsetmicrofoon,48000
20080418,boergait,20080414,0.73159206,False,mannelijk,volwassen,Noordoostelijk,n/a,headsetmicrofoon,48000
20080418,boergait,20080414,0.76268107,False,mannelijk,volwassen,Noordoostelijk,n/a,headsetmicrofoon,48000
20080418,boergait,20080414,0.68857217,False,mannelijk,volwassen,Noordoostelijk,n/a,headsetmicrofoon,48000
20080418,boergait,20080414,0.72094893,False,mannelijk,volwassen,Noordoostelijk,n/a,headsetmicrofoon,48000
20080419,boergait,20080414,0.7831358,False,mannelijk,volwassen,Noordoostelijk,n/a,headsetmicrofoon,48000
20080418,boergait,20080414,0.7718392,False,mannelijk,volwassen,Noordoostelijk,n/a,headsetmicrofoon,48000
20080419,boergait,20080414,0.6915933,False,mannelijk,volwassen,Noordoostelijk,n/a,headsetmicrofoon,48000
20080419,boergait,20080414,0.6396573,False,mannelijk,volwassen,Noordoostelijk,n/a,headsetmicrofoon,48000
20080419,boergait,20080414,0.70743096,False,mannelijk,volwassen,Noordoostelijk,n/a,headsetmicrofoon,48000
20080419,boergait,20080414,0.7294791,False,mannelijk,volwassen,Noordoostelijk,n/a,headsetmicrofoon,48000
20080419,boergait,20080414,0.74364704,False,mannelijk,volwassen,Noordoostelijk,n/a,headsetmicrofoon,48000
20080419,boergait,20080414,0.7476516,False,mannelijk,volwassen,Noordoostelijk,n/a,headsetmicrofoon,48000
20080419,boergait,20080414,0.69941676,False,mannelijk,volwassen,Noordoostelijk,n/a,headsetmicrofoon,48000
20080419,boergait,20080414,0.7565846,False,mannelijk,volwassen,Noordoostelijk,n/a,headsetmicrofoon,48000
20080419,boergait,20080414,0.76222104,False,mannelijk,volwassen,Noordoostelijk,n/a,headsetmicrofoon,48000
20080419,boergait,20080418,0.7693893,False,mannelijk,volwassen,Noordoostelijk,n/a,headsetmicrofoon,48000
20080419,boergait,20080414,0.735464,False,mannelijk,volwassen,Noordoostelijk,n/a,headsetmicrofoon,48000
20080419,boergait,20080414,0.77645373,False,mannelijk,volwassen,Noordoostelijk,n/a,headsetmicrofoon,48000
20080419,boergait,20080414,0.7803645,False,mannelijk,volwassen,Noordoostelijk,n/a,headsetmicrofoon,48000
20080419,boergait,20080414,0.7004738,False,mannelijk,volwassen,Noordoostelijk,n/a,headsetmicrofoon,48000
20080419,boergait,20080414,0.69848436,False,mannelijk,volwassen,Noordoostelijk,n/a,headsetmicrofoon,48000
20080419,boergait,20080414,0.710227,False,mannelijk,volwassen,Noordoostelijk,n/a,headsetmicrofoon,48000
20080419,boergait,20080414,0.73164207,False,mannelijk,volwassen,Noordoostelijk,n/a,headsetmicrofoon,48000
20080419,boergait,20080414,0.67460084,False,mannelijk,volwassen,Noordoostelijk,n/a,headsetmicrofoon,48000
20080419,boergait,20080414,0.7346936,False,mannelijk,volwassen,Noordoostelijk,n/a,headsetmicrofoon,48000
20080419,boergait,20080418,0.54980576,False,mannelijk,volwassen,Noordoostelijk,n/a,headsetmicrofoon,48000
20080419,boergait,20080912,0.5234663,False,mannelijk,volwassen,Noordoostelijk,n/a,headsetmicrofoon,48000
20080419,boergait,20080418,0.62015784,False,mannelijk,volwassen,Noordoostelijk,n/a,headsetmicrofoon,48000
20080419,boergait,20080414,0.5956539,False,mannelijk,volwassen,Noordoostelijk,n/a,headsetmicrofoon,48000
20080419,boergait,20080414,0.70383096,False,mannelijk,volwassen,Noordoostelijk,n/a,headsetmicrofoon,48000
20080419,boergait,20080414,0.6900967,False,mannelijk,volwassen,Noordoostelijk,n/a,headsetmicrofoon,48000
20080419,boergait,20080414,0.67658925,False,mannelijk,volwassen,Noordoostelijk,n/a,headsetmicrofoon,48000
20080419,boergait,20080414,0.7188926,False,mannelijk,volwassen,Noordoostelijk,n/a,headsetmicrofoon,48000
20080419,boergait,20080414,0.7684562,False,mannelijk,volwassen,Noordoostelijk,n/a,headsetmicrofoon,48000
20080419,boergait,20080414,0.68410575,False,mannelijk,volwassen,Noordoostelijk,n/a,headsetmicrofoon,48000
20080419,boergait,20080414,0.7023022,False,mannelijk,volwassen,Noordoostelijk,n/a,headsetmicrofoon,48000
20080419,boergait,20080414,0.7536834,False,mannelijk,volwassen,Noordoostelijk,n/a,headsetmicrofoon,48000
20080419,boergait,20080414,0.74379283,False,mannelijk,volwassen,Noordoostelijk,n/a,headsetmicrofoon,48000
20080419,boergait,20080418,0.6671853,False,mannelijk,volwassen,Noordoostelijk,n/a,headsetmicrofoon,48000
20080419,boergait,20080414,0.7089377,False,mannelijk,volwassen,Noordoostelijk,n/a,headsetmicrofoon,48000
20080419,boergait,20080414,0.65399116,False,mannelijk,volwassen,Noordoostelijk,n/a,headsetmicrofoon,48000
20080419,boergait,20080418,0.5349465,False,mannelijk,volwassen,Noordoostelijk,n/a,headsetmicrofoon,48000
20080419,boergait,20080414,0.70970917,False,mannelijk,volwassen,Noordoostelijk,n/a,headsetmicrofoon,48000
20080419,boergait,20080414,0.7361734,False,mannelijk,volwassen,Noordoostelijk,n/a,headsetmicrofoon,48000
20080419,boergait,20080414,0.75354564,False,mannelijk,volwassen,Noordoostelijk,n/a,headsetmicrofoon,48000
20080419,boergait,20080414,0.63464355,False,mannelijk,volwassen,Noordoostelijk,n/a,headsetmicrofoon,48000
20080419,boergait,20080414,0.767342,False,mannelijk,volwassen,Noordoostelijk,n/a,headsetmicrofoon,48000
20080419,boergait,20080414,0.74250627,False,mannelijk,volwassen,Noordoostelijk,n/a,headsetmicrofoon,48000
20080419,boergait,20080414,0.78197825,False,mannelijk,volwassen,Noordoostelijk,n/a,headsetmicrofoon,48000
20080419,boergait,20080414,0.6431222,False,mannelijk,volwassen,Noordoostelijk,n/a,headsetmicrofoon,48000
20080419,boergait,20080414,0.7379326,False,mannelijk,volwassen,Noordoostelijk,n/a,headsetmicrofoon,48000
20080419,boergait,20080414,0.70178974,False,mannelijk,volwassen,Noordoostelijk,n/a,headsetmicrofoon,48000
20080419,boergait,20080414,0.69492376,False,mannelijk,volwassen,Noordoostelijk,n/a,headsetmicrofoon,48000
20080419,boergait,20080414,0.7467993,False,mannelijk,volwassen,Noordoostelijk,n/a,headsetmicrofoon,48000
20080419,boergait,20080414,0.51548415,False,mannelijk,volwassen,Noordoostelijk,n/a,headsetmicrofoon,48000
20080419,boergait,20080414,0.5674328,False,mannelijk,volwassen,Noordoostelijk,n/a,headsetmicrofoon,48000
20080419,boergait,20080414,0.67222816,False,mannelijk,volwassen,Noordoostelijk,n/a,headsetmicrofoon,48000
20080419,boergait,20080414,0.6379574,False,mannelijk,volwassen,Noordoostelijk,n/a,headsetmicrofoon,48000
20080419,boergait,20080414,0.60525197,False,mannelijk,volwassen,Noordoostelijk,n/a,headsetmicrofoon,48000
20080419,boergait,20080414,0.6139913,False,mannelijk,volwassen,Noordoostelijk,n/a,headsetmicrofoon,48000
20080419,boergait,20080414,0.6377043,False,mannelijk,volwassen,Noordoostelijk,n/a,headsetmicrofoon,48000
20080419,boergait,20080418,0.5979861,False,mannelijk,volwassen,Noordoostelijk,n/a,headsetmicrofoon,48000
20080419,boergait,20080414,0.66856813,False,mannelijk,volwassen,Noordoostelijk,n/a,headsetmicrofoon,48000
20080419,boergait,20080414,0.6423591,False,mannelijk,volwassen,Noordoostelijk,n/a,headsetmicrofoon,48000
20080419,boergait,20080414,0.7334523,False,mannelijk,volwassen,Noordoostelijk,n/a,headsetmicrofoon,48000
20080419,boergait,20080414,0.79099613,False,mannelijk,volwassen,Noordoostelijk,n/a,headsetmicrofoon,48000
20080419,boergait,20080418,0.75474143,False,mannelijk,volwassen,Noordoostelijk,n/a,headsetmicrofoon,48000
20080419,boergait,20080414,0.68416214,False,mannelijk,volwassen,Noordoostelijk,n/a,headsetmicrofoon,48000
20080419,boergait,20080414,0.74786574,False,mannelijk,volwassen,Noordoostelijk,n/a,headsetmicrofoon,48000
20080419,boergait,20080414,0.7724479,False,mannelijk,volwassen,Noordoostelijk,n/a,headsetmicrofoon,48000
20080419,boergait,20080418,0.6824248,False,mannelijk,volwassen,Noordoostelijk,n/a,headsetmicrofoon,48000
20080419,boergait,20080414,0.71765256,False,mannelijk,volwassen,Noordoostelijk,n/a,headsetmicrofoon,48000
20080419,boergait,20080418,0.6998228,False,mannelijk,volwassen,Noordoostelijk,n/a,headsetmicrofoon,48000
20080419,boergait,20080418,0.70207727,False,mannelijk,volwassen,Noordoostelijk,n/a,headsetmicrofoon,48000
20080419,boergait,20080414,0.70999086,False,mannelijk,volwassen,Noordoostelijk,n/a,headsetmicrofoon,48000
20080419,boergait,20080414,0.6615896,False,mannelijk,volwassen,Noordoostelijk,n/a,headsetmicrofoon,48000
20080419,boergait,20080414,0.5349997,False,mannelijk,volwassen,Noordoostelijk,n/a,headsetmicrofoon,48000
20080419,boergait,20080414,0.6110088,False,mannelijk,volwassen,Noordoostelijk,n/a,headsetmicrofoon,48000
20080419,boergait,20080414,0.56684184,False,mannelijk,volwassen,Noordoostelijk,n/a,headsetmicrofoon,48000
20080419,boergait,20080414,0.62493974,False,mannelijk,volwassen,Noordoostelijk,n/a,headsetmicrofoon,48000
20080419,boergait,20080414,0.584514,False,mannelijk,volwassen,Noordoostelijk,n/a,headsetmicrofoon,48000
20080419,boergait,20080418,0.6081062,False,mannelijk,volwassen,Noordoostelijk,n/a,headsetmicrofoon,48000
20080419,boergait,20080414,0.6356473,False,mannelijk,volwassen,Noordoostelijk,n/a,headsetmicrofoon,48000
20080419,boergait,20080414,0.6342387,False,mannelijk,volwassen,Noordoostelijk,n/a,headsetmicrofoon,48000
20080419,boergait,20080414,0.6766937,False,mannelijk,volwassen,Noordoostelijk,n/a,headsetmicrofoon,48000
20080419,boergait,20080418,0.65418625,False,mannelijk,volwassen,Noordoostelijk,n/a,headsetmicrofoon,48000
20080419,boergait,20080414,0.6722703,False,mannelijk,volwassen,Noordoostelijk,n/a,headsetmicrofoon,48000
20080419,boergait,20080414,0.6341286,False,mannelijk,volwassen,Noordoostelijk,n/a,headsetmicrofoon,48000
20080419,boergait,20080418,0.5448203,False,mannelijk,volwassen,Noordoostelijk,n/a,headsetmicrofoon,48000
20080419,boergait,20080418,0.53345,False,mannelijk,volwassen,Noordoostelijk,n/a,headsetmicrofoon,48000
20080419,boergait,20080414,0.63766086,False,mannelijk,volwassen,Noordoostelijk,n/a,headsetmicrofoon,48000
20080419,boergait,20080418,0.496619,False,mannelijk,volwassen,Noordoostelijk,n/a,headsetmicrofoon,48000
20080419,boergait,20080418,0.52852213,False,mannelijk,volwassen,Noordoostelijk,n/a,headsetmicrofoon,48000
20080419,boergait,20080414,0.6151416,False,mannelijk,volwassen,Noordoostelijk,n/a,headsetmicrofoon,48000
20080419,boergait,20080414,0.6046308,False,mannelijk,volwassen,Noordoostelijk,n/a,headsetmicrofoon,48000
20080419,boergait,20080414,0.6821796,False,mannelijk,volwassen,Noordoostelijk,n/a,headsetmicrofoon,48000
20080419,boergait,20080414,0.71149427,False,mannelijk,volwassen,Noordoostelijk,n/a,headsetmicrofoon,48000
20080419,boergait,20080414,0.67616665,False,mannelijk,volwassen,Noordoostelijk,n/a,headsetmicrofoon,48000
20080419,boergait,20080414,0.70587915,False,mannelijk,volwassen,Noordoostelijk,n/a,headsetmicrofoon,48000
20080419,boergait,20080414,0.6857091,False,mannelijk,volwassen,Noordoostelijk,n/a,headsetmicrofoon,48000
20080419,boergait,20080414,0.7351099,False,mannelijk,volwassen,Noordoostelijk,n/a,headsetmicrofoon,48000
20080419,boergait,20080414,0.679791,False,mannelijk,volwassen,Noordoostelijk,n/a,headsetmicrofoon,48000
20080419,boergait,20080414,0.75822747,False,mannelijk,volwassen,Noordoostelijk,n/a,headsetmicrofoon,48000
20080419,boergait,20080414,0.63840497,False,mannelijk,volwassen,Noordoostelijk,n/a,headsetmicrofoon,48000
20080419,boergait,20080414,0.6560102,False,mannelijk,volwassen,Noordoostelijk,n/a,headsetmicrofoon,48000
20080419,boergait,20080414,0.64035606,False,mannelijk,volwassen,Noordoostelijk,n/a,headsetmicrofoon,48000
20080419,boergait,20080414,0.6663549,False,mannelijk,volwassen,Noordoostelijk,n/a,headsetmicrofoon,48000
20080419,boergait,20080414,0.6613063,False,mannelijk,volwassen,Noordoostelijk,n/a,headsetmicrofoon,48000
20080419,boergait,20080414,0.6472727,False,mannelijk,volwassen,Noordoostelijk,n/a,headsetmicrofoon,48000
20080419,boergait,20080414,0.656533,False,mannelijk,volwassen,Noordoostelijk,n/a,headsetmicrofoon,48000
20080419,boergait,20080414,0.6379268,False,mannelijk,volwassen,Noordoostelijk,n/a,headsetmicrofoon,48000
20080419,boergait,20080414,0.614439,False,mannelijk,volwassen,Noordoostelijk,n/a,headsetmicrofoon,48000
20080419,boergait,20080414,0.573593,False,mannelijk,volwassen,Noordoostelijk,n/a,headsetmicrofoon,48000
20080419,boergait,20080414,0.5973903,False,mannelijk,volwassen,Noordoostelijk,n/a,headsetmicrofoon,48000
20080419,boergait,20080414,0.64630294,False,mannelijk,volwassen,Noordoostelijk,n/a,headsetmicrofoon,48000
20080419,boergait,20080414,0.65493417,False,mannelijk,volwassen,Noordoostelijk,n/a,headsetmicrofoon,48000
20080419,boergait,20080414,0.5939589,False,mannelijk,volwassen,Noordoostelijk,n/a,headsetmicrofoon,48000
20080419,boergait,20080414,0.6060188,False,mannelijk,volwassen,Noordoostelijk,n/a,headsetmicrofoon,48000
20080419,boergait,20080414,0.6273127,False,mannelijk,volwassen,Noordoostelijk,n/a,headsetmicrofoon,48000
20080419,boergait,20080418,0.5753017,False,mannelijk,volwassen,Noordoostelijk,n/a,headsetmicrofoon,48000
20080419,boergait,20080414,0.5873315,False,mannelijk,volwassen,Noordoostelijk,n/a,headsetmicrofoon,48000
20080419,boergait,20080414,0.60998,False,mannelijk,volwassen,Noordoostelijk,n/a,headsetmicrofoon,48000
20080419,boergait,20080414,0.64234173,False,mannelijk,volwassen,Noordoostelijk,n/a,headsetmicrofoon,48000
20080419,boergait,20080414,0.6522775,False,mannelijk,volwassen,Noordoostelijk,n/a,headsetmicrofoon,48000
20080419,boergait,20080414,0.6833372,False,mannelijk,volwassen,Noordoostelijk,n/a,headsetmicrofoon,48000
20080419,boergait,20080414,0.76577616,False,mannelijk,volwassen,Noordoostelijk,n/a,headsetmicrofoon,48000
20080419,boergait,20080414,0.70834017,False,mannelijk,volwassen,Noordoostelijk,n/a,headsetmicrofoon,48000
20080419,boergait,20080414,0.6417448,False,mannelijk,volwassen,Noordoostelijk,n/a,headsetmicrofoon,48000
20080419,boergait,20080414,0.5954877,False,mannelijk,volwassen,Noordoostelijk,n/a,headsetmicrofoon,48000
20080419,boergait,20080414,0.691571,False,mannelijk,volwassen,Noordoostelijk,n/a,headsetmicrofoon,48000
20080419,boergait,20080414,0.6593929,False,mannelijk,volwassen,Noordoostelijk,n/a,headsetmicrofoon,48000
20080419,boergait,20080414,0.6436159,False,mannelijk,volwassen,Noordoostelijk,n/a,headsetmicrofoon,48000
20080419,boergait,20080414,0.7153735,False,mannelijk,volwassen,Noordoostelijk,n/a,headsetmicrofoon,48000
20080419,boergait,20080418,0.7389276,False,mannelijk,volwassen,Noordoostelijk,n/a,headsetmicrofoon,48000
20080419,boergait,20080414,0.6751754,False,mannelijk,volwassen,Noordoostelijk,n/a,headsetmicrofoon,48000
20080419,boergait,20080414,0.80726945,False,mannelijk,volwassen,Noordoostelijk,n/a,headsetmicrofoon,48000
20080419,boergait,20080414,0.7087391,False,mannelijk,volwassen,Noordoostelijk,n/a,headsetmicrofoon,48000
20080419,boergait,20080414,0.7868675,False,mannelijk,volwassen,Noordoostelijk,n/a,headsetmicrofoon,48000
20080419,boergait,20080414,0.65191996,False,mannelijk,volwassen,Noordoostelijk,n/a,headsetmicrofoon,48000
20080419,boergait,20080414,0.7081114,False,mannelijk,volwassen,Noordoostelijk,n/a,headsetmicrofoon,48000
20080419,boergait,20080414,0.7350812,False,mannelijk,volwassen,Noordoostelijk,n/a,headsetmicrofoon,48000
20080419,boergait,20080414,0.7639828,False,mannelijk,volwassen,Noordoostelijk,n/a,headsetmicrofoon,48000
20080419,boergait,20080414,0.775993,False,mannelijk,volwassen,Noordoostelijk,n/a,headsetmicrofoon,48000
20080419,boergait,20080414,0.71536684,False,mannelijk,volwassen,Noordoostelijk,n/a,headsetmicrofoon,48000
20080419,boergait,20080414,0.71374136,False,mannelijk,volwassen,Noordoostelijk,n/a,headsetmicrofoon,48000
20080419,boergait,20080414,0.54783,False,mannelijk,volwassen,Noordoostelijk,n/a,headsetmicrofoon,48000
20080419,boergait,20080414,0.7495457,False,mannelijk,volwassen,Noordoostelijk,n/a,headsetmicrofoon,48000
20080419,boergait,20080414,0.60477674,False,mannelijk,volwassen,Noordoostelijk,n/a,headsetmicrofoon,48000
20080419,boergait,20080414,0.6740073,False,mannelijk,volwassen,Noordoostelijk,n/a,headsetmicrofoon,48000
20080419,boergait,20080414,0.6350022,False,mannelijk,volwassen,Noordoostelijk,n/a,headsetmicrofoon,48000
20080419,boergait,20080414,0.6576107,False,mannelijk,volwassen,Noordoostelijk,n/a,headsetmicrofoon,48000
20080419,boergait,20080414,0.6698363,False,mannelijk,volwassen,Noordoostelijk,n/a,headsetmicrofoon,48000
20080419,boergait,20080414,0.69787496,False,mannelijk,volwassen,Noordoostelijk,n/a,headsetmicrofoon,48000
20080419,boergait,20080418,0.67018765,False,mannelijk,volwassen,Noordoostelijk,n/a,headsetmicrofoon,48000
20080419,boergait,20080414,0.64698726,False,mannelijk,volwassen,Noordoostelijk,n/a,headsetmicrofoon,48000
20080419,boergait,20080414,0.7432128,False,mannelijk,volwassen,Noordoostelijk,n/a,headsetmicrofoon,48000
20080419,boergait,20080414,0.6975765,False,mannelijk,volwassen,Noordoostelijk,n/a,headsetmicrofoon,48000
20080419,boergait,20080414,0.73695534,False,mannelijk,volwassen,Noordoostelijk,n/a,headsetmicrofoon,48000
20080419,boergait,20080418,0.7613627,False,mannelijk,volwassen,Noordoostelijk,n/a,headsetmicrofoon,48000
20080419,boergait,20080414,0.7720045,False,mannelijk,volwassen,Noordoostelijk,n/a,headsetmicrofoon,48000
20080419,boergait,20080414,0.76010245,False,mannelijk,volwassen,Noordoostelijk,n/a,headsetmicrofoon,48000
20080419,boergait,20080414,0.7448179,False,mannelijk,volwassen,Noordoostelijk,n/a,headsetmicrofoon,48000
20080419,boergait,20080414,0.6920428,False,mannelijk,volwassen,Noordoostelijk,n/a,headsetmicrofoon,48000
20080419,boergait,20080414,0.7551564,False,mannelijk,volwassen,Noordoostelijk,n/a,headsetmicrofoon,48000
20080419,boergait,20080418,0.66008735,False,mannelijk,volwassen,Noordoostelijk,n/a,headsetmicrofoon,48000
20080419,boergait,20080418,0.6710225,False,mannelijk,volwassen,Noordoostelijk,n/a,headsetmicrofoon,48000
20080419,boergait,20080414,0.59475976,False,mannelijk,volwassen,Noordoostelijk,n/a,headsetmicrofoon,48000
20080419,boergait,20080414,0.6823225,False,mannelijk,volwassen,Noordoostelijk,n/a,headsetmicrofoon,48000
20080419,boergait,20080414,0.68691516,False,mannelijk,volwassen,Noordoostelijk,n/a,headsetmicrofoon,48000
20080419,boergait,20080418,0.63907087,False,mannelijk,volwassen,Noordoostelijk,n/a,headsetmicrofoon,48000
20080419,boergait,20080414,0.5164622,False,mannelijk,volwassen,Noordoostelijk,n/a,headsetmicrofoon,48000
20080419,boergait,20080414,0.58449566,False,mannelijk,volwassen,Noordoostelijk,n/a,headsetmicrofoon,48000
20080419,boergait,20080414,0.6909871,False,mannelijk,volwassen,Noordoostelijk,n/a,headsetmicrofoon,48000
20080419,boergait,20080414,0.7066537,False,mannelijk,volwassen,Noordoostelijk,n/a,headsetmicrofoon,48000
20080419,boergait,20080414,0.6596779,False,mannelijk,volwassen,Noordoostelijk,n/a,headsetmicrofoon,48000
20080419,boergait,20080414,0.6492562,False,mannelijk,volwassen,Noordoostelijk,n/a,headsetmicrofoon,48000
20080419,boergait,20080414,0.44897902,False,mannelijk,volwassen,Noordoostelijk,n/a,headsetmicrofoon,48000
20080419,boergait,20080414,0.6239009,False,mannelijk,volwassen,Noordoostelijk,n/a,headsetmicrofoon,48000
20080419,boergait,20080418,0.5480428,False,mannelijk,volwassen,Noordoostelijk,n/a,headsetmicrofoon,48000
20080419,boergait,20080414,0.65545696,False,mannelijk,volwassen,Noordoostelijk,n/a,headsetmicrofoon,48000
20080419,boergait,20080418,0.5905149,False,mannelijk,volwassen,Noordoostelijk,n/a,headsetmicrofoon,48000
20080419,boergait,20080414,0.65876883,False,mannelijk,volwassen,Noordoostelijk,n/a,headsetmicrofoon,48000
20080419,boergait,20080414,0.76224005,False,mannelijk,volwassen,Noordoostelijk,n/a,headsetmicrofoon,48000
20080419,boergait,20080414,0.6677278,False,mannelijk,volwassen,Noordoostelijk,n/a,headsetmicrofoon,48000
20080419,boergait,20080414,0.69256604,False,mannelijk,volwassen,Noordoostelijk,n/a,headsetmicrofoon,48000
20080419,boergait,20080414,0.70420855,False,mannelijk,volwassen,Noordoostelijk,n/a,headsetmicrofoon,48000
20080419,boergait,20080418,0.67306995,False,mannelijk,volwassen,Noordoostelijk,n/a,headsetmicrofoon,48000
20080419,boergait,20080418,0.72750413,False,mannelijk,volwassen,Noordoostelijk,n/a,headsetmicrofoon,48000
20080419,boergait,20080414,0.6463159,False,mannelijk,volwassen,Noordoostelijk,n/a,headsetmicrofoon,48000
20080419,boergait,20080414,0.6472562,False,mannelijk,volwassen,Noordoostelijk,n/a,headsetmicrofoon,48000
20080419,boergait,20080414,0.72724116,False,mannelijk,volwassen,Noordoostelijk,n/a,headsetmicrofoon,48000
20080419,boergait,20080414,0.59545904,False,mannelijk,volwassen,Noordoostelijk,n/a,headsetmicrofoon,48000
20080419,boergait,20080414,0.7476214,False,mannelijk,volwassen,Noordoostelijk,n/a,headsetmicrofoon,48000
20080419,boergait,20080414,0.7469382,False,mannelijk,volwassen,Noordoostelijk,n/a,headsetmicrofoon,48000
20080419,boergait,20080414,0.7192068,False,mannelijk,volwassen,Noordoostelijk,n/a,headsetmicrofoon,48000
20080419,boergait,20080414,0.6290518,False,mannelijk,volwassen,Noordoostelijk,n/a,headsetmicrofoon,48000
20080419,boergait,20080418,0.6964749,False,mannelijk,volwassen,Noordoostelijk,n/a,headsetmicrofoon,48000
20080419,boergait,20080418,0.61657,False,mannelijk,volwassen,Noordoostelijk,n/a,headsetmicrofoon,48000
20080419,boergait,20080414,0.74180955,False,mannelijk,volwassen,Noordoostelijk,n/a,headsetmicrofoon,48000
20080419,boergait,20080414,0.74014485,False,mannelijk,volwassen,Noordoostelijk,n/a,headsetmicrofoon,48000
20080419,boergait,20080414,0.72665334,False,mannelijk,volwassen,Noordoostelijk,n/a,headsetmicrofoon,48000
20080419,boergait,20080414,0.66659284,False,mannelijk,volwassen,Noordoostelijk,n/a,headsetmicrofoon,48000
20080419,boergait,20080414,0.6512741,False,mannelijk,volwassen,Noordoostelijk,n/a,headsetmicrofoon,48000
20080419,boergait,20080414,0.71608126,False,mannelijk,volwassen,Noordoostelijk,n/a,headsetmicrofoon,48000
20080419,boergait,20080414,0.7174381,False,mannelijk,volwassen,Noordoostelijk,n/a,headsetmicrofoon,48000
20080419,boergait,20080414,0.68425906,False,mannelijk,volwassen,Noordoostelijk,n/a,headsetmicrofoon,48000
20080419,boergait,20080414,0.6590137,False,mannelijk,volwassen,Noordoostelijk,n/a,headsetmicrofoon,48000
20080419,boergait,20080414,0.6966008,False,mannelijk,volwassen,Noordoostelijk,n/a,headsetmicrofoon,48000
20080419,boergait,20080414,0.6846641,False,mannelijk,volwassen,Noordoostelijk,n/a,headsetmicrofoon,48000
20080419,boergait,20080414,0.7273078,False,mannelijk,volwassen,Noordoostelijk,n/a,headsetmicrofoon,48000
20080419,boergait,20080414,0.68672174,False,mannelijk,volwassen,Noordoostelijk,n/a,headsetmicrofoon,48000
20080419,boergait,20080414,0.7287221,False,mannelijk,volwassen,Noordoostelijk,n/a,headsetmicrofoon,48000
20080419,boergait,20080414,0.6673746,False,mannelijk,volwassen,Noordoostelijk,n/a,headsetmicrofoon,48000
20080419,boergait,20080414,0.6164584,False,mannelijk,volwassen,Noordoostelijk,n/a,headsetmicrofoon,48000
20080419,boergait,20080414,0.7197928,False,mannelijk,volwassen,Noordoostelijk,n/a,headsetmicrofoon,48000
20080419,boergait,20080414,0.6775411,False,mannelijk,volwassen,Noordoostelijk,n/a,headsetmicrofoon,48000
20080419,boergait,20080414,0.6883751,False,mannelijk,volwassen,Noordoostelijk,n/a,headsetmicrofoon,48000
20080419,boergait,20080414,0.6357807,False,mannelijk,volwassen,Noordoostelijk,n/a,headsetmicrofoon,48000
20080419,boergait,20080418,0.6329033,False,mannelijk,volwassen,Noordoostelijk,n/a,headsetmicrofoon,48000
20080419,boergait,20080414,0.69848126,False,mannelijk,volwassen,Noordoostelijk,n/a,headsetmicrofoon,48000
20080419,boergait,20080219,0.39406228,False,mannelijk,volwassen,Noordoostelijk,n/a,headsetmicrofoon,48000
20080419,boergait,20080418,0.61438787,False,mannelijk,volwassen,Noordoostelijk,n/a,headsetmicrofoon,48000
20080419,boergait,20080414,0.5771928,False,mannelijk,volwassen,Noordoostelijk,n/a,headsetmicrofoon,48000
20080419,boergait,20080418,0.5562695,False,mannelijk,volwassen,Noordoostelijk,n/a,headsetmicrofoon,48000
20080419,boergait,20080418,0.701882,False,mannelijk,volwassen,Noordoostelijk,n/a,headsetmicrofoon,48000
20080419,boergait,20080414,0.64225084,False,mannelijk,volwassen,Noordoostelijk,n/a,headsetmicrofoon,48000
20080419,boergait,20080414,0.6998451,False,mannelijk,volwassen,Noordoostelijk,n/a,headsetmicrofoon,48000
20080419,boergait,20080414,0.7221222,False,mannelijk,volwassen,Noordoostelijk,n/a,headsetmicrofoon,48000
20080419,boergait,20080414,0.6621319,False,mannelijk,volwassen,Noordoostelijk,n/a,headsetmicrofoon,48000
20080419,boergait,20080414,0.71085745,False,mannelijk,volwassen,Noordoostelijk,n/a,headsetmicrofoon,48000
20080419,boergait,20080414,0.6035925,False,mannelijk,volwassen,Noordoostelijk,n/a,headsetmicrofoon,48000
20080419,boergait,20080414,0.6332943,False,mannelijk,volwassen,Noordoostelijk,n/a,headsetmicrofoon,48000
20080419,boergait,20080418,0.59507215,False,mannelijk,volwassen,Noordoostelijk,n/a,headsetmicrofoon,48000
20080419,boergait,20080414,0.6348417,False,mannelijk,volwassen,Noordoostelijk,n/a,headsetmicrofoon,48000
20080419,boergait,20080414,0.6899721,False,mannelijk,volwassen,Noordoostelijk,n/a,headsetmicrofoon,48000
20080419,boergait,20080414,0.7063983,False,mannelijk,volwassen,Noordoostelijk,n/a,headsetmicrofoon,48000
20080419,boergait,20080414,0.63789886,False,mannelijk,volwassen,Noordoostelijk,n/a,headsetmicrofoon,48000
20080419,boergait,20080414,0.6750356,False,mannelijk,volwassen,Noordoostelijk,n/a,headsetmicrofoon,48000
20080419,boergait,20080414,0.67996144,False,mannelijk,volwassen,Noordoostelijk,n/a,headsetmicrofoon,48000
20080419,boergait,20080414,0.7124597,False,mannelijk,volwassen,Noordoostelijk,n/a,headsetmicrofoon,48000
20080419,boergait,20080414,0.6877472,False,mannelijk,volwassen,Noordoostelijk,n/a,headsetmicrofoon,48000
20080419,boergait,20080414,0.6695277,False,mannelijk,volwassen,Noordoostelijk,n/a,headsetmicrofoon,48000
20080419,boergait,20080414,0.6712989,False,mannelijk,volwassen,Noordoostelijk,n/a,headsetmicrofoon,48000
20080419,boergait,20080414,0.6907519,False,mannelijk,volwassen,Noordoostelijk,n/a,headsetmicrofoon,48000
20080419,boergait,20080414,0.6561014,False,mannelijk,volwassen,Noordoostelijk,n/a,headsetmicrofoon,48000
20080419,boergait,20080414,0.53194946,False,mannelijk,volwassen,Noordoostelijk,n/a,headsetmicrofoon,48000
20080419,boergait,20080414,0.67135584,False,mannelijk,volwassen,Noordoostelijk,n/a,headsetmicrofoon,48000
20080419,boergait,20080414,0.6957637,False,mannelijk,volwassen,Noordoostelijk,n/a,headsetmicrofoon,48000
20080419,boergait,20080414,0.56122506,False,mannelijk,volwassen,Noordoostelijk,n/a,headsetmicrofoon,48000
20080419,boergait,20080414,0.6719459,False,mannelijk,volwassen,Noordoostelijk,n/a,headsetmicrofoon,48000
20080419,boergait,20080414,0.7393981,False,mannelijk,volwassen,Noordoostelijk,n/a,headsetmicrofoon,48000
20080419,boergait,20080414,0.63206065,False,mannelijk,volwassen,Noordoostelijk,n/a,headsetmicrofoon,48000
20080419,boergait,20080414,0.6277282,False,mannelijk,volwassen,Noordoostelijk,n/a,headsetmicrofoon,48000
20080419,boergait,20080414,0.6857529,False,mannelijk,volwassen,Noordoostelijk,n/a,headsetmicrofoon,48000
20080419,boergait,20080414,0.6454067,False,mannelijk,volwassen,Noordoostelijk,n/a,headsetmicrofoon,48000
20080419,boergait,20080414,0.65434766,False,mannelijk,volwassen,Noordoostelijk,n/a,headsetmicrofoon,48000
20080419,boergait,20080414,0.6270675,False,mannelijk,volwassen,Noordoostelijk,n/a,headsetmicrofoon,48000
20080419,boergait,20080418,0.47504133,False,mannelijk,volwassen,Noordoostelijk,n/a,headsetmicrofoon,48000
20080419,boergait,20080418,0.59530663,False,mannelijk,volwassen,Noordoostelijk,n/a,headsetmicrofoon,48000
20080419,boergait,20080414,0.5871385,False,mannelijk,volwassen,Noordoostelijk,n/a,headsetmicrofoon,48000
20080419,boergait,20080414,0.6725918,False,mannelijk,volwassen,Noordoostelijk,n/a,headsetmicrofoon,48000
20080419,boergait,20080414,0.67525685,False,mannelijk,volwassen,Noordoostelijk,n/a,headsetmicrofoon,48000
20080419,boergait,20080414,0.6013848,False,mannelijk,volwassen,Noordoostelijk,n/a,headsetmicrofoon,48000
20080419,boergait,20080414,0.6462661,False,mannelijk,volwassen,Noordoostelijk,n/a,headsetmicrofoon,48000
20080419,boergait,20080414,0.6792638,False,mannelijk,volwassen,Noordoostelijk,n/a,headsetmicrofoon,48000
20080419,boergait,20080414,0.65917087,False,mannelijk,volwassen,Noordoostelijk,n/a,headsetmicrofoon,48000
20080419,boergait,20080414,0.70469975,False,mannelijk,volwassen,Noordoostelijk,n/a,headsetmicrofoon,48000
20080419,boergait,20080414,0.760003,False,mannelijk,volwassen,Noordoostelijk,n/a,headsetmicrofoon,48000
20080419,boergait,20080414,0.75854015,False,mannelijk,volwassen,Noordoostelijk,n/a,headsetmicrofoon,48000
20080419,boergait,20080414,0.51429284,False,mannelijk,volwassen,Noordoostelijk,n/a,headsetmicrofoon,48000
20080419,boergait,20080414,0.59564114,False,mannelijk,volwassen,Noordoostelijk,n/a,headsetmicrofoon,48000
20080419,boergait,20080414,0.73387015,False,mannelijk,volwassen,Noordoostelijk,n/a,headsetmicrofoon,48000
20080419,boergait,20080414,0.6390499,False,mannelijk,volwassen,Noordoostelijk,n/a,headsetmicrofoon,48000
20080419,boergait,20080414,0.76096183,False,mannelijk,volwassen,Noordoostelijk,n/a,headsetmicrofoon,48000
20080419,boergait,20080414,0.723217,False,mannelijk,volwassen,Noordoostelijk,n/a,headsetmicrofoon,48000
20080419,boergait,20080414,0.6045259,False,mannelijk,volwassen,Noordoostelijk,n/a,headsetmicrofoon,48000
20080419,boergait,20080418,0.56114006,False,mannelijk,volwassen,Noordoostelijk,n/a,headsetmicrofoon,48000
20080419,boergait,20080418,0.59815216,False,mannelijk,volwassen,Noordoostelijk,n/a,headsetmicrofoon,48000
20080419,boergait,20080414,0.5978037,False,mannelijk,volwassen,Noordoostelijk,n/a,headsetmicrofoon,48000
20080419,boergait,20080414,0.525676,False,mannelijk,volwassen,Noordoostelijk,n/a,headsetmicrofoon,48000
20080419,boergait,20080414,0.74570197,False,mannelijk,volwassen,Noordoostelijk,n/a,headsetmicrofoon,48000
20080419,boergait,20080414,0.6542279,False,mannelijk,volwassen,Noordoostelijk,n/a,headsetmicrofoon,48000
20080419,boergait,20080414,0.6115315,False,mannelijk,volwassen,Noordoostelijk,n/a,headsetmicrofoon,48000
20080419,boergait,20080418,0.6000098,False,mannelijk,volwassen,Noordoostelijk,n/a,headsetmicrofoon,48000
20080419,boergait,20080414,0.77859557,False,mannelijk,volwassen,Noordoostelijk,n/a,headsetmicrofoon,48000
20080419,boergait,20080414,0.75837195,False,mannelijk,volwassen,Noordoostelijk,n/a,headsetmicrofoon,48000
20080419,boergait,20080414,0.83213365,False,mannelijk,volwassen,Noordoostelijk,n/a,headsetmicrofoon,48000
20080419,boergait,20080418,0.72921014,False,mannelijk,volwassen,Noordoostelijk,n/a,headsetmicrofoon,48000
20080419,boergait,20080414,0.7227,False,mannelijk,volwassen,Noordoostelijk,n/a,headsetmicrofoon,48000
20080419,boergait,20080414,0.70938134,False,mannelijk,volwassen,Noordoostelijk,n/a,headsetmicrofoon,48000
20080419,boergait,20080414,0.64954764,False,mannelijk,volwassen,Noordoostelijk,n/a,headsetmicrofoon,48000
20080419,boergait,20080414,0.71916234,False,mannelijk,volwassen,Noordoostelijk,n/a,headsetmicrofoon,48000
20080419,boergait,20080414,0.72122157,False,mannelijk,volwassen,Noordoostelijk,n/a,headsetmicrofoon,48000
20080419,boergait,20080418,0.64338374,False,mannelijk,volwassen,Noordoostelijk,n/a,headsetmicrofoon,48000
20080419,boergait,20080414,0.75717723,False,mannelijk,volwassen,Noordoostelijk,n/a,headsetmicrofoon,48000
20080419,boergait,20080414,0.6175719,False,mannelijk,volwassen,Noordoostelijk,n/a,headsetmicrofoon,48000
20080419,boergait,20080418,0.6212175,False,mannelijk,volwassen,Noordoostelijk,n/a,headsetmicrofoon,48000
20080419,boergait,20080414,0.5144526,False,mannelijk,volwassen,Noordoostelijk,n/a,headsetmicrofoon,48000
20080419,boergait,20080418,0.6304269,False,mannelijk,volwassen,Noordoostelijk,n/a,headsetmicrofoon,48000
20080419,boergait,20080418,0.61103845,False,mannelijk,volwassen,Noordoostelijk,n/a,headsetmicrofoon,48000
20080419,boergait,20080414,0.6681345,False,mannelijk,volwassen,Noordoostelijk,n/a,headsetmicrofoon,48000
20080419,boergait,20080414,0.70072126,False,mannelijk,volwassen,Noordoostelijk,n/a,headsetmicrofoon,48000
20080419,boergait,20080414,0.6449909,False,mannelijk,volwassen,Noordoostelijk,n/a,headsetmicrofoon,48000
20080419,boergait,20080414,0.72808945,False,mannelijk,volwassen,Noordoostelijk,n/a,headsetmicrofoon,48000
20080419,boergait,20080414,0.7511821,False,mannelijk,volwassen,Noordoostelijk,n/a,headsetmicrofoon,48000
20080419,boergait,20080414,0.6641116,False,mannelijk,volwassen,Noordoostelijk,n/a,headsetmicrofoon,48000
20080419,boergait,20080414,0.6971468,False,mannelijk,volwassen,Noordoostelijk,n/a,headsetmicrofoon,48000
20080419,boergait,20080414,0.68550694,False,mannelijk,volwassen,Noordoostelijk,n/a,headsetmicrofoon,48000
20080419,boergait,20080414,0.7577164,False,mannelijk,volwassen,Noordoostelijk,n/a,headsetmicrofoon,48000
20080419,boergait,20080414,0.45468152,False,mannelijk,volwassen,Noordoostelijk,n/a,headsetmicrofoon,48000
20080419,boergait,20080414,0.7063612,False,mannelijk,volwassen,Noordoostelijk,n/a,headsetmicrofoon,48000
20080419,boergait,20080414,0.68693274,False,mannelijk,volwassen,Noordoostelijk,n/a,headsetmicrofoon,48000
20080419,boergait,20080414,0.56912076,False,mannelijk,volwassen,Noordoostelijk,n/a,headsetmicrofoon,48000
20080419,boergait,20080414,0.7145402,False,mannelijk,volwassen,Noordoostelijk,n/a,headsetmicrofoon,48000
20080419,boergait,20080414,0.7711923,False,mannelijk,volwassen,Noordoostelijk,n/a,headsetmicrofoon,48000
20080419,boergait,20080414,0.6747671,False,mannelijk,volwassen,Noordoostelijk,n/a,headsetmicrofoon,48000
20080419,boergait,20080414,0.70127356,False,mannelijk,volwassen,Noordoostelijk,n/a,headsetmicrofoon,48000
20080419,boergait,20080414,0.70954883,False,mannelijk,volwassen,Noordoostelijk,n/a,headsetmicrofoon,48000
20080419,boergait,20080414,0.69585407,False,mannelijk,volwassen,Noordoostelijk,n/a,headsetmicrofoon,48000
20080419,boergait,20080414,0.7390845,False,mannelijk,volwassen,Noordoostelijk,n/a,headsetmicrofoon,48000
20080419,boergait,20080414,0.6746876,False,mannelijk,volwassen,Noordoostelijk,n/a,headsetmicrofoon,48000
20080419,boergait,20080418,0.6383666,False,mannelijk,volwassen,Noordoostelijk,n/a,headsetmicrofoon,48000
20080419,boergait,20080414,0.42699456,False,mannelijk,volwassen,Noordoostelijk,n/a,headsetmicrofoon,48000
20080419,boergait,20080414,0.6732382,False,mannelijk,volwassen,Noordoostelijk,n/a,headsetmicrofoon,48000
20080419,boergait,20080414,0.6474752,False,mannelijk,volwassen,Noordoostelijk,n/a,headsetmicrofoon,48000
20080419,boergait,20080414,0.73577356,False,mannelijk,volwassen,Noordoostelijk,n/a,headsetmicrofoon,48000
20080419,boergait,20080414,0.6880761,False,mannelijk,volwassen,Noordoostelijk,n/a,headsetmicrofoon,48000
20080419,boergait,20080418,0.6797385,False,mannelijk,volwassen,Noordoostelijk,n/a,headsetmicrofoon,48000
20080419,boergait,20080414,0.8113898,False,mannelijk,volwassen,Noordoostelijk,n/a,headsetmicrofoon,48000
20080419,boergait,20080414,0.75558996,False,mannelijk,volwassen,Noordoostelijk,n/a,headsetmicrofoon,48000
20080419,boergait,20080414,0.72160304,False,mannelijk,volwassen,Noordoostelijk,n/a,headsetmicrofoon,48000
20080419,boergait,20080414,0.7531104,False,mannelijk,volwassen,Noordoostelijk,n/a,headsetmicrofoon,48000
20080419,boergait,20080414,0.78727365,False,mannelijk,volwassen,Noordoostelijk,n/a,headsetmicrofoon,48000
20080419,boergait,20080414,0.7317538,False,mannelijk,volwassen,Noordoostelijk,n/a,headsetmicrofoon,48000
20080419,boergait,20080414,0.6257357,False,mannelijk,volwassen,Noordoostelijk,n/a,headsetmicrofoon,48000
20080419,boergait,20080418,0.6956781,False,mannelijk,volwassen,Noordoostelijk,n/a,headsetmicrofoon,48000
20080419,boergait,20080414,0.7065266,False,mannelijk,volwassen,Noordoostelijk,n/a,headsetmicrofoon,48000
20080419,boergait,20080414,0.7103374,False,mannelijk,volwassen,Noordoostelijk,n/a,headsetmicrofoon,48000
20080419,boergait,20080414,0.7252375,False,mannelijk,volwassen,Noordoostelijk,n/a,headsetmicrofoon,48000
20080419,boergait,20080414,0.66306496,False,mannelijk,volwassen,Noordoostelijk,n/a,headsetmicrofoon,48000
20080419,boergait,20080414,0.74537945,False,mannelijk,volwassen,Noordoostelijk,n/a,headsetmicrofoon,48000
20080419,boergait,20080414,0.6236588,False,mannelijk,volwassen,Noordoostelijk,n/a,headsetmicrofoon,48000
20080419,boergait,20080414,0.7361274,False,mannelijk,volwassen,Noordoostelijk,n/a,headsetmicrofoon,48000
20080419,boergait,20080418,0.7518444,False,mannelijk,volwassen,Noordoostelijk,n/a,headsetmicrofoon,48000
20080419,boergait,20080414,0.69458777,False,mannelijk,volwassen,Noordoostelijk,n/a,headsetmicrofoon,48000
20080419,boergait,20080418,0.47495902,False,mannelijk,volwassen,Noordoostelijk,n/a,headsetmicrofoon,48000
20080419,boergait,20080418,0.6892271,False,mannelijk,volwassen,Noordoostelijk,n/a,headsetmicrofoon,48000
20080419,boergait,20080414,0.668854,False,mannelijk,volwassen,Noordoostelijk,n/a,headsetmicrofoon,48000
20080419,boergait,20080414,0.7403553,False,mannelijk,volwassen,Noordoostelijk,n/a,headsetmicrofoon,48000
20080419,boergait,20080414,0.6565923,False,mannelijk,volwassen,Noordoostelijk,n/a,headsetmicrofoon,48000
20080419,boergait,20080414,0.78949475,False,mannelijk,volwassen,Noordoostelijk,n/a,headsetmicrofoon,48000
20080419,boergait,20080414,0.6287247,False,mannelijk,volwassen,Noordoostelijk,n/a,headsetmicrofoon,48000
20080419,boergait,20080414,0.75187784,False,mannelijk,volwassen,Noordoostelijk,n/a,headsetmicrofoon,48000
20080419,boergait,20080414,0.71622187,False,mannelijk,volwassen,Noordoostelijk,n/a,headsetmicrofoon,48000
20080419,boergait,20080414,0.67985874,False,mannelijk,volwassen,Noordoostelijk,n/a,headsetmicrofoon,48000
20080419,boergait,20080414,0.78372014,False,mannelijk,volwassen,Noordoostelijk,n/a,headsetmicrofoon,48000
20080419,boergait,20080414,0.65868795,False,mannelijk,volwassen,Noordoostelijk,n/a,headsetmicrofoon,48000
20080419,boergait,20080414,0.6947466,False,mannelijk,volwassen,Noordoostelijk,n/a,headsetmicrofoon,48000
20080419,boergait,20080418,0.67827576,False,mannelijk,volwassen,Noordoostelijk,n/a,headsetmicrofoon,48000
20080419,boergait,20080414,0.6729065,False,mannelijk,volwassen,Noordoostelijk,n/a,headsetmicrofoon,48000
20080419,boergait,20080414,0.63606095,False,mannelijk,volwassen,Noordoostelijk,n/a,headsetmicrofoon,48000
20080419,boergait,20080414,0.6755332,False,mannelijk,volwassen,Noordoostelijk,n/a,headsetmicrofoon,48000
20080419,boergait,20080414,0.68281096,False,mannelijk,volwassen,Noordoostelijk,n/a,headsetmicrofoon,48000
20080419,boergait,20080414,0.7009921,False,mannelijk,volwassen,Noordoostelijk,n/a,headsetmicrofoon,48000
20080419,boergait,20080414,0.68258286,False,mannelijk,volwassen,Noordoostelijk,n/a,headsetmicrofoon,48000
20080419,boergait,20080414,0.69641167,False,mannelijk,volwassen,Noordoostelijk,n/a,headsetmicrofoon,48000
20080419,boergait,20080418,0.6264693,False,mannelijk,volwassen,Noordoostelijk,n/a,headsetmicrofoon,48000
20080419,boergait,20080414,0.6797075,False,mannelijk,volwassen,Noordoostelijk,n/a,headsetmicrofoon,48000
20080419,boergait,20080414,0.67016244,False,mannelijk,volwassen,Noordoostelijk,n/a,headsetmicrofoon,48000
20080419,boergait,20080414,0.7278943,False,mannelijk,volwassen,Noordoostelijk,n/a,headsetmicrofoon,48000
20080419,boergait,20080414,0.69389355,False,mannelijk,volwassen,Noordoostelijk,n/a,headsetmicrofoon,48000
20080419,boergait,20080418,0.6608306,False,mannelijk,volwassen,Noordoostelijk,n/a,headsetmicrofoon,48000
20080419,boergait,20080418,0.6142817,False,mannelijk,volwassen,Noordoostelijk,n/a,headsetmicrofoon,48000
20080419,boergait,20080414,0.7165135,False,mannelijk,volwassen,Noordoostelijk,n/a,headsetmicrofoon,48000
20080419,boergait,20080414,0.6937416,False,mannelijk,volwassen,Noordoostelijk,n/a,headsetmicrofoon,48000
20080419,boergait,20080418,0.56722844,False,mannelijk,volwassen,Noordoostelijk,n/a,headsetmicrofoon,48000
20080419,boergait,20080414,0.6552298,False,mannelijk,volwassen,Noordoostelijk,n/a,headsetmicrofoon,48000
20080419,boergait,20080414,0.6186819,False,mannelijk,volwassen,Noordoostelijk,n/a,headsetmicrofoon,48000
20080419,boergait,20080414,0.65958166,False,mannelijk,volwassen,Noordoostelijk,n/a,headsetmicrofoon,48000
20080419,boergait,20080414,0.72160417,False,mannelijk,volwassen,Noordoostelijk,n/a,headsetmicrofoon,48000
20080419,boergait,20080414,0.72907925,False,mannelijk,volwassen,Noordoostelijk,n/a,headsetmicrofoon,48000
20080827,boergait,20080414,0.60707045,False,mannelijk,volwassen,Noordoostelijk,n/a,headsetmicrofoon,48000
20080419,boergait,20080414,0.7506107,False,mannelijk,volwassen,Noordoostelijk,n/a,headsetmicrofoon,48000
20080419,boergait,20080414,0.7422402,False,mannelijk,volwassen,Noordoostelijk,n/a,headsetmicrofoon,48000
20080419,boergait,20080414,0.6684479,False,mannelijk,volwassen,Noordoostelijk,n/a,headsetmicrofoon,48000
20080827,boergait,20080414,0.60671854,False,mannelijk,volwassen,Noordoostelijk,n/a,headsetmicrofoon,48000
20080827,boergait,20080414,0.67323947,False,mannelijk,volwassen,Noordoostelijk,n/a,headsetmicrofoon,48000
20080827,boergait,20080414,0.6484467,False,mannelijk,volwassen,Noordoostelijk,n/a,headsetmicrofoon,48000
20080827,boergait,20080418,0.7273964,False,mannelijk,volwassen,Noordoostelijk,n/a,headsetmicrofoon,48000
20080827,boergait,20080414,0.74745077,False,mannelijk,volwassen,Noordoostelijk,n/a,headsetmicrofoon,48000
20080827,boergait,20080414,0.7469008,False,mannelijk,volwassen,Noordoostelijk,n/a,headsetmicrofoon,48000
20080827,boergait,20080418,0.6429106,False,mannelijk,volwassen,Noordoostelijk,n/a,headsetmicrofoon,48000
20080827,boergait,20080414,0.73453736,False,mannelijk,volwassen,Noordoostelijk,n/a,headsetmicrofoon,48000
20080827,boergait,20080414,0.62808096,False,mannelijk,volwassen,Noordoostelijk,n/a,headsetmicrofoon,48000
20080827,boergait,20080414,0.6722746,False,mannelijk,volwassen,Noordoostelijk,n/a,headsetmicrofoon,48000
20080827,boergait,20080414,0.5087352,False,mannelijk,volwassen,Noordoostelijk,n/a,headsetmicrofoon,48000
20080827,boergait,20080414,0.5814484,False,mannelijk,volwassen,Noordoostelijk,n/a,headsetmicrofoon,48000
20080827,boergait,20080414,0.66901505,False,mannelijk,volwassen,Noordoostelijk,n/a,headsetmicrofoon,48000
20080827,boergait,20080414,0.5670949,False,mannelijk,volwassen,Noordoostelijk,n/a,headsetmicrofoon,48000
20080827,boergait,20080414,0.6148444,False,mannelijk,volwassen,Noordoostelijk,n/a,headsetmicrofoon,48000
20080827,boergait,20080414,0.6249775,False,mannelijk,volwassen,Noordoostelijk,n/a,headsetmicrofoon,48000
20080827,boergait,20080414,0.6396386,False,mannelijk,volwassen,Noordoostelijk,n/a,headsetmicrofoon,48000
20080827,boergait,20080414,0.6728515,False,mannelijk,volwassen,Noordoostelijk,n/a,headsetmicrofoon,48000
20080827,boergait,20080414,0.7387773,False,mannelijk,volwassen,Noordoostelijk,n/a,headsetmicrofoon,48000
20080827,boergait,20080414,0.77230155,False,mannelijk,volwassen,Noordoostelijk,n/a,headsetmicrofoon,48000
20080827,boergait,20080414,0.7108388,False,mannelijk,volwassen,Noordoostelijk,n/a,headsetmicrofoon,48000
20080827,boergait,20080414,0.57701874,False,mannelijk,volwassen,Noordoostelijk,n/a,headsetmicrofoon,48000
20080827,boergait,20080414,0.7443844,False,mannelijk,volwassen,Noordoostelijk,n/a,headsetmicrofoon,48000
20080827,boergait,20080414,0.81945264,False,mannelijk,volwassen,Noordoostelijk,n/a,headsetmicrofoon,48000
20080827,boergait,20080414,0.70007724,False,mannelijk,volwassen,Noordoostelijk,n/a,headsetmicrofoon,48000
20080827,boergait,20080414,0.6969681,False,mannelijk,volwassen,Noordoostelijk,n/a,headsetmicrofoon,48000
20080827,boergait,20080418,0.6265956,False,mannelijk,volwassen,Noordoostelijk,n/a,headsetmicrofoon,48000
20080827,boergait,20080414,0.71502626,False,mannelijk,volwassen,Noordoostelijk,n/a,headsetmicrofoon,48000
20080827,boergait,20080414,0.6763066,False,mannelijk,volwassen,Noordoostelijk,n/a,headsetmicrofoon,48000
20080827,boergait,20080414,0.7169187,False,mannelijk,volwassen,Noordoostelijk,n/a,headsetmicrofoon,48000
20080827,boergait,20080418,0.5339891,False,mannelijk,volwassen,Noordoostelijk,n/a,headsetmicrofoon,48000
20080827,boergait,20080414,0.7252391,False,mannelijk,volwassen,Noordoostelijk,n/a,headsetmicrofoon,48000
20080827,boergait,20080414,0.7273683,False,mannelijk,volwassen,Noordoostelijk,n/a,headsetmicrofoon,48000
20080827,boergait,20080418,0.75087106,False,mannelijk,volwassen,Noordoostelijk,n/a,headsetmicrofoon,48000
20080827,boergait,20080414,0.73115826,False,mannelijk,volwassen,Noordoostelijk,n/a,headsetmicrofoon,48000
20080827,boergait,20080414,0.6310003,False,mannelijk,volwassen,Noordoostelijk,n/a,headsetmicrofoon,48000
20080827,boergait,20080414,0.75672793,False,mannelijk,volwassen,Noordoostelijk,n/a,headsetmicrofoon,48000
20080827,boergait,20080414,0.671548,False,mannelijk,volwassen,Noordoostelijk,n/a,headsetmicrofoon,48000
20080827,boergait,20080414,0.6909454,False,mannelijk,volwassen,Noordoostelijk,n/a,headsetmicrofoon,48000
20080827,boergait,20080414,0.69559884,False,mannelijk,volwassen,Noordoostelijk,n/a,headsetmicrofoon,48000
20080827,boergait,20080414,0.75068796,False,mannelijk,volwassen,Noordoostelijk,n/a,headsetmicrofoon,48000
20080827,boergait,20080414,0.69626975,False,mannelijk,volwassen,Noordoostelijk,n/a,headsetmicrofoon,48000
20080827,boergait,20080414,0.7862094,False,mannelijk,volwassen,Noordoostelijk,n/a,headsetmicrofoon,48000
20080827,boergait,20080414,0.6977677,False,mannelijk,volwassen,Noordoostelijk,n/a,headsetmicrofoon,48000
20080827,boergait,20080414,0.72526234,False,mannelijk,volwassen,Noordoostelijk,n/a,headsetmicrofoon,48000
20080827,boergait,20080414,0.823267,False,mannelijk,volwassen,Noordoostelijk,n/a,headsetmicrofoon,48000
20080827,boergait,20080414,0.64172584,False,mannelijk,volwassen,Noordoostelijk,n/a,headsetmicrofoon,48000
20080827,boergait,20080414,0.6445877,False,mannelijk,volwassen,Noordoostelijk,n/a,headsetmicrofoon,48000
20080827,boergait,20080414,0.71308255,False,mannelijk,volwassen,Noordoostelijk,n/a,headsetmicrofoon,48000
20080827,boergait,20080418,0.6080764,False,mannelijk,volwassen,Noordoostelijk,n/a,headsetmicrofoon,48000
20080827,boergait,20080414,0.7223371,False,mannelijk,volwassen,Noordoostelijk,n/a,headsetmicrofoon,48000
20080827,boergait,20080414,0.43727955,False,mannelijk,volwassen,Noordoostelijk,n/a,headsetmicrofoon,48000
20080827,boergait,20080414,0.5865861,False,mannelijk,volwassen,Noordoostelijk,n/a,headsetmicrofoon,48000
20080827,boergait,20080414,0.6360239,False,mannelijk,volwassen,Noordoostelijk,n/a,headsetmicrofoon,48000
20080827,boergait,20080414,0.7199988,False,mannelijk,volwassen,Noordoostelijk,n/a,headsetmicrofoon,48000
20080827,boergait,20080414,0.6982235,False,mannelijk,volwassen,Noordoostelijk,n/a,headsetmicrofoon,48000
20080827,boergait,20080414,0.6347219,False,mannelijk,volwassen,Noordoostelijk,n/a,headsetmicrofoon,48000
20080827,boergait,20080414,0.66693515,False,mannelijk,volwassen,Noordoostelijk,n/a,headsetmicrofoon,48000
20080827,boergait,20080414,0.65942013,False,mannelijk,volwassen,Noordoostelijk,n/a,headsetmicrofoon,48000
20080827,boergait,20080414,0.65607655,False,mannelijk,volwassen,Noordoostelijk,n/a,headsetmicrofoon,48000
20080827,boergait,20080414,0.75346565,False,mannelijk,volwassen,Noordoostelijk,n/a,headsetmicrofoon,48000
20080827,boergait,20080414,0.6315005,False,mannelijk,volwassen,Noordoostelijk,n/a,headsetmicrofoon,48000
20080827,boergait,20080414,0.6627468,False,mannelijk,volwassen,Noordoostelijk,n/a,headsetmicrofoon,48000
20080827,boergait,20080414,0.71851814,False,mannelijk,volwassen,Noordoostelijk,n/a,headsetmicrofoon,48000
20080827,boergait,20080414,0.7800082,False,mannelijk,volwassen,Noordoostelijk,n/a,headsetmicrofoon,48000
20080827,boergait,20080414,0.5974927,False,mannelijk,volwassen,Noordoostelijk,n/a,headsetmicrofoon,48000
20080827,boergait,20080414,0.75138915,False,mannelijk,volwassen,Noordoostelijk,n/a,headsetmicrofoon,48000
20080827,boergait,20080414,0.71519446,False,mannelijk,volwassen,Noordoostelijk,n/a,headsetmicrofoon,48000
20080827,boergait,20080414,0.77029586,False,mannelijk,volwassen,Noordoostelijk,n/a,headsetmicrofoon,48000
20080827,boergait,20080414,0.6810243,False,mannelijk,volwassen,Noordoostelijk,n/a,headsetmicrofoon,48000
20080827,boergait,20080414,0.7445072,False,mannelijk,volwassen,Noordoostelijk,n/a,headsetmicrofoon,48000
20080827,boergait,20080414,0.66651905,False,mannelijk,volwassen,Noordoostelijk,n/a,headsetmicrofoon,48000
20080827,boergait,20080414,0.7313912,False,mannelijk,volwassen,Noordoostelijk,n/a,headsetmicrofoon,48000
20080827,boergait,20080414,0.63466215,False,mannelijk,volwassen,Noordoostelijk,n/a,headsetmicrofoon,48000
20080827,boergait,20080414,0.6960844,False,mannelijk,volwassen,Noordoostelijk,n/a,headsetmicrofoon,48000
20080827,boergait,20080414,0.7518562,False,mannelijk,volwassen,Noordoostelijk,n/a,headsetmicrofoon,48000
20080827,boergait,20080414,0.7335185,False,mannelijk,volwassen,Noordoostelijk,n/a,headsetmicrofoon,48000
20080827,boergait,20080414,0.63861924,False,mannelijk,volwassen,Noordoostelijk,n/a,headsetmicrofoon,48000
20080827,boergait,20080414,0.68480396,False,mannelijk,volwassen,Noordoostelijk,n/a,headsetmicrofoon,48000
20080827,boergait,20080414,0.65662944,False,mannelijk,volwassen,Noordoostelijk,n/a,headsetmicrofoon,48000
20080827,boergait,20080414,0.7347336,False,mannelijk,volwassen,Noordoostelijk,n/a,headsetmicrofoon,48000
20080827,boergait,20080414,0.69506526,False,mannelijk,volwassen,Noordoostelijk,n/a,headsetmicrofoon,48000
20080827,boergait,20080414,0.725086,False,mannelijk,volwassen,Noordoostelijk,n/a,headsetmicrofoon,48000
20080827,boergait,20080414,0.66704726,False,mannelijk,volwassen,Noordoostelijk,n/a,headsetmicrofoon,48000
20080827,boergait,20080414,0.53219664,False,mannelijk,volwassen,Noordoostelijk,n/a,headsetmicrofoon,48000
20080827,boergait,20080414,0.6770212,False,mannelijk,volwassen,Noordoostelijk,n/a,headsetmicrofoon,48000
20080827,boergait,20080418,0.52499986,False,mannelijk,volwassen,Noordoostelijk,n/a,headsetmicrofoon,48000
20080827,boergait,20080414,0.6384244,False,mannelijk,volwassen,Noordoostelijk,n/a,headsetmicrofoon,48000
20080827,boergait,20080414,0.73653686,False,mannelijk,volwassen,Noordoostelijk,n/a,headsetmicrofoon,48000
20080827,boergait,20080414,0.7050916,False,mannelijk,volwassen,Noordoostelijk,n/a,headsetmicrofoon,48000
20080827,boergait,20080414,0.71099865,False,mannelijk,volwassen,Noordoostelijk,n/a,headsetmicrofoon,48000
20080827,boergait,20080414,0.7291408,False,mannelijk,volwassen,Noordoostelijk,n/a,headsetmicrofoon,48000
20080827,boergait,20080414,0.56789637,False,mannelijk,volwassen,Noordoostelijk,n/a,headsetmicrofoon,48000
20080827,boergait,20080414,0.73324203,False,mannelijk,volwassen,Noordoostelijk,n/a,headsetmicrofoon,48000
20080827,boergait,20080414,0.719651,False,mannelijk,volwassen,Noordoostelijk,n/a,headsetmicrofoon,48000
20080827,boergait,20080414,0.70231646,False,mannelijk,volwassen,Noordoostelijk,n/a,headsetmicrofoon,48000
20080827,boergait,20080414,0.73130953,False,mannelijk,volwassen,Noordoostelijk,n/a,headsetmicrofoon,48000
20080827,boergait,20080414,0.7595982,False,mannelijk,volwassen,Noordoostelijk,n/a,headsetmicrofoon,48000
20080827,boergait,20080418,0.56571525,False,mannelijk,volwassen,Noordoostelijk,n/a,headsetmicrofoon,48000
20080827,boergait,20080414,0.7006451,False,mannelijk,volwassen,Noordoostelijk,n/a,headsetmicrofoon,48000
20080827,boergait,20080414,0.73003596,False,mannelijk,volwassen,Noordoostelijk,n/a,headsetmicrofoon,48000
20080827,boergait,20080414,0.77188814,False,mannelijk,volwassen,Noordoostelijk,n/a,headsetmicrofoon,48000
20080827,boergait,20080414,0.6761528,False,mannelijk,volwassen,Noordoostelijk,n/a,headsetmicrofoon,48000
20080827,boergait,20080414,0.6805151,False,mannelijk,volwassen,Noordoostelijk,n/a,headsetmicrofoon,48000
20080827,boergait,20080414,0.6448489,False,mannelijk,volwassen,Noordoostelijk,n/a,headsetmicrofoon,48000
20080827,boergait,20080414,0.64528066,False,mannelijk,volwassen,Noordoostelijk,n/a,headsetmicrofoon,48000
20080827,boergait,20080414,0.68619376,False,mannelijk,volwassen,Noordoostelijk,n/a,headsetmicrofoon,48000
20080827,boergait,20080414,0.6305066,False,mannelijk,volwassen,Noordoostelijk,n/a,headsetmicrofoon,48000
20080827,boergait,20080414,0.6619455,False,mannelijk,volwassen,Noordoostelijk,n/a,headsetmicrofoon,48000
20080827,boergait,20080414,0.67566437,False,mannelijk,volwassen,Noordoostelijk,n/a,headsetmicrofoon,48000
20080827,boergait,20080414,0.7568794,False,mannelijk,volwassen,Noordoostelijk,n/a,headsetmicrofoon,48000
20080827,boergait,20080414,0.77677536,False,mannelijk,volwassen,Noordoostelijk,n/a,headsetmicrofoon,48000
20080827,boergait,20080414,0.7058151,False,mannelijk,volwassen,Noordoostelijk,n/a,headsetmicrofoon,48000
20080827,boergait,20080414,0.7254022,False,mannelijk,volwassen,Noordoostelijk,n/a,headsetmicrofoon,48000
20080827,boergait,20080414,0.74388444,False,mannelijk,volwassen,Noordoostelijk,n/a,headsetmicrofoon,48000
20080827,boergait,20080414,0.708598,False,mannelijk,volwassen,Noordoostelijk,n/a,headsetmicrofoon,48000
20080827,boergait,20080418,0.6985364,False,mannelijk,volwassen,Noordoostelijk,n/a,headsetmicrofoon,48000
20080827,boergait,20080414,0.62828803,False,mannelijk,volwassen,Noordoostelijk,n/a,headsetmicrofoon,48000
20080827,boergait,20080414,0.59008193,False,mannelijk,volwassen,Noordoostelijk,n/a,headsetmicrofoon,48000
20080827,boergait,20080414,0.7317008,False,mannelijk,volwassen,Noordoostelijk,n/a,headsetmicrofoon,48000
20080827,boergait,20080418,0.6859929,False,mannelijk,volwassen,Noordoostelijk,n/a,headsetmicrofoon,48000
20080827,boergait,20080414,0.78180087,False,mannelijk,volwassen,Noordoostelijk,n/a,headsetmicrofoon,48000
20080827,boergait,20080414,0.72760177,False,mannelijk,volwassen,Noordoostelijk,n/a,headsetmicrofoon,48000
20080827,boergait,20080414,0.74481195,False,mannelijk,volwassen,Noordoostelijk,n/a,headsetmicrofoon,48000
20080827,boergait,20080414,0.6526679,False,mannelijk,volwassen,Noordoostelijk,n/a,headsetmicrofoon,48000
20080827,boergait,20080414,0.6615775,False,mannelijk,volwassen,Noordoostelijk,n/a,headsetmicrofoon,48000
20080827,boergait,20080414,0.63872623,False,mannelijk,volwassen,Noordoostelijk,n/a,headsetmicrofoon,48000
20080827,boergait,20080414,0.6920186,False,mannelijk,volwassen,Noordoostelijk,n/a,headsetmicrofoon,48000
20080827,boergait,20080414,0.6500452,False,mannelijk,volwassen,Noordoostelijk,n/a,headsetmicrofoon,48000
20080827,boergait,20080414,0.6791673,False,mannelijk,volwassen,Noordoostelijk,n/a,headsetmicrofoon,48000
20080827,boergait,20080414,0.75370014,False,mannelijk,volwassen,Noordoostelijk,n/a,headsetmicrofoon,48000
20080827,boergait,20080414,0.75237286,False,mannelijk,volwassen,Noordoostelijk,n/a,headsetmicrofoon,48000
20080827,boergait,20080414,0.71862006,False,mannelijk,volwassen,Noordoostelijk,n/a,headsetmicrofoon,48000
20080827,boergait,20080414,0.81683475,False,mannelijk,volwassen,Noordoostelijk,n/a,headsetmicrofoon,48000
20080827,boergait,20080414,0.72287434,False,mannelijk,volwassen,Noordoostelijk,n/a,headsetmicrofoon,48000
20080827,boergait,20080414,0.75667727,False,mannelijk,volwassen,Noordoostelijk,n/a,headsetmicrofoon,48000
20080827,boergait,20080414,0.7000134,False,mannelijk,volwassen,Noordoostelijk,n/a,headsetmicrofoon,48000
20080827,boergait,20080414,0.78140867,False,mannelijk,volwassen,Noordoostelijk,n/a,headsetmicrofoon,48000
20080827,boergait,20080219,0.49869528,False,mannelijk,volwassen,Noordoostelijk,n/a,headsetmicrofoon,48000
20080827,boergait,20080418,0.5692461,False,mannelijk,volwassen,Noordoostelijk,n/a,headsetmicrofoon,48000
20080827,boergait,20080414,0.58639807,False,mannelijk,volwassen,Noordoostelijk,n/a,headsetmicrofoon,48000
20080827,boergait,20080414,0.6324992,False,mannelijk,volwassen,Noordoostelijk,n/a,headsetmicrofoon,48000
20080827,boergait,20080414,0.5660634,False,mannelijk,volwassen,Noordoostelijk,n/a,headsetmicrofoon,48000
20080827,boergait,20080418,0.6003361,False,mannelijk,volwassen,Noordoostelijk,n/a,headsetmicrofoon,48000
20080827,boergait,20080414,0.65245724,False,mannelijk,volwassen,Noordoostelijk,n/a,headsetmicrofoon,48000
20080827,boergait,20080414,0.5677819,False,mannelijk,volwassen,Noordoostelijk,n/a,headsetmicrofoon,48000
20080827,boergait,20080414,0.6315285,False,mannelijk,volwassen,Noordoostelijk,n/a,headsetmicrofoon,48000
20080827,boergait,20080414,0.6797719,False,mannelijk,volwassen,Noordoostelijk,n/a,headsetmicrofoon,48000
20080827,boergait,20080414,0.55844235,False,mannelijk,volwassen,Noordoostelijk,n/a,headsetmicrofoon,48000
20080827,boergait,20080418,0.68682694,False,mannelijk,volwassen,Noordoostelijk,n/a,headsetmicrofoon,48000
20080827,boergait,20080414,0.64186394,False,mannelijk,volwassen,Noordoostelijk,n/a,headsetmicrofoon,48000
20080827,boergait,20080414,0.52510273,False,mannelijk,volwassen,Noordoostelijk,n/a,headsetmicrofoon,48000
20080827,boergait,20080414,0.6389059,False,mannelijk,volwassen,Noordoostelijk,n/a,headsetmicrofoon,48000
20080827,boergait,20080414,0.58794165,False,mannelijk,volwassen,Noordoostelijk,n/a,headsetmicrofoon,48000
20080827,boergait,20080414,0.65729696,False,mannelijk,volwassen,Noordoostelijk,n/a,headsetmicrofoon,48000
20080827,boergait,20080414,0.6327616,False,mannelijk,volwassen,Noordoostelijk,n/a,headsetmicrofoon,48000
20080827,boergait,20080414,0.6180308,False,mannelijk,volwassen,Noordoostelijk,n/a,headsetmicrofoon,48000
20080827,boergait,20080414,0.7152014,False,mannelijk,volwassen,Noordoostelijk,n/a,headsetmicrofoon,48000
20080827,boergait,20080418,0.6241462,False,mannelijk,volwassen,Noordoostelijk,n/a,headsetmicrofoon,48000
20080827,boergait,20080414,0.7217078,False,mannelijk,volwassen,Noordoostelijk,n/a,headsetmicrofoon,48000
20080827,boergait,20080414,0.7570652,False,mannelijk,volwassen,Noordoostelijk,n/a,headsetmicrofoon,48000
20080827,boergait,20080414,0.6486625,False,mannelijk,volwassen,Noordoostelijk,n/a,headsetmicrofoon,48000
20080827,boergait,20080414,0.7769518,False,mannelijk,volwassen,Noordoostelijk,n/a,headsetmicrofoon,48000
20080827,boergait,20080414,0.73306954,False,mannelijk,volwassen,Noordoostelijk,n/a,headsetmicrofoon,48000
20080827,boergait,20080414,0.6824421,False,mannelijk,volwassen,Noordoostelijk,n/a,headsetmicrofoon,48000
20080827,boergait,20080414,0.7598383,False,mannelijk,volwassen,Noordoostelijk,n/a,headsetmicrofoon,48000
20080827,boergait,20080414,0.75829273,False,mannelijk,volwassen,Noordoostelijk,n/a,headsetmicrofoon,48000
20080827,boergait,20080414,0.6870732,False,mannelijk,volwassen,Noordoostelijk,n/a,headsetmicrofoon,48000
20080827,boergait,20080414,0.70072067,False,mannelijk,volwassen,Noordoostelijk,n/a,headsetmicrofoon,48000
20080827,boergait,20080414,0.6306255,False,mannelijk,volwassen,Noordoostelijk,n/a,headsetmicrofoon,48000
20080827,boergait,20080414,0.78151035,False,mannelijk,volwassen,Noordoostelijk,n/a,headsetmicrofoon,48000
20080827,boergait,20080414,0.5746616,False,mannelijk,volwassen,Noordoostelijk,n/a,headsetmicrofoon,48000
20080827,boergait,20080414,0.69419765,False,mannelijk,volwassen,Noordoostelijk,n/a,headsetmicrofoon,48000
20080827,boergait,20080414,0.6828426,False,mannelijk,volwassen,Noordoostelijk,n/a,headsetmicrofoon,48000
20080827,boergait,20080414,0.6878008,False,mannelijk,volwassen,Noordoostelijk,n/a,headsetmicrofoon,48000
20080827,boergait,20080414,0.7163665,False,mannelijk,volwassen,Noordoostelijk,n/a,headsetmicrofoon,48000
20080827,boergait,20080418,0.5685551,False,mannelijk,volwassen,Noordoostelijk,n/a,headsetmicrofoon,48000
20080827,boergait,20080414,0.6376408,False,mannelijk,volwassen,Noordoostelijk,n/a,headsetmicrofoon,48000
20080827,boergait,20080418,0.6957376,False,mannelijk,volwassen,Noordoostelijk,n/a,headsetmicrofoon,48000
20080827,boergait,20080414,0.75070477,False,mannelijk,volwassen,Noordoostelijk,n/a,headsetmicrofoon,48000
20080827,boergait,20080414,0.68625623,False,mannelijk,volwassen,Noordoostelijk,n/a,headsetmicrofoon,48000
20080827,boergait,20080414,0.68601537,False,mannelijk,volwassen,Noordoostelijk,n/a,headsetmicrofoon,48000
20080827,boergait,20080414,0.77104956,False,mannelijk,volwassen,Noordoostelijk,n/a,headsetmicrofoon,48000
20080827,boergait,20080414,0.6870196,False,mannelijk,volwassen,Noordoostelijk,n/a,headsetmicrofoon,48000
20080827,boergait,20080414,0.7634828,False,mannelijk,volwassen,Noordoostelijk,n/a,headsetmicrofoon,48000
20080827,boergait,20080414,0.7469162,False,mannelijk,volwassen,Noordoostelijk,n/a,headsetmicrofoon,48000
20080827,boergait,20080414,0.633368,False,mannelijk,volwassen,Noordoostelijk,n/a,headsetmicrofoon,48000
20080827,boergait,20080414,0.64945686,False,mannelijk,volwassen,Noordoostelijk,n/a,headsetmicrofoon,48000
20080827,boergait,20080414,0.5932598,False,mannelijk,volwassen,Noordoostelijk,n/a,headsetmicrofoon,48000
20080827,boergait,20080418,0.5816478,False,mannelijk,volwassen,Noordoostelijk,n/a,headsetmicrofoon,48000
20080827,boergait,20080414,0.7028213,False,mannelijk,volwassen,Noordoostelijk,n/a,headsetmicrofoon,48000
20080827,boergait,20080414,0.72231376,False,mannelijk,volwassen,Noordoostelijk,n/a,headsetmicrofoon,48000
20080827,boergait,20080414,0.7111842,False,mannelijk,volwassen,Noordoostelijk,n/a,headsetmicrofoon,48000
20080827,boergait,20080414,0.6987158,False,mannelijk,volwassen,Noordoostelijk,n/a,headsetmicrofoon,48000
20080827,boergait,20080414,0.66317064,False,mannelijk,volwassen,Noordoostelijk,n/a,headsetmicrofoon,48000
20080827,boergait,20080414,0.6718426,False,mannelijk,volwassen,Noordoostelijk,n/a,headsetmicrofoon,48000
20080827,boergait,20080414,0.65627,False,mannelijk,volwassen,Noordoostelijk,n/a,headsetmicrofoon,48000
20080827,boergait,20080414,0.597819,False,mannelijk,volwassen,Noordoostelijk,n/a,headsetmicrofoon,48000
20080827,boergait,20080414,0.6880402,False,mannelijk,volwassen,Noordoostelijk,n/a,headsetmicrofoon,48000
20080827,boergait,20080414,0.8216384,False,mannelijk,volwassen,Noordoostelijk,n/a,headsetmicrofoon,48000
20080827,boergait,20080414,0.71133184,False,mannelijk,volwassen,Noordoostelijk,n/a,headsetmicrofoon,48000
20080827,boergait,20080414,0.664528,False,mannelijk,volwassen,Noordoostelijk,n/a,headsetmicrofoon,48000
20080827,boergait,20080414,0.7197245,False,mannelijk,volwassen,Noordoostelijk,n/a,headsetmicrofoon,48000
20080827,boergait,20080414,0.6524892,False,mannelijk,volwassen,Noordoostelijk,n/a,headsetmicrofoon,48000
20080827,boergait,20080414,0.7294396,False,mannelijk,volwassen,Noordoostelijk,n/a,headsetmicrofoon,48000
20080827,boergait,20080414,0.7903301,False,mannelijk,volwassen,Noordoostelijk,n/a,headsetmicrofoon,48000
20080827,boergait,20080414,0.75065506,False,mannelijk,volwassen,Noordoostelijk,n/a,headsetmicrofoon,48000
20080827,boergait,20080414,0.69242346,False,mannelijk,volwassen,Noordoostelijk,n/a,headsetmicrofoon,48000
20080827,boergait,20080414,0.5956422,False,mannelijk,volwassen,Noordoostelijk,n/a,headsetmicrofoon,48000
20080827,boergait,20080414,0.7549721,False,mannelijk,volwassen,Noordoostelijk,n/a,headsetmicrofoon,48000
20080827,boergait,20080414,0.7498328,False,mannelijk,volwassen,Noordoostelijk,n/a,headsetmicrofoon,48000
20080827,boergait,20080414,0.6933675,False,mannelijk,volwassen,Noordoostelijk,n/a,headsetmicrofoon,48000
20080827,boergait,20080414,0.7592957,False,mannelijk,volwassen,Noordoostelijk,n/a,headsetmicrofoon,48000
20080827,boergait,20080414,0.63762987,False,mannelijk,volwassen,Noordoostelijk,n/a,headsetmicrofoon,48000
20080827,boergait,20080414,0.71398443,False,mannelijk,volwassen,Noordoostelijk,n/a,headsetmicrofoon,48000
20080827,boergait,20080414,0.73543787,False,mannelijk,volwassen,Noordoostelijk,n/a,headsetmicrofoon,48000
20080827,boergait,20080414,0.67287064,False,mannelijk,volwassen,Noordoostelijk,n/a,headsetmicrofoon,48000
20080827,boergait,20080414,0.48754466,False,mannelijk,volwassen,Noordoostelijk,n/a,headsetmicrofoon,48000
20080827,boergait,20080414,0.7046947,False,mannelijk,volwassen,Noordoostelijk,n/a,headsetmicrofoon,48000
20080827,boergait,20080414,0.6435175,False,mannelijk,volwassen,Noordoostelijk,n/a,headsetmicrofoon,48000
20080827,boergait,20080414,0.6832418,False,mannelijk,volwassen,Noordoostelijk,n/a,headsetmicrofoon,48000
20080827,boergait,20080414,0.7340629,False,mannelijk,volwassen,Noordoostelijk,n/a,headsetmicrofoon,48000
20080827,boergait,20080414,0.64140093,False,mannelijk,volwassen,Noordoostelijk,n/a,headsetmicrofoon,48000
20080827,boergait,20080414,0.694254,False,mannelijk,volwassen,Noordoostelijk,n/a,headsetmicrofoon,48000
20080827,boergait,20080414,0.67127645,False,mannelijk,volwassen,Noordoostelijk,n/a,headsetmicrofoon,48000
20080827,boergait,20080414,0.63976246,False,mannelijk,volwassen,Noordoostelijk,n/a,headsetmicrofoon,48000
20080827,boergait,20080414,0.69560933,False,mannelijk,volwassen,Noordoostelijk,n/a,headsetmicrofoon,48000
20080827,boergait,20080414,0.6316261,False,mannelijk,volwassen,Noordoostelijk,n/a,headsetmicrofoon,48000
20080827,boergait,20080414,0.74174905,False,mannelijk,volwassen,Noordoostelijk,n/a,headsetmicrofoon,48000
20080827,boergait,20080414,0.68606734,False,mannelijk,volwassen,Noordoostelijk,n/a,headsetmicrofoon,48000
20080827,boergait,20080418,0.6847775,False,mannelijk,volwassen,Noordoostelijk,n/a,headsetmicrofoon,48000
20080827,boergait,20080414,0.73985267,False,mannelijk,volwassen,Noordoostelijk,n/a,headsetmicrofoon,48000
20080827,boergait,20080414,0.70441276,False,mannelijk,volwassen,Noordoostelijk,n/a,headsetmicrofoon,48000
20080827,boergait,20080414,0.73600256,False,mannelijk,volwassen,Noordoostelijk,n/a,headsetmicrofoon,48000
20080827,boergait,20080414,0.710438,False,mannelijk,volwassen,Noordoostelijk,n/a,headsetmicrofoon,48000
20080827,boergait,20080414,0.6526237,False,mannelijk,volwassen,Noordoostelijk,n/a,headsetmicrofoon,48000
20080827,boergait,20080414,0.72628796,False,mannelijk,volwassen,Noordoostelijk,n/a,headsetmicrofoon,48000
20080827,boergait,20080414,0.69327706,False,mannelijk,volwassen,Noordoostelijk,n/a,headsetmicrofoon,48000
20080827,boergait,20080414,0.6426741,False,mannelijk,volwassen,Noordoostelijk,n/a,headsetmicrofoon,48000
20080827,boergait,20080414,0.6904275,False,mannelijk,volwassen,Noordoostelijk,n/a,headsetmicrofoon,48000
20080827,boergait,20080414,0.76598203,False,mannelijk,volwassen,Noordoostelijk,n/a,headsetmicrofoon,48000
20080827,boergait,20080414,0.75023067,False,mannelijk,volwassen,Noordoostelijk,n/a,headsetmicrofoon,48000
20080827,boergait,20080414,0.77149343,False,mannelijk,volwassen,Noordoostelijk,n/a,headsetmicrofoon,48000
20080827,boergait,20080414,0.7230253,False,mannelijk,volwassen,Noordoostelijk,n/a,headsetmicrofoon,48000
20080827,boergait,20080414,0.69170773,False,mannelijk,volwassen,Noordoostelijk,n/a,headsetmicrofoon,48000
20080827,boergait,20080414,0.6914846,False,mannelijk,volwassen,Noordoostelijk,n/a,headsetmicrofoon,48000
20080827,boergait,20080414,0.7432829,False,mannelijk,volwassen,Noordoostelijk,n/a,headsetmicrofoon,48000
20080827,boergait,20080414,0.770053,False,mannelijk,volwassen,Noordoostelijk,n/a,headsetmicrofoon,48000
20080827,boergait,20080414,0.6698069,False,mannelijk,volwassen,Noordoostelijk,n/a,headsetmicrofoon,48000
20080827,boergait,20080414,0.7188873,False,mannelijk,volwassen,Noordoostelijk,n/a,headsetmicrofoon,48000
20080827,boergait,20080414,0.6445495,False,mannelijk,volwassen,Noordoostelijk,n/a,headsetmicrofoon,48000
20080827,boergait,20080414,0.6649364,False,mannelijk,volwassen,Noordoostelijk,n/a,headsetmicrofoon,48000
20080827,boergait,20080414,0.7211512,False,mannelijk,volwassen,Noordoostelijk,n/a,headsetmicrofoon,48000
20080827,boergait,20080414,0.5354179,False,mannelijk,volwassen,Noordoostelijk,n/a,headsetmicrofoon,48000
20080827,boergait,20080414,0.69146365,False,mannelijk,volwassen,Noordoostelijk,n/a,headsetmicrofoon,48000
20080827,boergait,20080414,0.64993584,False,mannelijk,volwassen,Noordoostelijk,n/a,headsetmicrofoon,48000
20080827,boergait,20080414,0.6483879,False,mannelijk,volwassen,Noordoostelijk,n/a,headsetmicrofoon,48000
20080827,boergait,20080414,0.72797644,False,mannelijk,volwassen,Noordoostelijk,n/a,headsetmicrofoon,48000
20080827,boergait,20080414,0.5930738,False,mannelijk,volwassen,Noordoostelijk,n/a,headsetmicrofoon,48000
20080827,boergait,20080414,0.7036896,False,mannelijk,volwassen,Noordoostelijk,n/a,headsetmicrofoon,48000
20080827,boergait,20080414,0.77450716,False,mannelijk,volwassen,Noordoostelijk,n/a,headsetmicrofoon,48000
20080827,boergait,20080414,0.79197264,False,mannelijk,volwassen,Noordoostelijk,n/a,headsetmicrofoon,48000
20080827,boergait,20080418,0.6798558,False,mannelijk,volwassen,Noordoostelijk,n/a,headsetmicrofoon,48000
20080827,boergait,20080414,0.71227974,False,mannelijk,volwassen,Noordoostelijk,n/a,headsetmicrofoon,48000
20080827,boergait,20080414,0.68913126,False,mannelijk,volwassen,Noordoostelijk,n/a,headsetmicrofoon,48000
20080827,boergait,20080414,0.66628534,False,mannelijk,volwassen,Noordoostelijk,n/a,headsetmicrofoon,48000
20080827,boergait,20080414,0.67728376,False,mannelijk,volwassen,Noordoostelijk,n/a,headsetmicrofoon,48000
20080827,boergait,20080414,0.72804344,False,mannelijk,volwassen,Noordoostelijk,n/a,headsetmicrofoon,48000
20080827,boergait,20080414,0.7445321,False,mannelijk,volwassen,Noordoostelijk,n/a,headsetmicrofoon,48000
20080827,boergait,20080418,0.49200255,False,mannelijk,volwassen,Noordoostelijk,n/a,headsetmicrofoon,48000
20080827,boergait,20080414,0.6334806,False,mannelijk,volwassen,Noordoostelijk,n/a,headsetmicrofoon,48000
20080827,boergait,20080414,0.6477866,False,mannelijk,volwassen,Noordoostelijk,n/a,headsetmicrofoon,48000
20080827,boergait,20080414,0.65707684,False,mannelijk,volwassen,Noordoostelijk,n/a,headsetmicrofoon,48000
20080827,boergait,20080414,0.5177484,False,mannelijk,volwassen,Noordoostelijk,n/a,headsetmicrofoon,48000
20080827,boergait,20080414,0.6434642,False,mannelijk,volwassen,Noordoostelijk,n/a,headsetmicrofoon,48000
20080827,boergait,20080414,0.61952865,False,mannelijk,volwassen,Noordoostelijk,n/a,headsetmicrofoon,48000
20080827,boergait,20080912,0.4800182,False,mannelijk,volwassen,Noordoostelijk,n/a,headsetmicrofoon,48000
20080827,boergait,20080414,0.62468493,False,mannelijk,volwassen,Noordoostelijk,n/a,headsetmicrofoon,48000
20080827,boergait,20080414,0.74375343,False,mannelijk,volwassen,Noordoostelijk,n/a,headsetmicrofoon,48000
20080827,boergait,20080414,0.76151514,False,mannelijk,volwassen,Noordoostelijk,n/a,headsetmicrofoon,48000
20080827,boergait,20080414,0.7469517,False,mannelijk,volwassen,Noordoostelijk,n/a,headsetmicrofoon,48000
20080827,boergait,20080414,0.76494205,False,mannelijk,volwassen,Noordoostelijk,n/a,headsetmicrofoon,48000
20080827,boergait,20080414,0.6301151,False,mannelijk,volwassen,Noordoostelijk,n/a,headsetmicrofoon,48000
20080827,boergait,20080414,0.74989223,False,mannelijk,volwassen,Noordoostelijk,n/a,headsetmicrofoon,48000
20080827,boergait,20080418,0.6547893,False,mannelijk,volwassen,Noordoostelijk,n/a,headsetmicrofoon,48000
20080827,boergait,20080414,0.73110926,False,mannelijk,volwassen,Noordoostelijk,n/a,headsetmicrofoon,48000
20080827,boergait,20080414,0.63578343,False,mannelijk,volwassen,Noordoostelijk,n/a,headsetmicrofoon,48000
20080827,boergait,20080414,0.7128168,False,mannelijk,volwassen,Noordoostelijk,n/a,headsetmicrofoon,48000
20080827,boergait,20080414,0.74096924,False,mannelijk,volwassen,Noordoostelijk,n/a,headsetmicrofoon,48000
20080827,boergait,20080414,0.8059155,False,mannelijk,volwassen,Noordoostelijk,n/a,headsetmicrofoon,48000
20080827,boergait,20080414,0.72280955,False,mannelijk,volwassen,Noordoostelijk,n/a,headsetmicrofoon,48000
20080827,boergait,20080414,0.66483796,False,mannelijk,volwassen,Noordoostelijk,n/a,headsetmicrofoon,48000
20080827,boergait,20080414,0.73781276,False,mannelijk,volwassen,Noordoostelijk,n/a,headsetmicrofoon,48000
20080827,boergait,20080414,0.80002415,False,mannelijk,volwassen,Noordoostelijk,n/a,headsetmicrofoon,48000
20080827,boergait,20080414,0.613472,False,mannelijk,volwassen,Noordoostelijk,n/a,headsetmicrofoon,48000
20080827,boergait,20080414,0.70158774,False,mannelijk,volwassen,Noordoostelijk,n/a,headsetmicrofoon,48000
20080827,boergait,20080414,0.70648783,False,mannelijk,volwassen,Noordoostelijk,n/a,headsetmicrofoon,48000
20080827,boergait,20080414,0.6736836,False,mannelijk,volwassen,Noordoostelijk,n/a,headsetmicrofoon,48000
20080827,boergait,20080414,0.7989623,False,mannelijk,volwassen,Noordoostelijk,n/a,headsetmicrofoon,48000
20080827,boergait,20080414,0.68718016,False,mannelijk,volwassen,Noordoostelijk,n/a,headsetmicrofoon,48000
20080827,boergait,20080414,0.81242996,False,mannelijk,volwassen,Noordoostelijk,n/a,headsetmicrofoon,48000
20080827,boergait,20080414,0.6943444,False,mannelijk,volwassen,Noordoostelijk,n/a,headsetmicrofoon,48000
20080827,boergait,20080414,0.7444181,False,mannelijk,volwassen,Noordoostelijk,n/a,headsetmicrofoon,48000
20080827,boergait,20080414,0.6739466,False,mannelijk,volwassen,Noordoostelijk,n/a,headsetmicrofoon,48000
20080827,boergait,20080414,0.75442904,False,mannelijk,volwassen,Noordoostelijk,n/a,headsetmicrofoon,48000
20080827,boergait,20080414,0.699586,False,mannelijk,volwassen,Noordoostelijk,n/a,headsetmicrofoon,48000
20080827,boergait,20080414,0.745908,False,mannelijk,volwassen,Noordoostelijk,n/a,headsetmicrofoon,48000
20080827,boergait,20080414,0.74339885,False,mannelijk,volwassen,Noordoostelijk,n/a,headsetmicrofoon,48000
20080827,boergait,20080414,0.6806606,False,mannelijk,volwassen,Noordoostelijk,n/a,headsetmicrofoon,48000
20080827,boergait,20080414,0.6412628,False,mannelijk,volwassen,Noordoostelijk,n/a,headsetmicrofoon,48000
20080827,boergait,20080414,0.71878487,False,mannelijk,volwassen,Noordoostelijk,n/a,headsetmicrofoon,48000
20080827,boergait,20080414,0.70084083,False,mannelijk,volwassen,Noordoostelijk,n/a,headsetmicrofoon,48000
20080827,boergait,20080414,0.5902592,False,mannelijk,volwassen,Noordoostelijk,n/a,headsetmicrofoon,48000
20080827,boergait,20080414,0.76994026,False,mannelijk,volwassen,Noordoostelijk,n/a,headsetmicrofoon,48000
20080827,boergait,20080414,0.72794354,False,mannelijk,volwassen,Noordoostelijk,n/a,headsetmicrofoon,48000
20080827,boergait,20080414,0.74962115,False,mannelijk,volwassen,Noordoostelijk,n/a,headsetmicrofoon,48000
20080827,boergait,20080414,0.73130774,False,mannelijk,volwassen,Noordoostelijk,n/a,headsetmicrofoon,48000
20080827,boergait,20080414,0.7419343,False,mannelijk,volwassen,Noordoostelijk,n/a,headsetmicrofoon,48000
20080827,boergait,20080414,0.77418494,False,mannelijk,volwassen,Noordoostelijk,n/a,headsetmicrofoon,48000
20080827,boergait,20080414,0.65884817,False,mannelijk,volwassen,Noordoostelijk,n/a,headsetmicrofoon,48000
20080827,boergait,20080414,0.72794664,False,mannelijk,volwassen,Noordoostelijk,n/a,headsetmicrofoon,48000
20080827,boergait,20080414,0.6815085,False,mannelijk,volwassen,Noordoostelijk,n/a,headsetmicrofoon,48000
20080827,boergait,20080414,0.7446261,False,mannelijk,volwassen,Noordoostelijk,n/a,headsetmicrofoon,48000
20080827,boergait,20080414,0.65269077,False,mannelijk,volwassen,Noordoostelijk,n/a,headsetmicrofoon,48000
20080827,boergait,20080414,0.69060767,False,mannelijk,volwassen,Noordoostelijk,n/a,headsetmicrofoon,48000
20080827,boergait,20080414,0.672971,False,mannelijk,volwassen,Noordoostelijk,n/a,headsetmicrofoon,48000
20080827,boergait,20080418,0.6963188,False,mannelijk,volwassen,Noordoostelijk,n/a,headsetmicrofoon,48000
20080827,boergait,20080414,0.64462924,False,mannelijk,volwassen,Noordoostelijk,n/a,headsetmicrofoon,48000
20080827,boergait,20080414,0.57043314,False,mannelijk,volwassen,Noordoostelijk,n/a,headsetmicrofoon,48000
20080827,boergait,20080414,0.77039146,False,mannelijk,volwassen,Noordoostelijk,n/a,headsetmicrofoon,48000
20080827,boergait,20080414,0.76368535,False,mannelijk,volwassen,Noordoostelijk,n/a,headsetmicrofoon,48000
20080827,boergait,20080414,0.7362199,False,mannelijk,volwassen,Noordoostelijk,n/a,headsetmicrofoon,48000
20080827,boergait,20080414,0.7244118,False,mannelijk,volwassen,Noordoostelijk,n/a,headsetmicrofoon,48000
20080827,boergait,20080418,0.608936,False,mannelijk,volwassen,Noordoostelijk,n/a,headsetmicrofoon,48000
20080827,boergait,20080414,0.7351172,False,mannelijk,volwassen,Noordoostelijk,n/a,headsetmicrofoon,48000
20080827,boergait,20080414,0.65889597,False,mannelijk,volwassen,Noordoostelijk,n/a,headsetmicrofoon,48000
20080827,boergait,20080414,0.658069,False,mannelijk,volwassen,Noordoostelijk,n/a,headsetmicrofoon,48000
20080827,boergait,20080414,0.77737355,False,mannelijk,volwassen,Noordoostelijk,n/a,headsetmicrofoon,48000
20080827,boergait,20080414,0.56762993,False,mannelijk,volwassen,Noordoostelijk,n/a,headsetmicrofoon,48000
20080827,boergait,20080414,0.6733693,False,mannelijk,volwassen,Noordoostelijk,n/a,headsetmicrofoon,48000
20080827,boergait,20080414,0.59158856,False,mannelijk,volwassen,Noordoostelijk,n/a,headsetmicrofoon,48000
20080827,boergait,20080414,0.6529156,False,mannelijk,volwassen,Noordoostelijk,n/a,headsetmicrofoon,48000
20080827,boergait,20080414,0.7048857,False,mannelijk,volwassen,Noordoostelijk,n/a,headsetmicrofoon,48000
20080827,boergait,20080414,0.73261833,False,mannelijk,volwassen,Noordoostelijk,n/a,headsetmicrofoon,48000
20080827,boergait,20080414,0.6402475,False,mannelijk,volwassen,Noordoostelijk,n/a,headsetmicrofoon,48000
20080827,boergait,20080414,0.6076205,False,mannelijk,volwassen,Noordoostelijk,n/a,headsetmicrofoon,48000
20080827,boergait,20080414,0.76824766,False,mannelijk,volwassen,Noordoostelijk,n/a,headsetmicrofoon,48000
20080827,boergait,20080414,0.6204214,False,mannelijk,volwassen,Noordoostelijk,n/a,headsetmicrofoon,48000
20080827,boergait,20080414,0.764909,False,mannelijk,volwassen,Noordoostelijk,n/a,headsetmicrofoon,48000
20080827,boergait,20080414,0.6979102,False,mannelijk,volwassen,Noordoostelijk,n/a,headsetmicrofoon,48000
20080827,boergait,20080418,0.618904,False,mannelijk,volwassen,Noordoostelijk,n/a,headsetmicrofoon,48000
20080827,boergait,20080414,0.7555236,False,mannelijk,volwassen,Noordoostelijk,n/a,headsetmicrofoon,48000
20080827,boergait,20080414,0.7112011,False,mannelijk,volwassen,Noordoostelijk,n/a,headsetmicrofoon,48000
20080827,boergait,20080414,0.69845057,False,mannelijk,volwassen,Noordoostelijk,n/a,headsetmicrofoon,48000
20080827,boergait,20080414,0.6089635,False,mannelijk,volwassen,Noordoostelijk,n/a,headsetmicrofoon,48000
20080827,boergait,20080414,0.6721781,False,mannelijk,volwassen,Noordoostelijk,n/a,headsetmicrofoon,48000
20080827,boergait,20080418,0.6840298,False,mannelijk,volwassen,Noordoostelijk,n/a,headsetmicrofoon,48000
20080827,boergait,20080414,0.7072733,False,mannelijk,volwassen,Noordoostelijk,n/a,headsetmicrofoon,48000
20080827,boergait,20080418,0.7251294,False,mannelijk,volwassen,Noordoostelijk,n/a,headsetmicrofoon,48000
20080827,boergait,20080414,0.66978174,False,mannelijk,volwassen,Noordoostelijk,n/a,headsetmicrofoon,48000
20080827,boergait,20080414,0.7026324,False,mannelijk,volwassen,Noordoostelijk,n/a,headsetmicrofoon,48000
20080827,boergait,20080418,0.67716116,False,mannelijk,volwassen,Noordoostelijk,n/a,headsetmicrofoon,48000
20080827,boergait,20080414,0.7510507,False,mannelijk,volwassen,Noordoostelijk,n/a,headsetmicrofoon,48000
20080827,boergait,20080414,0.71899587,False,mannelijk,volwassen,Noordoostelijk,n/a,headsetmicrofoon,48000
20080827,boergait,20080414,0.77207816,False,mannelijk,volwassen,Noordoostelijk,n/a,headsetmicrofoon,48000
20080827,boergait,20080414,0.7747962,False,mannelijk,volwassen,Noordoostelijk,n/a,headsetmicrofoon,48000
20080827,boergait,20080414,0.74858594,False,mannelijk,volwassen,Noordoostelijk,n/a,headsetmicrofoon,48000
20080827,boergait,20080414,0.73729265,False,mannelijk,volwassen,Noordoostelijk,n/a,headsetmicrofoon,48000
20080827,boergait,20080414,0.7623832,False,mannelijk,volwassen,Noordoostelijk,n/a,headsetmicrofoon,48000
20080827,boergait,20080414,0.5485777,False,mannelijk,volwassen,Noordoostelijk,n/a,headsetmicrofoon,48000
20080827,boergait,20080414,0.66512275,False,mannelijk,volwassen,Noordoostelijk,n/a,headsetmicrofoon,48000
20080827,boergait,20080414,0.71784455,False,mannelijk,volwassen,Noordoostelijk,n/a,headsetmicrofoon,48000
20080827,boergait,20080414,0.5351926,False,mannelijk,volwassen,Noordoostelijk,n/a,headsetmicrofoon,48000
20080827,boergait,20080414,0.59619355,False,mannelijk,volwassen,Noordoostelijk,n/a,headsetmicrofoon,48000
20080827,boergait,20080414,0.6143273,False,mannelijk,volwassen,Noordoostelijk,n/a,headsetmicrofoon,48000
20080827,boergait,20080414,0.61453736,False,mannelijk,volwassen,Noordoostelijk,n/a,headsetmicrofoon,48000
20080827,boergait,20080418,0.64896923,False,mannelijk,volwassen,Noordoostelijk,n/a,headsetmicrofoon,48000
20080827,boergait,20080414,0.56049335,False,mannelijk,volwassen,Noordoostelijk,n/a,headsetmicrofoon,48000
20080827,boergait,20080414,0.7069428,False,mannelijk,volwassen,Noordoostelijk,n/a,headsetmicrofoon,48000
20080827,boergait,20080414,0.70241964,False,mannelijk,volwassen,Noordoostelijk,n/a,headsetmicrofoon,48000
20080827,boergait,20080414,0.6435044,False,mannelijk,volwassen,Noordoostelijk,n/a,headsetmicrofoon,48000
20080827,boergait,20080414,0.77741134,False,mannelijk,volwassen,Noordoostelijk,n/a,headsetmicrofoon,48000
20080827,boergait,20080414,0.63729715,False,mannelijk,volwassen,Noordoostelijk,n/a,headsetmicrofoon,48000
20080827,boergait,20080414,0.68787587,False,mannelijk,volwassen,Noordoostelijk,n/a,headsetmicrofoon,48000
20080827,boergait,20080414,0.7050807,False,mannelijk,volwassen,Noordoostelijk,n/a,headsetmicrofoon,48000
20080827,boergait,20080414,0.6385532,False,mannelijk,volwassen,Noordoostelijk,n/a,headsetmicrofoon,48000
20080827,boergait,20080414,0.5913258,False,mannelijk,volwassen,Noordoostelijk,n/a,headsetmicrofoon,48000
20080827,boergait,20080414,0.7402227,False,mannelijk,volwassen,Noordoostelijk,n/a,headsetmicrofoon,48000
20080827,boergait,20080414,0.5424276,False,mannelijk,volwassen,Noordoostelijk,n/a,headsetmicrofoon,48000
20080827,boergait,20080414,0.76152384,False,mannelijk,volwassen,Noordoostelijk,n/a,headsetmicrofoon,48000
20080827,boergait,20080414,0.5610738,False,mannelijk,volwassen,Noordoostelijk,n/a,headsetmicrofoon,48000
20080827,boergait,20080414,0.69784904,False,mannelijk,volwassen,Noordoostelijk,n/a,headsetmicrofoon,48000
20080827,boergait,20080414,0.57316196,False,mannelijk,volwassen,Noordoostelijk,n/a,headsetmicrofoon,48000
20080827,boergait,20080414,0.63203394,False,mannelijk,volwassen,Noordoostelijk,n/a,headsetmicrofoon,48000
20080827,boergait,20080414,0.691676,False,mannelijk,volwassen,Noordoostelijk,n/a,headsetmicrofoon,48000
20080827,boergait,20080414,0.72278285,False,mannelijk,volwassen,Noordoostelijk,n/a,headsetmicrofoon,48000
20080827,boergait,20080414,0.71352345,False,mannelijk,volwassen,Noordoostelijk,n/a,headsetmicrofoon,48000
20080827,boergait,20080418,0.5904257,False,mannelijk,volwassen,Noordoostelijk,n/a,headsetmicrofoon,48000
20080827,boergait,20080414,0.6266789,False,mannelijk,volwassen,Noordoostelijk,n/a,headsetmicrofoon,48000
20080827,boergait,20080414,0.6236948,False,mannelijk,volwassen,Noordoostelijk,n/a,headsetmicrofoon,48000
20080827,boergait,20080414,0.60023,False,mannelijk,volwassen,Noordoostelijk,n/a,headsetmicrofoon,48000
20080827,boergait,20080414,0.64101565,False,mannelijk,volwassen,Noordoostelijk,n/a,headsetmicrofoon,48000
20080827,boergait,20080414,0.71046567,False,mannelijk,volwassen,Noordoostelijk,n/a,headsetmicrofoon,48000
20080827,boergait,20080414,0.62634957,False,mannelijk,volwassen,Noordoostelijk,n/a,headsetmicrofoon,48000
20080827,boergait,20080414,0.56677765,False,mannelijk,volwassen,Noordoostelijk,n/a,headsetmicrofoon,48000
20080827,boergait,20080414,0.80904734,False,mannelijk,volwassen,Noordoostelijk,n/a,headsetmicrofoon,48000
20080827,boergait,20080418,0.6216254,False,mannelijk,volwassen,Noordoostelijk,n/a,headsetmicrofoon,48000
20080827,boergait,20080414,0.73944426,False,mannelijk,volwassen,Noordoostelijk,n/a,headsetmicrofoon,48000
20080827,boergait,20080414,0.6790664,False,mannelijk,volwassen,Noordoostelijk,n/a,headsetmicrofoon,48000
20080827,boergait,20080414,0.53770936,False,mannelijk,volwassen,Noordoostelijk,n/a,headsetmicrofoon,48000
20080827,boergait,20080414,0.7152144,False,mannelijk,volwassen,Noordoostelijk,n/a,headsetmicrofoon,48000
20080827,boergait,20080414,0.6294554,False,mannelijk,volwassen,Noordoostelijk,n/a,headsetmicrofoon,48000
20080827,boergait,20080414,0.70938945,False,mannelijk,volwassen,Noordoostelijk,n/a,headsetmicrofoon,48000
20080827,boergait,20080414,0.66072404,False,mannelijk,volwassen,Noordoostelijk,n/a,headsetmicrofoon,48000
20080827,boergait,20080414,0.58830655,False,mannelijk,volwassen,Noordoostelijk,n/a,headsetmicrofoon,48000
20080827,boergait,20080414,0.621583,False,mannelijk,volwassen,Noordoostelijk,n/a,headsetmicrofoon,48000
20080827,boergait,20080414,0.61329246,False,mannelijk,volwassen,Noordoostelijk,n/a,headsetmicrofoon,48000
20080827,boergait,20080414,0.7052849,False,mannelijk,volwassen,Noordoostelijk,n/a,headsetmicrofoon,48000
20080827,boergait,20080414,0.6562214,False,mannelijk,volwassen,Noordoostelijk,n/a,headsetmicrofoon,48000
20080827,boergait,20080418,0.6159073,False,mannelijk,volwassen,Noordoostelijk,n/a,headsetmicrofoon,48000
20080827,boergait,20080414,0.60290337,False,mannelijk,volwassen,Noordoostelijk,n/a,headsetmicrofoon,48000
20080827,boergait,20080414,0.6428616,False,mannelijk,volwassen,Noordoostelijk,n/a,headsetmicrofoon,48000
20080827,boergait,20080414,0.7579298,False,mannelijk,volwassen,Noordoostelijk,n/a,headsetmicrofoon,48000
20080827,boergait,20080414,0.67593944,False,mannelijk,volwassen,Noordoostelijk,n/a,headsetmicrofoon,48000
20080827,boergait,20080414,0.68617487,False,mannelijk,volwassen,Noordoostelijk,n/a,headsetmicrofoon,48000
20080827,boergait,20080414,0.66671765,False,mannelijk,volwassen,Noordoostelijk,n/a,headsetmicrofoon,48000
20080827,boergait,20080414,0.7238126,False,mannelijk,volwassen,Noordoostelijk,n/a,headsetmicrofoon,48000
20080827,boergait,20080418,0.5715234,False,mannelijk,volwassen,Noordoostelijk,n/a,headsetmicrofoon,48000
20080827,boergait,20080414,0.666155,False,mannelijk,volwassen,Noordoostelijk,n/a,headsetmicrofoon,48000
20080827,boergait,20080414,0.6800277,False,mannelijk,volwassen,Noordoostelijk,n/a,headsetmicrofoon,48000
20080827,boergait,20080414,0.5307238,False,mannelijk,volwassen,Noordoostelijk,n/a,headsetmicrofoon,48000
20080827,boergait,20080414,0.6522575,False,mannelijk,volwassen,Noordoostelijk,n/a,headsetmicrofoon,48000
20080827,boergait,20080414,0.69499886,False,mannelijk,volwassen,Noordoostelijk,n/a,headsetmicrofoon,48000
20080827,boergait,20080418,0.53115153,False,mannelijk,volwassen,Noordoostelijk,n/a,headsetmicrofoon,48000
20080827,boergait,20080414,0.7493706,False,mannelijk,volwassen,Noordoostelijk,n/a,headsetmicrofoon,48000
20080827,boergait,20080414,0.7358413,False,mannelijk,volwassen,Noordoostelijk,n/a,headsetmicrofoon,48000
20080827,boergait,20080414,0.66472626,False,mannelijk,volwassen,Noordoostelijk,n/a,headsetmicrofoon,48000
20080827,boergait,20080418,0.64158815,False,mannelijk,volwassen,Noordoostelijk,n/a,headsetmicrofoon,48000
20080827,boergait,20080414,0.7163217,False,mannelijk,volwassen,Noordoostelijk,n/a,headsetmicrofoon,48000
20080827,boergait,20080414,0.6765393,False,mannelijk,volwassen,Noordoostelijk,n/a,headsetmicrofoon,48000
20080827,boergait,20080414,0.66463023,False,mannelijk,volwassen,Noordoostelijk,n/a,headsetmicrofoon,48000
20080827,boergait,20080414,0.59080714,False,mannelijk,volwassen,Noordoostelijk,n/a,headsetmicrofoon,48000
20080827,boergait,20080414,0.68956006,False,mannelijk,volwassen,Noordoostelijk,n/a,headsetmicrofoon,48000
20080827,boergait,20080414,0.73891854,False,mannelijk,volwassen,Noordoostelijk,n/a,headsetmicrofoon,48000
20080827,boergait,20080414,0.58759475,False,mannelijk,volwassen,Noordoostelijk,n/a,headsetmicrofoon,48000
20080827,boergait,20080414,0.7665535,False,mannelijk,volwassen,Noordoostelijk,n/a,headsetmicrofoon,48000
20080827,boergait,20080414,0.7318567,False,mannelijk,volwassen,Noordoostelijk,n/a,headsetmicrofoon,48000
20080827,boergait,20080414,0.569536,False,mannelijk,volwassen,Noordoostelijk,n/a,headsetmicrofoon,48000
20080827,boergait,20080414,0.7043923,False,mannelijk,volwassen,Noordoostelijk,n/a,headsetmicrofoon,48000
20080827,boergait,20080414,0.7529501,False,mannelijk,volwassen,Noordoostelijk,n/a,headsetmicrofoon,48000
20080827,boergait,20080414,0.7030765,False,mannelijk,volwassen,Noordoostelijk,n/a,headsetmicrofoon,48000
20080827,boergait,20080414,0.6771538,False,mannelijk,volwassen,Noordoostelijk,n/a,headsetmicrofoon,48000
20080827,boergait,20080414,0.580617,False,mannelijk,volwassen,Noordoostelijk,n/a,headsetmicrofoon,48000
20080827,boergait,20080418,0.67918706,False,mannelijk,volwassen,Noordoostelijk,n/a,headsetmicrofoon,48000
20080827,boergait,20080414,0.66721445,False,mannelijk,volwassen,Noordoostelijk,n/a,headsetmicrofoon,48000
20080827,boergait,20080414,0.78455806,False,mannelijk,volwassen,Noordoostelijk,n/a,headsetmicrofoon,48000
20080827,boergait,20080414,0.78513086,False,mannelijk,volwassen,Noordoostelijk,n/a,headsetmicrofoon,48000
20080827,boergait,20080414,0.7596548,False,mannelijk,volwassen,Noordoostelijk,n/a,headsetmicrofoon,48000
20080827,boergait,20080414,0.7309736,False,mannelijk,volwassen,Noordoostelijk,n/a,headsetmicrofoon,48000
20080827,boergait,20080418,0.7260432,False,mannelijk,volwassen,Noordoostelijk,n/a,headsetmicrofoon,48000
20080827,boergait,20080414,0.6546171,False,mannelijk,volwassen,Noordoostelijk,n/a,headsetmicrofoon,48000
20080827,boergait,20080414,0.7324742,False,mannelijk,volwassen,Noordoostelijk,n/a,headsetmicrofoon,48000
20080827,boergait,20080414,0.73572826,False,mannelijk,volwassen,Noordoostelijk,n/a,headsetmicrofoon,48000
20080827,boergait,20080414,0.7161911,False,mannelijk,volwassen,Noordoostelijk,n/a,headsetmicrofoon,48000
20080827,boergait,20080414,0.74099183,False,mannelijk,volwassen,Noordoostelijk,n/a,headsetmicrofoon,48000
20080827,boergait,20080414,0.76910985,False,mannelijk,volwassen,Noordoostelijk,n/a,headsetmicrofoon,48000
20080827,boergait,20080414,0.7530654,False,mannelijk,volwassen,Noordoostelijk,n/a,headsetmicrofoon,48000
20080827,boergait,20080414,0.7372968,False,mannelijk,volwassen,Noordoostelijk,n/a,headsetmicrofoon,48000
20080827,boergait,20080418,0.625998,False,mannelijk,volwassen,Noordoostelijk,n/a,headsetmicrofoon,48000
20080827,boergait,20080414,0.6609887,False,mannelijk,volwassen,Noordoostelijk,n/a,headsetmicrofoon,48000
20080827,boergait,20080414,0.5719528,False,mannelijk,volwassen,Noordoostelijk,n/a,headsetmicrofoon,48000
20080827,boergait,20080414,0.59619,False,mannelijk,volwassen,Noordoostelijk,n/a,headsetmicrofoon,48000
20080827,boergait,20080414,0.6634543,False,mannelijk,volwassen,Noordoostelijk,n/a,headsetmicrofoon,48000
20080827,boergait,20080414,0.7087802,False,mannelijk,volwassen,Noordoostelijk,n/a,headsetmicrofoon,48000
20080827,boergait,20080418,0.5928479,False,mannelijk,volwassen,Noordoostelijk,n/a,headsetmicrofoon,48000
20080827,boergait,20080414,0.5528196,False,mannelijk,volwassen,Noordoostelijk,n/a,headsetmicrofoon,48000
20080827,boergait,20080414,0.64920694,False,mannelijk,volwassen,Noordoostelijk,n/a,headsetmicrofoon,48000
20080827,boergait,20080414,0.63447785,False,mannelijk,volwassen,Noordoostelijk,n/a,headsetmicrofoon,48000
20080827,boergait,20080414,0.7706469,False,mannelijk,volwassen,Noordoostelijk,n/a,headsetmicrofoon,48000
20080827,boergait,20080414,0.73648995,False,mannelijk,volwassen,Noordoostelijk,n/a,headsetmicrofoon,48000
20080827,boergait,20080414,0.74656296,False,mannelijk,volwassen,Noordoostelijk,n/a,headsetmicrofoon,48000
20080827,boergait,20080414,0.759475,False,mannelijk,volwassen,Noordoostelijk,n/a,headsetmicrofoon,48000
20080827,boergait,20080414,0.7896608,False,mannelijk,volwassen,Noordoostelijk,n/a,headsetmicrofoon,48000
20080827,boergait,20080414,0.80084765,False,mannelijk,volwassen,Noordoostelijk,n/a,headsetmicrofoon,48000
20080827,boergait,20080414,0.7613151,False,mannelijk,volwassen,Noordoostelijk,n/a,headsetmicrofoon,48000
20080827,boergait,20080414,0.6781961,False,mannelijk,volwassen,Noordoostelijk,n/a,headsetmicrofoon,48000
20080827,boergait,20080414,0.6575589,False,mannelijk,volwassen,Noordoostelijk,n/a,headsetmicrofoon,48000
20080827,boergait,20080414,0.76545715,False,mannelijk,volwassen,Noordoostelijk,n/a,headsetmicrofoon,48000
20080827,boergait,20080414,0.719267,False,mannelijk,volwassen,Noordoostelijk,n/a,headsetmicrofoon,48000
20080827,boergait,20080414,0.50436753,False,mannelijk,volwassen,Noordoostelijk,n/a,headsetmicrofoon,48000
20080827,boergait,20080414,0.74352163,False,mannelijk,volwassen,Noordoostelijk,n/a,headsetmicrofoon,48000
20080827,boergait,20080414,0.7339949,False,mannelijk,volwassen,Noordoostelijk,n/a,headsetmicrofoon,48000
20080827,boergait,20080414,0.62187994,False,mannelijk,volwassen,Noordoostelijk,n/a,headsetmicrofoon,48000
20080827,boergait,20080414,0.5646212,False,mannelijk,volwassen,Noordoostelijk,n/a,headsetmicrofoon,48000
20080827,boergait,20080414,0.5619104,False,mannelijk,volwassen,Noordoostelijk,n/a,headsetmicrofoon,48000
20080827,boergait,20080414,0.61960185,False,mannelijk,volwassen,Noordoostelijk,n/a,headsetmicrofoon,48000
20080827,boergait,20080414,0.69195235,False,mannelijk,volwassen,Noordoostelijk,n/a,headsetmicrofoon,48000
20080827,boergait,20080414,0.6716013,False,mannelijk,volwassen,Noordoostelijk,n/a,headsetmicrofoon,48000
20080827,boergait,20080414,0.6341755,False,mannelijk,volwassen,Noordoostelijk,n/a,headsetmicrofoon,48000
20080827,boergait,20080414,0.6981127,False,mannelijk,volwassen,Noordoostelijk,n/a,headsetmicrofoon,48000
20080827,boergait,20080414,0.67028433,False,mannelijk,volwassen,Noordoostelijk,n/a,headsetmicrofoon,48000
20080827,boergait,20080414,0.7795268,False,mannelijk,volwassen,Noordoostelijk,n/a,headsetmicrofoon,48000
20080827,boergait,20080414,0.6585029,False,mannelijk,volwassen,Noordoostelijk,n/a,headsetmicrofoon,48000
20080827,boergait,20080414,0.7342241,False,mannelijk,volwassen,Noordoostelijk,n/a,headsetmicrofoon,48000
20080827,boergait,20080414,0.6770411,False,mannelijk,volwassen,Noordoostelijk,n/a,headsetmicrofoon,48000
20080827,boergait,20080414,0.7563601,False,mannelijk,volwassen,Noordoostelijk,n/a,headsetmicrofoon,48000
20080827,boergait,20080414,0.6728645,False,mannelijk,volwassen,Noordoostelijk,n/a,headsetmicrofoon,48000
20080827,boergait,20080414,0.6489639,False,mannelijk,volwassen,Noordoostelijk,n/a,headsetmicrofoon,48000
20080827,boergait,20080414,0.77839106,False,mannelijk,volwassen,Noordoostelijk,n/a,headsetmicrofoon,48000
20080827,boergait,20080414,0.6985181,False,mannelijk,volwassen,Noordoostelijk,n/a,headsetmicrofoon,48000
20080827,boergait,20080414,0.76642215,False,mannelijk,volwassen,Noordoostelijk,n/a,headsetmicrofoon,48000
20080827,boergait,20080414,0.7375588,False,mannelijk,volwassen,Noordoostelijk,n/a,headsetmicrofoon,48000
20080827,boergait,20080414,0.6423068,False,mannelijk,volwassen,Noordoostelijk,n/a,headsetmicrofoon,48000
20080827,boergait,20080414,0.7784231,False,mannelijk,volwassen,Noordoostelijk,n/a,headsetmicrofoon,48000
20080827,boergait,20080414,0.72508377,False,mannelijk,volwassen,Noordoostelijk,n/a,headsetmicrofoon,48000
20080827,boergait,20080414,0.8025845,False,mannelijk,volwassen,Noordoostelijk,n/a,headsetmicrofoon,48000
20080827,boergait,20080414,0.7136894,False,mannelijk,volwassen,Noordoostelijk,n/a,headsetmicrofoon,48000
20080827,boergait,20080414,0.7349497,False,mannelijk,volwassen,Noordoostelijk,n/a,headsetmicrofoon,48000
20080827,boergait,20080414,0.6756685,False,mannelijk,volwassen,Noordoostelijk,n/a,headsetmicrofoon,48000
20080827,boergait,20080414,0.79656804,False,mannelijk,volwassen,Noordoostelijk,n/a,headsetmicrofoon,48000
20080827,boergait,20080414,0.82808673,False,mannelijk,volwassen,Noordoostelijk,n/a,headsetmicrofoon,48000
20080827,boergait,20080414,0.71344626,False,mannelijk,volwassen,Noordoostelijk,n/a,headsetmicrofoon,48000
20080827,boergait,20080414,0.8118857,False,mannelijk,volwassen,Noordoostelijk,n/a,headsetmicrofoon,48000
20080827,boergait,20080414,0.7163582,False,mannelijk,volwassen,Noordoostelijk,n/a,headsetmicrofoon,48000
20080827,boergait,20080414,0.7738435,False,mannelijk,volwassen,Noordoostelijk,n/a,headsetmicrofoon,48000
20080827,boergait,20080414,0.62795246,False,mannelijk,volwassen,Noordoostelijk,n/a,headsetmicrofoon,48000
20080827,boergait,20080414,0.7299199,False,mannelijk,volwassen,Noordoostelijk,n/a,headsetmicrofoon,48000
20080827,boergait,20080414,0.6813458,False,mannelijk,volwassen,Noordoostelijk,n/a,headsetmicrofoon,48000
20080827,boergait,20080414,0.7149497,False,mannelijk,volwassen,Noordoostelijk,n/a,headsetmicrofoon,48000
20080827,boergait,20080414,0.6235788,False,mannelijk,volwassen,Noordoostelijk,n/a,headsetmicrofoon,48000
20080827,boergait,20080414,0.6555157,False,mannelijk,volwassen,Noordoostelijk,n/a,headsetmicrofoon,48000
20080827,boergait,20080414,0.66215765,False,mannelijk,volwassen,Noordoostelijk,n/a,headsetmicrofoon,48000
20080827,boergait,20080414,0.6623026,False,mannelijk,volwassen,Noordoostelijk,n/a,headsetmicrofoon,48000
20080827,boergait,20080414,0.6968764,False,mannelijk,volwassen,Noordoostelijk,n/a,headsetmicrofoon,48000
20080827,boergait,20080414,0.70439863,False,mannelijk,volwassen,Noordoostelijk,n/a,headsetmicrofoon,48000
20080827,boergait,20080414,0.7358876,False,mannelijk,volwassen,Noordoostelijk,n/a,headsetmicrofoon,48000
20080827,boergait,20080414,0.6675136,False,mannelijk,volwassen,Noordoostelijk,n/a,headsetmicrofoon,48000
20080827,boergait,20080414,0.6580569,False,mannelijk,volwassen,Noordoostelijk,n/a,headsetmicrofoon,48000
20080827,boergait,20080414,0.7749583,False,mannelijk,volwassen,Noordoostelijk,n/a,headsetmicrofoon,48000
20080827,boergait,20080414,0.6890839,False,mannelijk,volwassen,Noordoostelijk,n/a,headsetmicrofoon,48000
20080827,boergait,20080414,0.71598256,False,mannelijk,volwassen,Noordoostelijk,n/a,headsetmicrofoon,48000
20080827,boergait,20080414,0.68425846,False,mannelijk,volwassen,Noordoostelijk,n/a,headsetmicrofoon,48000
20080827,boergait,20080418,0.6221529,False,mannelijk,volwassen,Noordoostelijk,n/a,headsetmicrofoon,48000
20080827,boergait,20080414,0.7358561,False,mannelijk,volwassen,Noordoostelijk,n/a,headsetmicrofoon,48000
20080827,boergait,20080414,0.74688137,False,mannelijk,volwassen,Noordoostelijk,n/a,headsetmicrofoon,48000
20080827,boergait,20080418,0.7024245,False,mannelijk,volwassen,Noordoostelijk,n/a,headsetmicrofoon,48000
20080827,boergait,20080414,0.6581067,False,mannelijk,volwassen,Noordoostelijk,n/a,headsetmicrofoon,48000
20080827,boergait,20080414,0.750003,False,mannelijk,volwassen,Noordoostelijk,n/a,headsetmicrofoon,48000
20080827,boergait,20080414,0.66352296,False,mannelijk,volwassen,Noordoostelijk,n/a,headsetmicrofoon,48000
20080827,boergait,20080414,0.76495874,False,mannelijk,volwassen,Noordoostelijk,n/a,headsetmicrofoon,48000
20080827,boergait,20080414,0.72918636,False,mannelijk,volwassen,Noordoostelijk,n/a,headsetmicrofoon,48000
20080827,boergait,20080414,0.7236753,False,mannelijk,volwassen,Noordoostelijk,n/a,headsetmicrofoon,48000
20080827,boergait,20080414,0.66461027,False,mannelijk,volwassen,Noordoostelijk,n/a,headsetmicrofoon,48000
20080827,boergait,20080414,0.7488173,False,mannelijk,volwassen,Noordoostelijk,n/a,headsetmicrofoon,48000
20080827,boergait,20080414,0.6897793,False,mannelijk,volwassen,Noordoostelijk,n/a,headsetmicrofoon,48000
20080827,boergait,20080418,0.568215,False,mannelijk,volwassen,Noordoostelijk,n/a,headsetmicrofoon,48000
20080827,boergait,20080414,0.62377614,False,mannelijk,volwassen,Noordoostelijk,n/a,headsetmicrofoon,48000
20080827,boergait,20080414,0.5872319,False,mannelijk,volwassen,Noordoostelijk,n/a,headsetmicrofoon,48000
20080827,boergait,20080414,0.73261845,False,mannelijk,volwassen,Noordoostelijk,n/a,headsetmicrofoon,48000
20080827,boergait,20080414,0.71528786,False,mannelijk,volwassen,Noordoostelijk,n/a,headsetmicrofoon,48000
20080827,boergait,20080414,0.72449046,False,mannelijk,volwassen,Noordoostelijk,n/a,headsetmicrofoon,48000
20080827,boergait,20080414,0.5596658,False,mannelijk,volwassen,Noordoostelijk,n/a,headsetmicrofoon,48000
20080827,boergait,20080414,0.6955447,False,mannelijk,volwassen,Noordoostelijk,n/a,headsetmicrofoon,48000
20080827,boergait,20080414,0.6844909,False,mannelijk,volwassen,Noordoostelijk,n/a,headsetmicrofoon,48000
20080827,boergait,20080414,0.5657722,False,mannelijk,volwassen,Noordoostelijk,n/a,headsetmicrofoon,48000
20080827,boergait,20080414,0.7491565,False,mannelijk,volwassen,Noordoostelijk,n/a,headsetmicrofoon,48000
20080827,boergait,20080414,0.54498094,False,mannelijk,volwassen,Noordoostelijk,n/a,headsetmicrofoon,48000
20080827,boergait,20080418,0.6806139,False,mannelijk,volwassen,Noordoostelijk,n/a,headsetmicrofoon,48000
20080827,boergait,20080414,0.72853136,False,mannelijk,volwassen,Noordoostelijk,n/a,headsetmicrofoon,48000
20080827,boergait,20080414,0.60494137,False,mannelijk,volwassen,Noordoostelijk,n/a,headsetmicrofoon,48000
20080827,boergait,20080414,0.6193162,False,mannelijk,volwassen,Noordoostelijk,n/a,headsetmicrofoon,48000
20080827,boergait,20080414,0.72113985,False,mannelijk,volwassen,Noordoostelijk,n/a,headsetmicrofoon,48000
20080827,boergait,20080414,0.74492323,False,mannelijk,volwassen,Noordoostelijk,n/a,headsetmicrofoon,48000
20080827,boergait,20080414,0.7334274,False,mannelijk,volwassen,Noordoostelijk,n/a,headsetmicrofoon,48000
20080827,boergait,20080414,0.66012084,False,mannelijk,volwassen,Noordoostelijk,n/a,headsetmicrofoon,48000
20080827,boergait,20080414,0.6358452,False,mannelijk,volwassen,Noordoostelijk,n/a,headsetmicrofoon,48000
20080827,boergait,20080414,0.7298194,False,mannelijk,volwassen,Noordoostelijk,n/a,headsetmicrofoon,48000
20080827,boergait,20080414,0.6806709,False,mannelijk,volwassen,Noordoostelijk,n/a,headsetmicrofoon,48000
20080827,boergait,20080414,0.68235624,False,mannelijk,volwassen,Noordoostelijk,n/a,headsetmicrofoon,48000
20080827,boergait,20080414,0.72523165,False,mannelijk,volwassen,Noordoostelijk,n/a,headsetmicrofoon,48000
20080827,boergait,20080414,0.731729,False,mannelijk,volwassen,Noordoostelijk,n/a,headsetmicrofoon,48000
20080827,boergait,20080414,0.7088951,False,mannelijk,volwassen,Noordoostelijk,n/a,headsetmicrofoon,48000
20080827,boergait,20080414,0.73172116,False,mannelijk,volwassen,Noordoostelijk,n/a,headsetmicrofoon,48000
20080827,boergait,20080414,0.7317952,False,mannelijk,volwassen,Noordoostelijk,n/a,headsetmicrofoon,48000
20080827,boergait,20080414,0.6847515,False,mannelijk,volwassen,Noordoostelijk,n/a,headsetmicrofoon,48000
20080827,boergait,20080414,0.7501384,False,mannelijk,volwassen,Noordoostelijk,n/a,headsetmicrofoon,48000
20080827,boergait,20080414,0.7565814,False,mannelijk,volwassen,Noordoostelijk,n/a,headsetmicrofoon,48000
20080827,boergait,20080414,0.78147966,False,mannelijk,volwassen,Noordoostelijk,n/a,headsetmicrofoon,48000
20080827,boergait,20080414,0.6853343,False,mannelijk,volwassen,Noordoostelijk,n/a,headsetmicrofoon,48000
20080827,boergait,20080414,0.62302613,False,mannelijk,volwassen,Noordoostelijk,n/a,headsetmicrofoon,48000
20080827,boergait,20080414,0.6686789,False,mannelijk,volwassen,Noordoostelijk,n/a,headsetmicrofoon,48000
20080827,boergait,20080414,0.760054,False,mannelijk,volwassen,Noordoostelijk,n/a,headsetmicrofoon,48000
20080827,boergait,20080414,0.69751203,False,mannelijk,volwassen,Noordoostelijk,n/a,headsetmicrofoon,48000
20080827,boergait,20080414,0.7244418,False,mannelijk,volwassen,Noordoostelijk,n/a,headsetmicrofoon,48000
20080827,boergait,20080414,0.6603541,False,mannelijk,volwassen,Noordoostelijk,n/a,headsetmicrofoon,48000
20080827,boergait,20080414,0.5779441,False,mannelijk,volwassen,Noordoostelijk,n/a,headsetmicrofoon,48000
20080827,boergait,20080414,0.6471497,False,mannelijk,volwassen,Noordoostelijk,n/a,headsetmicrofoon,48000
20080827,boergait,20080414,0.61132973,False,mannelijk,volwassen,Noordoostelijk,n/a,headsetmicrofoon,48000
20080827,boergait,20080414,0.65273875,False,mannelijk,volwassen,Noordoostelijk,n/a,headsetmicrofoon,48000
20080827,boergait,20080414,0.6374266,False,mannelijk,volwassen,Noordoostelijk,n/a,headsetmicrofoon,48000
20080827,boergait,20080414,0.6046214,False,mannelijk,volwassen,Noordoostelijk,n/a,headsetmicrofoon,48000
20080827,boergait,20080414,0.6304773,False,mannelijk,volwassen,Noordoostelijk,n/a,headsetmicrofoon,48000
20080827,boergait,20080414,0.6274509,False,mannelijk,volwassen,Noordoostelijk,n/a,headsetmicrofoon,48000
20080827,boergait,20080414,0.6702685,False,mannelijk,volwassen,Noordoostelijk,n/a,headsetmicrofoon,48000
20080827,boergait,20080414,0.7196456,False,mannelijk,volwassen,Noordoostelijk,n/a,headsetmicrofoon,48000
20080827,boergait,20080414,0.6524608,False,mannelijk,volwassen,Noordoostelijk,n/a,headsetmicrofoon,48000
20080827,boergait,20080418,0.41858482,False,mannelijk,volwassen,Noordoostelijk,n/a,headsetmicrofoon,48000
20080827,boergait,20080414,0.58824515,False,mannelijk,volwassen,Noordoostelijk,n/a,headsetmicrofoon,48000
20080827,boergait,20080414,0.7594998,False,mannelijk,volwassen,Noordoostelijk,n/a,headsetmicrofoon,48000
20080827,boergait,20080414,0.69933045,False,mannelijk,volwassen,Noordoostelijk,n/a,headsetmicrofoon,48000
20080827,boergait,20080414,0.74903077,False,mannelijk,volwassen,Noordoostelijk,n/a,headsetmicrofoon,48000
20080827,boergait,20080414,0.7787415,False,mannelijk,volwassen,Noordoostelijk,n/a,headsetmicrofoon,48000
20080827,boergait,20080414,0.72046685,False,mannelijk,volwassen,Noordoostelijk,n/a,headsetmicrofoon,48000
20080827,boergait,20080414,0.7005604,False,mannelijk,volwassen,Noordoostelijk,n/a,headsetmicrofoon,48000
20080827,boergait,20080414,0.77984,False,mannelijk,volwassen,Noordoostelijk,n/a,headsetmicrofoon,48000
20080827,boergait,20080414,0.69813657,False,mannelijk,volwassen,Noordoostelijk,n/a,headsetmicrofoon,48000
20080827,boergait,20080414,0.7979647,False,mannelijk,volwassen,Noordoostelijk,n/a,headsetmicrofoon,48000
20080827,boergait,20080414,0.79027957,False,mannelijk,volwassen,Noordoostelijk,n/a,headsetmicrofoon,48000
20080827,boergait,20080414,0.69435275,False,mannelijk,volwassen,Noordoostelijk,n/a,headsetmicrofoon,48000
20080827,boergait,20080414,0.6560296,False,mannelijk,volwassen,Noordoostelijk,n/a,headsetmicrofoon,48000
20080827,boergait,20080418,0.6176688,False,mannelijk,volwassen,Noordoostelijk,n/a,headsetmicrofoon,48000
20080827,boergait,20080414,0.621995,False,mannelijk,volwassen,Noordoostelijk,n/a,headsetmicrofoon,48000
20080827,boergait,20080414,0.6367552,False,mannelijk,volwassen,Noordoostelijk,n/a,headsetmicrofoon,48000
20080827,boergait,20080418,0.62897205,False,mannelijk,volwassen,Noordoostelijk,n/a,headsetmicrofoon,48000
20080827,boergait,20080414,0.6650855,False,mannelijk,volwassen,Noordoostelijk,n/a,headsetmicrofoon,48000
20080827,boergait,20080414,0.70846057,False,mannelijk,volwassen,Noordoostelijk,n/a,headsetmicrofoon,48000
20080827,boergait,20080414,0.7279007,False,mannelijk,volwassen,Noordoostelijk,n/a,headsetmicrofoon,48000
20080827,boergait,20080414,0.64479065,False,mannelijk,volwassen,Noordoostelijk,n/a,headsetmicrofoon,48000
20080827,boergait,20080414,0.741943,False,mannelijk,volwassen,Noordoostelijk,n/a,headsetmicrofoon,48000
20080827,boergait,20080414,0.7674998,False,mannelijk,volwassen,Noordoostelijk,n/a,headsetmicrofoon,48000
20080827,boergait,20080418,0.6359352,False,mannelijk,volwassen,Noordoostelijk,n/a,headsetmicrofoon,48000
20080827,boergait,20080414,0.779724,False,mannelijk,volwassen,Noordoostelijk,n/a,headsetmicrofoon,48000
20080827,boergait,20080414,0.6764678,False,mannelijk,volwassen,Noordoostelijk,n/a,headsetmicrofoon,48000
20080827,boergait,20080414,0.60572857,False,mannelijk,volwassen,Noordoostelijk,n/a,headsetmicrofoon,48000
20080827,boergait,20080414,0.776138,False,mannelijk,volwassen,Noordoostelijk,n/a,headsetmicrofoon,48000
20080827,boergait,20080414,0.7032573,False,mannelijk,volwassen,Noordoostelijk,n/a,headsetmicrofoon,48000
20080827,boergait,20080414,0.751701,False,mannelijk,volwassen,Noordoostelijk,n/a,headsetmicrofoon,48000
20080827,boergait,20080414,0.7558025,False,mannelijk,volwassen,Noordoostelijk,n/a,headsetmicrofoon,48000
20080827,boergait,20080418,0.45380166,False,mannelijk,volwassen,Noordoostelijk,n/a,headsetmicrofoon,48000
20080827,boergait,20080414,0.72949266,False,mannelijk,volwassen,Noordoostelijk,n/a,headsetmicrofoon,48000
20080827,boergait,20080414,0.7017782,False,mannelijk,volwassen,Noordoostelijk,n/a,headsetmicrofoon,48000
20080827,boergait,20080414,0.7670522,False,mannelijk,volwassen,Noordoostelijk,n/a,headsetmicrofoon,48000
20080827,boergait,20080414,0.75687325,False,mannelijk,volwassen,Noordoostelijk,n/a,headsetmicrofoon,48000
20080827,boergait,20080414,0.7473357,False,mannelijk,volwassen,Noordoostelijk,n/a,headsetmicrofoon,48000
20080827,boergait,20080414,0.730711,False,mannelijk,volwassen,Noordoostelijk,n/a,headsetmicrofoon,48000
20080827,boergait,20080414,0.788275,False,mannelijk,volwassen,Noordoostelijk,n/a,headsetmicrofoon,48000
20080827,boergait,20080414,0.7770183,False,mannelijk,volwassen,Noordoostelijk,n/a,headsetmicrofoon,48000
20080827,boergait,20080414,0.75058436,False,mannelijk,volwassen,Noordoostelijk,n/a,headsetmicrofoon,48000
20080827,boergait,20080414,0.7266264,False,mannelijk,volwassen,Noordoostelijk,n/a,headsetmicrofoon,48000
20080827,boergait,20080414,0.6650679,False,mannelijk,volwassen,Noordoostelijk,n/a,headsetmicrofoon,48000
20080827,boergait,20080418,0.6906444,False,mannelijk,volwassen,Noordoostelijk,n/a,headsetmicrofoon,48000
20080827,boergait,20080414,0.67420036,False,mannelijk,volwassen,Noordoostelijk,n/a,headsetmicrofoon,48000
20080827,boergait,20080414,0.740162,False,mannelijk,volwassen,Noordoostelijk,n/a,headsetmicrofoon,48000
20080827,boergait,20080414,0.6606648,False,mannelijk,volwassen,Noordoostelijk,n/a,headsetmicrofoon,48000
20080827,boergait,20080414,0.7447828,False,mannelijk,volwassen,Noordoostelijk,n/a,headsetmicrofoon,48000
20080827,boergait,20080414,0.66493595,False,mannelijk,volwassen,Noordoostelijk,n/a,headsetmicrofoon,48000
20080827,boergait,20080414,0.71627057,False,mannelijk,volwassen,Noordoostelijk,n/a,headsetmicrofoon,48000
20080827,boergait,20080414,0.7286079,False,mannelijk,volwassen,Noordoostelijk,n/a,headsetmicrofoon,48000
20080827,boergait,20080414,0.69278467,False,mannelijk,volwassen,Noordoostelijk,n/a,headsetmicrofoon,48000
20080827,boergait,20080418,0.52494615,False,mannelijk,volwassen,Noordoostelijk,n/a,headsetmicrofoon,48000
20080827,boergait,20080418,0.7093588,False,mannelijk,volwassen,Noordoostelijk,n/a,headsetmicrofoon,48000
20080827,boergait,20080414,0.65097,False,mannelijk,volwassen,Noordoostelijk,n/a,headsetmicrofoon,48000
20080827,boergait,20080414,0.69260323,False,mannelijk,volwassen,Noordoostelijk,n/a,headsetmicrofoon,48000
20080827,boergait,20080414,0.710013,False,mannelijk,volwassen,Noordoostelijk,n/a,headsetmicrofoon,48000
20080827,boergait,20080414,0.74489444,False,mannelijk,volwassen,Noordoostelijk,n/a,headsetmicrofoon,48000
20080827,boergait,20080414,0.7692387,False,mannelijk,volwassen,Noordoostelijk,n/a,headsetmicrofoon,48000
20080827,boergait,20080414,0.61637866,False,mannelijk,volwassen,Noordoostelijk,n/a,headsetmicrofoon,48000
20080827,boergait,20080418,0.6817362,False,mannelijk,volwassen,Noordoostelijk,n/a,headsetmicrofoon,48000
20080827,boergait,20080418,0.57300353,False,mannelijk,volwassen,Noordoostelijk,n/a,headsetmicrofoon,48000
20080827,boergait,20080418,0.5815586,False,mannelijk,volwassen,Noordoostelijk,n/a,headsetmicrofoon,48000
20080827,boergait,20080418,0.6407635,False,mannelijk,volwassen,Noordoostelijk,n/a,headsetmicrofoon,48000
20080827,boergait,20080414,0.6264212,False,mannelijk,volwassen,Noordoostelijk,n/a,headsetmicrofoon,48000
20080827,boergait,20080414,0.66107523,False,mannelijk,volwassen,Noordoostelijk,n/a,headsetmicrofoon,48000
20080827,boergait,20080414,0.6940999,False,mannelijk,volwassen,Noordoostelijk,n/a,headsetmicrofoon,48000
20080827,boergait,20080414,0.60677314,False,mannelijk,volwassen,Noordoostelijk,n/a,headsetmicrofoon,48000
20080827,boergait,20080414,0.6489898,False,mannelijk,volwassen,Noordoostelijk,n/a,headsetmicrofoon,48000
20080827,boergait,20080414,0.62216127,False,mannelijk,volwassen,Noordoostelijk,n/a,headsetmicrofoon,48000
20080827,boergait,20080414,0.6307341,False,mannelijk,volwassen,Noordoostelijk,n/a,headsetmicrofoon,48000
20080827,boergait,20080414,0.6728675,False,mannelijk,volwassen,Noordoostelijk,n/a,headsetmicrofoon,48000
20080827,boergait,20080414,0.6486895,False,mannelijk,volwassen,Noordoostelijk,n/a,headsetmicrofoon,48000
20080827,boergait,20080414,0.7010631,False,mannelijk,volwassen,Noordoostelijk,n/a,headsetmicrofoon,48000
20080827,boergait,20080414,0.73601073,False,mannelijk,volwassen,Noordoostelijk,n/a,headsetmicrofoon,48000
20080827,boergait,20080414,0.53843623,False,mannelijk,volwassen,Noordoostelijk,n/a,headsetmicrofoon,48000
20080827,boergait,20080414,0.71342266,False,mannelijk,volwassen,Noordoostelijk,n/a,headsetmicrofoon,48000
20080827,boergait,20080414,0.77185154,False,mannelijk,volwassen,Noordoostelijk,n/a,headsetmicrofoon,48000
20080827,boergait,20080414,0.7162328,False,mannelijk,volwassen,Noordoostelijk,n/a,headsetmicrofoon,48000
20080827,boergait,20080414,0.5715865,False,mannelijk,volwassen,Noordoostelijk,n/a,headsetmicrofoon,48000
20080827,boergait,20080414,0.7006022,False,mannelijk,volwassen,Noordoostelijk,n/a,headsetmicrofoon,48000
20080827,boergait,20080414,0.7079725,False,mannelijk,volwassen,Noordoostelijk,n/a,headsetmicrofoon,48000
20080827,boergait,20080418,0.59165823,False,mannelijk,volwassen,Noordoostelijk,n/a,headsetmicrofoon,48000
20080827,boergait,20080418,0.6086694,False,mannelijk,volwassen,Noordoostelijk,n/a,headsetmicrofoon,48000
20080827,boergait,20080414,0.6268701,False,mannelijk,volwassen,Noordoostelijk,n/a,headsetmicrofoon,48000
20080827,boergait,20080414,0.60371405,False,mannelijk,volwassen,Noordoostelijk,n/a,headsetmicrofoon,48000
20080827,boergait,20080414,0.6955917,False,mannelijk,volwassen,Noordoostelijk,n/a,headsetmicrofoon,48000
20080827,boergait,20080414,0.7082614,False,mannelijk,volwassen,Noordoostelijk,n/a,headsetmicrofoon,48000
20080827,boergait,20080414,0.6691686,False,mannelijk,volwassen,Noordoostelijk,n/a,headsetmicrofoon,48000
20080827,boergait,20080414,0.6550773,False,mannelijk,volwassen,Noordoostelijk,n/a,headsetmicrofoon,48000
20080827,boergait,20080414,0.5974941,False,mannelijk,volwassen,Noordoostelijk,n/a,headsetmicrofoon,48000
20080828,boergait,20080414,0.70639634,False,mannelijk,volwassen,Noordoostelijk,n/a,headsetmicrofoon,48000
20080828,boergait,20080414,0.6340978,False,mannelijk,volwassen,Noordoostelijk,n/a,headsetmicrofoon,48000
20080828,boergait,20080414,0.649047,False,mannelijk,volwassen,Noordoostelijk,n/a,headsetmicrofoon,48000
20080828,boergait,20080414,0.6094968,False,mannelijk,volwassen,Noordoostelijk,n/a,headsetmicrofoon,48000
20080828,boergait,20080418,0.6571108,False,mannelijk,volwassen,Noordoostelijk,n/a,headsetmicrofoon,48000
20080828,boergait,20080414,0.60949326,False,mannelijk,volwassen,Noordoostelijk,n/a,headsetmicrofoon,48000
20080828,boergait,20080414,0.62566656,False,mannelijk,volwassen,Noordoostelijk,n/a,headsetmicrofoon,48000
20080828,boergait,20080414,0.72108924,False,mannelijk,volwassen,Noordoostelijk,n/a,headsetmicrofoon,48000
20080828,boergait,20080414,0.69006896,False,mannelijk,volwassen,Noordoostelijk,n/a,headsetmicrofoon,48000
20080828,boergait,20080414,0.52680737,False,mannelijk,volwassen,Noordoostelijk,n/a,headsetmicrofoon,48000
20080828,boergait,20080414,0.6899245,False,mannelijk,volwassen,Noordoostelijk,n/a,headsetmicrofoon,48000
20080828,boergait,20080414,0.46035653,False,mannelijk,volwassen,Noordoostelijk,n/a,headsetmicrofoon,48000
20080828,boergait,20080414,0.60062045,False,mannelijk,volwassen,Noordoostelijk,n/a,headsetmicrofoon,48000
20080828,boergait,20080414,0.5837321,False,mannelijk,volwassen,Noordoostelijk,n/a,headsetmicrofoon,48000
20080828,boergait,20080414,0.73967254,False,mannelijk,volwassen,Noordoostelijk,n/a,headsetmicrofoon,48000
20080828,boergait,20080414,0.6015012,False,mannelijk,volwassen,Noordoostelijk,n/a,headsetmicrofoon,48000
20080828,boergait,20080414,0.7020438,False,mannelijk,volwassen,Noordoostelijk,n/a,headsetmicrofoon,48000
20080828,boergait,20080414,0.7372364,False,mannelijk,volwassen,Noordoostelijk,n/a,headsetmicrofoon,48000
20080828,boergait,20080414,0.63998044,False,mannelijk,volwassen,Noordoostelijk,n/a,headsetmicrofoon,48000
20080828,boergait,20080414,0.67782265,False,mannelijk,volwassen,Noordoostelijk,n/a,headsetmicrofoon,48000
20080828,boergait,20080414,0.68286437,False,mannelijk,volwassen,Noordoostelijk,n/a,headsetmicrofoon,48000
20080828,boergait,20080414,0.7066556,False,mannelijk,volwassen,Noordoostelijk,n/a,headsetmicrofoon,48000
20080828,boergait,20080414,0.7947502,False,mannelijk,volwassen,Noordoostelijk,n/a,headsetmicrofoon,48000
20080828,boergait,20080414,0.62502706,False,mannelijk,volwassen,Noordoostelijk,n/a,headsetmicrofoon,48000
20080828,boergait,20080414,0.7282785,False,mannelijk,volwassen,Noordoostelijk,n/a,headsetmicrofoon,48000
20080828,boergait,20080414,0.73650503,False,mannelijk,volwassen,Noordoostelijk,n/a,headsetmicrofoon,48000
20080828,boergait,20080414,0.70700276,False,mannelijk,volwassen,Noordoostelijk,n/a,headsetmicrofoon,48000
20080828,boergait,20080414,0.70644164,False,mannelijk,volwassen,Noordoostelijk,n/a,headsetmicrofoon,48000
20080828,boergait,20080418,0.57505393,False,mannelijk,volwassen,Noordoostelijk,n/a,headsetmicrofoon,48000
20080828,boergait,20080418,0.64865136,False,mannelijk,volwassen,Noordoostelijk,n/a,headsetmicrofoon,48000
20080828,boergait,20080414,0.7283901,False,mannelijk,volwassen,Noordoostelijk,n/a,headsetmicrofoon,48000
20080828,boergait,20080414,0.66937035,False,mannelijk,volwassen,Noordoostelijk,n/a,headsetmicrofoon,48000
20080828,boergait,20080414,0.80736756,False,mannelijk,volwassen,Noordoostelijk,n/a,headsetmicrofoon,48000
20080828,boergait,20080414,0.7285724,False,mannelijk,volwassen,Noordoostelijk,n/a,headsetmicrofoon,48000
20080828,boergait,20080414,0.7389163,False,mannelijk,volwassen,Noordoostelijk,n/a,headsetmicrofoon,48000
20080828,boergait,20080414,0.6622772,False,mannelijk,volwassen,Noordoostelijk,n/a,headsetmicrofoon,48000
20080828,boergait,20080414,0.7304032,False,mannelijk,volwassen,Noordoostelijk,n/a,headsetmicrofoon,48000
20080828,boergait,20080414,0.6381971,False,mannelijk,volwassen,Noordoostelijk,n/a,headsetmicrofoon,48000
20080828,boergait,20080414,0.72504485,False,mannelijk,volwassen,Noordoostelijk,n/a,headsetmicrofoon,48000
20080828,boergait,20080414,0.7160773,False,mannelijk,volwassen,Noordoostelijk,n/a,headsetmicrofoon,48000
20080828,boergait,20080414,0.733479,False,mannelijk,volwassen,Noordoostelijk,n/a,headsetmicrofoon,48000
20080828,boergait,20080414,0.72091883,False,mannelijk,volwassen,Noordoostelijk,n/a,headsetmicrofoon,48000
20080828,boergait,20080414,0.7073786,False,mannelijk,volwassen,Noordoostelijk,n/a,headsetmicrofoon,48000
20080828,boergait,20080414,0.71119905,False,mannelijk,volwassen,Noordoostelijk,n/a,headsetmicrofoon,48000
20080828,boergait,20080414,0.8136103,False,mannelijk,volwassen,Noordoostelijk,n/a,headsetmicrofoon,48000
20080828,boergait,20080414,0.72520125,False,mannelijk,volwassen,Noordoostelijk,n/a,headsetmicrofoon,48000
20080828,boergait,20080414,0.7273735,False,mannelijk,volwassen,Noordoostelijk,n/a,headsetmicrofoon,48000
20080828,boergait,20080414,0.7193026,False,mannelijk,volwassen,Noordoostelijk,n/a,headsetmicrofoon,48000
20080828,boergait,20080414,0.6792953,False,mannelijk,volwassen,Noordoostelijk,n/a,headsetmicrofoon,48000
20080828,boergait,20080414,0.6338533,False,mannelijk,volwassen,Noordoostelijk,n/a,headsetmicrofoon,48000
20080828,boergait,20080414,0.77051514,False,mannelijk,volwassen,Noordoostelijk,n/a,headsetmicrofoon,48000
20080828,boergait,20080414,0.6428716,False,mannelijk,volwassen,Noordoostelijk,n/a,headsetmicrofoon,48000
20080828,boergait,20080414,0.5230054,False,mannelijk,volwassen,Noordoostelijk,n/a,headsetmicrofoon,48000
20080828,boergait,20080414,0.6610929,False,mannelijk,volwassen,Noordoostelijk,n/a,headsetmicrofoon,48000
20080828,boergait,20080414,0.6122996,False,mannelijk,volwassen,Noordoostelijk,n/a,headsetmicrofoon,48000
20080828,boergait,20080414,0.6915423,False,mannelijk,volwassen,Noordoostelijk,n/a,headsetmicrofoon,48000
20080828,boergait,20080414,0.7164874,False,mannelijk,volwassen,Noordoostelijk,n/a,headsetmicrofoon,48000
20080828,boergait,20080414,0.7024289,False,mannelijk,volwassen,Noordoostelijk,n/a,headsetmicrofoon,48000
20080828,boergait,20080414,0.7678412,False,mannelijk,volwassen,Noordoostelijk,n/a,headsetmicrofoon,48000
20080828,boergait,20080414,0.6670548,False,mannelijk,volwassen,Noordoostelijk,n/a,headsetmicrofoon,48000
20080828,boergait,20080414,0.6289985,False,mannelijk,volwassen,Noordoostelijk,n/a,headsetmicrofoon,48000
20080828,boergait,20080414,0.69954133,False,mannelijk,volwassen,Noordoostelijk,n/a,headsetmicrofoon,48000
20080828,boergait,20080414,0.7171781,False,mannelijk,volwassen,Noordoostelijk,n/a,headsetmicrofoon,48000
20080828,boergait,20080414,0.7097022,False,mannelijk,volwassen,Noordoostelijk,n/a,headsetmicrofoon,48000
20080828,boergait,20080418,0.65101427,False,mannelijk,volwassen,Noordoostelijk,n/a,headsetmicrofoon,48000
20080828,boergait,20080414,0.70162034,False,mannelijk,volwassen,Noordoostelijk,n/a,headsetmicrofoon,48000
20080828,boergait,20080414,0.6839426,False,mannelijk,volwassen,Noordoostelijk,n/a,headsetmicrofoon,48000
20080828,boergait,20080414,0.69833446,False,mannelijk,volwassen,Noordoostelijk,n/a,headsetmicrofoon,48000
20080828,boergait,20080414,0.6803473,False,mannelijk,volwassen,Noordoostelijk,n/a,headsetmicrofoon,48000
20080828,boergait,20080414,0.69127077,False,mannelijk,volwassen,Noordoostelijk,n/a,headsetmicrofoon,48000
20080828,boergait,20080414,0.70593476,False,mannelijk,volwassen,Noordoostelijk,n/a,headsetmicrofoon,48000
20080828,boergait,20080414,0.6766076,False,mannelijk,volwassen,Noordoostelijk,n/a,headsetmicrofoon,48000
20080828,boergait,20080414,0.65520924,False,mannelijk,volwassen,Noordoostelijk,n/a,headsetmicrofoon,48000
20080828,boergait,20080414,0.66346264,False,mannelijk,volwassen,Noordoostelijk,n/a,headsetmicrofoon,48000
20080828,boergait,20080414,0.5898033,False,mannelijk,volwassen,Noordoostelijk,n/a,headsetmicrofoon,48000
20080828,boergait,20080414,0.72151804,False,mannelijk,volwassen,Noordoostelijk,n/a,headsetmicrofoon,48000
20080828,boergait,20080414,0.5441431,False,mannelijk,volwassen,Noordoostelijk,n/a,headsetmicrofoon,48000
20080828,boergait,20080414,0.67007303,False,mannelijk,volwassen,Noordoostelijk,n/a,headsetmicrofoon,48000
20080828,boergait,20080418,0.5014999,False,mannelijk,volwassen,Noordoostelijk,n/a,headsetmicrofoon,48000
20080828,boergait,20080414,0.73149,False,mannelijk,volwassen,Noordoostelijk,n/a,headsetmicrofoon,48000
20080828,boergait,20080414,0.7161717,False,mannelijk,volwassen,Noordoostelijk,n/a,headsetmicrofoon,48000
20080828,boergait,20080418,0.62521654,False,mannelijk,volwassen,Noordoostelijk,n/a,headsetmicrofoon,48000
20080828,boergait,20080414,0.54342574,False,mannelijk,volwassen,Noordoostelijk,n/a,headsetmicrofoon,48000
20080828,boergait,20080414,0.61260414,False,mannelijk,volwassen,Noordoostelijk,n/a,headsetmicrofoon,48000
20080828,boergait,20080414,0.66483235,False,mannelijk,volwassen,Noordoostelijk,n/a,headsetmicrofoon,48000
20080828,boergait,20080414,0.7442833,False,mannelijk,volwassen,Noordoostelijk,n/a,headsetmicrofoon,48000
20080828,boergait,20080414,0.5947813,False,mannelijk,volwassen,Noordoostelijk,n/a,headsetmicrofoon,48000
20080828,boergait,20080414,0.65927464,False,mannelijk,volwassen,Noordoostelijk,n/a,headsetmicrofoon,48000
20080828,boergait,20080414,0.6813221,False,mannelijk,volwassen,Noordoostelijk,n/a,headsetmicrofoon,48000
20080828,boergait,20080414,0.6990398,False,mannelijk,volwassen,Noordoostelijk,n/a,headsetmicrofoon,48000
20080828,boergait,20080418,0.55885375,False,mannelijk,volwassen,Noordoostelijk,n/a,headsetmicrofoon,48000
20080828,boergait,20080414,0.734671,False,mannelijk,volwassen,Noordoostelijk,n/a,headsetmicrofoon,48000
20080828,boergait,20080414,0.7895251,False,mannelijk,volwassen,Noordoostelijk,n/a,headsetmicrofoon,48000
20080828,boergait,20080414,0.63737595,False,mannelijk,volwassen,Noordoostelijk,n/a,headsetmicrofoon,48000
20080828,boergait,20080414,0.7469066,False,mannelijk,volwassen,Noordoostelijk,n/a,headsetmicrofoon,48000
20080828,boergait,20080414,0.69277567,False,mannelijk,volwassen,Noordoostelijk,n/a,headsetmicrofoon,48000
20080828,boergait,20080414,0.6280453,False,mannelijk,volwassen,Noordoostelijk,n/a,headsetmicrofoon,48000
20080828,boergait,20080414,0.69855195,False,mannelijk,volwassen,Noordoostelijk,n/a,headsetmicrofoon,48000
20080828,boergait,20080414,0.738368,False,mannelijk,volwassen,Noordoostelijk,n/a,headsetmicrofoon,48000
20080828,boergait,20080414,0.6178535,False,mannelijk,volwassen,Noordoostelijk,n/a,headsetmicrofoon,48000
20080828,boergait,20080414,0.66095597,False,mannelijk,volwassen,Noordoostelijk,n/a,headsetmicrofoon,48000
20080828,boergait,20080414,0.6770169,False,mannelijk,volwassen,Noordoostelijk,n/a,headsetmicrofoon,48000
20080828,boergait,20080414,0.68741554,False,mannelijk,volwassen,Noordoostelijk,n/a,headsetmicrofoon,48000
20080828,boergait,20080414,0.6725735,False,mannelijk,volwassen,Noordoostelijk,n/a,headsetmicrofoon,48000
20080828,boergait,20080414,0.7278168,False,mannelijk,volwassen,Noordoostelijk,n/a,headsetmicrofoon,48000
20080828,boergait,20080414,0.7123824,False,mannelijk,volwassen,Noordoostelijk,n/a,headsetmicrofoon,48000
20080828,boergait,20080414,0.77320075,False,mannelijk,volwassen,Noordoostelijk,n/a,headsetmicrofoon,48000
20080828,boergait,20080414,0.6329879,False,mannelijk,volwassen,Noordoostelijk,n/a,headsetmicrofoon,48000
20080828,boergait,20080414,0.6297108,False,mannelijk,volwassen,Noordoostelijk,n/a,headsetmicrofoon,48000
20080828,boergait,20080414,0.6974258,False,mannelijk,volwassen,Noordoostelijk,n/a,headsetmicrofoon,48000
20080828,boergait,20080414,0.63784313,False,mannelijk,volwassen,Noordoostelijk,n/a,headsetmicrofoon,48000
20080828,boergait,20080414,0.741848,False,mannelijk,volwassen,Noordoostelijk,n/a,headsetmicrofoon,48000
20080828,boergait,20080414,0.6920793,False,mannelijk,volwassen,Noordoostelijk,n/a,headsetmicrofoon,48000
20080828,boergait,20080414,0.7044894,False,mannelijk,volwassen,Noordoostelijk,n/a,headsetmicrofoon,48000
20080828,boergait,20080912,0.6360147,False,mannelijk,volwassen,Noordoostelijk,n/a,headsetmicrofoon,48000
20080828,boergait,20080414,0.63685477,False,mannelijk,volwassen,Noordoostelijk,n/a,headsetmicrofoon,48000
20080828,boergait,20080414,0.6857929,False,mannelijk,volwassen,Noordoostelijk,n/a,headsetmicrofoon,48000
20080828,boergait,20080414,0.5382787,False,mannelijk,volwassen,Noordoostelijk,n/a,headsetmicrofoon,48000
20080828,boergait,20080414,0.71350586,False,mannelijk,volwassen,Noordoostelijk,n/a,headsetmicrofoon,48000
20080828,boergait,20080414,0.57004213,False,mannelijk,volwassen,Noordoostelijk,n/a,headsetmicrofoon,48000
20080828,boergait,20080414,0.7128864,False,mannelijk,volwassen,Noordoostelijk,n/a,headsetmicrofoon,48000
20080828,boergait,20080414,0.74230134,False,mannelijk,volwassen,Noordoostelijk,n/a,headsetmicrofoon,48000
20080828,boergait,20080414,0.6848987,False,mannelijk,volwassen,Noordoostelijk,n/a,headsetmicrofoon,48000
20080828,boergait,20080418,0.47381055,False,mannelijk,volwassen,Noordoostelijk,n/a,headsetmicrofoon,48000
20080828,boergait,20080414,0.6313503,False,mannelijk,volwassen,Noordoostelijk,n/a,headsetmicrofoon,48000
20080828,boergait,20080414,0.7228302,False,mannelijk,volwassen,Noordoostelijk,n/a,headsetmicrofoon,48000
20080828,boergait,20080414,0.71751785,False,mannelijk,volwassen,Noordoostelijk,n/a,headsetmicrofoon,48000
20080828,boergait,20080414,0.7199912,False,mannelijk,volwassen,Noordoostelijk,n/a,headsetmicrofoon,48000
20080828,boergait,20080414,0.7199987,False,mannelijk,volwassen,Noordoostelijk,n/a,headsetmicrofoon,48000
20080828,boergait,20080414,0.6224253,False,mannelijk,volwassen,Noordoostelijk,n/a,headsetmicrofoon,48000
20080828,boergait,20080414,0.5010004,False,mannelijk,volwassen,Noordoostelijk,n/a,headsetmicrofoon,48000
20080828,boergait,20080418,0.6417779,False,mannelijk,volwassen,Noordoostelijk,n/a,headsetmicrofoon,48000
20080828,boergait,20080414,0.5442964,False,mannelijk,volwassen,Noordoostelijk,n/a,headsetmicrofoon,48000
20080828,boergait,20080414,0.71708095,False,mannelijk,volwassen,Noordoostelijk,n/a,headsetmicrofoon,48000
20080828,boergait,20080418,0.57990575,False,mannelijk,volwassen,Noordoostelijk,n/a,headsetmicrofoon,48000
20080828,boergait,20080414,0.7432422,False,mannelijk,volwassen,Noordoostelijk,n/a,headsetmicrofoon,48000
20080828,boergait,20080414,0.62756014,False,mannelijk,volwassen,Noordoostelijk,n/a,headsetmicrofoon,48000
20080828,boergait,20080414,0.6908703,False,mannelijk,volwassen,Noordoostelijk,n/a,headsetmicrofoon,48000
20080828,boergait,20080414,0.68753433,False,mannelijk,volwassen,Noordoostelijk,n/a,headsetmicrofoon,48000
20080828,boergait,20080414,0.72904205,False,mannelijk,volwassen,Noordoostelijk,n/a,headsetmicrofoon,48000
20080828,boergait,20080414,0.65597034,False,mannelijk,volwassen,Noordoostelijk,n/a,headsetmicrofoon,48000
20080828,boergait,20080414,0.7296566,False,mannelijk,volwassen,Noordoostelijk,n/a,headsetmicrofoon,48000
20080828,boergait,20080414,0.69189656,False,mannelijk,volwassen,Noordoostelijk,n/a,headsetmicrofoon,48000
20080828,boergait,20080414,0.6307623,False,mannelijk,volwassen,Noordoostelijk,n/a,headsetmicrofoon,48000
20080828,boergait,20080418,0.66952837,False,mannelijk,volwassen,Noordoostelijk,n/a,headsetmicrofoon,48000
20080828,boergait,20080414,0.6789739,False,mannelijk,volwassen,Noordoostelijk,n/a,headsetmicrofoon,48000
20080828,boergait,20080414,0.67286664,False,mannelijk,volwassen,Noordoostelijk,n/a,headsetmicrofoon,48000
20080828,boergait,20080414,0.6573758,False,mannelijk,volwassen,Noordoostelijk,n/a,headsetmicrofoon,48000
20080828,boergait,20080414,0.71027255,False,mannelijk,volwassen,Noordoostelijk,n/a,headsetmicrofoon,48000
20080828,boergait,20080414,0.6875447,False,mannelijk,volwassen,Noordoostelijk,n/a,headsetmicrofoon,48000
20080828,boergait,20080414,0.6804043,False,mannelijk,volwassen,Noordoostelijk,n/a,headsetmicrofoon,48000
20080828,boergait,20080414,0.7613598,False,mannelijk,volwassen,Noordoostelijk,n/a,headsetmicrofoon,48000
20080828,boergait,20080414,0.73553556,False,mannelijk,volwassen,Noordoostelijk,n/a,headsetmicrofoon,48000
20080828,boergait,20080414,0.72108734,False,mannelijk,volwassen,Noordoostelijk,n/a,headsetmicrofoon,48000
20080828,boergait,20080414,0.7407284,False,mannelijk,volwassen,Noordoostelijk,n/a,headsetmicrofoon,48000
20080828,boergait,20080414,0.68018967,False,mannelijk,volwassen,Noordoostelijk,n/a,headsetmicrofoon,48000
20080828,boergait,20080414,0.72736895,False,mannelijk,volwassen,Noordoostelijk,n/a,headsetmicrofoon,48000
20080828,boergait,20080414,0.63313043,False,mannelijk,volwassen,Noordoostelijk,n/a,headsetmicrofoon,48000
20080828,boergait,20080414,0.72307277,False,mannelijk,volwassen,Noordoostelijk,n/a,headsetmicrofoon,48000
20080828,boergait,20080414,0.7916232,False,mannelijk,volwassen,Noordoostelijk,n/a,headsetmicrofoon,48000
20080828,boergait,20080414,0.69282645,False,mannelijk,volwassen,Noordoostelijk,n/a,headsetmicrofoon,48000
20080828,boergait,20080414,0.68033504,False,mannelijk,volwassen,Noordoostelijk,n/a,headsetmicrofoon,48000
20080828,boergait,20080414,0.70569533,False,mannelijk,volwassen,Noordoostelijk,n/a,headsetmicrofoon,48000
20080828,boergait,20080414,0.71890706,False,mannelijk,volwassen,Noordoostelijk,n/a,headsetmicrofoon,48000
20080828,boergait,20080414,0.7241782,False,mannelijk,volwassen,Noordoostelijk,n/a,headsetmicrofoon,48000
20080828,boergait,20080414,0.78368366,False,mannelijk,volwassen,Noordoostelijk,n/a,headsetmicrofoon,48000
20080828,boergait,20080414,0.7766199,False,mannelijk,volwassen,Noordoostelijk,n/a,headsetmicrofoon,48000
20080828,boergait,20080414,0.7817399,False,mannelijk,volwassen,Noordoostelijk,n/a,headsetmicrofoon,48000
20080828,boergait,20080414,0.6770064,False,mannelijk,volwassen,Noordoostelijk,n/a,headsetmicrofoon,48000
20080828,boergait,20080414,0.682524,False,mannelijk,volwassen,Noordoostelijk,n/a,headsetmicrofoon,48000
20080828,boergait,20080414,0.6908177,False,mannelijk,volwassen,Noordoostelijk,n/a,headsetmicrofoon,48000
20080828,boergait,20080414,0.7297567,False,mannelijk,volwassen,Noordoostelijk,n/a,headsetmicrofoon,48000
20080828,boergait,20080414,0.68924916,False,mannelijk,volwassen,Noordoostelijk,n/a,headsetmicrofoon,48000
20080828,boergait,20080414,0.6065436,False,mannelijk,volwassen,Noordoostelijk,n/a,headsetmicrofoon,48000
20080828,boergait,20080414,0.6171351,False,mannelijk,volwassen,Noordoostelijk,n/a,headsetmicrofoon,48000
20080828,boergait,20080414,0.5914218,False,mannelijk,volwassen,Noordoostelijk,n/a,headsetmicrofoon,48000
20080828,boergait,20080414,0.56098044,False,mannelijk,volwassen,Noordoostelijk,n/a,headsetmicrofoon,48000
20080828,boergait,20080418,0.6481283,False,mannelijk,volwassen,Noordoostelijk,n/a,headsetmicrofoon,48000
20080828,boergait,20080414,0.6913593,False,mannelijk,volwassen,Noordoostelijk,n/a,headsetmicrofoon,48000
20080828,boergait,20080414,0.72150874,False,mannelijk,volwassen,Noordoostelijk,n/a,headsetmicrofoon,48000
20080828,boergait,20080414,0.76667637,False,mannelijk,volwassen,Noordoostelijk,n/a,headsetmicrofoon,48000
20080828,boergait,20080418,0.6220658,False,mannelijk,volwassen,Noordoostelijk,n/a,headsetmicrofoon,48000
20080828,boergait,20080414,0.7596868,False,mannelijk,volwassen,Noordoostelijk,n/a,headsetmicrofoon,48000
20080828,boergait,20080414,0.7232505,False,mannelijk,volwassen,Noordoostelijk,n/a,headsetmicrofoon,48000
20080828,boergait,20080414,0.70775014,False,mannelijk,volwassen,Noordoostelijk,n/a,headsetmicrofoon,48000
20080828,boergait,20080414,0.6641311,False,mannelijk,volwassen,Noordoostelijk,n/a,headsetmicrofoon,48000
20080828,boergait,20080414,0.7239965,False,mannelijk,volwassen,Noordoostelijk,n/a,headsetmicrofoon,48000
20080828,boergait,20080414,0.76553655,False,mannelijk,volwassen,Noordoostelijk,n/a,headsetmicrofoon,48000
20080828,boergait,20080414,0.710989,False,mannelijk,volwassen,Noordoostelijk,n/a,headsetmicrofoon,48000
20080828,boergait,20080414,0.7994489,False,mannelijk,volwassen,Noordoostelijk,n/a,headsetmicrofoon,48000
20080828,boergait,20080414,0.62749135,False,mannelijk,volwassen,Noordoostelijk,n/a,headsetmicrofoon,48000
20080828,boergait,20080418,0.5526189,False,mannelijk,volwassen,Noordoostelijk,n/a,headsetmicrofoon,48000
20080828,boergait,20080414,0.6944097,False,mannelijk,volwassen,Noordoostelijk,n/a,headsetmicrofoon,48000
20080828,boergait,20080414,0.6647434,False,mannelijk,volwassen,Noordoostelijk,n/a,headsetmicrofoon,48000
20080828,boergait,20080414,0.6679825,False,mannelijk,volwassen,Noordoostelijk,n/a,headsetmicrofoon,48000
20080828,boergait,20080414,0.6616769,False,mannelijk,volwassen,Noordoostelijk,n/a,headsetmicrofoon,48000
20080828,boergait,20080414,0.7247132,False,mannelijk,volwassen,Noordoostelijk,n/a,headsetmicrofoon,48000
20080828,boergait,20080414,0.68590224,False,mannelijk,volwassen,Noordoostelijk,n/a,headsetmicrofoon,48000
20080828,boergait,20080414,0.59817,False,mannelijk,volwassen,Noordoostelijk,n/a,headsetmicrofoon,48000
20080828,boergait,20080418,0.5546212,False,mannelijk,volwassen,Noordoostelijk,n/a,headsetmicrofoon,48000
20080828,boergait,20080414,0.70663846,False,mannelijk,volwassen,Noordoostelijk,n/a,headsetmicrofoon,48000
20080828,boergait,20080414,0.73490274,False,mannelijk,volwassen,Noordoostelijk,n/a,headsetmicrofoon,48000
20080828,boergait,20080414,0.6612211,False,mannelijk,volwassen,Noordoostelijk,n/a,headsetmicrofoon,48000
20080828,boergait,20080414,0.6773528,False,mannelijk,volwassen,Noordoostelijk,n/a,headsetmicrofoon,48000
20080828,boergait,20080414,0.5094843,False,mannelijk,volwassen,Noordoostelijk,n/a,headsetmicrofoon,48000
20080828,boergait,20080414,0.79298437,False,mannelijk,volwassen,Noordoostelijk,n/a,headsetmicrofoon,48000
20080828,boergait,20080414,0.62011874,False,mannelijk,volwassen,Noordoostelijk,n/a,headsetmicrofoon,48000
20080828,boergait,20080414,0.78295666,False,mannelijk,volwassen,Noordoostelijk,n/a,headsetmicrofoon,48000
20080828,boergait,20080414,0.70737964,False,mannelijk,volwassen,Noordoostelijk,n/a,headsetmicrofoon,48000
20080828,boergait,20080414,0.74974203,False,mannelijk,volwassen,Noordoostelijk,n/a,headsetmicrofoon,48000
20080828,boergait,20080414,0.6413076,False,mannelijk,volwassen,Noordoostelijk,n/a,headsetmicrofoon,48000
20080828,boergait,20080414,0.5969003,False,mannelijk,volwassen,Noordoostelijk,n/a,headsetmicrofoon,48000
20080828,boergait,20080414,0.7497083,False,mannelijk,volwassen,Noordoostelijk,n/a,headsetmicrofoon,48000
20080828,boergait,20080414,0.74185205,False,mannelijk,volwassen,Noordoostelijk,n/a,headsetmicrofoon,48000
20080828,boergait,20080414,0.7262334,False,mannelijk,volwassen,Noordoostelijk,n/a,headsetmicrofoon,48000
20080828,boergait,20080414,0.63331246,False,mannelijk,volwassen,Noordoostelijk,n/a,headsetmicrofoon,48000
20080828,boergait,20080414,0.7321305,False,mannelijk,volwassen,Noordoostelijk,n/a,headsetmicrofoon,48000
20080828,boergait,20080414,0.7029073,False,mannelijk,volwassen,Noordoostelijk,n/a,headsetmicrofoon,48000
20080828,boergait,20080414,0.64424014,False,mannelijk,volwassen,Noordoostelijk,n/a,headsetmicrofoon,48000
20080828,boergait,20080414,0.5614737,False,mannelijk,volwassen,Noordoostelijk,n/a,headsetmicrofoon,48000
20080828,boergait,20080414,0.6147691,False,mannelijk,volwassen,Noordoostelijk,n/a,headsetmicrofoon,48000
20080828,boergait,20080414,0.71778154,False,mannelijk,volwassen,Noordoostelijk,n/a,headsetmicrofoon,48000
20080828,boergait,20080414,0.67652,False,mannelijk,volwassen,Noordoostelijk,n/a,headsetmicrofoon,48000
20080828,boergait,20080414,0.7776215,False,mannelijk,volwassen,Noordoostelijk,n/a,headsetmicrofoon,48000
20080828,boergait,20080414,0.7778504,False,mannelijk,volwassen,Noordoostelijk,n/a,headsetmicrofoon,48000
20080828,boergait,20080414,0.70745945,False,mannelijk,volwassen,Noordoostelijk,n/a,headsetmicrofoon,48000
20080828,boergait,20080418,0.5526679,False,mannelijk,volwassen,Noordoostelijk,n/a,headsetmicrofoon,48000
20080828,boergait,20080414,0.6703954,False,mannelijk,volwassen,Noordoostelijk,n/a,headsetmicrofoon,48000
20080828,boergait,20080414,0.7447754,False,mannelijk,volwassen,Noordoostelijk,n/a,headsetmicrofoon,48000
20080828,boergait,20080414,0.69196117,False,mannelijk,volwassen,Noordoostelijk,n/a,headsetmicrofoon,48000
20080828,boergait,20080414,0.75344145,False,mannelijk,volwassen,Noordoostelijk,n/a,headsetmicrofoon,48000
20080828,boergait,20080414,0.7166156,False,mannelijk,volwassen,Noordoostelijk,n/a,headsetmicrofoon,48000
20080828,boergait,20080414,0.7543174,False,mannelijk,volwassen,Noordoostelijk,n/a,headsetmicrofoon,48000
20080828,boergait,20080414,0.731835,False,mannelijk,volwassen,Noordoostelijk,n/a,headsetmicrofoon,48000
20080828,boergait,20080414,0.731444,False,mannelijk,volwassen,Noordoostelijk,n/a,headsetmicrofoon,48000
20080828,boergait,20080414,0.69640106,False,mannelijk,volwassen,Noordoostelijk,n/a,headsetmicrofoon,48000
20080828,boergait,20080414,0.6534344,False,mannelijk,volwassen,Noordoostelijk,n/a,headsetmicrofoon,48000
20080828,boergait,20080414,0.61267674,False,mannelijk,volwassen,Noordoostelijk,n/a,headsetmicrofoon,48000
20080828,boergait,20080414,0.7369502,False,mannelijk,volwassen,Noordoostelijk,n/a,headsetmicrofoon,48000
20080828,boergait,20080414,0.7594571,False,mannelijk,volwassen,Noordoostelijk,n/a,headsetmicrofoon,48000
20080828,boergait,20080414,0.69933784,False,mannelijk,volwassen,Noordoostelijk,n/a,headsetmicrofoon,48000
20080828,boergait,20080414,0.7039412,False,mannelijk,volwassen,Noordoostelijk,n/a,headsetmicrofoon,48000
20080828,boergait,20080414,0.7605027,False,mannelijk,volwassen,Noordoostelijk,n/a,headsetmicrofoon,48000
20080828,boergait,20080414,0.69045216,False,mannelijk,volwassen,Noordoostelijk,n/a,headsetmicrofoon,48000
20080828,boergait,20080414,0.7901532,False,mannelijk,volwassen,Noordoostelijk,n/a,headsetmicrofoon,48000
20080828,boergait,20080418,0.7186567,False,mannelijk,volwassen,Noordoostelijk,n/a,headsetmicrofoon,48000
20080828,boergait,20080414,0.7047471,False,mannelijk,volwassen,Noordoostelijk,n/a,headsetmicrofoon,48000
20080828,boergait,20080414,0.6411786,False,mannelijk,volwassen,Noordoostelijk,n/a,headsetmicrofoon,48000
20080828,boergait,20080414,0.748543,False,mannelijk,volwassen,Noordoostelijk,n/a,headsetmicrofoon,48000
20080828,boergait,20080414,0.6707614,False,mannelijk,volwassen,Noordoostelijk,n/a,headsetmicrofoon,48000
20080828,boergait,20080414,0.6844846,False,mannelijk,volwassen,Noordoostelijk,n/a,headsetmicrofoon,48000
20080828,boergait,20080414,0.65956014,False,mannelijk,volwassen,Noordoostelijk,n/a,headsetmicrofoon,48000
20080828,boergait,20080414,0.7696881,False,mannelijk,volwassen,Noordoostelijk,n/a,headsetmicrofoon,48000
20080828,boergait,20080414,0.5659827,False,mannelijk,volwassen,Noordoostelijk,n/a,headsetmicrofoon,48000
20080828,boergait,20080414,0.7287487,False,mannelijk,volwassen,Noordoostelijk,n/a,headsetmicrofoon,48000
20080828,boergait,20080414,0.63467824,False,mannelijk,volwassen,Noordoostelijk,n/a,headsetmicrofoon,48000
20080828,boergait,20080414,0.6432034,False,mannelijk,volwassen,Noordoostelijk,n/a,headsetmicrofoon,48000
20080828,boergait,20080418,0.6642996,False,mannelijk,volwassen,Noordoostelijk,n/a,headsetmicrofoon,48000
20080828,boergait,20080414,0.7082186,False,mannelijk,volwassen,Noordoostelijk,n/a,headsetmicrofoon,48000
20080828,boergait,20080414,0.77368903,False,mannelijk,volwassen,Noordoostelijk,n/a,headsetmicrofoon,48000
20080828,boergait,20080414,0.7744285,False,mannelijk,volwassen,Noordoostelijk,n/a,headsetmicrofoon,48000
20080828,boergait,20080414,0.6867927,False,mannelijk,volwassen,Noordoostelijk,n/a,headsetmicrofoon,48000
20080828,boergait,20080414,0.71422964,False,mannelijk,volwassen,Noordoostelijk,n/a,headsetmicrofoon,48000
20080828,boergait,20080414,0.7419374,False,mannelijk,volwassen,Noordoostelijk,n/a,headsetmicrofoon,48000
20080828,boergait,20080414,0.8025296,False,mannelijk,volwassen,Noordoostelijk,n/a,headsetmicrofoon,48000
20080828,boergait,20080414,0.7029836,False,mannelijk,volwassen,Noordoostelijk,n/a,headsetmicrofoon,48000
20080828,boergait,20080414,0.7081485,False,mannelijk,volwassen,Noordoostelijk,n/a,headsetmicrofoon,48000
20080828,boergait,20080414,0.7853426,False,mannelijk,volwassen,Noordoostelijk,n/a,headsetmicrofoon,48000
20080828,boergait,20080414,0.7568082,False,mannelijk,volwassen,Noordoostelijk,n/a,headsetmicrofoon,48000
20080828,boergait,20080414,0.757123,False,mannelijk,volwassen,Noordoostelijk,n/a,headsetmicrofoon,48000
20080828,boergait,20080414,0.6825584,False,mannelijk,volwassen,Noordoostelijk,n/a,headsetmicrofoon,48000
20080828,boergait,20080414,0.71316844,False,mannelijk,volwassen,Noordoostelijk,n/a,headsetmicrofoon,48000
20080828,boergait,20080414,0.7454879,False,mannelijk,volwassen,Noordoostelijk,n/a,headsetmicrofoon,48000
20080828,boergait,20080414,0.77969265,False,mannelijk,volwassen,Noordoostelijk,n/a,headsetmicrofoon,48000
20080828,boergait,20080414,0.6742524,False,mannelijk,volwassen,Noordoostelijk,n/a,headsetmicrofoon,48000
20080828,boergait,20080414,0.6630491,False,mannelijk,volwassen,Noordoostelijk,n/a,headsetmicrofoon,48000
20080828,boergait,20080414,0.68138015,False,mannelijk,volwassen,Noordoostelijk,n/a,headsetmicrofoon,48000
20080828,boergait,20080414,0.733754,False,mannelijk,volwassen,Noordoostelijk,n/a,headsetmicrofoon,48000
20080828,boergait,20080414,0.6707872,False,mannelijk,volwassen,Noordoostelijk,n/a,headsetmicrofoon,48000
20080828,boergait,20080414,0.72640896,False,mannelijk,volwassen,Noordoostelijk,n/a,headsetmicrofoon,48000
20080828,boergait,20080414,0.56449,False,mannelijk,volwassen,Noordoostelijk,n/a,headsetmicrofoon,48000
20080828,boergait,20080414,0.56535006,False,mannelijk,volwassen,Noordoostelijk,n/a,headsetmicrofoon,48000
20080828,boergait,20080414,0.6262249,False,mannelijk,volwassen,Noordoostelijk,n/a,headsetmicrofoon,48000
20080828,boergait,20080414,0.6865572,False,mannelijk,volwassen,Noordoostelijk,n/a,headsetmicrofoon,48000
20080828,boergait,20080414,0.6663964,False,mannelijk,volwassen,Noordoostelijk,n/a,headsetmicrofoon,48000
20080828,boergait,20080414,0.6828424,False,mannelijk,volwassen,Noordoostelijk,n/a,headsetmicrofoon,48000
20080828,boergait,20080414,0.7386418,False,mannelijk,volwassen,Noordoostelijk,n/a,headsetmicrofoon,48000
20080828,boergait,20080414,0.7714244,False,mannelijk,volwassen,Noordoostelijk,n/a,headsetmicrofoon,48000
20080828,boergait,20080414,0.6967266,False,mannelijk,volwassen,Noordoostelijk,n/a,headsetmicrofoon,48000
20080828,boergait,20080414,0.73155963,False,mannelijk,volwassen,Noordoostelijk,n/a,headsetmicrofoon,48000
20080828,boergait,20080414,0.7102622,False,mannelijk,volwassen,Noordoostelijk,n/a,headsetmicrofoon,48000
20080828,boergait,20080418,0.6360986,False,mannelijk,volwassen,Noordoostelijk,n/a,headsetmicrofoon,48000
20080828,boergait,20080414,0.6356894,False,mannelijk,volwassen,Noordoostelijk,n/a,headsetmicrofoon,48000
20080828,boergait,20080414,0.70732105,False,mannelijk,volwassen,Noordoostelijk,n/a,headsetmicrofoon,48000
20080828,boergait,20080414,0.7256845,False,mannelijk,volwassen,Noordoostelijk,n/a,headsetmicrofoon,48000
20080828,boergait,20080414,0.71782357,False,mannelijk,volwassen,Noordoostelijk,n/a,headsetmicrofoon,48000
20080828,boergait,20080414,0.6402972,False,mannelijk,volwassen,Noordoostelijk,n/a,headsetmicrofoon,48000
20080828,boergait,20080414,0.6472579,False,mannelijk,volwassen,Noordoostelijk,n/a,headsetmicrofoon,48000
20080828,boergait,20080414,0.61226344,False,mannelijk,volwassen,Noordoostelijk,n/a,headsetmicrofoon,48000
20080829,boergait,20080414,0.82104015,False,mannelijk,volwassen,Noordoostelijk,n/a,headsetmicrofoon,48000
20080829,boergait,20080414,0.7342838,False,mannelijk,volwassen,Noordoostelijk,n/a,headsetmicrofoon,48000
20080829,boergait,20080414,0.7745892,False,mannelijk,volwassen,Noordoostelijk,n/a,headsetmicrofoon,48000
20080829,boergait,20080414,0.8007494,False,mannelijk,volwassen,Noordoostelijk,n/a,headsetmicrofoon,48000
20080829,boergait,20080414,0.71822965,False,mannelijk,volwassen,Noordoostelijk,n/a,headsetmicrofoon,48000
20080829,boergait,20080414,0.7524247,False,mannelijk,volwassen,Noordoostelijk,n/a,headsetmicrofoon,48000
20080829,boergait,20080414,0.78557324,False,mannelijk,volwassen,Noordoostelijk,n/a,headsetmicrofoon,48000
20080829,boergait,20080414,0.66193306,False,mannelijk,volwassen,Noordoostelijk,n/a,headsetmicrofoon,48000
20080829,boergait,20080414,0.7692734,False,mannelijk,volwassen,Noordoostelijk,n/a,headsetmicrofoon,48000
20080829,boergait,20080414,0.789738,False,mannelijk,volwassen,Noordoostelijk,n/a,headsetmicrofoon,48000
20080829,boergait,20080414,0.6602458,False,mannelijk,volwassen,Noordoostelijk,n/a,headsetmicrofoon,48000
20080829,boergait,20080414,0.7525687,False,mannelijk,volwassen,Noordoostelijk,n/a,headsetmicrofoon,48000
20080829,boergait,20080414,0.6980667,False,mannelijk,volwassen,Noordoostelijk,n/a,headsetmicrofoon,48000
20080829,boergait,20080414,0.68964994,False,mannelijk,volwassen,Noordoostelijk,n/a,headsetmicrofoon,48000
20080829,boergait,20080414,0.70922494,False,mannelijk,volwassen,Noordoostelijk,n/a,headsetmicrofoon,48000
20080829,boergait,20080414,0.64240384,False,mannelijk,volwassen,Noordoostelijk,n/a,headsetmicrofoon,48000
20080829,boergait,20080414,0.6859251,False,mannelijk,volwassen,Noordoostelijk,n/a,headsetmicrofoon,48000
20080829,boergait,20080414,0.66554904,False,mannelijk,volwassen,Noordoostelijk,n/a,headsetmicrofoon,48000
20080829,boergait,20080414,0.6878416,False,mannelijk,volwassen,Noordoostelijk,n/a,headsetmicrofoon,48000
20080829,boergait,20080414,0.7937356,False,mannelijk,volwassen,Noordoostelijk,n/a,headsetmicrofoon,48000
20080829,boergait,20080414,0.6706714,False,mannelijk,volwassen,Noordoostelijk,n/a,headsetmicrofoon,48000
20080829,boergait,20080414,0.6897697,False,mannelijk,volwassen,Noordoostelijk,n/a,headsetmicrofoon,48000
20080829,boergait,20080414,0.758425,False,mannelijk,volwassen,Noordoostelijk,n/a,headsetmicrofoon,48000
20080829,boergait,20080414,0.7188126,False,mannelijk,volwassen,Noordoostelijk,n/a,headsetmicrofoon,48000
20080829,boergait,20080414,0.6982621,False,mannelijk,volwassen,Noordoostelijk,n/a,headsetmicrofoon,48000
20080829,boergait,20080414,0.59251845,False,mannelijk,volwassen,Noordoostelijk,n/a,headsetmicrofoon,48000
20080829,boergait,20080414,0.72146744,False,mannelijk,volwassen,Noordoostelijk,n/a,headsetmicrofoon,48000
20080829,boergait,20080414,0.72794414,False,mannelijk,volwassen,Noordoostelijk,n/a,headsetmicrofoon,48000
20080829,boergait,20080414,0.72316486,False,mannelijk,volwassen,Noordoostelijk,n/a,headsetmicrofoon,48000
20080829,boergait,20080414,0.6786531,False,mannelijk,volwassen,Noordoostelijk,n/a,headsetmicrofoon,48000
20080829,boergait,20080418,0.69362086,False,mannelijk,volwassen,Noordoostelijk,n/a,headsetmicrofoon,48000
20080829,boergait,20080414,0.6933246,False,mannelijk,volwassen,Noordoostelijk,n/a,headsetmicrofoon,48000
20080829,boergait,20080414,0.7397599,False,mannelijk,volwassen,Noordoostelijk,n/a,headsetmicrofoon,48000
20080829,boergait,20080414,0.71953267,False,mannelijk,volwassen,Noordoostelijk,n/a,headsetmicrofoon,48000
20080829,boergait,20080414,0.71466076,False,mannelijk,volwassen,Noordoostelijk,n/a,headsetmicrofoon,48000
20080829,boergait,20080414,0.745625,False,mannelijk,volwassen,Noordoostelijk,n/a,headsetmicrofoon,48000
20080829,boergait,20080414,0.7192715,False,mannelijk,volwassen,Noordoostelijk,n/a,headsetmicrofoon,48000
20080829,boergait,20080414,0.7141224,False,mannelijk,volwassen,Noordoostelijk,n/a,headsetmicrofoon,48000
20080829,boergait,20080414,0.56839687,False,mannelijk,volwassen,Noordoostelijk,n/a,headsetmicrofoon,48000
20080829,boergait,20080414,0.73896265,False,mannelijk,volwassen,Noordoostelijk,n/a,headsetmicrofoon,48000
20080829,boergait,20080414,0.6831852,False,mannelijk,volwassen,Noordoostelijk,n/a,headsetmicrofoon,48000
20080829,boergait,20080414,0.78332824,False,mannelijk,volwassen,Noordoostelijk,n/a,headsetmicrofoon,48000
20080829,boergait,20080414,0.52358186,False,mannelijk,volwassen,Noordoostelijk,n/a,headsetmicrofoon,48000
20080829,boergait,20080414,0.7417872,False,mannelijk,volwassen,Noordoostelijk,n/a,headsetmicrofoon,48000
20080829,boergait,20080414,0.74404186,False,mannelijk,volwassen,Noordoostelijk,n/a,headsetmicrofoon,48000
20080829,boergait,20080414,0.73028636,False,mannelijk,volwassen,Noordoostelijk,n/a,headsetmicrofoon,48000
20080829,boergait,20080414,0.62586796,False,mannelijk,volwassen,Noordoostelijk,n/a,headsetmicrofoon,48000
20080829,boergait,20080414,0.66692734,False,mannelijk,volwassen,Noordoostelijk,n/a,headsetmicrofoon,48000
20080829,boergait,20080418,0.6602846,False,mannelijk,volwassen,Noordoostelijk,n/a,headsetmicrofoon,48000
20080829,boergait,20080414,0.7874047,False,mannelijk,volwassen,Noordoostelijk,n/a,headsetmicrofoon,48000
20080829,boergait,20080414,0.71455,False,mannelijk,volwassen,Noordoostelijk,n/a,headsetmicrofoon,48000
20080829,boergait,20080414,0.7383679,False,mannelijk,volwassen,Noordoostelijk,n/a,headsetmicrofoon,48000
20080829,boergait,20080414,0.60277724,False,mannelijk,volwassen,Noordoostelijk,n/a,headsetmicrofoon,48000
20080829,boergait,20080414,0.6738236,False,mannelijk,volwassen,Noordoostelijk,n/a,headsetmicrofoon,48000
20080829,boergait,20080414,0.80095625,False,mannelijk,volwassen,Noordoostelijk,n/a,headsetmicrofoon,48000
20080829,boergait,20080414,0.7294846,False,mannelijk,volwassen,Noordoostelijk,n/a,headsetmicrofoon,48000
20080829,boergait,20080414,0.73963386,False,mannelijk,volwassen,Noordoostelijk,n/a,headsetmicrofoon,48000
20080829,boergait,20080414,0.7501937,False,mannelijk,volwassen,Noordoostelijk,n/a,headsetmicrofoon,48000
20080829,boergait,20080418,0.6501827,False,mannelijk,volwassen,Noordoostelijk,n/a,headsetmicrofoon,48000
20080829,boergait,20080414,0.71503985,False,mannelijk,volwassen,Noordoostelijk,n/a,headsetmicrofoon,48000
20080829,boergait,20080414,0.8213921,False,mannelijk,volwassen,Noordoostelijk,n/a,headsetmicrofoon,48000
20080829,boergait,20080414,0.64502597,False,mannelijk,volwassen,Noordoostelijk,n/a,headsetmicrofoon,48000
20080829,boergait,20080414,0.71502703,False,mannelijk,volwassen,Noordoostelijk,n/a,headsetmicrofoon,48000
20080829,boergait,20080414,0.7263504,False,mannelijk,volwassen,Noordoostelijk,n/a,headsetmicrofoon,48000
20080829,boergait,20080414,0.6826025,False,mannelijk,volwassen,Noordoostelijk,n/a,headsetmicrofoon,48000
20080829,boergait,20080414,0.76532114,False,mannelijk,volwassen,Noordoostelijk,n/a,headsetmicrofoon,48000
20080829,boergait,20080414,0.6650123,False,mannelijk,volwassen,Noordoostelijk,n/a,headsetmicrofoon,48000
20080829,boergait,20080414,0.7725841,False,mannelijk,volwassen,Noordoostelijk,n/a,headsetmicrofoon,48000
20080829,boergait,20080414,0.67991257,False,mannelijk,volwassen,Noordoostelijk,n/a,headsetmicrofoon,48000
20080829,boergait,20080414,0.749825,False,mannelijk,volwassen,Noordoostelijk,n/a,headsetmicrofoon,48000
20080829,boergait,20080414,0.65850395,False,mannelijk,volwassen,Noordoostelijk,n/a,headsetmicrofoon,48000
20080829,boergait,20080414,0.52701306,False,mannelijk,volwassen,Noordoostelijk,n/a,headsetmicrofoon,48000
20080829,boergait,20080414,0.6966078,False,mannelijk,volwassen,Noordoostelijk,n/a,headsetmicrofoon,48000
20080829,boergait,20080414,0.68098176,False,mannelijk,volwassen,Noordoostelijk,n/a,headsetmicrofoon,48000
20080829,boergait,20080414,0.7415622,False,mannelijk,volwassen,Noordoostelijk,n/a,headsetmicrofoon,48000
20080829,boergait,20080414,0.72130936,False,mannelijk,volwassen,Noordoostelijk,n/a,headsetmicrofoon,48000
20080829,boergait,20080414,0.66918534,False,mannelijk,volwassen,Noordoostelijk,n/a,headsetmicrofoon,48000
20080829,boergait,20080414,0.68972415,False,mannelijk,volwassen,Noordoostelijk,n/a,headsetmicrofoon,48000
20080829,boergait,20080414,0.80985284,False,mannelijk,volwassen,Noordoostelijk,n/a,headsetmicrofoon,48000
20080829,boergait,20080414,0.6944265,False,mannelijk,volwassen,Noordoostelijk,n/a,headsetmicrofoon,48000
20080829,boergait,20080414,0.714075,False,mannelijk,volwassen,Noordoostelijk,n/a,headsetmicrofoon,48000
20080829,boergait,20080418,0.70681053,False,mannelijk,volwassen,Noordoostelijk,n/a,headsetmicrofoon,48000
20080829,boergait,20080414,0.7570071,False,mannelijk,volwassen,Noordoostelijk,n/a,headsetmicrofoon,48000
20080829,boergait,20080418,0.6173676,False,mannelijk,volwassen,Noordoostelijk,n/a,headsetmicrofoon,48000
20080829,boergait,20080414,0.6940917,False,mannelijk,volwassen,Noordoostelijk,n/a,headsetmicrofoon,48000
20080829,boergait,20080414,0.65990925,False,mannelijk,volwassen,Noordoostelijk,n/a,headsetmicrofoon,48000
20080829,boergait,20080414,0.4308277,False,mannelijk,volwassen,Noordoostelijk,n/a,headsetmicrofoon,48000
20080829,boergait,20080414,0.73111176,False,mannelijk,volwassen,Noordoostelijk,n/a,headsetmicrofoon,48000
20080829,boergait,20080418,0.47554404,False,mannelijk,volwassen,Noordoostelijk,n/a,headsetmicrofoon,48000
20080829,boergait,20080418,0.50978583,False,mannelijk,volwassen,Noordoostelijk,n/a,headsetmicrofoon,48000
20080829,boergait,20080414,0.64837253,False,mannelijk,volwassen,Noordoostelijk,n/a,headsetmicrofoon,48000
20080829,boergait,20080414,0.6903601,False,mannelijk,volwassen,Noordoostelijk,n/a,headsetmicrofoon,48000
20080829,boergait,20080414,0.6442461,False,mannelijk,volwassen,Noordoostelijk,n/a,headsetmicrofoon,48000
20080829,boergait,20080414,0.76397127,False,mannelijk,volwassen,Noordoostelijk,n/a,headsetmicrofoon,48000
20080829,boergait,20080414,0.5752653,False,mannelijk,volwassen,Noordoostelijk,n/a,headsetmicrofoon,48000
20080829,boergait,20080414,0.7119657,False,mannelijk,volwassen,Noordoostelijk,n/a,headsetmicrofoon,48000
20080829,boergait,20080418,0.60936475,False,mannelijk,volwassen,Noordoostelijk,n/a,headsetmicrofoon,48000
20080829,boergait,20080414,0.7086308,False,mannelijk,volwassen,Noordoostelijk,n/a,headsetmicrofoon,48000
20080829,boergait,20080414,0.7314619,False,mannelijk,volwassen,Noordoostelijk,n/a,headsetmicrofoon,48000
20080829,boergait,20080414,0.7231879,False,mannelijk,volwassen,Noordoostelijk,n/a,headsetmicrofoon,48000
20080829,boergait,20080414,0.70059574,False,mannelijk,volwassen,Noordoostelijk,n/a,headsetmicrofoon,48000
20080829,boergait,20080414,0.7411021,False,mannelijk,volwassen,Noordoostelijk,n/a,headsetmicrofoon,48000
20080829,boergait,20080414,0.7513902,False,mannelijk,volwassen,Noordoostelijk,n/a,headsetmicrofoon,48000
20080829,boergait,20080414,0.7254914,False,mannelijk,volwassen,Noordoostelijk,n/a,headsetmicrofoon,48000
20080829,boergait,20080414,0.70948654,False,mannelijk,volwassen,Noordoostelijk,n/a,headsetmicrofoon,48000
20080829,boergait,20080414,0.7417732,False,mannelijk,volwassen,Noordoostelijk,n/a,headsetmicrofoon,48000
20080829,boergait,20080414,0.71188205,False,mannelijk,volwassen,Noordoostelijk,n/a,headsetmicrofoon,48000
20080829,boergait,20080414,0.642659,False,mannelijk,volwassen,Noordoostelijk,n/a,headsetmicrofoon,48000
20080829,boergait,20080414,0.78613454,False,mannelijk,volwassen,Noordoostelijk,n/a,headsetmicrofoon,48000
20080829,boergait,20080414,0.7694262,False,mannelijk,volwassen,Noordoostelijk,n/a,headsetmicrofoon,48000
20080829,boergait,20080414,0.7201255,False,mannelijk,volwassen,Noordoostelijk,n/a,headsetmicrofoon,48000
20080829,boergait,20080414,0.6485808,False,mannelijk,volwassen,Noordoostelijk,n/a,headsetmicrofoon,48000
20080829,boergait,20080414,0.7235546,False,mannelijk,volwassen,Noordoostelijk,n/a,headsetmicrofoon,48000
20080829,boergait,20080414,0.7295691,False,mannelijk,volwassen,Noordoostelijk,n/a,headsetmicrofoon,48000
20080829,boergait,20080414,0.6118496,False,mannelijk,volwassen,Noordoostelijk,n/a,headsetmicrofoon,48000
20080829,boergait,20080414,0.6865733,False,mannelijk,volwassen,Noordoostelijk,n/a,headsetmicrofoon,48000
20080829,boergait,20080414,0.7783077,False,mannelijk,volwassen,Noordoostelijk,n/a,headsetmicrofoon,48000
20080829,boergait,20080414,0.76478076,False,mannelijk,volwassen,Noordoostelijk,n/a,headsetmicrofoon,48000
20080829,boergait,20080414,0.6835313,False,mannelijk,volwassen,Noordoostelijk,n/a,headsetmicrofoon,48000
20080829,boergait,20080414,0.71262836,False,mannelijk,volwassen,Noordoostelijk,n/a,headsetmicrofoon,48000
20080829,boergait,20080414,0.7074266,False,mannelijk,volwassen,Noordoostelijk,n/a,headsetmicrofoon,48000
20080829,boergait,20080418,0.69293416,False,mannelijk,volwassen,Noordoostelijk,n/a,headsetmicrofoon,48000
20080829,boergait,20080414,0.7403805,False,mannelijk,volwassen,Noordoostelijk,n/a,headsetmicrofoon,48000
20080829,boergait,20080414,0.734244,False,mannelijk,volwassen,Noordoostelijk,n/a,headsetmicrofoon,48000
20080829,boergait,20080418,0.6750153,False,mannelijk,volwassen,Noordoostelijk,n/a,headsetmicrofoon,48000
20080829,boergait,20080414,0.7120218,False,mannelijk,volwassen,Noordoostelijk,n/a,headsetmicrofoon,48000
20080829,boergait,20080414,0.72227824,False,mannelijk,volwassen,Noordoostelijk,n/a,headsetmicrofoon,48000
20080829,boergait,20080418,0.6731861,False,mannelijk,volwassen,Noordoostelijk,n/a,headsetmicrofoon,48000
20080829,boergait,20080414,0.7099261,False,mannelijk,volwassen,Noordoostelijk,n/a,headsetmicrofoon,48000
20080829,boergait,20080418,0.71645284,False,mannelijk,volwassen,Noordoostelijk,n/a,headsetmicrofoon,48000
20080829,boergait,20080414,0.7633033,False,mannelijk,volwassen,Noordoostelijk,n/a,headsetmicrofoon,48000
20080829,boergait,20080414,0.7750505,False,mannelijk,volwassen,Noordoostelijk,n/a,headsetmicrofoon,48000
20080829,boergait,20080414,0.70999765,False,mannelijk,volwassen,Noordoostelijk,n/a,headsetmicrofoon,48000
20080829,boergait,20080414,0.7628995,False,mannelijk,volwassen,Noordoostelijk,n/a,headsetmicrofoon,48000
20080829,boergait,20080414,0.7763768,False,mannelijk,volwassen,Noordoostelijk,n/a,headsetmicrofoon,48000
20080829,boergait,20080414,0.8045128,False,mannelijk,volwassen,Noordoostelijk,n/a,headsetmicrofoon,48000
20080829,boergait,20080414,0.7599958,False,mannelijk,volwassen,Noordoostelijk,n/a,headsetmicrofoon,48000
20080829,boergait,20080414,0.73367745,False,mannelijk,volwassen,Noordoostelijk,n/a,headsetmicrofoon,48000
20080829,boergait,20080414,0.7691492,False,mannelijk,volwassen,Noordoostelijk,n/a,headsetmicrofoon,48000
20080915,boergait,20080418,0.601683,False,mannelijk,volwassen,Noordoostelijk,n/a,headsetmicrofoon,48000
20080915,boergait,20080414,0.7259871,False,mannelijk,volwassen,Noordoostelijk,n/a,headsetmicrofoon,48000
20080915,boergait,20080414,0.6932337,False,mannelijk,volwassen,Noordoostelijk,n/a,headsetmicrofoon,48000
20080915,boergait,20080414,0.70956004,False,mannelijk,volwassen,Noordoostelijk,n/a,headsetmicrofoon,48000
20080915,boergait,20080414,0.6587028,False,mannelijk,volwassen,Noordoostelijk,n/a,headsetmicrofoon,48000
20080915,boergait,20080414,0.76760966,False,mannelijk,volwassen,Noordoostelijk,n/a,headsetmicrofoon,48000
20080915,boergait,20080414,0.66023785,False,mannelijk,volwassen,Noordoostelijk,n/a,headsetmicrofoon,48000
20080915,boergait,20080414,0.69210017,False,mannelijk,volwassen,Noordoostelijk,n/a,headsetmicrofoon,48000
20080915,boergait,20080414,0.66559184,False,mannelijk,volwassen,Noordoostelijk,n/a,headsetmicrofoon,48000
20080915,boergait,20080414,0.70862997,False,mannelijk,volwassen,Noordoostelijk,n/a,headsetmicrofoon,48000
20080915,boergait,20080414,0.7019819,False,mannelijk,volwassen,Noordoostelijk,n/a,headsetmicrofoon,48000
20080915,boergait,20080414,0.72962993,False,mannelijk,volwassen,Noordoostelijk,n/a,headsetmicrofoon,48000
20080915,boergait,20080414,0.6715603,False,mannelijk,volwassen,Noordoostelijk,n/a,headsetmicrofoon,48000
20080915,boergait,20080414,0.7261983,False,mannelijk,volwassen,Noordoostelijk,n/a,headsetmicrofoon,48000
20080915,boergait,20080414,0.73777556,False,mannelijk,volwassen,Noordoostelijk,n/a,headsetmicrofoon,48000
20080915,boergait,20080414,0.752733,False,mannelijk,volwassen,Noordoostelijk,n/a,headsetmicrofoon,48000
20080915,boergait,20080414,0.73443127,False,mannelijk,volwassen,Noordoostelijk,n/a,headsetmicrofoon,48000
20080915,boergait,20080414,0.70195913,False,mannelijk,volwassen,Noordoostelijk,n/a,headsetmicrofoon,48000
20080915,boergait,20080414,0.7293894,False,mannelijk,volwassen,Noordoostelijk,n/a,headsetmicrofoon,48000
20080915,boergait,20080414,0.71054655,False,mannelijk,volwassen,Noordoostelijk,n/a,headsetmicrofoon,48000
20080915,boergait,20080414,0.72313476,False,mannelijk,volwassen,Noordoostelijk,n/a,headsetmicrofoon,48000
20080915,boergait,20080418,0.6239379,False,mannelijk,volwassen,Noordoostelijk,n/a,headsetmicrofoon,48000
20080915,boergait,20080414,0.6536416,False,mannelijk,volwassen,Noordoostelijk,n/a,headsetmicrofoon,48000
20080915,boergait,20080414,0.63227534,False,mannelijk,volwassen,Noordoostelijk,n/a,headsetmicrofoon,48000
20080915,boergait,20080414,0.69232273,False,mannelijk,volwassen,Noordoostelijk,n/a,headsetmicrofoon,48000
20080915,boergait,20080418,0.61295736,False,mannelijk,volwassen,Noordoostelijk,n/a,headsetmicrofoon,48000
20080915,boergait,20080414,0.66064364,False,mannelijk,volwassen,Noordoostelijk,n/a,headsetmicrofoon,48000
20080915,boergait,20080414,0.696854,False,mannelijk,volwassen,Noordoostelijk,n/a,headsetmicrofoon,48000
20080915,boergait,20080414,0.6403206,False,mannelijk,volwassen,Noordoostelijk,n/a,headsetmicrofoon,48000
20080915,boergait,20080414,0.6660454,False,mannelijk,volwassen,Noordoostelijk,n/a,headsetmicrofoon,48000
20080915,boergait,20080414,0.7372029,False,mannelijk,volwassen,Noordoostelijk,n/a,headsetmicrofoon,48000
20080915,boergait,20080418,0.6872529,False,mannelijk,volwassen,Noordoostelijk,n/a,headsetmicrofoon,48000
20080915,boergait,20080418,0.41326523,False,mannelijk,volwassen,Noordoostelijk,n/a,headsetmicrofoon,48000
20080915,boergait,20080414,0.71823347,False,mannelijk,volwassen,Noordoostelijk,n/a,headsetmicrofoon,48000
20080915,boergait,20080414,0.71693075,False,mannelijk,volwassen,Noordoostelijk,n/a,headsetmicrofoon,48000
20080915,boergait,20080414,0.6693514,False,mannelijk,volwassen,Noordoostelijk,n/a,headsetmicrofoon,48000
20080915,boergait,20080414,0.7711704,False,mannelijk,volwassen,Noordoostelijk,n/a,headsetmicrofoon,48000
20080915,boergait,20080414,0.76368856,False,mannelijk,volwassen,Noordoostelijk,n/a,headsetmicrofoon,48000
20080915,boergait,20080414,0.66846037,False,mannelijk,volwassen,Noordoostelijk,n/a,headsetmicrofoon,48000
20080915,boergait,20080414,0.6394213,False,mannelijk,volwassen,Noordoostelijk,n/a,headsetmicrofoon,48000
20080915,boergait,20080414,0.5610198,False,mannelijk,volwassen,Noordoostelijk,n/a,headsetmicrofoon,48000
20080915,boergait,20080418,0.68432367,False,mannelijk,volwassen,Noordoostelijk,n/a,headsetmicrofoon,48000
20080915,boergait,20080414,0.70256364,False,mannelijk,volwassen,Noordoostelijk,n/a,headsetmicrofoon,48000
20080915,boergait,20080414,0.54030627,False,mannelijk,volwassen,Noordoostelijk,n/a,headsetmicrofoon,48000
20080915,boergait,20080414,0.68415844,False,mannelijk,volwassen,Noordoostelijk,n/a,headsetmicrofoon,48000
20080915,boergait,20080414,0.56492573,False,mannelijk,volwassen,Noordoostelijk,n/a,headsetmicrofoon,48000
20080915,boergait,20080414,0.6551543,False,mannelijk,volwassen,Noordoostelijk,n/a,headsetmicrofoon,48000
20080915,boergait,20080414,0.6449513,False,mannelijk,volwassen,Noordoostelijk,n/a,headsetmicrofoon,48000
20080915,boergait,20080414,0.664019,False,mannelijk,volwassen,Noordoostelijk,n/a,headsetmicrofoon,48000
20080915,boergait,20080414,0.69919497,False,mannelijk,volwassen,Noordoostelijk,n/a,headsetmicrofoon,48000
20080915,boergait,20080414,0.68334734,False,mannelijk,volwassen,Noordoostelijk,n/a,headsetmicrofoon,48000
20080915,boergait,20080414,0.6355828,False,mannelijk,volwassen,Noordoostelijk,n/a,headsetmicrofoon,48000
20080915,boergait,20080414,0.65004414,False,mannelijk,volwassen,Noordoostelijk,n/a,headsetmicrofoon,48000
20080915,boergait,20080414,0.665052,False,mannelijk,volwassen,Noordoostelijk,n/a,headsetmicrofoon,48000
20080915,boergait,20080414,0.747704,False,mannelijk,volwassen,Noordoostelijk,n/a,headsetmicrofoon,48000
20080915,boergait,20080414,0.7463554,False,mannelijk,volwassen,Noordoostelijk,n/a,headsetmicrofoon,48000
20080915,boergait,20080414,0.7065252,False,mannelijk,volwassen,Noordoostelijk,n/a,headsetmicrofoon,48000
20080915,boergait,20080414,0.7571759,False,mannelijk,volwassen,Noordoostelijk,n/a,headsetmicrofoon,48000
20080915,boergait,20080414,0.73799723,False,mannelijk,volwassen,Noordoostelijk,n/a,headsetmicrofoon,48000
20080915,boergait,20080414,0.70254886,False,mannelijk,volwassen,Noordoostelijk,n/a,headsetmicrofoon,48000
20080915,boergait,20080414,0.6065482,False,mannelijk,volwassen,Noordoostelijk,n/a,headsetmicrofoon,48000
20080915,boergait,20080418,0.64826655,False,mannelijk,volwassen,Noordoostelijk,n/a,headsetmicrofoon,48000
20080915,boergait,20080414,0.72258866,False,mannelijk,volwassen,Noordoostelijk,n/a,headsetmicrofoon,48000
20080915,boergait,20080414,0.6446407,False,mannelijk,volwassen,Noordoostelijk,n/a,headsetmicrofoon,48000
20080915,boergait,20080414,0.7226403,False,mannelijk,volwassen,Noordoostelijk,n/a,headsetmicrofoon,48000
20080915,boergait,20080414,0.67202556,False,mannelijk,volwassen,Noordoostelijk,n/a,headsetmicrofoon,48000
20080915,boergait,20080414,0.6882237,False,mannelijk,volwassen,Noordoostelijk,n/a,headsetmicrofoon,48000
20080915,boergait,20080414,0.67738575,False,mannelijk,volwassen,Noordoostelijk,n/a,headsetmicrofoon,48000
20080915,boergait,20080414,0.7203007,False,mannelijk,volwassen,Noordoostelijk,n/a,headsetmicrofoon,48000
20080915,boergait,20080414,0.7392988,False,mannelijk,volwassen,Noordoostelijk,n/a,headsetmicrofoon,48000
20080915,boergait,20080414,0.7450627,False,mannelijk,volwassen,Noordoostelijk,n/a,headsetmicrofoon,48000
20080915,boergait,20080414,0.70186555,False,mannelijk,volwassen,Noordoostelijk,n/a,headsetmicrofoon,48000
20080915,boergait,20080414,0.69868046,False,mannelijk,volwassen,Noordoostelijk,n/a,headsetmicrofoon,48000
20080915,boergait,20080414,0.72906315,False,mannelijk,volwassen,Noordoostelijk,n/a,headsetmicrofoon,48000
20080915,boergait,20080414,0.63230044,False,mannelijk,volwassen,Noordoostelijk,n/a,headsetmicrofoon,48000
20080915,boergait,20080414,0.6341446,False,mannelijk,volwassen,Noordoostelijk,n/a,headsetmicrofoon,48000
20080915,boergait,20080414,0.6925347,False,mannelijk,volwassen,Noordoostelijk,n/a,headsetmicrofoon,48000
20080915,boergait,20080414,0.71902627,False,mannelijk,volwassen,Noordoostelijk,n/a,headsetmicrofoon,48000
20080915,boergait,20080414,0.7647626,False,mannelijk,volwassen,Noordoostelijk,n/a,headsetmicrofoon,48000
20080915,boergait,20080414,0.6985419,False,mannelijk,volwassen,Noordoostelijk,n/a,headsetmicrofoon,48000
20080915,boergait,20080414,0.72866464,False,mannelijk,volwassen,Noordoostelijk,n/a,headsetmicrofoon,48000
20080915,boergait,20080414,0.7394509,False,mannelijk,volwassen,Noordoostelijk,n/a,headsetmicrofoon,48000
20080915,boergait,20080414,0.71064657,False,mannelijk,volwassen,Noordoostelijk,n/a,headsetmicrofoon,48000
20080915,boergait,20080414,0.7969598,False,mannelijk,volwassen,Noordoostelijk,n/a,headsetmicrofoon,48000
20080915,boergait,20080414,0.7839078,False,mannelijk,volwassen,Noordoostelijk,n/a,headsetmicrofoon,48000
20080915,boergait,20080414,0.7195265,False,mannelijk,volwassen,Noordoostelijk,n/a,headsetmicrofoon,48000
20080915,boergait,20080414,0.72881246,False,mannelijk,volwassen,Noordoostelijk,n/a,headsetmicrofoon,48000
20080915,boergait,20080414,0.70381135,False,mannelijk,volwassen,Noordoostelijk,n/a,headsetmicrofoon,48000
20080915,boergait,20080414,0.63432354,False,mannelijk,volwassen,Noordoostelijk,n/a,headsetmicrofoon,48000
20080915,boergait,20080414,0.5588123,False,mannelijk,volwassen,Noordoostelijk,n/a,headsetmicrofoon,48000
20080915,boergait,20080418,0.40370843,False,mannelijk,volwassen,Noordoostelijk,n/a,headsetmicrofoon,48000
20080915,boergait,20080414,0.6582772,False,mannelijk,volwassen,Noordoostelijk,n/a,headsetmicrofoon,48000
20080915,boergait,20080414,0.5618501,False,mannelijk,volwassen,Noordoostelijk,n/a,headsetmicrofoon,48000
20080915,boergait,20080418,0.52637345,False,mannelijk,volwassen,Noordoostelijk,n/a,headsetmicrofoon,48000
20080915,boergait,20080414,0.6645121,False,mannelijk,volwassen,Noordoostelijk,n/a,headsetmicrofoon,48000
20080915,boergait,20080414,0.62796235,False,mannelijk,volwassen,Noordoostelijk,n/a,headsetmicrofoon,48000
20080915,boergait,20080414,0.66529655,False,mannelijk,volwassen,Noordoostelijk,n/a,headsetmicrofoon,48000
20080915,boergait,20080414,0.6520036,False,mannelijk,volwassen,Noordoostelijk,n/a,headsetmicrofoon,48000
20080915,boergait,20080414,0.6053765,False,mannelijk,volwassen,Noordoostelijk,n/a,headsetmicrofoon,48000
20080915,boergait,20080414,0.7343526,False,mannelijk,volwassen,Noordoostelijk,n/a,headsetmicrofoon,48000
20080915,boergait,20080414,0.7161294,False,mannelijk,volwassen,Noordoostelijk,n/a,headsetmicrofoon,48000
20080915,boergait,20080414,0.68670726,False,mannelijk,volwassen,Noordoostelijk,n/a,headsetmicrofoon,48000
20080915,boergait,20080414,0.65836585,False,mannelijk,volwassen,Noordoostelijk,n/a,headsetmicrofoon,48000
20080915,boergait,20080414,0.74564284,False,mannelijk,volwassen,Noordoostelijk,n/a,headsetmicrofoon,48000
20080915,boergait,20080414,0.6240999,False,mannelijk,volwassen,Noordoostelijk,n/a,headsetmicrofoon,48000
20080915,boergait,20080414,0.78279865,False,mannelijk,volwassen,Noordoostelijk,n/a,headsetmicrofoon,48000
20080915,boergait,20080414,0.771759,False,mannelijk,volwassen,Noordoostelijk,n/a,headsetmicrofoon,48000
20080915,boergait,20080414,0.7501954,False,mannelijk,volwassen,Noordoostelijk,n/a,headsetmicrofoon,48000
20080915,boergait,20080414,0.67063355,False,mannelijk,volwassen,Noordoostelijk,n/a,headsetmicrofoon,48000
20080915,boergait,20080414,0.6482557,False,mannelijk,volwassen,Noordoostelijk,n/a,headsetmicrofoon,48000
20080915,boergait,20080414,0.693277,False,mannelijk,volwassen,Noordoostelijk,n/a,headsetmicrofoon,48000
20080915,boergait,20080414,0.767414,False,mannelijk,volwassen,Noordoostelijk,n/a,headsetmicrofoon,48000
20080915,boergait,20080414,0.6748339,False,mannelijk,volwassen,Noordoostelijk,n/a,headsetmicrofoon,48000
20080915,boergait,20080414,0.72822654,False,mannelijk,volwassen,Noordoostelijk,n/a,headsetmicrofoon,48000
20080915,boergait,20080414,0.7124731,False,mannelijk,volwassen,Noordoostelijk,n/a,headsetmicrofoon,48000
20080915,boergait,20080414,0.7195269,False,mannelijk,volwassen,Noordoostelijk,n/a,headsetmicrofoon,48000
20080915,boergait,20080414,0.7873563,False,mannelijk,volwassen,Noordoostelijk,n/a,headsetmicrofoon,48000
20080915,boergait,20080414,0.7377912,False,mannelijk,volwassen,Noordoostelijk,n/a,headsetmicrofoon,48000
20080915,boergait,20080414,0.79456365,False,mannelijk,volwassen,Noordoostelijk,n/a,headsetmicrofoon,48000
20080915,boergait,20080418,0.5649855,False,mannelijk,volwassen,Noordoostelijk,n/a,headsetmicrofoon,48000
20080915,boergait,20080414,0.64754266,False,mannelijk,volwassen,Noordoostelijk,n/a,headsetmicrofoon,48000
20080915,boergait,20080414,0.70258296,False,mannelijk,volwassen,Noordoostelijk,n/a,headsetmicrofoon,48000
20080915,boergait,20080414,0.7154535,False,mannelijk,volwassen,Noordoostelijk,n/a,headsetmicrofoon,48000
20080915,boergait,20080414,0.71473885,False,mannelijk,volwassen,Noordoostelijk,n/a,headsetmicrofoon,48000
20080915,boergait,20080418,0.64685404,False,mannelijk,volwassen,Noordoostelijk,n/a,headsetmicrofoon,48000
20080915,boergait,20080414,0.7470623,False,mannelijk,volwassen,Noordoostelijk,n/a,headsetmicrofoon,48000
20080915,boergait,20080414,0.7797005,False,mannelijk,volwassen,Noordoostelijk,n/a,headsetmicrofoon,48000
20080915,boergait,20080414,0.57703763,False,mannelijk,volwassen,Noordoostelijk,n/a,headsetmicrofoon,48000
20080915,boergait,20080414,0.72938764,False,mannelijk,volwassen,Noordoostelijk,n/a,headsetmicrofoon,48000
20080915,boergait,20080414,0.6882146,False,mannelijk,volwassen,Noordoostelijk,n/a,headsetmicrofoon,48000
20080915,boergait,20080414,0.72403586,False,mannelijk,volwassen,Noordoostelijk,n/a,headsetmicrofoon,48000
20080915,boergait,20080414,0.69664234,False,mannelijk,volwassen,Noordoostelijk,n/a,headsetmicrofoon,48000
20080915,boergait,20080414,0.6602813,False,mannelijk,volwassen,Noordoostelijk,n/a,headsetmicrofoon,48000
20080915,boergait,20080414,0.6752387,False,mannelijk,volwassen,Noordoostelijk,n/a,headsetmicrofoon,48000
20080915,boergait,20080414,0.68748915,False,mannelijk,volwassen,Noordoostelijk,n/a,headsetmicrofoon,48000
20080915,boergait,20080414,0.7520273,False,mannelijk,volwassen,Noordoostelijk,n/a,headsetmicrofoon,48000
20080915,boergait,20080414,0.73372126,False,mannelijk,volwassen,Noordoostelijk,n/a,headsetmicrofoon,48000
20080915,boergait,20080414,0.7244072,False,mannelijk,volwassen,Noordoostelijk,n/a,headsetmicrofoon,48000
20080915,boergait,20080414,0.7134201,False,mannelijk,volwassen,Noordoostelijk,n/a,headsetmicrofoon,48000
20080915,boergait,20080414,0.7284908,False,mannelijk,volwassen,Noordoostelijk,n/a,headsetmicrofoon,48000
20080915,boergait,20080414,0.6826197,False,mannelijk,volwassen,Noordoostelijk,n/a,headsetmicrofoon,48000
20080915,boergait,20080414,0.6492045,False,mannelijk,volwassen,Noordoostelijk,n/a,headsetmicrofoon,48000
20080915,boergait,20080414,0.6822348,False,mannelijk,volwassen,Noordoostelijk,n/a,headsetmicrofoon,48000
20080915,boergait,20080414,0.6868861,False,mannelijk,volwassen,Noordoostelijk,n/a,headsetmicrofoon,48000
20080915,boergait,20080414,0.635451,False,mannelijk,volwassen,Noordoostelijk,n/a,headsetmicrofoon,48000
20080915,boergait,20080418,0.74124116,False,mannelijk,volwassen,Noordoostelijk,n/a,headsetmicrofoon,48000
20080915,boergait,20080414,0.7903067,False,mannelijk,volwassen,Noordoostelijk,n/a,headsetmicrofoon,48000
20080915,boergait,20080414,0.66367096,False,mannelijk,volwassen,Noordoostelijk,n/a,headsetmicrofoon,48000
20080915,boergait,20080418,0.6979274,False,mannelijk,volwassen,Noordoostelijk,n/a,headsetmicrofoon,48000
20080915,boergait,20080414,0.61111045,False,mannelijk,volwassen,Noordoostelijk,n/a,headsetmicrofoon,48000
20080915,boergait,20080418,0.6375413,False,mannelijk,volwassen,Noordoostelijk,n/a,headsetmicrofoon,48000
20080915,boergait,20080414,0.54654217,False,mannelijk,volwassen,Noordoostelijk,n/a,headsetmicrofoon,48000
20080915,boergait,20080414,0.71347415,False,mannelijk,volwassen,Noordoostelijk,n/a,headsetmicrofoon,48000
20080915,boergait,20080414,0.71306527,False,mannelijk,volwassen,Noordoostelijk,n/a,headsetmicrofoon,48000
20080915,boergait,20080414,0.74354255,False,mannelijk,volwassen,Noordoostelijk,n/a,headsetmicrofoon,48000
20080915,boergait,20080414,0.6959776,False,mannelijk,volwassen,Noordoostelijk,n/a,headsetmicrofoon,48000
20080915,boergait,20080414,0.67259324,False,mannelijk,volwassen,Noordoostelijk,n/a,headsetmicrofoon,48000
20080915,boergait,20080414,0.71608496,False,mannelijk,volwassen,Noordoostelijk,n/a,headsetmicrofoon,48000
20080915,boergait,20080414,0.66479915,False,mannelijk,volwassen,Noordoostelijk,n/a,headsetmicrofoon,48000
20080915,boergait,20080414,0.6481787,False,mannelijk,volwassen,Noordoostelijk,n/a,headsetmicrofoon,48000
20080915,boergait,20080414,0.7226018,False,mannelijk,volwassen,Noordoostelijk,n/a,headsetmicrofoon,48000
20080915,boergait,20080414,0.6471793,False,mannelijk,volwassen,Noordoostelijk,n/a,headsetmicrofoon,48000
20080915,boergait,20080418,0.6619848,False,mannelijk,volwassen,Noordoostelijk,n/a,headsetmicrofoon,48000
20080915,boergait,20080414,0.74479496,False,mannelijk,volwassen,Noordoostelijk,n/a,headsetmicrofoon,48000
20080915,boergait,20080414,0.71726173,False,mannelijk,volwassen,Noordoostelijk,n/a,headsetmicrofoon,48000
20080915,boergait,20080418,0.67690986,False,mannelijk,volwassen,Noordoostelijk,n/a,headsetmicrofoon,48000
20080915,boergait,20080414,0.66538715,False,mannelijk,volwassen,Noordoostelijk,n/a,headsetmicrofoon,48000
20080915,boergait,20080414,0.73179376,False,mannelijk,volwassen,Noordoostelijk,n/a,headsetmicrofoon,48000
20080915,boergait,20080414,0.6757629,False,mannelijk,volwassen,Noordoostelijk,n/a,headsetmicrofoon,48000
20080915,boergait,20080414,0.6591799,False,mannelijk,volwassen,Noordoostelijk,n/a,headsetmicrofoon,48000
20080915,boergait,20080414,0.68115497,False,mannelijk,volwassen,Noordoostelijk,n/a,headsetmicrofoon,48000
20080915,boergait,20080414,0.712091,False,mannelijk,volwassen,Noordoostelijk,n/a,headsetmicrofoon,48000
20080915,boergait,20080414,0.6977835,False,mannelijk,volwassen,Noordoostelijk,n/a,headsetmicrofoon,48000
20080915,boergait,20080414,0.69104874,False,mannelijk,volwassen,Noordoostelijk,n/a,headsetmicrofoon,48000
20080915,boergait,20080414,0.701047,False,mannelijk,volwassen,Noordoostelijk,n/a,headsetmicrofoon,48000
20080915,boergait,20080414,0.6766685,False,mannelijk,volwassen,Noordoostelijk,n/a,headsetmicrofoon,48000
20080915,boergait,20080418,0.4931321,False,mannelijk,volwassen,Noordoostelijk,n/a,headsetmicrofoon,48000
20080915,boergait,20080414,0.7043524,False,mannelijk,volwassen,Noordoostelijk,n/a,headsetmicrofoon,48000
20080915,boergait,20080414,0.70369124,False,mannelijk,volwassen,Noordoostelijk,n/a,headsetmicrofoon,48000
20080915,boergait,20080418,0.64253384,False,mannelijk,volwassen,Noordoostelijk,n/a,headsetmicrofoon,48000
20080915,boergait,20080414,0.68591666,False,mannelijk,volwassen,Noordoostelijk,n/a,headsetmicrofoon,48000
20080915,boergait,20080414,0.49861068,False,mannelijk,volwassen,Noordoostelijk,n/a,headsetmicrofoon,48000
20080915,boergait,20080414,0.65808165,False,mannelijk,volwassen,Noordoostelijk,n/a,headsetmicrofoon,48000
20080915,boergait,20080414,0.5984634,False,mannelijk,volwassen,Noordoostelijk,n/a,headsetmicrofoon,48000
20080915,boergait,20080414,0.62957394,False,mannelijk,volwassen,Noordoostelijk,n/a,headsetmicrofoon,48000
20080915,boergait,20080418,0.6443128,False,mannelijk,volwassen,Noordoostelijk,n/a,headsetmicrofoon,48000
20080915,boergait,20080414,0.7004788,False,mannelijk,volwassen,Noordoostelijk,n/a,headsetmicrofoon,48000
20080915,boergait,20080414,0.67321646,False,mannelijk,volwassen,Noordoostelijk,n/a,headsetmicrofoon,48000
20080915,boergait,20080414,0.6896492,False,mannelijk,volwassen,Noordoostelijk,n/a,headsetmicrofoon,48000
20080915,boergait,20080414,0.6112677,False,mannelijk,volwassen,Noordoostelijk,n/a,headsetmicrofoon,48000
20080915,boergait,20080414,0.7447382,False,mannelijk,volwassen,Noordoostelijk,n/a,headsetmicrofoon,48000
20080915,boergait,20080414,0.6871788,False,mannelijk,volwassen,Noordoostelijk,n/a,headsetmicrofoon,48000
20080915,boergait,20080414,0.7783451,False,mannelijk,volwassen,Noordoostelijk,n/a,headsetmicrofoon,48000
20080915,boergait,20080414,0.7001002,False,mannelijk,volwassen,Noordoostelijk,n/a,headsetmicrofoon,48000
20080915,boergait,20080414,0.7579222,False,mannelijk,volwassen,Noordoostelijk,n/a,headsetmicrofoon,48000
20080915,boergait,20080414,0.75483215,False,mannelijk,volwassen,Noordoostelijk,n/a,headsetmicrofoon,48000
20080915,boergait,20080414,0.68792266,False,mannelijk,volwassen,Noordoostelijk,n/a,headsetmicrofoon,48000
20080915,boergait,20080414,0.6622392,False,mannelijk,volwassen,Noordoostelijk,n/a,headsetmicrofoon,48000
20080915,boergait,20080414,0.7113546,False,mannelijk,volwassen,Noordoostelijk,n/a,headsetmicrofoon,48000
20080915,boergait,20080418,0.6210323,False,mannelijk,volwassen,Noordoostelijk,n/a,headsetmicrofoon,48000
20080915,boergait,20080414,0.7069912,False,mannelijk,volwassen,Noordoostelijk,n/a,headsetmicrofoon,48000
20080915,boergait,20080414,0.7401577,False,mannelijk,volwassen,Noordoostelijk,n/a,headsetmicrofoon,48000
20080915,boergait,20080418,0.69126403,False,mannelijk,volwassen,Noordoostelijk,n/a,headsetmicrofoon,48000
20080915,boergait,20080414,0.67233133,False,mannelijk,volwassen,Noordoostelijk,n/a,headsetmicrofoon,48000
20080915,boergait,20080418,0.6714363,False,mannelijk,volwassen,Noordoostelijk,n/a,headsetmicrofoon,48000
20080915,boergait,20080418,0.57553804,False,mannelijk,volwassen,Noordoostelijk,n/a,headsetmicrofoon,48000
20080915,boergait,20080414,0.66771626,False,mannelijk,volwassen,Noordoostelijk,n/a,headsetmicrofoon,48000
20080915,boergait,20080414,0.7326387,False,mannelijk,volwassen,Noordoostelijk,n/a,headsetmicrofoon,48000
20080915,boergait,20080414,0.5813776,False,mannelijk,volwassen,Noordoostelijk,n/a,headsetmicrofoon,48000
20080915,boergait,20080414,0.647337,False,mannelijk,volwassen,Noordoostelijk,n/a,headsetmicrofoon,48000
20080915,boergait,20080414,0.6922643,False,mannelijk,volwassen,Noordoostelijk,n/a,headsetmicrofoon,48000
20080915,boergait,20080414,0.76026976,False,mannelijk,volwassen,Noordoostelijk,n/a,headsetmicrofoon,48000
20080915,boergait,20080414,0.71958673,False,mannelijk,volwassen,Noordoostelijk,n/a,headsetmicrofoon,48000
20080915,boergait,20080418,0.61782765,False,mannelijk,volwassen,Noordoostelijk,n/a,headsetmicrofoon,48000
20080915,boergait,20080414,0.73443663,False,mannelijk,volwassen,Noordoostelijk,n/a,headsetmicrofoon,48000
20080915,boergait,20080414,0.7132321,False,mannelijk,volwassen,Noordoostelijk,n/a,headsetmicrofoon,48000
20080915,boergait,20080414,0.73752797,False,mannelijk,volwassen,Noordoostelijk,n/a,headsetmicrofoon,48000
20080915,boergait,20080414,0.7513325,False,mannelijk,volwassen,Noordoostelijk,n/a,headsetmicrofoon,48000
20080915,boergait,20080414,0.7651504,False,mannelijk,volwassen,Noordoostelijk,n/a,headsetmicrofoon,48000
20080915,boergait,20080414,0.6647988,False,mannelijk,volwassen,Noordoostelijk,n/a,headsetmicrofoon,48000
20080915,boergait,20131123,0.50126463,False,mannelijk,volwassen,Noordoostelijk,n/a,headsetmicrofoon,48000
20080915,boergait,20080418,0.49444193,False,mannelijk,volwassen,Noordoostelijk,n/a,headsetmicrofoon,48000
20080915,boergait,20080414,0.65215683,False,mannelijk,volwassen,Noordoostelijk,n/a,headsetmicrofoon,48000
20080915,boergait,20080414,0.6344532,False,mannelijk,volwassen,Noordoostelijk,n/a,headsetmicrofoon,48000
20080915,boergait,20080414,0.60868114,False,mannelijk,volwassen,Noordoostelijk,n/a,headsetmicrofoon,48000
20080915,boergait,20080414,0.66055965,False,mannelijk,volwassen,Noordoostelijk,n/a,headsetmicrofoon,48000
20080915,boergait,20080418,0.60542285,False,mannelijk,volwassen,Noordoostelijk,n/a,headsetmicrofoon,48000
20080915,boergait,20080414,0.5702236,False,mannelijk,volwassen,Noordoostelijk,n/a,headsetmicrofoon,48000
20080915,boergait,20080418,0.658495,False,mannelijk,volwassen,Noordoostelijk,n/a,headsetmicrofoon,48000
20080915,boergait,20080414,0.7084267,False,mannelijk,volwassen,Noordoostelijk,n/a,headsetmicrofoon,48000
20080915,boergait,20080414,0.7137862,False,mannelijk,volwassen,Noordoostelijk,n/a,headsetmicrofoon,48000
20080915,boergait,20080414,0.63532007,False,mannelijk,volwassen,Noordoostelijk,n/a,headsetmicrofoon,48000
20080915,boergait,20080414,0.563774,False,mannelijk,volwassen,Noordoostelijk,n/a,headsetmicrofoon,48000
20080915,boergait,20080414,0.58212215,False,mannelijk,volwassen,Noordoostelijk,n/a,headsetmicrofoon,48000
20080915,boergait,20080414,0.72992307,False,mannelijk,volwassen,Noordoostelijk,n/a,headsetmicrofoon,48000
20080915,boergait,20080414,0.64851034,False,mannelijk,volwassen,Noordoostelijk,n/a,headsetmicrofoon,48000
20080915,boergait,20080414,0.68621737,False,mannelijk,volwassen,Noordoostelijk,n/a,headsetmicrofoon,48000
20080915,boergait,20080418,0.6586687,False,mannelijk,volwassen,Noordoostelijk,n/a,headsetmicrofoon,48000
20080915,boergait,20080414,0.6565219,False,mannelijk,volwassen,Noordoostelijk,n/a,headsetmicrofoon,48000
20080915,boergait,20080418,0.61686814,False,mannelijk,volwassen,Noordoostelijk,n/a,headsetmicrofoon,48000
20080915,boergait,20080418,0.50110865,False,mannelijk,volwassen,Noordoostelijk,n/a,headsetmicrofoon,48000
20080915,boergait,20080414,0.65675366,False,mannelijk,volwassen,Noordoostelijk,n/a,headsetmicrofoon,48000
20080915,boergait,20080414,0.69976944,False,mannelijk,volwassen,Noordoostelijk,n/a,headsetmicrofoon,48000
20080915,boergait,20080414,0.71235394,False,mannelijk,volwassen,Noordoostelijk,n/a,headsetmicrofoon,48000
20080915,boergait,20080414,0.72832745,False,mannelijk,volwassen,Noordoostelijk,n/a,headsetmicrofoon,48000
20080915,boergait,20080414,0.72534764,False,mannelijk,volwassen,Noordoostelijk,n/a,headsetmicrofoon,48000
20080915,boergait,20080414,0.73280513,False,mannelijk,volwassen,Noordoostelijk,n/a,headsetmicrofoon,48000
20080915,boergait,20080414,0.7514144,False,mannelijk,volwassen,Noordoostelijk,n/a,headsetmicrofoon,48000
20080915,boergait,20080414,0.6408826,False,mannelijk,volwassen,Noordoostelijk,n/a,headsetmicrofoon,48000
20080915,boergait,20080418,0.65955263,False,mannelijk,volwassen,Noordoostelijk,n/a,headsetmicrofoon,48000
20080915,boergait,20080418,0.6539093,False,mannelijk,volwassen,Noordoostelijk,n/a,headsetmicrofoon,48000
20080915,boergait,20080414,0.61485195,False,mannelijk,volwassen,Noordoostelijk,n/a,headsetmicrofoon,48000
20080915,boergait,20080414,0.6719049,False,mannelijk,volwassen,Noordoostelijk,n/a,headsetmicrofoon,48000
20080915,boergait,20080418,0.6678196,False,mannelijk,volwassen,Noordoostelijk,n/a,headsetmicrofoon,48000
20080915,boergait,20080414,0.54944,False,mannelijk,volwassen,Noordoostelijk,n/a,headsetmicrofoon,48000
20080915,boergait,20080414,0.51294184,False,mannelijk,volwassen,Noordoostelijk,n/a,headsetmicrofoon,48000
20080915,boergait,20080414,0.68983185,False,mannelijk,volwassen,Noordoostelijk,n/a,headsetmicrofoon,48000
20080915,boergait,20080414,0.6296127,False,mannelijk,volwassen,Noordoostelijk,n/a,headsetmicrofoon,48000
20080915,boergait,20080418,0.4012932,False,mannelijk,volwassen,Noordoostelijk,n/a,headsetmicrofoon,48000
20080915,boergait,20080414,0.698388,False,mannelijk,volwassen,Noordoostelijk,n/a,headsetmicrofoon,48000
20080915,boergait,20080414,0.68538594,False,mannelijk,volwassen,Noordoostelijk,n/a,headsetmicrofoon,48000
20080915,boergait,20080414,0.7096629,False,mannelijk,volwassen,Noordoostelijk,n/a,headsetmicrofoon,48000
20080915,boergait,20080414,0.6687194,False,mannelijk,volwassen,Noordoostelijk,n/a,headsetmicrofoon,48000
20080915,boergait,20080414,0.70860106,False,mannelijk,volwassen,Noordoostelijk,n/a,headsetmicrofoon,48000
20080915,boergait,20080414,0.71898776,False,mannelijk,volwassen,Noordoostelijk,n/a,headsetmicrofoon,48000
20080915,boergait,20080414,0.7672636,False,mannelijk,volwassen,Noordoostelijk,n/a,headsetmicrofoon,48000
20080915,boergait,20080414,0.68391305,False,mannelijk,volwassen,Noordoostelijk,n/a,headsetmicrofoon,48000
20080915,boergait,20080414,0.6339699,False,mannelijk,volwassen,Noordoostelijk,n/a,headsetmicrofoon,48000
20080915,boergait,20080414,0.6776964,False,mannelijk,volwassen,Noordoostelijk,n/a,headsetmicrofoon,48000
20080915,boergait,20080414,0.59584045,False,mannelijk,volwassen,Noordoostelijk,n/a,headsetmicrofoon,48000
20080915,boergait,20080414,0.7124695,False,mannelijk,volwassen,Noordoostelijk,n/a,headsetmicrofoon,48000
20080915,boergait,20080414,0.614205,False,mannelijk,volwassen,Noordoostelijk,n/a,headsetmicrofoon,48000
20080915,boergait,20080414,0.6895664,False,mannelijk,volwassen,Noordoostelijk,n/a,headsetmicrofoon,48000
20080915,boergait,20080414,0.68894136,False,mannelijk,volwassen,Noordoostelijk,n/a,headsetmicrofoon,48000
20080915,boergait,20080414,0.6809205,False,mannelijk,volwassen,Noordoostelijk,n/a,headsetmicrofoon,48000
20080915,boergait,20080414,0.7595813,False,mannelijk,volwassen,Noordoostelijk,n/a,headsetmicrofoon,48000
20080915,boergait,20080414,0.68589425,False,mannelijk,volwassen,Noordoostelijk,n/a,headsetmicrofoon,48000
20080915,boergait,20080414,0.77158767,False,mannelijk,volwassen,Noordoostelijk,n/a,headsetmicrofoon,48000
20080915,boergait,20080414,0.7014202,False,mannelijk,volwassen,Noordoostelijk,n/a,headsetmicrofoon,48000
20080915,boergait,20080414,0.671064,False,mannelijk,volwassen,Noordoostelijk,n/a,headsetmicrofoon,48000
20080915,boergait,20080414,0.5651672,False,mannelijk,volwassen,Noordoostelijk,n/a,headsetmicrofoon,48000
20080915,boergait,20080414,0.70061594,False,mannelijk,volwassen,Noordoostelijk,n/a,headsetmicrofoon,48000
20080915,boergait,20080418,0.55549735,False,mannelijk,volwassen,Noordoostelijk,n/a,headsetmicrofoon,48000
20080915,boergait,20080414,0.615558,False,mannelijk,volwassen,Noordoostelijk,n/a,headsetmicrofoon,48000
20080915,boergait,20080414,0.60601604,False,mannelijk,volwassen,Noordoostelijk,n/a,headsetmicrofoon,48000
20080915,boergait,20080414,0.661553,False,mannelijk,volwassen,Noordoostelijk,n/a,headsetmicrofoon,48000
20080915,boergait,20080414,0.7096634,False,mannelijk,volwassen,Noordoostelijk,n/a,headsetmicrofoon,48000
20080915,boergait,20080414,0.6875548,False,mannelijk,volwassen,Noordoostelijk,n/a,headsetmicrofoon,48000
20080915,boergait,20080414,0.74551886,False,mannelijk,volwassen,Noordoostelijk,n/a,headsetmicrofoon,48000
20080915,boergait,20080414,0.64120066,False,mannelijk,volwassen,Noordoostelijk,n/a,headsetmicrofoon,48000
20080915,boergait,20080414,0.57202506,False,mannelijk,volwassen,Noordoostelijk,n/a,headsetmicrofoon,48000
20080915,boergait,20080414,0.7193355,False,mannelijk,volwassen,Noordoostelijk,n/a,headsetmicrofoon,48000
20080915,boergait,20080414,0.6789373,False,mannelijk,volwassen,Noordoostelijk,n/a,headsetmicrofoon,48000
20080915,boergait,20080414,0.7663145,False,mannelijk,volwassen,Noordoostelijk,n/a,headsetmicrofoon,48000
20080915,boergait,20080414,0.7386584,False,mannelijk,volwassen,Noordoostelijk,n/a,headsetmicrofoon,48000
20080915,boergait,20080414,0.72997105,False,mannelijk,volwassen,Noordoostelijk,n/a,headsetmicrofoon,48000
20080915,boergait,20080414,0.7535443,False,mannelijk,volwassen,Noordoostelijk,n/a,headsetmicrofoon,48000
20080915,boergait,20080414,0.63122743,False,mannelijk,volwassen,Noordoostelijk,n/a,headsetmicrofoon,48000
20080915,boergait,20080414,0.6032318,False,mannelijk,volwassen,Noordoostelijk,n/a,headsetmicrofoon,48000
20080915,boergait,20080414,0.7360928,False,mannelijk,volwassen,Noordoostelijk,n/a,headsetmicrofoon,48000
20080915,boergait,20080414,0.7402186,False,mannelijk,volwassen,Noordoostelijk,n/a,headsetmicrofoon,48000
20080915,boergait,20080418,0.6587012,False,mannelijk,volwassen,Noordoostelijk,n/a,headsetmicrofoon,48000
20080915,boergait,20080414,0.6859529,False,mannelijk,volwassen,Noordoostelijk,n/a,headsetmicrofoon,48000
20080915,boergait,20080414,0.6815475,False,mannelijk,volwassen,Noordoostelijk,n/a,headsetmicrofoon,48000
20080915,boergait,20080414,0.7284044,False,mannelijk,volwassen,Noordoostelijk,n/a,headsetmicrofoon,48000
20080915,boergait,20080414,0.67862624,False,mannelijk,volwassen,Noordoostelijk,n/a,headsetmicrofoon,48000
20080915,boergait,20080414,0.6923271,False,mannelijk,volwassen,Noordoostelijk,n/a,headsetmicrofoon,48000
20080915,boergait,20080414,0.68945,False,mannelijk,volwassen,Noordoostelijk,n/a,headsetmicrofoon,48000
20080915,boergait,20080418,0.66428924,False,mannelijk,volwassen,Noordoostelijk,n/a,headsetmicrofoon,48000
20080915,boergait,20080414,0.68919027,False,mannelijk,volwassen,Noordoostelijk,n/a,headsetmicrofoon,48000
20080915,boergait,20080414,0.53810793,False,mannelijk,volwassen,Noordoostelijk,n/a,headsetmicrofoon,48000
20080915,boergait,20080414,0.69870794,False,mannelijk,volwassen,Noordoostelijk,n/a,headsetmicrofoon,48000
20080915,boergait,20080414,0.6839536,False,mannelijk,volwassen,Noordoostelijk,n/a,headsetmicrofoon,48000
20080915,boergait,20080414,0.73927516,False,mannelijk,volwassen,Noordoostelijk,n/a,headsetmicrofoon,48000
20080915,boergait,20080414,0.5678959,False,mannelijk,volwassen,Noordoostelijk,n/a,headsetmicrofoon,48000
20080915,boergait,20080414,0.7581053,False,mannelijk,volwassen,Noordoostelijk,n/a,headsetmicrofoon,48000
20080915,boergait,20080414,0.7868639,False,mannelijk,volwassen,Noordoostelijk,n/a,headsetmicrofoon,48000
20080915,boergait,20080414,0.70549965,False,mannelijk,volwassen,Noordoostelijk,n/a,headsetmicrofoon,48000
20080915,boergait,20080414,0.71377194,False,mannelijk,volwassen,Noordoostelijk,n/a,headsetmicrofoon,48000
20080915,boergait,20080414,0.78844786,False,mannelijk,volwassen,Noordoostelijk,n/a,headsetmicrofoon,48000
20080915,boergait,20080414,0.55209285,False,mannelijk,volwassen,Noordoostelijk,n/a,headsetmicrofoon,48000
20080915,boergait,20080414,0.74517614,False,mannelijk,volwassen,Noordoostelijk,n/a,headsetmicrofoon,48000
20080915,boergait,20080414,0.79014516,False,mannelijk,volwassen,Noordoostelijk,n/a,headsetmicrofoon,48000
20080915,boergait,20080414,0.66353905,False,mannelijk,volwassen,Noordoostelijk,n/a,headsetmicrofoon,48000
20080915,boergait,20080414,0.72720945,False,mannelijk,volwassen,Noordoostelijk,n/a,headsetmicrofoon,48000
20080915,boergait,20080414,0.6958698,False,mannelijk,volwassen,Noordoostelijk,n/a,headsetmicrofoon,48000
20080915,boergait,20080414,0.7401718,False,mannelijk,volwassen,Noordoostelijk,n/a,headsetmicrofoon,48000
20080915,boergait,20080414,0.70361674,False,mannelijk,volwassen,Noordoostelijk,n/a,headsetmicrofoon,48000
20080915,boergait,20080414,0.74636793,False,mannelijk,volwassen,Noordoostelijk,n/a,headsetmicrofoon,48000
20080915,boergait,20080418,0.5486909,False,mannelijk,volwassen,Noordoostelijk,n/a,headsetmicrofoon,48000
20080915,boergait,20080414,0.6809678,False,mannelijk,volwassen,Noordoostelijk,n/a,headsetmicrofoon,48000
20080915,boergait,20080418,0.63549757,False,mannelijk,volwassen,Noordoostelijk,n/a,headsetmicrofoon,48000
20080915,boergait,20080414,0.66525364,False,mannelijk,volwassen,Noordoostelijk,n/a,headsetmicrofoon,48000
20080915,boergait,20080414,0.6405598,False,mannelijk,volwassen,Noordoostelijk,n/a,headsetmicrofoon,48000
20080915,boergait,20080414,0.52587885,False,mannelijk,volwassen,Noordoostelijk,n/a,headsetmicrofoon,48000
20080915,boergait,20080418,0.6647718,False,mannelijk,volwassen,Noordoostelijk,n/a,headsetmicrofoon,48000
20080915,boergait,20080414,0.6694757,False,mannelijk,volwassen,Noordoostelijk,n/a,headsetmicrofoon,48000
20080915,boergait,20080418,0.6855422,False,mannelijk,volwassen,Noordoostelijk,n/a,headsetmicrofoon,48000
20080915,boergait,20080414,0.68145996,False,mannelijk,volwassen,Noordoostelijk,n/a,headsetmicrofoon,48000
20080915,boergait,20080414,0.724275,False,mannelijk,volwassen,Noordoostelijk,n/a,headsetmicrofoon,48000
20080915,boergait,20080414,0.62878644,False,mannelijk,volwassen,Noordoostelijk,n/a,headsetmicrofoon,48000
20080915,boergait,20080414,0.7138825,False,mannelijk,volwassen,Noordoostelijk,n/a,headsetmicrofoon,48000
20080915,boergait,20080414,0.68644273,False,mannelijk,volwassen,Noordoostelijk,n/a,headsetmicrofoon,48000
20080915,boergait,20080414,0.74682003,False,mannelijk,volwassen,Noordoostelijk,n/a,headsetmicrofoon,48000
20080915,boergait,20080414,0.7682357,False,mannelijk,volwassen,Noordoostelijk,n/a,headsetmicrofoon,48000
20080915,boergait,20080414,0.7017817,False,mannelijk,volwassen,Noordoostelijk,n/a,headsetmicrofoon,48000
20080915,boergait,20080414,0.74464685,False,mannelijk,volwassen,Noordoostelijk,n/a,headsetmicrofoon,48000
20080915,boergait,20080414,0.75501174,False,mannelijk,volwassen,Noordoostelijk,n/a,headsetmicrofoon,48000
20080915,boergait,20080414,0.64675725,False,mannelijk,volwassen,Noordoostelijk,n/a,headsetmicrofoon,48000
20080915,boergait,20080418,0.6485746,False,mannelijk,volwassen,Noordoostelijk,n/a,headsetmicrofoon,48000
20080915,boergait,20080414,0.63161296,False,mannelijk,volwassen,Noordoostelijk,n/a,headsetmicrofoon,48000
20080915,boergait,20080418,0.63922846,False,mannelijk,volwassen,Noordoostelijk,n/a,headsetmicrofoon,48000
20080915,boergait,20080414,0.6676892,False,mannelijk,volwassen,Noordoostelijk,n/a,headsetmicrofoon,48000
20080915,boergait,20080414,0.53341556,False,mannelijk,volwassen,Noordoostelijk,n/a,headsetmicrofoon,48000
20080915,boergait,20080418,0.64168763,False,mannelijk,volwassen,Noordoostelijk,n/a,headsetmicrofoon,48000
20080915,boergait,20080414,0.732929,False,mannelijk,volwassen,Noordoostelijk,n/a,headsetmicrofoon,48000
20080915,boergait,20080418,0.6255311,False,mannelijk,volwassen,Noordoostelijk,n/a,headsetmicrofoon,48000
20080915,boergait,20080418,0.65173686,False,mannelijk,volwassen,Noordoostelijk,n/a,headsetmicrofoon,48000
20080915,boergait,20080414,0.6863984,False,mannelijk,volwassen,Noordoostelijk,n/a,headsetmicrofoon,48000
20080915,boergait,20080414,0.7284347,False,mannelijk,volwassen,Noordoostelijk,n/a,headsetmicrofoon,48000
20080915,boergait,20080414,0.76397586,False,mannelijk,volwassen,Noordoostelijk,n/a,headsetmicrofoon,48000
20080915,boergait,20080414,0.6201244,False,mannelijk,volwassen,Noordoostelijk,n/a,headsetmicrofoon,48000
20080915,boergait,20080414,0.7180748,False,mannelijk,volwassen,Noordoostelijk,n/a,headsetmicrofoon,48000
20080915,boergait,20080414,0.68675315,False,mannelijk,volwassen,Noordoostelijk,n/a,headsetmicrofoon,48000
20080915,boergait,20080414,0.731043,False,mannelijk,volwassen,Noordoostelijk,n/a,headsetmicrofoon,48000
20080915,boergait,20080414,0.7611662,False,mannelijk,volwassen,Noordoostelijk,n/a,headsetmicrofoon,48000
20080915,boergait,20080414,0.75675225,False,mannelijk,volwassen,Noordoostelijk,n/a,headsetmicrofoon,48000
20080915,boergait,20080414,0.72221875,False,mannelijk,volwassen,Noordoostelijk,n/a,headsetmicrofoon,48000
20080915,boergait,20080414,0.72954345,False,mannelijk,volwassen,Noordoostelijk,n/a,headsetmicrofoon,48000
20080915,boergait,20080414,0.6860088,False,mannelijk,volwassen,Noordoostelijk,n/a,headsetmicrofoon,48000
20080915,boergait,20080414,0.6525984,False,mannelijk,volwassen,Noordoostelijk,n/a,headsetmicrofoon,48000
20080915,boergait,20080414,0.6450404,False,mannelijk,volwassen,Noordoostelijk,n/a,headsetmicrofoon,48000
20080915,boergait,20080414,0.7432538,False,mannelijk,volwassen,Noordoostelijk,n/a,headsetmicrofoon,48000
20080915,boergait,20080414,0.6468002,False,mannelijk,volwassen,Noordoostelijk,n/a,headsetmicrofoon,48000
20080915,boergait,20080414,0.7575159,False,mannelijk,volwassen,Noordoostelijk,n/a,headsetmicrofoon,48000
20080915,boergait,20080414,0.7185842,False,mannelijk,volwassen,Noordoostelijk,n/a,headsetmicrofoon,48000
20080915,boergait,20080414,0.72297466,False,mannelijk,volwassen,Noordoostelijk,n/a,headsetmicrofoon,48000
20080915,boergait,20080414,0.7389804,False,mannelijk,volwassen,Noordoostelijk,n/a,headsetmicrofoon,48000
20080915,boergait,20080414,0.7083061,False,mannelijk,volwassen,Noordoostelijk,n/a,headsetmicrofoon,48000
20080915,boergait,20080414,0.7605709,False,mannelijk,volwassen,Noordoostelijk,n/a,headsetmicrofoon,48000
20080915,boergait,20080414,0.64394003,False,mannelijk,volwassen,Noordoostelijk,n/a,headsetmicrofoon,48000
20080915,boergait,20080414,0.7652141,False,mannelijk,volwassen,Noordoostelijk,n/a,headsetmicrofoon,48000
20080915,boergait,20080414,0.7562007,False,mannelijk,volwassen,Noordoostelijk,n/a,headsetmicrofoon,48000
20080915,boergait,20080414,0.68297714,False,mannelijk,volwassen,Noordoostelijk,n/a,headsetmicrofoon,48000
20080915,boergait,20080414,0.6893132,False,mannelijk,volwassen,Noordoostelijk,n/a,headsetmicrofoon,48000
20080915,boergait,20080414,0.75161016,False,mannelijk,volwassen,Noordoostelijk,n/a,headsetmicrofoon,48000
20080915,boergait,20080414,0.7123025,False,mannelijk,volwassen,Noordoostelijk,n/a,headsetmicrofoon,48000
20080915,boergait,20080414,0.70378727,False,mannelijk,volwassen,Noordoostelijk,n/a,headsetmicrofoon,48000
20080915,boergait,20080414,0.7793938,False,mannelijk,volwassen,Noordoostelijk,n/a,headsetmicrofoon,48000
20080915,boergait,20080414,0.7721673,False,mannelijk,volwassen,Noordoostelijk,n/a,headsetmicrofoon,48000
20080915,boergait,20080414,0.6451299,False,mannelijk,volwassen,Noordoostelijk,n/a,headsetmicrofoon,48000
20080915,boergait,20080414,0.6323427,False,mannelijk,volwassen,Noordoostelijk,n/a,headsetmicrofoon,48000
20080915,boergait,20080414,0.7016955,False,mannelijk,volwassen,Noordoostelijk,n/a,headsetmicrofoon,48000
20080915,boergait,20080414,0.71678203,False,mannelijk,volwassen,Noordoostelijk,n/a,headsetmicrofoon,48000
20080915,boergait,20080418,0.48341087,False,mannelijk,volwassen,Noordoostelijk,n/a,headsetmicrofoon,48000
20080915,boergait,20080414,0.64533097,False,mannelijk,volwassen,Noordoostelijk,n/a,headsetmicrofoon,48000
20080915,boergait,20080414,0.74228454,False,mannelijk,volwassen,Noordoostelijk,n/a,headsetmicrofoon,48000
20080915,boergait,20080414,0.67364466,False,mannelijk,volwassen,Noordoostelijk,n/a,headsetmicrofoon,48000
20080915,boergait,20080414,0.60810554,False,mannelijk,volwassen,Noordoostelijk,n/a,headsetmicrofoon,48000
20080915,boergait,20080414,0.7200242,False,mannelijk,volwassen,Noordoostelijk,n/a,headsetmicrofoon,48000
20080915,boergait,20080414,0.7095318,False,mannelijk,volwassen,Noordoostelijk,n/a,headsetmicrofoon,48000
20080915,boergait,20080418,0.70203185,False,mannelijk,volwassen,Noordoostelijk,n/a,headsetmicrofoon,48000
20080915,boergait,20080414,0.69735885,False,mannelijk,volwassen,Noordoostelijk,n/a,headsetmicrofoon,48000
20080915,boergait,20080414,0.6567359,False,mannelijk,volwassen,Noordoostelijk,n/a,headsetmicrofoon,48000
20080915,boergait,20080414,0.63694096,False,mannelijk,volwassen,Noordoostelijk,n/a,headsetmicrofoon,48000
20080915,boergait,20080414,0.69721663,False,mannelijk,volwassen,Noordoostelijk,n/a,headsetmicrofoon,48000
20080915,boergait,20080414,0.722841,False,mannelijk,volwassen,Noordoostelijk,n/a,headsetmicrofoon,48000
20080915,boergait,20080414,0.733916,False,mannelijk,volwassen,Noordoostelijk,n/a,headsetmicrofoon,48000
20080915,boergait,20080414,0.6935738,False,mannelijk,volwassen,Noordoostelijk,n/a,headsetmicrofoon,48000
20080915,boergait,20080414,0.73703605,False,mannelijk,volwassen,Noordoostelijk,n/a,headsetmicrofoon,48000
20080915,boergait,20080414,0.801386,False,mannelijk,volwassen,Noordoostelijk,n/a,headsetmicrofoon,48000
20080915,boergait,20080414,0.72393477,False,mannelijk,volwassen,Noordoostelijk,n/a,headsetmicrofoon,48000
20080915,boergait,20080414,0.6888441,False,mannelijk,volwassen,Noordoostelijk,n/a,headsetmicrofoon,48000
20080915,boergait,20080414,0.7258023,False,mannelijk,volwassen,Noordoostelijk,n/a,headsetmicrofoon,48000
20080915,boergait,20080414,0.7405304,False,mannelijk,volwassen,Noordoostelijk,n/a,headsetmicrofoon,48000
20080915,boergait,20080414,0.6966711,False,mannelijk,volwassen,Noordoostelijk,n/a,headsetmicrofoon,48000
20080915,boergait,20080414,0.7379471,False,mannelijk,volwassen,Noordoostelijk,n/a,headsetmicrofoon,48000
20080915,boergait,20080414,0.7032913,False,mannelijk,volwassen,Noordoostelijk,n/a,headsetmicrofoon,48000
20080915,boergait,20080414,0.6868499,False,mannelijk,volwassen,Noordoostelijk,n/a,headsetmicrofoon,48000
20080915,boergait,20080414,0.63793135,False,mannelijk,volwassen,Noordoostelijk,n/a,headsetmicrofoon,48000
20080915,boergait,20080414,0.5738107,False,mannelijk,volwassen,Noordoostelijk,n/a,headsetmicrofoon,48000
20080915,boergait,20080414,0.7037554,False,mannelijk,volwassen,Noordoostelijk,n/a,headsetmicrofoon,48000
20080915,boergait,20080414,0.7118602,False,mannelijk,volwassen,Noordoostelijk,n/a,headsetmicrofoon,48000
20080915,boergait,20080418,0.661145,False,mannelijk,volwassen,Noordoostelijk,n/a,headsetmicrofoon,48000
20080915,boergait,20080414,0.6920973,False,mannelijk,volwassen,Noordoostelijk,n/a,headsetmicrofoon,48000
20080915,boergait,20080414,0.65850383,False,mannelijk,volwassen,Noordoostelijk,n/a,headsetmicrofoon,48000
20080915,boergait,20080414,0.5964016,False,mannelijk,volwassen,Noordoostelijk,n/a,headsetmicrofoon,48000
20080915,boergait,20080414,0.697945,False,mannelijk,volwassen,Noordoostelijk,n/a,headsetmicrofoon,48000
20080915,boergait,20080418,0.54895544,False,mannelijk,volwassen,Noordoostelijk,n/a,headsetmicrofoon,48000
20080915,boergait,20080414,0.67927974,False,mannelijk,volwassen,Noordoostelijk,n/a,headsetmicrofoon,48000
20080915,boergait,20080414,0.6819155,False,mannelijk,volwassen,Noordoostelijk,n/a,headsetmicrofoon,48000
20080915,boergait,20080414,0.69233346,False,mannelijk,volwassen,Noordoostelijk,n/a,headsetmicrofoon,48000
20080915,boergait,20080414,0.6283492,False,mannelijk,volwassen,Noordoostelijk,n/a,headsetmicrofoon,48000
20080915,boergait,20080414,0.76743513,False,mannelijk,volwassen,Noordoostelijk,n/a,headsetmicrofoon,48000
20080915,boergait,20080414,0.70484746,False,mannelijk,volwassen,Noordoostelijk,n/a,headsetmicrofoon,48000
20080915,boergait,20080414,0.70580566,False,mannelijk,volwassen,Noordoostelijk,n/a,headsetmicrofoon,48000
20080915,boergait,20080414,0.6883229,False,mannelijk,volwassen,Noordoostelijk,n/a,headsetmicrofoon,48000
20080915,boergait,20080414,0.6331241,False,mannelijk,volwassen,Noordoostelijk,n/a,headsetmicrofoon,48000
20080915,boergait,20080418,0.56291056,False,mannelijk,volwassen,Noordoostelijk,n/a,headsetmicrofoon,48000
20080915,boergait,20080414,0.7534908,False,mannelijk,volwassen,Noordoostelijk,n/a,headsetmicrofoon,48000
20080915,boergait,20080414,0.7536269,False,mannelijk,volwassen,Noordoostelijk,n/a,headsetmicrofoon,48000
20080915,boergait,20080414,0.6335305,False,mannelijk,volwassen,Noordoostelijk,n/a,headsetmicrofoon,48000
20080915,boergait,20080414,0.68452877,False,mannelijk,volwassen,Noordoostelijk,n/a,headsetmicrofoon,48000
20080915,boergait,20080414,0.7273419,False,mannelijk,volwassen,Noordoostelijk,n/a,headsetmicrofoon,48000
20080915,boergait,20080414,0.6498723,False,mannelijk,volwassen,Noordoostelijk,n/a,headsetmicrofoon,48000
20080915,boergait,20080414,0.7349268,False,mannelijk,volwassen,Noordoostelijk,n/a,headsetmicrofoon,48000
20080915,boergait,20080414,0.68737984,False,mannelijk,volwassen,Noordoostelijk,n/a,headsetmicrofoon,48000
20080915,boergait,20080414,0.6025188,False,mannelijk,volwassen,Noordoostelijk,n/a,headsetmicrofoon,48000
20080915,boergait,20080414,0.70888066,False,mannelijk,volwassen,Noordoostelijk,n/a,headsetmicrofoon,48000
20080915,boergait,20080414,0.74996376,False,mannelijk,volwassen,Noordoostelijk,n/a,headsetmicrofoon,48000
20080915,boergait,20080414,0.71765596,False,mannelijk,volwassen,Noordoostelijk,n/a,headsetmicrofoon,48000
20080915,boergait,20080414,0.65842706,False,mannelijk,volwassen,Noordoostelijk,n/a,headsetmicrofoon,48000
20080915,boergait,20080414,0.59427714,False,mannelijk,volwassen,Noordoostelijk,n/a,headsetmicrofoon,48000
20080915,boergait,20080414,0.7718414,False,mannelijk,volwassen,Noordoostelijk,n/a,headsetmicrofoon,48000
20080915,boergait,20080414,0.62376714,False,mannelijk,volwassen,Noordoostelijk,n/a,headsetmicrofoon,48000
20080915,boergait,20080414,0.69609,False,mannelijk,volwassen,Noordoostelijk,n/a,headsetmicrofoon,48000
20080915,boergait,20080414,0.683198,False,mannelijk,volwassen,Noordoostelijk,n/a,headsetmicrofoon,48000
20080915,boergait,20080418,0.58672214,False,mannelijk,volwassen,Noordoostelijk,n/a,headsetmicrofoon,48000
20080915,boergait,20080414,0.5978322,False,mannelijk,volwassen,Noordoostelijk,n/a,headsetmicrofoon,48000
20080917,boergait,20080414,0.7488754,False,mannelijk,jeugd,Noordoostelijk,n/a,headsetmicrofoon,48000
20080917,boergait,20080418,0.6358421,False,mannelijk,jeugd,Noordoostelijk,n/a,headsetmicrofoon,48000
20080917,boergait,20080414,0.7351339,False,mannelijk,jeugd,Noordoostelijk,n/a,headsetmicrofoon,48000
20080917,boergait,20080414,0.6667762,False,mannelijk,jeugd,Noordoostelijk,n/a,headsetmicrofoon,48000
20080917,boergait,20080414,0.72070515,False,mannelijk,jeugd,Noordoostelijk,n/a,headsetmicrofoon,48000
20080917,boergait,20080414,0.7366476,False,mannelijk,jeugd,Noordoostelijk,n/a,headsetmicrofoon,48000
20080917,boergait,20080414,0.72433245,False,mannelijk,jeugd,Noordoostelijk,n/a,headsetmicrofoon,48000
20080917,boergait,20080418,0.6313833,False,mannelijk,jeugd,Noordoostelijk,n/a,headsetmicrofoon,48000
20080917,boergait,20080414,0.76985526,False,mannelijk,jeugd,Noordoostelijk,n/a,headsetmicrofoon,48000
20080917,boergait,20080414,0.483921,False,mannelijk,jeugd,Noordoostelijk,n/a,headsetmicrofoon,48000
20080917,boergait,20080414,0.74711275,False,mannelijk,jeugd,Noordoostelijk,n/a,headsetmicrofoon,48000
20080917,boergait,20080414,0.7270497,False,mannelijk,jeugd,Noordoostelijk,n/a,headsetmicrofoon,48000
20080917,boergait,20080414,0.78017664,False,mannelijk,jeugd,Noordoostelijk,n/a,headsetmicrofoon,48000
20080917,boergait,20080414,0.66508615,False,mannelijk,jeugd,Noordoostelijk,n/a,headsetmicrofoon,48000
20080917,boergait,20080414,0.78715247,False,mannelijk,jeugd,Noordoostelijk,n/a,headsetmicrofoon,48000
20080917,boergait,20080414,0.76295686,False,mannelijk,jeugd,Noordoostelijk,n/a,headsetmicrofoon,48000
20080917,boergait,20080414,0.7286712,False,mannelijk,jeugd,Noordoostelijk,n/a,headsetmicrofoon,48000
20080917,boergait,20080414,0.7690722,False,mannelijk,jeugd,Noordoostelijk,n/a,headsetmicrofoon,48000
20080917,boergait,20080414,0.77730024,False,mannelijk,jeugd,Noordoostelijk,n/a,headsetmicrofoon,48000
20080917,boergait,20080414,0.7318114,False,mannelijk,jeugd,Noordoostelijk,n/a,headsetmicrofoon,48000
20080917,boergait,20080414,0.6706455,False,mannelijk,jeugd,Noordoostelijk,n/a,headsetmicrofoon,48000
20080917,boergait,20080414,0.66486824,False,mannelijk,jeugd,Noordoostelijk,n/a,headsetmicrofoon,48000
20080917,boergait,20080414,0.6758216,False,mannelijk,jeugd,Noordoostelijk,n/a,headsetmicrofoon,48000
20080917,boergait,20080414,0.65571046,False,mannelijk,jeugd,Noordoostelijk,n/a,headsetmicrofoon,48000
20080917,boergait,20080414,0.71090126,False,mannelijk,jeugd,Noordoostelijk,n/a,headsetmicrofoon,48000
20080917,boergait,20080414,0.7700981,False,mannelijk,jeugd,Noordoostelijk,n/a,headsetmicrofoon,48000
20080917,boergait,20080414,0.6667945,False,mannelijk,jeugd,Noordoostelijk,n/a,headsetmicrofoon,48000
20080917,boergait,20080414,0.6412327,False,mannelijk,jeugd,Noordoostelijk,n/a,headsetmicrofoon,48000
20080917,boergait,20080414,0.62649363,False,mannelijk,jeugd,Noordoostelijk,n/a,headsetmicrofoon,48000
20080917,boergait,20080414,0.76565033,False,mannelijk,jeugd,Noordoostelijk,n/a,headsetmicrofoon,48000
20080917,boergait,20080414,0.6320952,False,mannelijk,jeugd,Noordoostelijk,n/a,headsetmicrofoon,48000
20080917,boergait,20080414,0.6660341,False,mannelijk,jeugd,Noordoostelijk,n/a,headsetmicrofoon,48000
20080917,boergait,20080414,0.75917155,False,mannelijk,jeugd,Noordoostelijk,n/a,headsetmicrofoon,48000
20080917,boergait,20080414,0.6279515,False,mannelijk,jeugd,Noordoostelijk,n/a,headsetmicrofoon,48000
20080917,boergait,20080414,0.55320966,False,mannelijk,jeugd,Noordoostelijk,n/a,headsetmicrofoon,48000
20080917,boergait,20080418,0.627878,False,mannelijk,jeugd,Noordoostelijk,n/a,headsetmicrofoon,48000
20080917,boergait,20080414,0.6903777,False,mannelijk,jeugd,Noordoostelijk,n/a,headsetmicrofoon,48000
20080917,boergait,20080414,0.6832694,False,mannelijk,jeugd,Noordoostelijk,n/a,headsetmicrofoon,48000
20080917,boergait,20080414,0.57984793,False,mannelijk,jeugd,Noordoostelijk,n/a,headsetmicrofoon,48000
20080917,boergait,20080414,0.7987143,False,mannelijk,jeugd,Noordoostelijk,n/a,headsetmicrofoon,48000
20080917,boergait,20080414,0.749351,False,mannelijk,jeugd,Noordoostelijk,n/a,headsetmicrofoon,48000
20080917,boergait,20080414,0.7599311,False,mannelijk,jeugd,Noordoostelijk,n/a,headsetmicrofoon,48000
20080917,boergait,20080414,0.76006126,False,mannelijk,jeugd,Noordoostelijk,n/a,headsetmicrofoon,48000
20080917,boergait,20080414,0.71511114,False,mannelijk,jeugd,Noordoostelijk,n/a,headsetmicrofoon,48000
20080917,boergait,20080414,0.7376864,False,mannelijk,jeugd,Noordoostelijk,n/a,headsetmicrofoon,48000
20080917,boergait,20080414,0.81575614,False,mannelijk,jeugd,Noordoostelijk,n/a,headsetmicrofoon,48000
20080917,boergait,20080414,0.7692327,False,mannelijk,jeugd,Noordoostelijk,n/a,headsetmicrofoon,48000
20080917,boergait,20080414,0.78696394,False,mannelijk,jeugd,Noordoostelijk,n/a,headsetmicrofoon,48000
20080917,boergait,20080414,0.71029496,False,mannelijk,jeugd,Noordoostelijk,n/a,headsetmicrofoon,48000
20080917,boergait,20080414,0.6900426,False,mannelijk,jeugd,Noordoostelijk,n/a,headsetmicrofoon,48000
20080917,boergait,20080414,0.7664869,False,mannelijk,jeugd,Noordoostelijk,n/a,headsetmicrofoon,48000
20080917,boergait,20080414,0.6888875,False,mannelijk,jeugd,Noordoostelijk,n/a,headsetmicrofoon,48000
20080917,boergait,20080414,0.69379455,False,mannelijk,jeugd,Noordoostelijk,n/a,headsetmicrofoon,48000
20080917,boergait,20080414,0.6973048,False,mannelijk,jeugd,Noordoostelijk,n/a,headsetmicrofoon,48000
20080917,boergait,20080414,0.67186624,False,mannelijk,jeugd,Noordoostelijk,n/a,headsetmicrofoon,48000
20080917,boergait,20080414,0.6704755,False,mannelijk,jeugd,Noordoostelijk,n/a,headsetmicrofoon,48000
20080917,boergait,20080414,0.7800878,False,mannelijk,jeugd,Noordoostelijk,n/a,headsetmicrofoon,48000
20080917,boergait,20080414,0.7326307,False,mannelijk,jeugd,Noordoostelijk,n/a,headsetmicrofoon,48000
20080917,boergait,20080414,0.7089728,False,mannelijk,jeugd,Noordoostelijk,n/a,headsetmicrofoon,48000
20080917,boergait,20080414,0.6783524,False,mannelijk,jeugd,Noordoostelijk,n/a,headsetmicrofoon,48000
20080917,boergait,20080414,0.68405926,False,mannelijk,jeugd,Noordoostelijk,n/a,headsetmicrofoon,48000
20080917,boergait,20080418,0.6228782,False,mannelijk,jeugd,Noordoostelijk,n/a,headsetmicrofoon,48000
20080917,boergait,20080414,0.7244493,False,mannelijk,jeugd,Noordoostelijk,n/a,headsetmicrofoon,48000
20080917,boergait,20080414,0.7246841,False,mannelijk,jeugd,Noordoostelijk,n/a,headsetmicrofoon,48000
20080917,boergait,20080414,0.7386522,False,mannelijk,jeugd,Noordoostelijk,n/a,headsetmicrofoon,48000
20080917,boergait,20080414,0.75933105,False,mannelijk,jeugd,Noordoostelijk,n/a,headsetmicrofoon,48000
20080917,boergait,20080414,0.70150375,False,mannelijk,jeugd,Noordoostelijk,n/a,headsetmicrofoon,48000
20080917,boergait,20080414,0.81075263,False,mannelijk,jeugd,Noordoostelijk,n/a,headsetmicrofoon,48000
20080917,boergait,20080414,0.76288754,False,mannelijk,jeugd,Noordoostelijk,n/a,headsetmicrofoon,48000
20080917,boergait,20080414,0.6584668,False,mannelijk,jeugd,Noordoostelijk,n/a,headsetmicrofoon,48000
20080917,boergait,20080414,0.5917549,False,mannelijk,jeugd,Noordoostelijk,n/a,headsetmicrofoon,48000
20080917,boergait,20080414,0.6468598,False,mannelijk,jeugd,Noordoostelijk,n/a,headsetmicrofoon,48000
20080917,boergait,20080414,0.59997725,False,mannelijk,jeugd,Noordoostelijk,n/a,headsetmicrofoon,48000
20080917,boergait,20080414,0.7251733,False,mannelijk,jeugd,Noordoostelijk,n/a,headsetmicrofoon,48000
20080917,boergait,20080414,0.78082967,False,mannelijk,jeugd,Noordoostelijk,n/a,headsetmicrofoon,48000
20080917,boergait,20080414,0.55493057,False,mannelijk,jeugd,Noordoostelijk,n/a,headsetmicrofoon,48000
20080917,boergait,20080414,0.68987435,False,mannelijk,jeugd,Noordoostelijk,n/a,headsetmicrofoon,48000
20080917,boergait,20080414,0.4853669,False,mannelijk,jeugd,Noordoostelijk,n/a,headsetmicrofoon,48000
20080917,boergait,20080414,0.6509371,False,mannelijk,jeugd,Noordoostelijk,n/a,headsetmicrofoon,48000
20080917,boergait,20080414,0.672485,False,mannelijk,jeugd,Noordoostelijk,n/a,headsetmicrofoon,48000
20080917,boergait,20080418,0.6835924,False,mannelijk,jeugd,Noordoostelijk,n/a,headsetmicrofoon,48000
20080917,boergait,20080414,0.7312256,False,mannelijk,jeugd,Noordoostelijk,n/a,headsetmicrofoon,48000
20080917,boergait,20080414,0.70612615,False,mannelijk,jeugd,Noordoostelijk,n/a,headsetmicrofoon,48000
20080917,boergait,20080414,0.7417202,False,mannelijk,jeugd,Noordoostelijk,n/a,headsetmicrofoon,48000
20080917,boergait,20080414,0.7917203,False,mannelijk,jeugd,Noordoostelijk,n/a,headsetmicrofoon,48000
20080917,boergait,20080414,0.6997781,False,mannelijk,jeugd,Noordoostelijk,n/a,headsetmicrofoon,48000
20080917,boergait,20080414,0.73530924,False,mannelijk,jeugd,Noordoostelijk,n/a,headsetmicrofoon,48000
20080917,boergait,20080414,0.685266,False,mannelijk,jeugd,Noordoostelijk,n/a,headsetmicrofoon,48000
20080917,boergait,20080414,0.800362,False,mannelijk,jeugd,Noordoostelijk,n/a,headsetmicrofoon,48000
20080917,boergait,20080414,0.72015,False,mannelijk,jeugd,Noordoostelijk,n/a,headsetmicrofoon,48000
20080917,boergait,20080414,0.7122866,False,mannelijk,jeugd,Noordoostelijk,n/a,headsetmicrofoon,48000
20080917,boergait,20080414,0.68704736,False,mannelijk,jeugd,Noordoostelijk,n/a,headsetmicrofoon,48000
20080917,boergait,20080414,0.66339487,False,mannelijk,jeugd,Noordoostelijk,n/a,headsetmicrofoon,48000
20080917,boergait,20080414,0.54814947,False,mannelijk,jeugd,Noordoostelijk,n/a,headsetmicrofoon,48000
20080917,boergait,20080414,0.70730054,False,mannelijk,jeugd,Noordoostelijk,n/a,headsetmicrofoon,48000
20080917,boergait,20080414,0.74335825,False,mannelijk,jeugd,Noordoostelijk,n/a,headsetmicrofoon,48000
20080917,boergait,20080414,0.59111536,False,mannelijk,jeugd,Noordoostelijk,n/a,headsetmicrofoon,48000
20080917,boergait,20080414,0.7098599,False,mannelijk,jeugd,Noordoostelijk,n/a,headsetmicrofoon,48000
20080917,boergait,20080414,0.69555485,False,mannelijk,jeugd,Noordoostelijk,n/a,headsetmicrofoon,48000
20080917,boergait,20080414,0.62189496,False,mannelijk,jeugd,Noordoostelijk,n/a,headsetmicrofoon,48000
20080917,boergait,20080414,0.6300144,False,mannelijk,jeugd,Noordoostelijk,n/a,headsetmicrofoon,48000
20080917,boergait,20080414,0.74302673,False,mannelijk,jeugd,Noordoostelijk,n/a,headsetmicrofoon,48000
20080917,boergait,20080414,0.7242714,False,mannelijk,jeugd,Noordoostelijk,n/a,headsetmicrofoon,48000
20080917,boergait,20080414,0.4885056,False,mannelijk,jeugd,Noordoostelijk,n/a,headsetmicrofoon,48000
20080917,boergait,20080414,0.761119,False,mannelijk,jeugd,Noordoostelijk,n/a,headsetmicrofoon,48000
20080917,boergait,20080414,0.6905999,False,mannelijk,jeugd,Noordoostelijk,n/a,headsetmicrofoon,48000
20080917,boergait,20080414,0.7657267,False,mannelijk,jeugd,Noordoostelijk,n/a,headsetmicrofoon,48000
20080917,boergait,20080414,0.6547277,False,mannelijk,jeugd,Noordoostelijk,n/a,headsetmicrofoon,48000
20080917,boergait,20080414,0.7430742,False,mannelijk,jeugd,Noordoostelijk,n/a,headsetmicrofoon,48000
20080917,boergait,20080414,0.6605895,False,mannelijk,jeugd,Noordoostelijk,n/a,headsetmicrofoon,48000
20080917,boergait,20080414,0.7161157,False,mannelijk,jeugd,Noordoostelijk,n/a,headsetmicrofoon,48000
20080917,boergait,20080414,0.63009965,False,mannelijk,jeugd,Noordoostelijk,n/a,headsetmicrofoon,48000
20080917,boergait,20080414,0.69948727,False,mannelijk,jeugd,Noordoostelijk,n/a,headsetmicrofoon,48000
20080917,boergait,20080414,0.6899787,False,mannelijk,jeugd,Noordoostelijk,n/a,headsetmicrofoon,48000
20080917,boergait,20080414,0.62701505,False,mannelijk,jeugd,Noordoostelijk,n/a,headsetmicrofoon,48000
20080917,boergait,20080414,0.6938927,False,mannelijk,jeugd,Noordoostelijk,n/a,headsetmicrofoon,48000
20080917,boergait,20080414,0.6455825,False,mannelijk,jeugd,Noordoostelijk,n/a,headsetmicrofoon,48000
20080917,boergait,20080414,0.6987833,False,mannelijk,jeugd,Noordoostelijk,n/a,headsetmicrofoon,48000
20080917,boergait,20080414,0.6391179,False,mannelijk,jeugd,Noordoostelijk,n/a,headsetmicrofoon,48000
20080917,boergait,20080414,0.7559289,False,mannelijk,jeugd,Noordoostelijk,n/a,headsetmicrofoon,48000
20080917,boergait,20080414,0.6397586,False,mannelijk,jeugd,Noordoostelijk,n/a,headsetmicrofoon,48000
20080917,boergait,20080414,0.7998369,False,mannelijk,jeugd,Noordoostelijk,n/a,headsetmicrofoon,48000
20080917,boergait,20080414,0.6967399,False,mannelijk,jeugd,Noordoostelijk,n/a,headsetmicrofoon,48000
20080917,boergait,20080414,0.7057106,False,mannelijk,jeugd,Noordoostelijk,n/a,headsetmicrofoon,48000
20080917,boergait,20080414,0.7771704,False,mannelijk,jeugd,Noordoostelijk,n/a,headsetmicrofoon,48000
20080917,boergait,20080414,0.78240275,False,mannelijk,jeugd,Noordoostelijk,n/a,headsetmicrofoon,48000
20080917,boergait,20080414,0.77104366,False,mannelijk,jeugd,Noordoostelijk,n/a,headsetmicrofoon,48000
20080917,boergait,20080414,0.64425004,False,mannelijk,jeugd,Noordoostelijk,n/a,headsetmicrofoon,48000
20080917,boergait,20080414,0.78549725,False,mannelijk,jeugd,Noordoostelijk,n/a,headsetmicrofoon,48000
20080917,boergait,20080414,0.7273061,False,mannelijk,jeugd,Noordoostelijk,n/a,headsetmicrofoon,48000
20080917,boergait,20080414,0.7125436,False,mannelijk,jeugd,Noordoostelijk,n/a,headsetmicrofoon,48000
20080917,boergait,20080414,0.6500156,False,mannelijk,jeugd,Noordoostelijk,n/a,headsetmicrofoon,48000
20080917,boergait,20080414,0.73197436,False,mannelijk,jeugd,Noordoostelijk,n/a,headsetmicrofoon,48000
20080917,boergait,20080414,0.718297,False,mannelijk,jeugd,Noordoostelijk,n/a,headsetmicrofoon,48000
20080917,boergait,20080414,0.73858786,False,mannelijk,jeugd,Noordoostelijk,n/a,headsetmicrofoon,48000
20080917,boergait,20080414,0.7215828,False,mannelijk,jeugd,Noordoostelijk,n/a,headsetmicrofoon,48000
20080917,boergait,20080414,0.75336295,False,mannelijk,jeugd,Noordoostelijk,n/a,headsetmicrofoon,48000
20080917,boergait,20080414,0.7331645,False,mannelijk,jeugd,Noordoostelijk,n/a,headsetmicrofoon,48000
20080917,boergait,20080414,0.6389077,False,mannelijk,jeugd,Noordoostelijk,n/a,headsetmicrofoon,48000
20080917,boergait,20080414,0.69219756,False,mannelijk,jeugd,Noordoostelijk,n/a,headsetmicrofoon,48000
20080917,boergait,20080414,0.7516602,False,mannelijk,jeugd,Noordoostelijk,n/a,headsetmicrofoon,48000
20080917,boergait,20080414,0.6801413,False,mannelijk,jeugd,Noordoostelijk,n/a,headsetmicrofoon,48000
20080917,boergait,20080414,0.63008296,False,mannelijk,jeugd,Noordoostelijk,n/a,headsetmicrofoon,48000
20080917,boergait,20080414,0.80634785,False,mannelijk,jeugd,Noordoostelijk,n/a,headsetmicrofoon,48000
20080917,boergait,20080414,0.74347746,False,mannelijk,jeugd,Noordoostelijk,n/a,headsetmicrofoon,48000
20080917,boergait,20080414,0.7082238,False,mannelijk,jeugd,Noordoostelijk,n/a,headsetmicrofoon,48000
20080917,boergait,20080414,0.7414807,False,mannelijk,jeugd,Noordoostelijk,n/a,headsetmicrofoon,48000
20080917,boergait,20080414,0.7537172,False,mannelijk,jeugd,Noordoostelijk,n/a,headsetmicrofoon,48000
20080917,boergait,20080414,0.75935525,False,mannelijk,jeugd,Noordoostelijk,n/a,headsetmicrofoon,48000
20080917,boergait,20080414,0.76858485,False,mannelijk,jeugd,Noordoostelijk,n/a,headsetmicrofoon,48000
20080917,boergait,20080414,0.7218313,False,mannelijk,jeugd,Noordoostelijk,n/a,headsetmicrofoon,48000
20080917,boergait,20080414,0.7004131,False,mannelijk,jeugd,Noordoostelijk,n/a,headsetmicrofoon,48000
20080917,boergait,20080414,0.68327534,False,mannelijk,jeugd,Noordoostelijk,n/a,headsetmicrofoon,48000
20080917,boergait,20080414,0.7566159,False,mannelijk,jeugd,Noordoostelijk,n/a,headsetmicrofoon,48000
20080917,boergait,20080418,0.646971,False,mannelijk,jeugd,Noordoostelijk,n/a,headsetmicrofoon,48000
20080917,boergait,20080414,0.70239055,False,mannelijk,jeugd,Noordoostelijk,n/a,headsetmicrofoon,48000
20080917,boergait,20080414,0.6952943,False,mannelijk,jeugd,Noordoostelijk,n/a,headsetmicrofoon,48000
20080917,boergait,20080414,0.70594877,False,mannelijk,jeugd,Noordoostelijk,n/a,headsetmicrofoon,48000
20080917,boergait,20080414,0.63697046,False,mannelijk,jeugd,Noordoostelijk,n/a,headsetmicrofoon,48000
20080917,boergait,20080414,0.7321617,False,mannelijk,jeugd,Noordoostelijk,n/a,headsetmicrofoon,48000
20080917,boergait,20080414,0.70977163,False,mannelijk,jeugd,Noordoostelijk,n/a,headsetmicrofoon,48000
20080917,boergait,20080414,0.61167896,False,mannelijk,jeugd,Noordoostelijk,n/a,headsetmicrofoon,48000
20080917,boergait,20080414,0.6716294,False,mannelijk,jeugd,Noordoostelijk,n/a,headsetmicrofoon,48000
20080917,boergait,20080414,0.7346133,False,mannelijk,jeugd,Noordoostelijk,n/a,headsetmicrofoon,48000
20080917,boergait,20080414,0.7600093,False,mannelijk,jeugd,Noordoostelijk,n/a,headsetmicrofoon,48000
20080917,boergait,20080414,0.67589915,False,mannelijk,jeugd,Noordoostelijk,n/a,headsetmicrofoon,48000
20080917,boergait,20080414,0.64975965,False,mannelijk,jeugd,Noordoostelijk,n/a,headsetmicrofoon,48000
20080917,boergait,20080414,0.5676949,False,mannelijk,jeugd,Noordoostelijk,n/a,headsetmicrofoon,48000
20080917,boergait,20080414,0.6667503,False,mannelijk,jeugd,Noordoostelijk,n/a,headsetmicrofoon,48000
20080917,boergait,20080414,0.6856357,False,mannelijk,jeugd,Noordoostelijk,n/a,headsetmicrofoon,48000
20080917,boergait,20080418,0.46380642,False,mannelijk,jeugd,Noordoostelijk,n/a,headsetmicrofoon,48000
20080917,boergait,20080414,0.77683294,False,mannelijk,jeugd,Noordoostelijk,n/a,headsetmicrofoon,48000
20080917,boergait,20080414,0.67064714,False,mannelijk,jeugd,Noordoostelijk,n/a,headsetmicrofoon,48000
20080917,boergait,20080414,0.72058785,False,mannelijk,jeugd,Noordoostelijk,n/a,headsetmicrofoon,48000
20080917,boergait,20080414,0.78271246,False,mannelijk,jeugd,Noordoostelijk,n/a,headsetmicrofoon,48000
20080917,boergait,20080414,0.66545033,False,mannelijk,jeugd,Noordoostelijk,n/a,headsetmicrofoon,48000
20080917,boergait,20080414,0.66999775,False,mannelijk,jeugd,Noordoostelijk,n/a,headsetmicrofoon,48000
20080917,boergait,20080414,0.601659,False,mannelijk,jeugd,Noordoostelijk,n/a,headsetmicrofoon,48000
20080917,boergait,20080414,0.7410224,False,mannelijk,jeugd,Noordoostelijk,n/a,headsetmicrofoon,48000
20080917,boergait,20080414,0.5802077,False,mannelijk,jeugd,Noordoostelijk,n/a,headsetmicrofoon,48000
20080917,boergait,20080414,0.7056448,False,mannelijk,jeugd,Noordoostelijk,n/a,headsetmicrofoon,48000
20080917,boergait,20080414,0.7169829,False,mannelijk,jeugd,Noordoostelijk,n/a,headsetmicrofoon,48000
20080917,boergait,20080414,0.76840407,False,mannelijk,jeugd,Noordoostelijk,n/a,headsetmicrofoon,48000
20080917,boergait,20080414,0.7330552,False,mannelijk,jeugd,Noordoostelijk,n/a,headsetmicrofoon,48000
20080917,boergait,20080414,0.7170428,False,mannelijk,jeugd,Noordoostelijk,n/a,headsetmicrofoon,48000
20080917,boergait,20080414,0.6948577,False,mannelijk,jeugd,Noordoostelijk,n/a,headsetmicrofoon,48000
20080917,boergait,20080414,0.6169946,False,mannelijk,jeugd,Noordoostelijk,n/a,headsetmicrofoon,48000
20080917,boergait,20080414,0.75955594,False,mannelijk,jeugd,Noordoostelijk,n/a,headsetmicrofoon,48000
20080917,boergait,20080414,0.68363523,False,mannelijk,jeugd,Noordoostelijk,n/a,headsetmicrofoon,48000
20080917,boergait,20080414,0.7220334,False,mannelijk,jeugd,Noordoostelijk,n/a,headsetmicrofoon,48000
20080917,boergait,20080414,0.6538259,False,mannelijk,jeugd,Noordoostelijk,n/a,headsetmicrofoon,48000
20080917,boergait,20080414,0.73997295,False,mannelijk,jeugd,Noordoostelijk,n/a,headsetmicrofoon,48000
20080917,boergait,20080414,0.71035874,False,mannelijk,jeugd,Noordoostelijk,n/a,headsetmicrofoon,48000
20080917,boergait,20080414,0.6876322,False,mannelijk,jeugd,Noordoostelijk,n/a,headsetmicrofoon,48000
20080917,boergait,20080414,0.74189067,False,mannelijk,jeugd,Noordoostelijk,n/a,headsetmicrofoon,48000
20080917,boergait,20080414,0.76633584,False,mannelijk,jeugd,Noordoostelijk,n/a,headsetmicrofoon,48000
20080917,boergait,20080414,0.7602128,False,mannelijk,jeugd,Noordoostelijk,n/a,headsetmicrofoon,48000
20080917,boergait,20080414,0.6848331,False,mannelijk,jeugd,Noordoostelijk,n/a,headsetmicrofoon,48000
20080917,boergait,20080414,0.60799956,False,mannelijk,jeugd,Noordoostelijk,n/a,headsetmicrofoon,48000
20080917,boergait,20080414,0.78546876,False,mannelijk,jeugd,Noordoostelijk,n/a,headsetmicrofoon,48000
20080917,boergait,20080414,0.70651114,False,mannelijk,jeugd,Noordoostelijk,n/a,headsetmicrofoon,48000
20080917,boergait,20080414,0.635427,False,mannelijk,jeugd,Noordoostelijk,n/a,headsetmicrofoon,48000
20080917,boergait,20080418,0.66613793,False,mannelijk,jeugd,Noordoostelijk,n/a,headsetmicrofoon,48000
20080917,boergait,20080418,0.6482358,False,mannelijk,jeugd,Noordoostelijk,n/a,headsetmicrofoon,48000
20080917,boergait,20080414,0.7244569,False,mannelijk,jeugd,Noordoostelijk,n/a,headsetmicrofoon,48000
20080917,boergait,20080414,0.7394899,False,mannelijk,jeugd,Noordoostelijk,n/a,headsetmicrofoon,48000
20080917,boergait,20080414,0.69177485,False,mannelijk,jeugd,Noordoostelijk,n/a,headsetmicrofoon,48000
20080917,boergait,20080414,0.6573854,False,mannelijk,jeugd,Noordoostelijk,n/a,headsetmicrofoon,48000
20080917,boergait,20080418,0.73176,False,mannelijk,jeugd,Noordoostelijk,n/a,headsetmicrofoon,48000
20080917,boergait,20080414,0.63461125,False,mannelijk,jeugd,Noordoostelijk,n/a,headsetmicrofoon,48000
20080917,boergait,20080414,0.7326927,False,mannelijk,jeugd,Noordoostelijk,n/a,headsetmicrofoon,48000
20080917,boergait,20080414,0.630423,False,mannelijk,jeugd,Noordoostelijk,n/a,headsetmicrofoon,48000
20080917,boergait,20080414,0.7310681,False,mannelijk,jeugd,Noordoostelijk,n/a,headsetmicrofoon,48000
20080917,boergait,20080414,0.6628442,False,mannelijk,jeugd,Noordoostelijk,n/a,headsetmicrofoon,48000
20080917,boergait,20080414,0.7605655,False,mannelijk,jeugd,Noordoostelijk,n/a,headsetmicrofoon,48000
20080917,boergait,20080414,0.7747538,False,mannelijk,jeugd,Noordoostelijk,n/a,headsetmicrofoon,48000
20080917,boergait,20080414,0.68279386,False,mannelijk,jeugd,Noordoostelijk,n/a,headsetmicrofoon,48000
20080917,boergait,20080414,0.633911,False,mannelijk,jeugd,Noordoostelijk,n/a,headsetmicrofoon,48000
20080917,boergait,20080414,0.6937909,False,mannelijk,jeugd,Noordoostelijk,n/a,headsetmicrofoon,48000
20080918,boergait,20080414,0.7155747,False,mannelijk,volwassen,Noordoostelijk,n/a,headsetmicrofoon,48000
20080918,boergait,20080414,0.77245605,False,mannelijk,volwassen,Noordoostelijk,n/a,headsetmicrofoon,48000
20080918,boergait,20080414,0.5632986,False,mannelijk,volwassen,Noordoostelijk,n/a,headsetmicrofoon,48000
20080918,boergait,20080414,0.6457561,False,mannelijk,volwassen,Noordoostelijk,n/a,headsetmicrofoon,48000
20080918,boergait,20080414,0.6717491,False,mannelijk,volwassen,Noordoostelijk,n/a,headsetmicrofoon,48000
20080918,boergait,20080414,0.6541447,False,mannelijk,volwassen,Noordoostelijk,n/a,headsetmicrofoon,48000
20080918,boergait,20080414,0.70801747,False,mannelijk,volwassen,Noordoostelijk,n/a,headsetmicrofoon,48000
20080918,boergait,20080414,0.6681353,False,mannelijk,volwassen,Noordoostelijk,n/a,headsetmicrofoon,48000
20080918,boergait,20080414,0.70485806,False,mannelijk,volwassen,Noordoostelijk,n/a,headsetmicrofoon,48000
20080918,boergait,20080414,0.64844203,False,mannelijk,volwassen,Noordoostelijk,n/a,headsetmicrofoon,48000
20080918,boergait,20080414,0.7542147,False,mannelijk,volwassen,Noordoostelijk,n/a,headsetmicrofoon,48000
20080918,boergait,20080414,0.6963211,False,mannelijk,volwassen,Noordoostelijk,n/a,headsetmicrofoon,48000
20080918,boergait,20080414,0.75032425,False,mannelijk,volwassen,Noordoostelijk,n/a,headsetmicrofoon,48000
20080918,boergait,20080414,0.6276825,False,mannelijk,volwassen,Noordoostelijk,n/a,headsetmicrofoon,48000
20080918,boergait,20080414,0.72231305,False,mannelijk,volwassen,Noordoostelijk,n/a,headsetmicrofoon,48000
20080918,boergait,20080414,0.5934924,False,mannelijk,volwassen,Noordoostelijk,n/a,headsetmicrofoon,48000
20080918,boergait,20080414,0.6660204,False,mannelijk,volwassen,Noordoostelijk,n/a,headsetmicrofoon,48000
20080918,boergait,20080414,0.6580101,False,mannelijk,volwassen,Noordoostelijk,n/a,headsetmicrofoon,48000
20080918,boergait,20080414,0.6977995,False,mannelijk,volwassen,Noordoostelijk,n/a,headsetmicrofoon,48000
20080918,boergait,20080414,0.67280924,False,mannelijk,volwassen,Noordoostelijk,n/a,headsetmicrofoon,48000
20080918,boergait,20080418,0.6958264,False,mannelijk,volwassen,Noordoostelijk,n/a,headsetmicrofoon,48000
20080918,boergait,20080418,0.63355243,False,mannelijk,volwassen,Noordoostelijk,n/a,headsetmicrofoon,48000
20080918,boergait,20080414,0.6594981,False,mannelijk,volwassen,Noordoostelijk,n/a,headsetmicrofoon,48000
20080918,boergait,20080414,0.60939056,False,mannelijk,volwassen,Noordoostelijk,n/a,headsetmicrofoon,48000
20080918,boergait,20080414,0.7138248,False,mannelijk,volwassen,Noordoostelijk,n/a,headsetmicrofoon,48000
20080918,boergait,20080414,0.55830014,False,mannelijk,volwassen,Noordoostelijk,n/a,headsetmicrofoon,48000
20080918,boergait,20080414,0.64055264,False,mannelijk,volwassen,Noordoostelijk,n/a,headsetmicrofoon,48000
20080918,boergait,20080414,0.74106824,False,mannelijk,volwassen,Noordoostelijk,n/a,headsetmicrofoon,48000
20080918,boergait,20080414,0.7354875,False,mannelijk,volwassen,Noordoostelijk,n/a,headsetmicrofoon,48000
20080918,boergait,20080414,0.70768094,False,mannelijk,volwassen,Noordoostelijk,n/a,headsetmicrofoon,48000
20080918,boergait,20080414,0.71192914,False,mannelijk,volwassen,Noordoostelijk,n/a,headsetmicrofoon,48000
20080918,boergait,20080414,0.6892284,False,mannelijk,volwassen,Noordoostelijk,n/a,headsetmicrofoon,48000
20080918,boergait,20080414,0.6904701,False,mannelijk,volwassen,Noordoostelijk,n/a,headsetmicrofoon,48000
20080918,boergait,20080414,0.7456938,False,mannelijk,volwassen,Noordoostelijk,n/a,headsetmicrofoon,48000
20080918,boergait,20080414,0.7189074,False,mannelijk,volwassen,Noordoostelijk,n/a,headsetmicrofoon,48000
20080918,boergait,20080414,0.7552722,False,mannelijk,volwassen,Noordoostelijk,n/a,headsetmicrofoon,48000
20080918,boergait,20080414,0.6789112,False,mannelijk,volwassen,Noordoostelijk,n/a,headsetmicrofoon,48000
20080918,boergait,20080414,0.70898634,False,mannelijk,volwassen,Noordoostelijk,n/a,headsetmicrofoon,48000
20080918,boergait,20080414,0.76145077,False,mannelijk,volwassen,Noordoostelijk,n/a,headsetmicrofoon,48000
20080918,boergait,20080414,0.70461786,False,mannelijk,volwassen,Noordoostelijk,n/a,headsetmicrofoon,48000
20080918,boergait,20080414,0.7777064,False,mannelijk,volwassen,Noordoostelijk,n/a,headsetmicrofoon,48000
20080918,boergait,20080414,0.7426059,False,mannelijk,volwassen,Noordoostelijk,n/a,headsetmicrofoon,48000
20080918,boergait,20080414,0.540958,False,mannelijk,volwassen,Noordoostelijk,n/a,headsetmicrofoon,48000
20080918,boergait,20080414,0.69896305,False,mannelijk,volwassen,Noordoostelijk,n/a,headsetmicrofoon,48000
20080918,boergait,20080414,0.63195366,False,mannelijk,volwassen,Noordoostelijk,n/a,headsetmicrofoon,48000
20080918,boergait,20080414,0.7407593,False,mannelijk,volwassen,Noordoostelijk,n/a,headsetmicrofoon,48000
20080918,boergait,20080414,0.6439576,False,mannelijk,volwassen,Noordoostelijk,n/a,headsetmicrofoon,48000
20080918,boergait,20080414,0.6543715,False,mannelijk,volwassen,Noordoostelijk,n/a,headsetmicrofoon,48000
20080918,boergait,20080414,0.69201297,False,mannelijk,volwassen,Noordoostelijk,n/a,headsetmicrofoon,48000
20080918,boergait,20080418,0.5935807,False,mannelijk,volwassen,Noordoostelijk,n/a,headsetmicrofoon,48000
20080918,boergait,20080414,0.51528865,False,mannelijk,volwassen,Noordoostelijk,n/a,headsetmicrofoon,48000
20080918,boergait,20080414,0.7354131,False,mannelijk,volwassen,Noordoostelijk,n/a,headsetmicrofoon,48000
20080918,boergait,20080418,0.45403054,False,mannelijk,volwassen,Noordoostelijk,n/a,headsetmicrofoon,48000
20080918,boergait,20080414,0.69733524,False,mannelijk,volwassen,Noordoostelijk,n/a,headsetmicrofoon,48000
20080918,boergait,20080414,0.73148954,False,mannelijk,volwassen,Noordoostelijk,n/a,headsetmicrofoon,48000
20080918,boergait,20080414,0.5977201,False,mannelijk,volwassen,Noordoostelijk,n/a,headsetmicrofoon,48000
20080918,boergait,20080414,0.650529,False,mannelijk,volwassen,Noordoostelijk,n/a,headsetmicrofoon,48000
20080918,boergait,20080414,0.6981187,False,mannelijk,volwassen,Noordoostelijk,n/a,headsetmicrofoon,48000
20080918,boergait,20080418,0.7168257,False,mannelijk,volwassen,Noordoostelijk,n/a,headsetmicrofoon,48000
20080918,boergait,20080414,0.60153913,False,mannelijk,volwassen,Noordoostelijk,n/a,headsetmicrofoon,48000
20080918,boergait,20080414,0.65301037,False,mannelijk,volwassen,Noordoostelijk,n/a,headsetmicrofoon,48000
20080918,boergait,20080414,0.73479986,False,mannelijk,volwassen,Noordoostelijk,n/a,headsetmicrofoon,48000
20080918,boergait,20080414,0.65601164,False,mannelijk,volwassen,Noordoostelijk,n/a,headsetmicrofoon,48000
20080918,boergait,20080414,0.62230295,False,mannelijk,volwassen,Noordoostelijk,n/a,headsetmicrofoon,48000
20080918,boergait,20080414,0.7086904,False,mannelijk,volwassen,Noordoostelijk,n/a,headsetmicrofoon,48000
20080918,boergait,20080418,0.6532121,False,mannelijk,volwassen,Noordoostelijk,n/a,headsetmicrofoon,48000
20080918,boergait,20080414,0.6950055,False,mannelijk,volwassen,Noordoostelijk,n/a,headsetmicrofoon,48000
20080918,boergait,20080414,0.58247393,False,mannelijk,volwassen,Noordoostelijk,n/a,headsetmicrofoon,48000
20080918,boergait,20080414,0.60061413,False,mannelijk,volwassen,Noordoostelijk,n/a,headsetmicrofoon,48000
20080918,boergait,20080414,0.7518123,False,mannelijk,volwassen,Noordoostelijk,n/a,headsetmicrofoon,48000
20080918,boergait,20080414,0.73190594,False,mannelijk,volwassen,Noordoostelijk,n/a,headsetmicrofoon,48000
20080918,boergait,20080414,0.776721,False,mannelijk,volwassen,Noordoostelijk,n/a,headsetmicrofoon,48000
20080918,boergait,20080414,0.74806607,False,mannelijk,volwassen,Noordoostelijk,n/a,headsetmicrofoon,48000
20080918,boergait,20080414,0.7471173,False,mannelijk,volwassen,Noordoostelijk,n/a,headsetmicrofoon,48000
20080918,boergait,20080414,0.7371895,False,mannelijk,volwassen,Noordoostelijk,n/a,headsetmicrofoon,48000
20080918,boergait,20080414,0.72865266,False,mannelijk,volwassen,Noordoostelijk,n/a,headsetmicrofoon,48000
20080918,boergait,20080414,0.6095077,False,mannelijk,volwassen,Noordoostelijk,n/a,headsetmicrofoon,48000
20080918,boergait,20080418,0.58190256,False,mannelijk,volwassen,Noordoostelijk,n/a,headsetmicrofoon,48000
20080918,boergait,20080414,0.71176386,False,mannelijk,volwassen,Noordoostelijk,n/a,headsetmicrofoon,48000
20080918,boergait,20080414,0.7101406,False,mannelijk,volwassen,Noordoostelijk,n/a,headsetmicrofoon,48000
20080918,boergait,20080414,0.7285584,False,mannelijk,volwassen,Noordoostelijk,n/a,headsetmicrofoon,48000
20080918,boergait,20080414,0.64372647,False,mannelijk,volwassen,Noordoostelijk,n/a,headsetmicrofoon,48000
20080918,boergait,20080414,0.50251746,False,mannelijk,volwassen,Noordoostelijk,n/a,headsetmicrofoon,48000
20080918,boergait,20080414,0.7009667,False,mannelijk,volwassen,Noordoostelijk,n/a,headsetmicrofoon,48000
20080918,boergait,20080414,0.72528625,False,mannelijk,volwassen,Noordoostelijk,n/a,headsetmicrofoon,48000
20080918,boergait,20080414,0.6272537,False,mannelijk,volwassen,Noordoostelijk,n/a,headsetmicrofoon,48000
20080918,boergait,20080414,0.71305966,False,mannelijk,volwassen,Noordoostelijk,n/a,headsetmicrofoon,48000
20080918,boergait,20080414,0.73131156,False,mannelijk,volwassen,Noordoostelijk,n/a,headsetmicrofoon,48000
20080918,boergait,20080418,0.68916214,False,mannelijk,volwassen,Noordoostelijk,n/a,headsetmicrofoon,48000
20080918,boergait,20080414,0.70384043,False,mannelijk,volwassen,Noordoostelijk,n/a,headsetmicrofoon,48000
20080918,boergait,20080414,0.6850978,False,mannelijk,volwassen,Noordoostelijk,n/a,headsetmicrofoon,48000
20080918,boergait,20080414,0.7819771,False,mannelijk,volwassen,Noordoostelijk,n/a,headsetmicrofoon,48000
20080918,boergait,20080414,0.7548933,False,mannelijk,volwassen,Noordoostelijk,n/a,headsetmicrofoon,48000
20080918,boergait,20080414,0.63050723,False,mannelijk,volwassen,Noordoostelijk,n/a,headsetmicrofoon,48000
20080918,boergait,20080414,0.5750435,False,mannelijk,volwassen,Noordoostelijk,n/a,headsetmicrofoon,48000
20080918,boergait,20080414,0.6573547,False,mannelijk,volwassen,Noordoostelijk,n/a,headsetmicrofoon,48000
20080918,boergait,20080414,0.6983628,False,mannelijk,volwassen,Noordoostelijk,n/a,headsetmicrofoon,48000
20080918,boergait,20080414,0.7252099,False,mannelijk,volwassen,Noordoostelijk,n/a,headsetmicrofoon,48000
20080918,boergait,20080418,0.69044113,False,mannelijk,volwassen,Noordoostelijk,n/a,headsetmicrofoon,48000
20080918,boergait,20080414,0.6864132,False,mannelijk,volwassen,Noordoostelijk,n/a,headsetmicrofoon,48000
20080918,boergait,20080414,0.6372931,False,mannelijk,volwassen,Noordoostelijk,n/a,headsetmicrofoon,48000
20080918,boergait,20080414,0.7146274,False,mannelijk,volwassen,Noordoostelijk,n/a,headsetmicrofoon,48000
20080918,boergait,20080414,0.72766143,False,mannelijk,volwassen,Noordoostelijk,n/a,headsetmicrofoon,48000
20080918,boergait,20080414,0.73841023,False,mannelijk,volwassen,Noordoostelijk,n/a,headsetmicrofoon,48000
20080918,boergait,20080418,0.5809253,False,mannelijk,volwassen,Noordoostelijk,n/a,headsetmicrofoon,48000
20080918,boergait,20080414,0.70101535,False,mannelijk,volwassen,Noordoostelijk,n/a,headsetmicrofoon,48000
20080918,boergait,20080414,0.7153194,False,mannelijk,volwassen,Noordoostelijk,n/a,headsetmicrofoon,48000
20080918,boergait,20080414,0.6769807,False,mannelijk,volwassen,Noordoostelijk,n/a,headsetmicrofoon,48000
20080918,boergait,20080414,0.6518756,False,mannelijk,volwassen,Noordoostelijk,n/a,headsetmicrofoon,48000
20080918,boergait,20080414,0.73258746,False,mannelijk,volwassen,Noordoostelijk,n/a,headsetmicrofoon,48000
20080918,boergait,20080414,0.7285292,False,mannelijk,volwassen,Noordoostelijk,n/a,headsetmicrofoon,48000
20080918,boergait,20080414,0.73600745,False,mannelijk,volwassen,Noordoostelijk,n/a,headsetmicrofoon,48000
20080918,boergait,20080414,0.68238926,False,mannelijk,volwassen,Noordoostelijk,n/a,headsetmicrofoon,48000
20080918,boergait,20080414,0.6735083,False,mannelijk,volwassen,Noordoostelijk,n/a,headsetmicrofoon,48000
20080918,boergait,20080414,0.7229229,False,mannelijk,volwassen,Noordoostelijk,n/a,headsetmicrofoon,48000
20080918,boergait,20080414,0.66091746,False,mannelijk,volwassen,Noordoostelijk,n/a,headsetmicrofoon,48000
20080918,boergait,20080414,0.6707252,False,mannelijk,volwassen,Noordoostelijk,n/a,headsetmicrofoon,48000
20080918,boergait,20080414,0.69123334,False,mannelijk,volwassen,Noordoostelijk,n/a,headsetmicrofoon,48000
20080918,boergait,20080414,0.5647553,False,mannelijk,volwassen,Noordoostelijk,n/a,headsetmicrofoon,48000
20080918,boergait,20080414,0.7625145,False,mannelijk,volwassen,Noordoostelijk,n/a,headsetmicrofoon,48000
20080918,boergait,20080414,0.72656643,False,mannelijk,volwassen,Noordoostelijk,n/a,headsetmicrofoon,48000
20080918,boergait,20080414,0.67260545,False,mannelijk,volwassen,Noordoostelijk,n/a,headsetmicrofoon,48000
20080918,boergait,20080414,0.7467841,False,mannelijk,volwassen,Noordoostelijk,n/a,headsetmicrofoon,48000
20080918,boergait,20080414,0.67629576,False,mannelijk,volwassen,Noordoostelijk,n/a,headsetmicrofoon,48000
20080918,boergait,20080418,0.6635089,False,mannelijk,volwassen,Noordoostelijk,n/a,headsetmicrofoon,48000
20080918,boergait,20080414,0.709087,False,mannelijk,volwassen,Noordoostelijk,n/a,headsetmicrofoon,48000
20080918,boergait,20080414,0.72507006,False,mannelijk,volwassen,Noordoostelijk,n/a,headsetmicrofoon,48000
20080918,boergait,20080414,0.7367853,False,mannelijk,volwassen,Noordoostelijk,n/a,headsetmicrofoon,48000
20080918,boergait,20080414,0.7635609,False,mannelijk,volwassen,Noordoostelijk,n/a,headsetmicrofoon,48000
20080918,boergait,20080414,0.7062813,False,mannelijk,volwassen,Noordoostelijk,n/a,headsetmicrofoon,48000
20080918,boergait,20080414,0.746506,False,mannelijk,volwassen,Noordoostelijk,n/a,headsetmicrofoon,48000
20080918,boergait,20080414,0.720666,False,mannelijk,volwassen,Noordoostelijk,n/a,headsetmicrofoon,48000
20080918,boergait,20080414,0.72942954,False,mannelijk,volwassen,Noordoostelijk,n/a,headsetmicrofoon,48000
20080918,boergait,20080414,0.7402799,False,mannelijk,volwassen,Noordoostelijk,n/a,headsetmicrofoon,48000
20080918,boergait,20080414,0.71735686,False,mannelijk,volwassen,Noordoostelijk,n/a,headsetmicrofoon,48000
20080918,boergait,20080414,0.75886345,False,mannelijk,volwassen,Noordoostelijk,n/a,headsetmicrofoon,48000
20080918,boergait,20080414,0.7832818,False,mannelijk,volwassen,Noordoostelijk,n/a,headsetmicrofoon,48000
20080918,boergait,20080414,0.73008925,False,mannelijk,volwassen,Noordoostelijk,n/a,headsetmicrofoon,48000
20080918,boergait,20080414,0.66028035,False,mannelijk,volwassen,Noordoostelijk,n/a,headsetmicrofoon,48000
20080918,boergait,20080414,0.59894925,False,mannelijk,volwassen,Noordoostelijk,n/a,headsetmicrofoon,48000
20080918,boergait,20080414,0.57409847,False,mannelijk,volwassen,Noordoostelijk,n/a,headsetmicrofoon,48000
20080918,boergait,20080418,0.58396924,False,mannelijk,volwassen,Noordoostelijk,n/a,headsetmicrofoon,48000
20080918,boergait,20080414,0.64957696,False,mannelijk,volwassen,Noordoostelijk,n/a,headsetmicrofoon,48000
20080918,boergait,20080414,0.6948597,False,mannelijk,volwassen,Noordoostelijk,n/a,headsetmicrofoon,48000
20080918,boergait,20080418,0.6580034,False,mannelijk,volwassen,Noordoostelijk,n/a,headsetmicrofoon,48000
20080918,boergait,20080414,0.6710533,False,mannelijk,volwassen,Noordoostelijk,n/a,headsetmicrofoon,48000
20080918,boergait,20080414,0.6247966,False,mannelijk,volwassen,Noordoostelijk,n/a,headsetmicrofoon,48000
20080918,boergait,20080414,0.7705389,False,mannelijk,volwassen,Noordoostelijk,n/a,headsetmicrofoon,48000
20080918,boergait,20080418,0.63702047,False,mannelijk,volwassen,Noordoostelijk,n/a,headsetmicrofoon,48000
20080918,boergait,20080414,0.63919204,False,mannelijk,volwassen,Noordoostelijk,n/a,headsetmicrofoon,48000
20080918,boergait,20080414,0.67359215,False,mannelijk,volwassen,Noordoostelijk,n/a,headsetmicrofoon,48000
20080918,boergait,20080414,0.7668622,False,mannelijk,volwassen,Noordoostelijk,n/a,headsetmicrofoon,48000
20080918,boergait,20080414,0.5285579,False,mannelijk,volwassen,Noordoostelijk,n/a,headsetmicrofoon,48000
20080918,boergait,20080414,0.72977644,False,mannelijk,volwassen,Noordoostelijk,n/a,headsetmicrofoon,48000
20080918,boergait,20080414,0.7266406,False,mannelijk,volwassen,Noordoostelijk,n/a,headsetmicrofoon,48000
20080918,boergait,20080414,0.70773554,False,mannelijk,volwassen,Noordoostelijk,n/a,headsetmicrofoon,48000
20080918,boergait,20080414,0.65467155,False,mannelijk,volwassen,Noordoostelijk,n/a,headsetmicrofoon,48000
20080918,boergait,20080414,0.7118805,False,mannelijk,volwassen,Noordoostelijk,n/a,headsetmicrofoon,48000
20080918,boergait,20080414,0.73265237,False,mannelijk,volwassen,Noordoostelijk,n/a,headsetmicrofoon,48000
20080918,boergait,20080414,0.7384292,False,mannelijk,volwassen,Noordoostelijk,n/a,headsetmicrofoon,48000
20080918,boergait,20080414,0.6734085,False,mannelijk,volwassen,Noordoostelijk,n/a,headsetmicrofoon,48000
20080918,boergait,20080414,0.64882267,False,mannelijk,volwassen,Noordoostelijk,n/a,headsetmicrofoon,48000
20080918,boergait,20080414,0.64608526,False,mannelijk,volwassen,Noordoostelijk,n/a,headsetmicrofoon,48000
20080918,boergait,20080414,0.5977721,False,mannelijk,volwassen,Noordoostelijk,n/a,headsetmicrofoon,48000
20080918,boergait,20080414,0.69243836,False,mannelijk,volwassen,Noordoostelijk,n/a,headsetmicrofoon,48000
20080918,boergait,20080414,0.70157593,False,mannelijk,volwassen,Noordoostelijk,n/a,headsetmicrofoon,48000
20080918,boergait,20080414,0.6820237,False,mannelijk,volwassen,Noordoostelijk,n/a,headsetmicrofoon,48000
20080918,boergait,20080414,0.6834062,False,mannelijk,volwassen,Noordoostelijk,n/a,headsetmicrofoon,48000
20080918,boergait,20080414,0.7440657,False,mannelijk,volwassen,Noordoostelijk,n/a,headsetmicrofoon,48000
20080918,boergait,20080414,0.77968735,False,mannelijk,volwassen,Noordoostelijk,n/a,headsetmicrofoon,48000
20080918,boergait,20080414,0.7186094,False,mannelijk,volwassen,Noordoostelijk,n/a,headsetmicrofoon,48000
20080918,boergait,20080414,0.7498634,False,mannelijk,volwassen,Noordoostelijk,n/a,headsetmicrofoon,48000
20080918,boergait,20080414,0.5806695,False,mannelijk,volwassen,Noordoostelijk,n/a,headsetmicrofoon,48000
20080918,boergait,20080414,0.7602704,False,mannelijk,volwassen,Noordoostelijk,n/a,headsetmicrofoon,48000
20080918,boergait,20080414,0.71717644,False,mannelijk,volwassen,Noordoostelijk,n/a,headsetmicrofoon,48000
20080918,boergait,20080414,0.6803213,False,mannelijk,volwassen,Noordoostelijk,n/a,headsetmicrofoon,48000
20080918,boergait,20080414,0.591856,False,mannelijk,volwassen,Noordoostelijk,n/a,headsetmicrofoon,48000
20080918,boergait,20080414,0.741151,False,mannelijk,volwassen,Noordoostelijk,n/a,headsetmicrofoon,48000
20080918,boergait,20080414,0.66712403,False,mannelijk,volwassen,Noordoostelijk,n/a,headsetmicrofoon,48000
20080918,boergait,20080414,0.7337005,False,mannelijk,volwassen,Noordoostelijk,n/a,headsetmicrofoon,48000
20080918,boergait,20080414,0.7502872,False,mannelijk,volwassen,Noordoostelijk,n/a,headsetmicrofoon,48000
20080918,boergait,20080414,0.69033307,False,mannelijk,volwassen,Noordoostelijk,n/a,headsetmicrofoon,48000
20080918,boergait,20080414,0.73452324,False,mannelijk,volwassen,Noordoostelijk,n/a,headsetmicrofoon,48000
20080918,boergait,20080418,0.60289454,False,mannelijk,volwassen,Noordoostelijk,n/a,headsetmicrofoon,48000
20080918,boergait,20080414,0.7065097,False,mannelijk,volwassen,Noordoostelijk,n/a,headsetmicrofoon,48000
20080918,boergait,20080414,0.66233736,False,mannelijk,volwassen,Noordoostelijk,n/a,headsetmicrofoon,48000
20080918,boergait,20080414,0.68530345,False,mannelijk,volwassen,Noordoostelijk,n/a,headsetmicrofoon,48000
20080918,boergait,20080414,0.6077858,False,mannelijk,volwassen,Noordoostelijk,n/a,headsetmicrofoon,48000
20080918,boergait,20080414,0.75215644,False,mannelijk,volwassen,Noordoostelijk,n/a,headsetmicrofoon,48000
20080918,boergait,20080414,0.7767617,False,mannelijk,volwassen,Noordoostelijk,n/a,headsetmicrofoon,48000
20080918,boergait,20080414,0.7613886,False,mannelijk,volwassen,Noordoostelijk,n/a,headsetmicrofoon,48000
20080918,boergait,20080414,0.5423151,False,mannelijk,volwassen,Noordoostelijk,n/a,headsetmicrofoon,48000
20080918,boergait,20080414,0.78629595,False,mannelijk,volwassen,Noordoostelijk,n/a,headsetmicrofoon,48000
20080918,boergait,20080414,0.7667808,False,mannelijk,volwassen,Noordoostelijk,n/a,headsetmicrofoon,48000
20080918,boergait,20080414,0.6634326,False,mannelijk,volwassen,Noordoostelijk,n/a,headsetmicrofoon,48000
20080918,boergait,20080414,0.6036437,False,mannelijk,volwassen,Noordoostelijk,n/a,headsetmicrofoon,48000
20080918,boergait,20080414,0.72279936,False,mannelijk,volwassen,Noordoostelijk,n/a,headsetmicrofoon,48000
20080918,boergait,20080414,0.68026835,False,mannelijk,volwassen,Noordoostelijk,n/a,headsetmicrofoon,48000
20080918,boergait,20080414,0.6799623,False,mannelijk,volwassen,Noordoostelijk,n/a,headsetmicrofoon,48000
20080918,boergait,20080414,0.6994473,False,mannelijk,volwassen,Noordoostelijk,n/a,headsetmicrofoon,48000
20080918,boergait,20080414,0.657142,False,mannelijk,volwassen,Noordoostelijk,n/a,headsetmicrofoon,48000
20080918,boergait,20080418,0.6268277,False,mannelijk,volwassen,Noordoostelijk,n/a,headsetmicrofoon,48000
20080918,boergait,20080414,0.65209794,False,mannelijk,volwassen,Noordoostelijk,n/a,headsetmicrofoon,48000
20080918,boergait,20080414,0.72259355,False,mannelijk,volwassen,Noordoostelijk,n/a,headsetmicrofoon,48000
20080918,boergait,20080418,0.5828248,False,mannelijk,volwassen,Noordoostelijk,n/a,headsetmicrofoon,48000
20080918,boergait,20080414,0.68367344,False,mannelijk,volwassen,Noordoostelijk,n/a,headsetmicrofoon,48000
20080918,boergait,20080414,0.71151036,False,mannelijk,volwassen,Noordoostelijk,n/a,headsetmicrofoon,48000
20080918,boergait,20080414,0.72724295,False,mannelijk,volwassen,Noordoostelijk,n/a,headsetmicrofoon,48000
20080918,boergait,20080414,0.78072464,False,mannelijk,volwassen,Noordoostelijk,n/a,headsetmicrofoon,48000
20080918,boergait,20080414,0.6021999,False,mannelijk,volwassen,Noordoostelijk,n/a,headsetmicrofoon,48000
20080918,boergait,20080414,0.6315527,False,mannelijk,volwassen,Noordoostelijk,n/a,headsetmicrofoon,48000
20080918,boergait,20080418,0.6480566,False,mannelijk,volwassen,Noordoostelijk,n/a,headsetmicrofoon,48000
20080918,boergait,20080414,0.688501,False,mannelijk,volwassen,Noordoostelijk,n/a,headsetmicrofoon,48000
20080918,boergait,20080418,0.6141106,False,mannelijk,volwassen,Noordoostelijk,n/a,headsetmicrofoon,48000
20080918,boergait,20080414,0.6070166,False,mannelijk,volwassen,Noordoostelijk,n/a,headsetmicrofoon,48000
20080918,boergait,20080414,0.5747627,False,mannelijk,volwassen,Noordoostelijk,n/a,headsetmicrofoon,48000
20080918,boergait,20080418,0.590176,False,mannelijk,volwassen,Noordoostelijk,n/a,headsetmicrofoon,48000
20080918,boergait,20080414,0.72646093,False,mannelijk,volwassen,Noordoostelijk,n/a,headsetmicrofoon,48000
20080918,boergait,20080414,0.64898545,False,mannelijk,volwassen,Noordoostelijk,n/a,headsetmicrofoon,48000
20080919,boergait,20080414,0.6669184,False,mannelijk,volwassen,Noordoostelijk,n/a,headsetmicrofoon,48000
20080919,boergait,20080414,0.62995166,False,mannelijk,volwassen,Noordoostelijk,n/a,headsetmicrofoon,48000
20080919,boergait,20080414,0.6977062,False,mannelijk,volwassen,Noordoostelijk,n/a,headsetmicrofoon,48000
20080919,boergait,20080414,0.6588166,False,mannelijk,volwassen,Noordoostelijk,n/a,headsetmicrofoon,48000
20080919,boergait,20080414,0.66059405,False,mannelijk,volwassen,Noordoostelijk,n/a,headsetmicrofoon,48000
20080919,boergait,20080414,0.61739975,False,mannelijk,volwassen,Noordoostelijk,n/a,headsetmicrofoon,48000
20080919,boergait,20080414,0.6888172,False,mannelijk,volwassen,Noordoostelijk,n/a,headsetmicrofoon,48000
20080919,boergait,20080414,0.74601483,False,mannelijk,volwassen,Noordoostelijk,n/a,headsetmicrofoon,48000
20080919,boergait,20080414,0.5039566,False,mannelijk,volwassen,Noordoostelijk,n/a,headsetmicrofoon,48000
20080919,boergait,20080414,0.75015557,False,mannelijk,volwassen,Noordoostelijk,n/a,headsetmicrofoon,48000
20080919,boergait,20080414,0.6255648,False,mannelijk,volwassen,Noordoostelijk,n/a,headsetmicrofoon,48000
20080919,boergait,20080414,0.71158254,False,mannelijk,volwassen,Noordoostelijk,n/a,headsetmicrofoon,48000
20080919,boergait,20080414,0.71086335,False,mannelijk,volwassen,Noordoostelijk,n/a,headsetmicrofoon,48000
20080919,boergait,20080414,0.732885,False,mannelijk,volwassen,Noordoostelijk,n/a,headsetmicrofoon,48000
20080919,boergait,20080418,0.67571896,False,mannelijk,volwassen,Noordoostelijk,n/a,headsetmicrofoon,48000
20080919,boergait,20080414,0.67042214,False,mannelijk,volwassen,Noordoostelijk,n/a,headsetmicrofoon,48000
20080919,boergait,20080418,0.6251696,False,mannelijk,volwassen,Noordoostelijk,n/a,headsetmicrofoon,48000
20080919,boergait,20080418,0.6173891,False,mannelijk,volwassen,Noordoostelijk,n/a,headsetmicrofoon,48000
20080919,boergait,20080414,0.67400444,False,mannelijk,volwassen,Noordoostelijk,n/a,headsetmicrofoon,48000
20080919,boergait,20080418,0.6449727,False,mannelijk,volwassen,Noordoostelijk,n/a,headsetmicrofoon,48000
20080919,boergait,20080414,0.67114806,False,mannelijk,volwassen,Noordoostelijk,n/a,headsetmicrofoon,48000
20080919,boergait,20080414,0.6223601,False,mannelijk,volwassen,Noordoostelijk,n/a,headsetmicrofoon,48000
20080919,boergait,20080414,0.5370784,False,mannelijk,volwassen,Noordoostelijk,n/a,headsetmicrofoon,48000
20080919,boergait,20080414,0.5170763,False,mannelijk,volwassen,Noordoostelijk,n/a,headsetmicrofoon,48000
20080919,boergait,20080414,0.7106544,False,mannelijk,volwassen,Noordoostelijk,n/a,headsetmicrofoon,48000
20080919,boergait,20080414,0.6970744,False,mannelijk,volwassen,Noordoostelijk,n/a,headsetmicrofoon,48000
20080919,boergait,20080414,0.69126135,False,mannelijk,volwassen,Noordoostelijk,n/a,headsetmicrofoon,48000
20080919,boergait,20080414,0.68445,False,mannelijk,volwassen,Noordoostelijk,n/a,headsetmicrofoon,48000
20080919,boergait,20080414,0.6962201,False,mannelijk,volwassen,Noordoostelijk,n/a,headsetmicrofoon,48000
20080919,boergait,20080414,0.6238773,False,mannelijk,volwassen,Noordoostelijk,n/a,headsetmicrofoon,48000
20080919,boergait,20080418,0.55603975,False,mannelijk,volwassen,Noordoostelijk,n/a,headsetmicrofoon,48000
20080919,boergait,20080414,0.676319,False,mannelijk,volwassen,Noordoostelijk,n/a,headsetmicrofoon,48000
20080919,boergait,20080414,0.6509522,False,mannelijk,volwassen,Noordoostelijk,n/a,headsetmicrofoon,48000
20080919,boergait,20080414,0.6365247,False,mannelijk,volwassen,Noordoostelijk,n/a,headsetmicrofoon,48000
20080919,boergait,20080414,0.55703354,False,mannelijk,volwassen,Noordoostelijk,n/a,headsetmicrofoon,48000
20080919,boergait,20080414,0.71442986,False,mannelijk,volwassen,Noordoostelijk,n/a,headsetmicrofoon,48000
20080919,boergait,20080414,0.5017104,False,mannelijk,volwassen,Noordoostelijk,n/a,headsetmicrofoon,48000
20080919,boergait,20080414,0.66247594,False,mannelijk,volwassen,Noordoostelijk,n/a,headsetmicrofoon,48000
20080919,boergait,20080414,0.66630715,False,mannelijk,volwassen,Noordoostelijk,n/a,headsetmicrofoon,48000
20080919,boergait,20080414,0.6858256,False,mannelijk,volwassen,Noordoostelijk,n/a,headsetmicrofoon,48000
20080919,boergait,20080414,0.7289379,False,mannelijk,volwassen,Noordoostelijk,n/a,headsetmicrofoon,48000
20080919,boergait,20080414,0.6362715,False,mannelijk,volwassen,Noordoostelijk,n/a,headsetmicrofoon,48000
20080919,boergait,20080414,0.6735357,False,mannelijk,volwassen,Noordoostelijk,n/a,headsetmicrofoon,48000
20080919,boergait,20080414,0.50743616,False,mannelijk,volwassen,Noordoostelijk,n/a,headsetmicrofoon,48000
20080919,boergait,20080414,0.6247281,False,mannelijk,volwassen,Noordoostelijk,n/a,headsetmicrofoon,48000
20080919,boergait,20080418,0.63432145,False,mannelijk,volwassen,Noordoostelijk,n/a,headsetmicrofoon,48000
20080919,boergait,20080414,0.6787323,False,mannelijk,volwassen,Noordoostelijk,n/a,headsetmicrofoon,48000
20080919,boergait,20080414,0.6022979,False,mannelijk,volwassen,Noordoostelijk,n/a,headsetmicrofoon,48000
20080919,boergait,20080414,0.6725713,False,mannelijk,volwassen,Noordoostelijk,n/a,headsetmicrofoon,48000
20080919,boergait,20080414,0.70832014,False,mannelijk,volwassen,Noordoostelijk,n/a,headsetmicrofoon,48000
20080919,boergait,20080414,0.676301,False,mannelijk,volwassen,Noordoostelijk,n/a,headsetmicrofoon,48000
20080919,boergait,20080414,0.5916665,False,mannelijk,volwassen,Noordoostelijk,n/a,headsetmicrofoon,48000
20080919,boergait,20080414,0.69141304,False,mannelijk,volwassen,Noordoostelijk,n/a,headsetmicrofoon,48000
20080919,boergait,20080414,0.6122998,False,mannelijk,volwassen,Noordoostelijk,n/a,headsetmicrofoon,48000
20080919,boergait,20080414,0.6595739,False,mannelijk,volwassen,Noordoostelijk,n/a,headsetmicrofoon,48000
20080919,boergait,20080414,0.6299555,False,mannelijk,volwassen,Noordoostelijk,n/a,headsetmicrofoon,48000
20080919,boergait,20080414,0.643776,False,mannelijk,volwassen,Noordoostelijk,n/a,headsetmicrofoon,48000
20080919,boergait,20080414,0.70905197,False,mannelijk,volwassen,Noordoostelijk,n/a,headsetmicrofoon,48000
20080919,boergait,20080414,0.7502131,False,mannelijk,volwassen,Noordoostelijk,n/a,headsetmicrofoon,48000
20080919,boergait,20080414,0.65069026,False,mannelijk,volwassen,Noordoostelijk,n/a,headsetmicrofoon,48000
20080919,boergait,20080414,0.61655426,False,mannelijk,volwassen,Noordoostelijk,n/a,headsetmicrofoon,48000
20080919,boergait,20080418,0.58803844,False,mannelijk,volwassen,Noordoostelijk,n/a,headsetmicrofoon,48000
20080919,boergait,20080414,0.50681305,False,mannelijk,volwassen,Noordoostelijk,n/a,headsetmicrofoon,48000
20080919,boergait,20080414,0.4942563,False,mannelijk,volwassen,Noordoostelijk,n/a,headsetmicrofoon,48000
20080919,boergait,20080414,0.62936205,False,mannelijk,volwassen,Noordoostelijk,n/a,headsetmicrofoon,48000
20080919,boergait,20080418,0.5154873,False,mannelijk,volwassen,Noordoostelijk,n/a,headsetmicrofoon,48000
20080919,boergait,20080414,0.63106793,False,mannelijk,volwassen,Noordoostelijk,n/a,headsetmicrofoon,48000
20080919,boergait,20080414,0.523008,False,mannelijk,volwassen,Noordoostelijk,n/a,headsetmicrofoon,48000
20080919,boergait,20080414,0.6244321,False,mannelijk,volwassen,Noordoostelijk,n/a,headsetmicrofoon,48000
20080919,boergait,20080414,0.70460093,False,mannelijk,volwassen,Noordoostelijk,n/a,headsetmicrofoon,48000
20080919,boergait,20080414,0.67401254,False,mannelijk,volwassen,Noordoostelijk,n/a,headsetmicrofoon,48000
20080919,boergait,20080414,0.6674324,False,mannelijk,volwassen,Noordoostelijk,n/a,headsetmicrofoon,48000
20080919,boergait,20080414,0.69650686,False,mannelijk,volwassen,Noordoostelijk,n/a,headsetmicrofoon,48000
20080919,boergait,20080414,0.7148108,False,mannelijk,volwassen,Noordoostelijk,n/a,headsetmicrofoon,48000
20080919,boergait,20080414,0.6798278,False,mannelijk,volwassen,Noordoostelijk,n/a,headsetmicrofoon,48000
20080919,boergait,20080414,0.6128608,False,mannelijk,volwassen,Noordoostelijk,n/a,headsetmicrofoon,48000
20080919,boergait,20080414,0.679157,False,mannelijk,volwassen,Noordoostelijk,n/a,headsetmicrofoon,48000
20080919,boergait,20080414,0.6652542,False,mannelijk,volwassen,Noordoostelijk,n/a,headsetmicrofoon,48000
20080919,boergait,20080414,0.58185893,False,mannelijk,volwassen,Noordoostelijk,n/a,headsetmicrofoon,48000
20111021,bravoman,20111021,0.57986057,True,mannelijk,volwassen,algemeen Nederlands,n/a,microfoon in laptop,48000
20111021,bravoman,20111021,0.5365892,True,mannelijk,volwassen,algemeen Nederlands,n/a,microfoon in laptop,48000
20111021,bravoman,20111021,0.53410256,True,mannelijk,volwassen,algemeen Nederlands,n/a,microfoon in laptop,48000
20111021,bravoman,20111021,0.5524341,True,mannelijk,volwassen,algemeen Nederlands,n/a,microfoon in laptop,48000
20111021,bravoman,20080711,0.27130997,False,mannelijk,volwassen,algemeen Nederlands,n/a,microfoon in laptop,48000
20111021,bravoman,20111021,0.5091294,True,mannelijk,volwassen,algemeen Nederlands,n/a,microfoon in laptop,48000
20111021,bravoman,20111021,0.5952407,True,mannelijk,volwassen,algemeen Nederlands,n/a,microfoon in laptop,48000
20111021,bravoman,20111021,0.5569471,True,mannelijk,volwassen,algemeen Nederlands,n/a,microfoon in laptop,48000
20111021,bravoman,20111021,0.58770806,True,mannelijk,volwassen,algemeen Nederlands,n/a,microfoon in laptop,48000
20111021,bravoman,20111021,0.6129749,True,mannelijk,volwassen,algemeen Nederlands,n/a,microfoon in laptop,48000
20111021,bravoman,20111021,0.5879265,True,mannelijk,volwassen,algemeen Nederlands,n/a,microfoon in laptop,48000
20111021,bravoman,20111021,0.5206804,True,mannelijk,volwassen,algemeen Nederlands,n/a,microfoon in laptop,48000
20111021,bravoman,20080205,0.45444453,False,mannelijk,volwassen,algemeen Nederlands,n/a,microfoon in laptop,48000
20111021,bravoman,20111021,0.51853114,True,mannelijk,volwassen,algemeen Nederlands,n/a,microfoon in laptop,48000
20111021,bravoman,20111021,0.5854727,True,mannelijk,volwassen,algemeen Nederlands,n/a,microfoon in laptop,48000
20111021,bravoman,20111021,0.6649351,True,mannelijk,volwassen,algemeen Nederlands,n/a,microfoon in laptop,48000
20111021,bravoman,20111021,0.6313169,True,mannelijk,volwassen,algemeen Nederlands,n/a,microfoon in laptop,48000
20111021,bravoman,20111021,0.61846113,True,mannelijk,volwassen,algemeen Nederlands,n/a,microfoon in laptop,48000
20111021,bravoman,20111021,0.57436085,True,mannelijk,volwassen,algemeen Nederlands,n/a,microfoon in laptop,48000
20111021,bravoman,20111021,0.465361,True,mannelijk,volwassen,algemeen Nederlands,n/a,microfoon in laptop,48000
20111021,bravoman,20111021,0.6254374,True,mannelijk,volwassen,algemeen Nederlands,n/a,microfoon in laptop,48000
20111021,bravoman,20111021,0.556978,True,mannelijk,volwassen,algemeen Nederlands,n/a,microfoon in laptop,48000
20111021,bravoman,20111021,0.68310004,True,mannelijk,volwassen,algemeen Nederlands,n/a,microfoon in laptop,48000
20111021,bravoman,20111021,0.57948714,True,mannelijk,volwassen,algemeen Nederlands,n/a,microfoon in laptop,48000
20111021,bravoman,20111021,0.6023443,True,mannelijk,volwassen,algemeen Nederlands,n/a,microfoon in laptop,48000
20111021,bravoman,20111021,0.62618864,True,mannelijk,volwassen,algemeen Nederlands,n/a,microfoon in laptop,48000
20111021,bravoman,20111021,0.5460043,True,mannelijk,volwassen,algemeen Nederlands,n/a,microfoon in laptop,48000
20111021,bravoman,20140212,0.46968448,False,mannelijk,volwassen,algemeen Nederlands,n/a,microfoon in laptop,48000
20111119,bverhoeff,20111119,0.69153315,True,mannelijk,volwassen,algemeen Nederlands,n/a,microfoon in laptop,48000
20111021,bravoman,20111021,0.5965308,True,mannelijk,volwassen,algemeen Nederlands,n/a,microfoon in laptop,48000
20111119,bverhoeff,20111119,0.632086,True,mannelijk,volwassen,algemeen Nederlands,n/a,microfoon in laptop,48000
20111119,bverhoeff,20111119,0.6005872,True,mannelijk,volwassen,algemeen Nederlands,n/a,microfoon in laptop,48000
20111119,bverhoeff,20111119,0.62420267,True,mannelijk,volwassen,algemeen Nederlands,n/a,microfoon in laptop,48000
20111119,bverhoeff,20111119,0.6611177,True,mannelijk,volwassen,algemeen Nederlands,n/a,microfoon in laptop,48000
20111119,bverhoeff,20111119,0.58084846,True,mannelijk,volwassen,algemeen Nederlands,n/a,microfoon in laptop,48000
20111119,bverhoeff,20111119,0.6660849,True,mannelijk,volwassen,algemeen Nederlands,n/a,microfoon in laptop,48000
20111119,bverhoeff,20111119,0.72060275,True,mannelijk,volwassen,algemeen Nederlands,n/a,microfoon in laptop,48000
20111119,bverhoeff,20111119,0.67972946,True,mannelijk,volwassen,algemeen Nederlands,n/a,microfoon in laptop,48000
20111119,bverhoeff,20111119,0.73748076,True,mannelijk,volwassen,algemeen Nederlands,n/a,microfoon in laptop,48000
20111119,bverhoeff,20111119,0.54332805,True,mannelijk,volwassen,algemeen Nederlands,n/a,microfoon in laptop,48000
20111119,bverhoeff,20111119,0.5883976,True,mannelijk,volwassen,algemeen Nederlands,n/a,microfoon in laptop,48000
20111119,bverhoeff,20111119,0.71742797,True,mannelijk,volwassen,algemeen Nederlands,n/a,microfoon in laptop,48000
20111119,bverhoeff,20111119,0.58043015,True,mannelijk,volwassen,algemeen Nederlands,n/a,microfoon in laptop,48000
20111119,bverhoeff,20111119,0.5021782,True,mannelijk,volwassen,algemeen Nederlands,n/a,microfoon in laptop,48000
20111119,bverhoeff,20111119,0.64174396,True,mannelijk,volwassen,algemeen Nederlands,n/a,microfoon in laptop,48000
20111119,bverhoeff,20111119,0.60845286,True,mannelijk,volwassen,algemeen Nederlands,n/a,microfoon in laptop,48000
20111119,bverhoeff,20111119,0.75212026,True,mannelijk,volwassen,algemeen Nederlands,n/a,microfoon in laptop,48000
20111119,bverhoeff,20111119,0.6543113,True,mannelijk,volwassen,algemeen Nederlands,n/a,microfoon in laptop,48000
20111119,bverhoeff,20111119,0.6901247,True,mannelijk,volwassen,algemeen Nederlands,n/a,microfoon in laptop,48000
20111119,bverhoeff,20111119,0.69114274,True,mannelijk,volwassen,algemeen Nederlands,n/a,microfoon in laptop,48000
20111119,bverhoeff,20111119,0.518291,True,mannelijk,volwassen,algemeen Nederlands,n/a,microfoon in laptop,48000
20111119,bverhoeff,20111119,0.6224829,True,mannelijk,volwassen,algemeen Nederlands,n/a,microfoon in laptop,48000
20111119,bverhoeff,20111119,0.60423964,True,mannelijk,volwassen,algemeen Nederlands,n/a,microfoon in laptop,48000
20111119,bverhoeff,20111119,0.6684228,True,mannelijk,volwassen,algemeen Nederlands,n/a,microfoon in laptop,48000
20111119,bverhoeff,20111119,0.66130483,True,mannelijk,volwassen,algemeen Nederlands,n/a,microfoon in laptop,48000
20111119,bverhoeff,20111119,0.53985894,True,mannelijk,volwassen,algemeen Nederlands,n/a,microfoon in laptop,48000
20111119,bverhoeff,20111119,0.5230593,True,mannelijk,volwassen,algemeen Nederlands,n/a,microfoon in laptop,48000
20111119,bverhoeff,20111119,0.53993446,True,mannelijk,volwassen,algemeen Nederlands,n/a,microfoon in laptop,48000
20111119,bverhoeff,20111119,0.45320123,True,mannelijk,volwassen,algemeen Nederlands,n/a,microfoon in laptop,48000
20111119,bverhoeff,20111119,0.5463501,True,mannelijk,volwassen,algemeen Nederlands,n/a,microfoon in laptop,48000
20111119,bverhoeff,20111119,0.61885154,True,mannelijk,volwassen,algemeen Nederlands,n/a,microfoon in laptop,48000
20111119,bverhoeff,20111119,0.6596911,True,mannelijk,volwassen,algemeen Nederlands,n/a,microfoon in laptop,48000
20111119,bverhoeff,20111119,0.57056785,True,mannelijk,volwassen,algemeen Nederlands,n/a,microfoon in laptop,48000
20111119,bverhoeff,20111119,0.7017732,True,mannelijk,volwassen,algemeen Nederlands,n/a,microfoon in laptop,48000
20111119,bverhoeff,20111119,0.72245836,True,mannelijk,volwassen,algemeen Nederlands,n/a,microfoon in laptop,48000
20111119,bverhoeff,20091123,0.4638726,False,mannelijk,volwassen,algemeen Nederlands,n/a,microfoon in laptop,48000
20111119,bverhoeff,20111119,0.5119903,True,mannelijk,volwassen,algemeen Nederlands,n/a,microfoon in laptop,48000
20111119,bverhoeff,20111119,0.5148386,True,mannelijk,volwassen,algemeen Nederlands,n/a,microfoon in laptop,48000
20111119,bverhoeff,20111119,0.5878365,True,mannelijk,volwassen,algemeen Nederlands,n/a,microfoon in laptop,48000
20111119,bverhoeff,20111119,0.6761652,True,mannelijk,volwassen,algemeen Nederlands,n/a,microfoon in laptop,48000
20111119,bverhoeff,20111119,0.6002817,True,mannelijk,volwassen,algemeen Nederlands,n/a,microfoon in laptop,48000
20111119,bverhoeff,20111119,0.7218307,True,mannelijk,volwassen,algemeen Nederlands,n/a,microfoon in laptop,48000
20111119,bverhoeff,20111119,0.58840704,True,mannelijk,volwassen,algemeen Nederlands,n/a,microfoon in laptop,48000
20111119,bverhoeff,20111119,0.6485564,True,mannelijk,volwassen,algemeen Nederlands,n/a,microfoon in laptop,48000
20111119,bverhoeff,20111119,0.49488637,True,mannelijk,volwassen,algemeen Nederlands,n/a,microfoon in laptop,48000
20111119,bverhoeff,20111119,0.7295244,True,mannelijk,volwassen,algemeen Nederlands,n/a,microfoon in laptop,48000
20111119,bverhoeff,20111119,0.544042,True,mannelijk,volwassen,algemeen Nederlands,n/a,microfoon in laptop,48000
20111119,bverhoeff,20111119,0.6043476,True,mannelijk,volwassen,algemeen Nederlands,n/a,microfoon in laptop,48000
20111119,bverhoeff,20091123,0.51052064,False,mannelijk,volwassen,algemeen Nederlands,n/a,microfoon in laptop,48000
20111119,bverhoeff,20111119,0.6583688,True,mannelijk,volwassen,algemeen Nederlands,n/a,microfoon in laptop,48000
20111119,bverhoeff,20111119,0.7177204,True,mannelijk,volwassen,algemeen Nederlands,n/a,microfoon in laptop,48000
20111119,bverhoeff,20111119,0.71793246,True,mannelijk,volwassen,algemeen Nederlands,n/a,microfoon in laptop,48000
20111119,bverhoeff,20111119,0.7813119,True,mannelijk,volwassen,algemeen Nederlands,n/a,microfoon in laptop,48000
20111119,bverhoeff,20111119,0.6336075,True,mannelijk,volwassen,algemeen Nederlands,n/a,microfoon in laptop,48000
20111119,bverhoeff,20111119,0.68403804,True,mannelijk,volwassen,algemeen Nederlands,n/a,microfoon in laptop,48000
20080302,dano,20090617,0.59843546,False,mannelijk,jeugd,algemeen Nederlands,n/a,bureaumicrofoon,48000
20111119,bverhoeff,20111119,0.7426952,True,mannelijk,volwassen,algemeen Nederlands,n/a,microfoon in laptop,48000
20111119,bverhoeff,20111119,0.74301225,True,mannelijk,volwassen,algemeen Nederlands,n/a,microfoon in laptop,48000
20111119,bverhoeff,20111119,0.7336683,True,mannelijk,volwassen,algemeen Nederlands,n/a,microfoon in laptop,48000
20080302,dano,20080301,0.64580274,False,mannelijk,jeugd,algemeen Nederlands,n/a,bureaumicrofoon,48000
20080302,dano,20080301,0.7125268,False,mannelijk,jeugd,algemeen Nederlands,n/a,bureaumicrofoon,48000
20080302,dano,20080301,0.63434553,False,mannelijk,jeugd,algemeen Nederlands,n/a,bureaumicrofoon,48000
20080302,dano,20080301,0.5728475,False,mannelijk,jeugd,algemeen Nederlands,n/a,bureaumicrofoon,48000
20080302,dano,20080301,0.64726245,False,mannelijk,jeugd,algemeen Nederlands,n/a,bureaumicrofoon,48000
20080302,dano,20080301,0.6775601,False,mannelijk,jeugd,algemeen Nederlands,n/a,bureaumicrofoon,48000
20080302,dano,20080301,0.6775532,False,mannelijk,jeugd,algemeen Nederlands,n/a,bureaumicrofoon,48000
20080302,dano,20080301,0.66153914,False,mannelijk,jeugd,algemeen Nederlands,n/a,bureaumicrofoon,48000
20080302,dano,20080301,0.8039181,False,mannelijk,jeugd,algemeen Nederlands,n/a,bureaumicrofoon,48000
20080302,dano,20080301,0.82664853,False,mannelijk,jeugd,algemeen Nederlands,n/a,bureaumicrofoon,48000
20080302,dano,20080301,0.6568351,False,mannelijk,jeugd,algemeen Nederlands,n/a,bureaumicrofoon,48000
20080302,dano,20080301,0.62847996,False,mannelijk,jeugd,algemeen Nederlands,n/a,bureaumicrofoon,48000
20080302,dano,20080301,0.6651021,False,mannelijk,jeugd,algemeen Nederlands,n/a,bureaumicrofoon,48000
20080302,dano,20080301,0.73267955,False,mannelijk,jeugd,algemeen Nederlands,n/a,bureaumicrofoon,48000
20080302,dano,20080301,0.65465486,False,mannelijk,jeugd,algemeen Nederlands,n/a,bureaumicrofoon,48000
20080302,dano,20080301,0.6859664,False,mannelijk,jeugd,algemeen Nederlands,n/a,bureaumicrofoon,48000
20080302,dano,20080301,0.6884465,False,mannelijk,jeugd,algemeen Nederlands,n/a,bureaumicrofoon,48000
20080302,dano,20080301,0.5280088,False,mannelijk,jeugd,algemeen Nederlands,n/a,bureaumicrofoon,48000
20080302,dano,20080301,0.61063045,False,mannelijk,jeugd,algemeen Nederlands,n/a,bureaumicrofoon,48000
20080302,dano,20080301,0.8271768,False,mannelijk,jeugd,algemeen Nederlands,n/a,bureaumicrofoon,48000
20080302,dano,20080301,0.58046067,False,mannelijk,jeugd,algemeen Nederlands,n/a,bureaumicrofoon,48000
20080302,dano,20080301,0.6338493,False,mannelijk,jeugd,algemeen Nederlands,n/a,bureaumicrofoon,48000
20080302,dano,20080301,0.5239481,False,mannelijk,jeugd,algemeen Nederlands,n/a,bureaumicrofoon,48000
20080302,dano,20080301,0.64112425,False,mannelijk,jeugd,algemeen Nederlands,n/a,bureaumicrofoon,48000
20080302,dano,20080301,0.5356179,False,mannelijk,jeugd,algemeen Nederlands,n/a,bureaumicrofoon,48000
20080302,dano,20080301,0.66425204,False,mannelijk,jeugd,algemeen Nederlands,n/a,bureaumicrofoon,48000
20080302,dano,20080301,0.66836005,False,mannelijk,jeugd,algemeen Nederlands,n/a,bureaumicrofoon,48000
20080302,dano,20080301,0.6249039,False,mannelijk,jeugd,algemeen Nederlands,n/a,bureaumicrofoon,48000
20080302,dano,20080301,0.7113668,False,mannelijk,jeugd,algemeen Nederlands,n/a,bureaumicrofoon,48000
20080302,dano,20080301,0.711545,False,mannelijk,jeugd,algemeen Nederlands,n/a,bureaumicrofoon,48000
20080302,dano,20080301,0.6911932,False,mannelijk,jeugd,algemeen Nederlands,n/a,bureaumicrofoon,48000
20080302,dano,20080301,0.6771908,False,mannelijk,jeugd,algemeen Nederlands,n/a,bureaumicrofoon,48000
20080302,dano,20080301,0.6572372,False,mannelijk,jeugd,algemeen Nederlands,n/a,bureaumicrofoon,48000
20080302,dano,20080301,0.6527628,False,mannelijk,jeugd,algemeen Nederlands,n/a,bureaumicrofoon,48000
20080302,dano,20080301,0.6110037,False,mannelijk,jeugd,algemeen Nederlands,n/a,bureaumicrofoon,48000
20080302,dano,20080301,0.70955837,False,mannelijk,jeugd,algemeen Nederlands,n/a,bureaumicrofoon,48000
20080302,dano,20080301,0.5599342,False,mannelijk,jeugd,algemeen Nederlands,n/a,bureaumicrofoon,48000
20080302,dano,20080301,0.5673425,False,mannelijk,jeugd,algemeen Nederlands,n/a,bureaumicrofoon,48000
20080302,dano,20080301,0.6684978,False,mannelijk,jeugd,algemeen Nederlands,n/a,bureaumicrofoon,48000
20080302,dano,20080301,0.67111677,False,mannelijk,jeugd,algemeen Nederlands,n/a,bureaumicrofoon,48000
20080302,dano,20080301,0.6885585,False,mannelijk,jeugd,algemeen Nederlands,n/a,bureaumicrofoon,48000
20080302,dano,20080301,0.63259584,False,mannelijk,jeugd,algemeen Nederlands,n/a,bureaumicrofoon,48000
20080302,dano,20080301,0.587643,False,mannelijk,jeugd,algemeen Nederlands,n/a,bureaumicrofoon,48000
20080302,dano,20080301,0.6449334,False,mannelijk,jeugd,algemeen Nederlands,n/a,bureaumicrofoon,48000
20080302,dano,20080301,0.722265,False,mannelijk,jeugd,algemeen Nederlands,n/a,bureaumicrofoon,48000
20080302,dano,20080301,0.5798845,False,mannelijk,jeugd,algemeen Nederlands,n/a,bureaumicrofoon,48000
20080302,dano,20080301,0.6341402,False,mannelijk,jeugd,algemeen Nederlands,n/a,bureaumicrofoon,48000
20080302,dano,20080301,0.73136485,False,mannelijk,jeugd,algemeen Nederlands,n/a,bureaumicrofoon,48000
20080302,dano,20080301,0.5279277,False,mannelijk,jeugd,algemeen Nederlands,n/a,bureaumicrofoon,48000
20080302,dano,20080301,0.5924443,False,mannelijk,jeugd,algemeen Nederlands,n/a,bureaumicrofoon,48000
20080302,dano,20080301,0.52064383,False,mannelijk,jeugd,algemeen Nederlands,n/a,bureaumicrofoon,48000
20080302,dano,20080301,0.69454753,False,mannelijk,jeugd,algemeen Nederlands,n/a,bureaumicrofoon,48000
20080302,dano,20080301,0.6648909,False,mannelijk,jeugd,algemeen Nederlands,n/a,bureaumicrofoon,48000
20080302,dano,20080301,0.68760294,False,mannelijk,jeugd,algemeen Nederlands,n/a,bureaumicrofoon,48000
20080302,dano,20080301,0.5812206,False,mannelijk,jeugd,algemeen Nederlands,n/a,bureaumicrofoon,48000
20080302,dano,20081018,0.5004803,False,mannelijk,jeugd,algemeen Nederlands,n/a,bureaumicrofoon,48000
20080302,dano,20080301,0.59623396,False,mannelijk,jeugd,algemeen Nederlands,n/a,bureaumicrofoon,48000
20080302,dano,20080301,0.7049314,False,mannelijk,jeugd,algemeen Nederlands,n/a,bureaumicrofoon,48000
20080302,dano,20080301,0.6610862,False,mannelijk,jeugd,algemeen Nederlands,n/a,bureaumicrofoon,48000
20080302,dano,20080301,0.62582165,False,mannelijk,jeugd,algemeen Nederlands,n/a,bureaumicrofoon,48000
20080302,dano,20080301,0.63616884,False,mannelijk,jeugd,algemeen Nederlands,n/a,bureaumicrofoon,48000
20080302,dano,20080301,0.62760127,False,mannelijk,jeugd,algemeen Nederlands,n/a,bureaumicrofoon,48000
20080302,dano,20080301,0.70335215,False,mannelijk,jeugd,algemeen Nederlands,n/a,bureaumicrofoon,48000
20080302,dano,20080301,0.6717124,False,mannelijk,jeugd,algemeen Nederlands,n/a,bureaumicrofoon,48000
20080302,dano,20080301,0.6869664,False,mannelijk,jeugd,algemeen Nederlands,n/a,bureaumicrofoon,48000
20080302,dano,20080301,0.54135704,False,mannelijk,jeugd,algemeen Nederlands,n/a,bureaumicrofoon,48000
20080302,dano,20080301,0.6174472,False,mannelijk,jeugd,algemeen Nederlands,n/a,bureaumicrofoon,48000
20080302,dano,20080301,0.6347047,False,mannelijk,jeugd,algemeen Nederlands,n/a,bureaumicrofoon,48000
20080302,dano,20080301,0.6318095,False,mannelijk,jeugd,algemeen Nederlands,n/a,bureaumicrofoon,48000
20080302,dano,20080301,0.57436746,False,mannelijk,jeugd,algemeen Nederlands,n/a,bureaumicrofoon,48000
20080302,dano,20080301,0.46863815,False,mannelijk,jeugd,algemeen Nederlands,n/a,bureaumicrofoon,48000
20080302,dano,20080301,0.6654327,False,mannelijk,jeugd,algemeen Nederlands,n/a,bureaumicrofoon,48000
20080302,dano,20080301,0.7100096,False,mannelijk,jeugd,algemeen Nederlands,n/a,bureaumicrofoon,48000
20080302,dano,20080301,0.6946168,False,mannelijk,jeugd,algemeen Nederlands,n/a,bureaumicrofoon,48000
20080302,dano,20080301,0.7254944,False,mannelijk,jeugd,algemeen Nederlands,n/a,bureaumicrofoon,48000
20080302,dano,20080301,0.574383,False,mannelijk,jeugd,algemeen Nederlands,n/a,bureaumicrofoon,48000
20080302,dano,20080301,0.74021,False,mannelijk,jeugd,algemeen Nederlands,n/a,bureaumicrofoon,48000
20080302,dano,20080301,0.5600665,False,mannelijk,jeugd,algemeen Nederlands,n/a,bureaumicrofoon,48000
20080302,dano,20080301,0.5723695,False,mannelijk,jeugd,algemeen Nederlands,n/a,bureaumicrofoon,48000
20080302,dano,20080301,0.5665766,False,mannelijk,jeugd,algemeen Nederlands,n/a,bureaumicrofoon,48000
20080302,dano,20080301,0.50482607,False,mannelijk,jeugd,algemeen Nederlands,n/a,bureaumicrofoon,48000
20080302,dano,20080301,0.583902,False,mannelijk,jeugd,algemeen Nederlands,n/a,bureaumicrofoon,48000
20080302,dano,20080301,0.6086742,False,mannelijk,jeugd,algemeen Nederlands,n/a,bureaumicrofoon,48000
20080302,dano,20080301,0.53398687,False,mannelijk,jeugd,algemeen Nederlands,n/a,bureaumicrofoon,48000
20080302,dano,20080301,0.655581,False,mannelijk,jeugd,algemeen Nederlands,n/a,bureaumicrofoon,48000
20080302,dano,20080301,0.63181627,False,mannelijk,jeugd,algemeen Nederlands,n/a,bureaumicrofoon,48000
20080302,dano,20080301,0.6771591,False,mannelijk,jeugd,algemeen Nederlands,n/a,bureaumicrofoon,48000
20080302,dano,20080301,0.66978824,False,mannelijk,jeugd,algemeen Nederlands,n/a,bureaumicrofoon,48000
20080302,dano,20080301,0.5932914,False,mannelijk,jeugd,algemeen Nederlands,n/a,bureaumicrofoon,48000
20080302,dano,20080301,0.56413484,False,mannelijk,jeugd,algemeen Nederlands,n/a,bureaumicrofoon,48000
20080302,dano,20080301,0.65003955,False,mannelijk,jeugd,algemeen Nederlands,n/a,bureaumicrofoon,48000
20080302,dano,20080301,0.6269183,False,mannelijk,jeugd,algemeen Nederlands,n/a,bureaumicrofoon,48000
20080302,dano,20080301,0.66318494,False,mannelijk,jeugd,algemeen Nederlands,n/a,bureaumicrofoon,48000
20080302,dano,20080301,0.6895453,False,mannelijk,jeugd,algemeen Nederlands,n/a,bureaumicrofoon,48000
20080302,dano,20080301,0.68930525,False,mannelijk,jeugd,algemeen Nederlands,n/a,bureaumicrofoon,48000
20080302,dano,20080301,0.60053694,False,mannelijk,jeugd,algemeen Nederlands,n/a,bureaumicrofoon,48000
20080302,dano,20080301,0.65331227,False,mannelijk,jeugd,algemeen Nederlands,n/a,bureaumicrofoon,48000
20080302,dano,20080301,0.69537485,False,mannelijk,jeugd,algemeen Nederlands,n/a,bureaumicrofoon,48000
20080302,dano,20080301,0.6544979,False,mannelijk,jeugd,algemeen Nederlands,n/a,bureaumicrofoon,48000
20080302,dano,20080301,0.6725278,False,mannelijk,jeugd,algemeen Nederlands,n/a,bureaumicrofoon,48000
20080302,dano,20080301,0.5476314,False,mannelijk,jeugd,algemeen Nederlands,n/a,bureaumicrofoon,48000
20080302,dano,20080301,0.46115798,False,mannelijk,jeugd,algemeen Nederlands,n/a,bureaumicrofoon,48000
20080302,dano,20080301,0.71617615,False,mannelijk,jeugd,algemeen Nederlands,n/a,bureaumicrofoon,48000
20080302,dano,20080301,0.6416962,False,mannelijk,jeugd,algemeen Nederlands,n/a,bureaumicrofoon,48000
20080302,dano,20080301,0.5427497,False,mannelijk,jeugd,algemeen Nederlands,n/a,bureaumicrofoon,48000
20080302,dano,20080205,0.29526126,False,mannelijk,jeugd,algemeen Nederlands,n/a,bureaumicrofoon,48000
20080302,dano,20080301,0.62523544,False,mannelijk,jeugd,algemeen Nederlands,n/a,bureaumicrofoon,48000
20080302,dano,20080301,0.6533122,False,mannelijk,jeugd,algemeen Nederlands,n/a,bureaumicrofoon,48000
20080302,dano,20080301,0.65462434,False,mannelijk,jeugd,algemeen Nederlands,n/a,bureaumicrofoon,48000
20080302,dano,20080301,0.6725278,False,mannelijk,jeugd,algemeen Nederlands,n/a,bureaumicrofoon,48000
20080302,dano,20080301,0.71617615,False,mannelijk,jeugd,algemeen Nederlands,n/a,bureaumicrofoon,48000
20080302,dano,20080301,0.54763126,False,mannelijk,jeugd,algemeen Nederlands,n/a,bureaumicrofoon,48000
20080302,dano,20080301,0.46115798,False,mannelijk,jeugd,algemeen Nederlands,n/a,bureaumicrofoon,48000
20080302,dano,20080301,0.6416962,False,mannelijk,jeugd,algemeen Nederlands,n/a,bureaumicrofoon,48000
20080302,dano,20080301,0.5427497,False,mannelijk,jeugd,algemeen Nederlands,n/a,bureaumicrofoon,48000
20080302,dano,20080205,0.29526126,False,mannelijk,jeugd,algemeen Nederlands,n/a,bureaumicrofoon,48000
20080302,dano,20080301,0.62523544,False,mannelijk,jeugd,algemeen Nederlands,n/a,bureaumicrofoon,48000
20080302,dano,20081018,0.6594939,False,mannelijk,jeugd,algemeen Nederlands,n/a,bureaumicrofoon,48000
20080302,dano,20080301,0.6146525,False,mannelijk,jeugd,algemeen Nederlands,n/a,bureaumicrofoon,48000
20080302,dano,20080301,0.71212023,False,mannelijk,jeugd,algemeen Nederlands,n/a,bureaumicrofoon,48000
20080302,dano,20080301,0.6319427,False,mannelijk,jeugd,algemeen Nederlands,n/a,bureaumicrofoon,48000
20080302,dano,20080301,0.58531153,False,mannelijk,jeugd,algemeen Nederlands,n/a,bureaumicrofoon,48000
20080302,dano,20080301,0.48455465,False,mannelijk,jeugd,algemeen Nederlands,n/a,bureaumicrofoon,48000
20080302,dano,20080301,0.67922616,False,mannelijk,jeugd,algemeen Nederlands,n/a,bureaumicrofoon,48000
20080302,dano,20080301,0.60912895,False,mannelijk,jeugd,algemeen Nederlands,n/a,bureaumicrofoon,48000
20080302,dano,20080301,0.53262055,False,mannelijk,jeugd,algemeen Nederlands,n/a,bureaumicrofoon,48000
20080302,dano,20080301,0.6247318,False,mannelijk,jeugd,algemeen Nederlands,n/a,bureaumicrofoon,48000
20080302,dano,20080301,0.62145996,False,mannelijk,jeugd,algemeen Nederlands,n/a,bureaumicrofoon,48000
20080302,dano,20080301,0.6274688,False,mannelijk,jeugd,algemeen Nederlands,n/a,bureaumicrofoon,48000
20080302,dano,20080301,0.5078226,False,mannelijk,jeugd,algemeen Nederlands,n/a,bureaumicrofoon,48000
20080302,dano,20080301,0.6194662,False,mannelijk,jeugd,algemeen Nederlands,n/a,bureaumicrofoon,48000
20080302,dano,20080301,0.72979593,False,mannelijk,jeugd,algemeen Nederlands,n/a,bureaumicrofoon,48000
20080302,dano,20080301,0.6742947,False,mannelijk,jeugd,algemeen Nederlands,n/a,bureaumicrofoon,48000
20080302,dano,20081018,0.53986,False,mannelijk,jeugd,algemeen Nederlands,n/a,bureaumicrofoon,48000
20080302,dano,20080301,0.39783674,False,mannelijk,jeugd,algemeen Nederlands,n/a,bureaumicrofoon,48000
20080302,dano,20080301,0.760286,False,mannelijk,jeugd,algemeen Nederlands,n/a,bureaumicrofoon,48000
20080302,dano,20081018,0.6121058,False,mannelijk,jeugd,algemeen Nederlands,n/a,bureaumicrofoon,48000
20080302,dano,20080301,0.63018435,False,mannelijk,jeugd,algemeen Nederlands,n/a,bureaumicrofoon,48000
20080302,dano,20080301,0.68680125,False,mannelijk,jeugd,algemeen Nederlands,n/a,bureaumicrofoon,48000
20080302,dano,20080301,0.6389897,False,mannelijk,jeugd,algemeen Nederlands,n/a,bureaumicrofoon,48000
20080302,dano,20080301,0.5773995,False,mannelijk,jeugd,algemeen Nederlands,n/a,bureaumicrofoon,48000
20080302,dano,20080301,0.58010364,False,mannelijk,jeugd,algemeen Nederlands,n/a,bureaumicrofoon,48000
20080302,dano,20080301,0.4992125,False,mannelijk,jeugd,algemeen Nederlands,n/a,bureaumicrofoon,48000
20080302,dano,20111018,0.36407378,False,mannelijk,jeugd,algemeen Nederlands,n/a,bureaumicrofoon,48000
20080302,dano,20080301,0.6287097,False,mannelijk,jeugd,algemeen Nederlands,n/a,bureaumicrofoon,48000
20080302,dano,20080301,0.63638836,False,mannelijk,jeugd,algemeen Nederlands,n/a,bureaumicrofoon,48000
20080302,dano,20080301,0.562011,False,mannelijk,jeugd,algemeen Nederlands,n/a,bureaumicrofoon,48000
20080302,dano,20080301,0.7264193,False,mannelijk,jeugd,algemeen Nederlands,n/a,bureaumicrofoon,48000
20080302,dano,20080301,0.50631756,False,mannelijk,jeugd,algemeen Nederlands,n/a,bureaumicrofoon,48000
20080302,dano,20080301,0.6591441,False,mannelijk,jeugd,algemeen Nederlands,n/a,bureaumicrofoon,48000
20080302,dano,20080301,0.6048677,False,mannelijk,jeugd,algemeen Nederlands,n/a,bureaumicrofoon,48000
20080302,dano,20080301,0.7570246,False,mannelijk,jeugd,algemeen Nederlands,n/a,bureaumicrofoon,48000
20080302,dano,20080301,0.6326797,False,mannelijk,jeugd,algemeen Nederlands,n/a,bureaumicrofoon,48000
20080302,dano,20170801,0.4121188,False,mannelijk,jeugd,algemeen Nederlands,n/a,bureaumicrofoon,48000
20080302,dano,20080301,0.63679886,False,mannelijk,jeugd,algemeen Nederlands,n/a,bureaumicrofoon,48000
20080302,dano,20080301,0.56578296,False,mannelijk,jeugd,algemeen Nederlands,n/a,bureaumicrofoon,48000
20080302,dano,20080301,0.6653141,False,mannelijk,jeugd,algemeen Nederlands,n/a,bureaumicrofoon,48000
20080302,dano,20080301,0.5186889,False,mannelijk,jeugd,algemeen Nederlands,n/a,bureaumicrofoon,48000
20080302,dano,20080301,0.6530397,False,mannelijk,jeugd,algemeen Nederlands,n/a,bureaumicrofoon,48000
20080302,dano,20080301,0.6624687,False,mannelijk,jeugd,algemeen Nederlands,n/a,bureaumicrofoon,48000
20080302,dano,20080301,0.69476426,False,mannelijk,jeugd,algemeen Nederlands,n/a,bureaumicrofoon,48000
20080302,dano,20080301,0.6197572,False,mannelijk,jeugd,algemeen Nederlands,n/a,bureaumicrofoon,48000
20080302,dano,20090617,0.542191,False,mannelijk,jeugd,algemeen Nederlands,n/a,bureaumicrofoon,48000
20080302,dano,20080301,0.64206785,False,mannelijk,jeugd,algemeen Nederlands,n/a,bureaumicrofoon,48000
20080302,dano,20081018,0.62521714,False,mannelijk,jeugd,algemeen Nederlands,n/a,bureaumicrofoon,48000
20080302,dano,20080301,0.66780555,False,mannelijk,jeugd,algemeen Nederlands,n/a,bureaumicrofoon,48000
20080302,dano,20080301,0.67733395,False,mannelijk,jeugd,algemeen Nederlands,n/a,bureaumicrofoon,48000
20080302,dano,20080301,0.6720506,False,mannelijk,jeugd,algemeen Nederlands,n/a,bureaumicrofoon,48000
20080302,dano,20080301,0.6993241,False,mannelijk,jeugd,algemeen Nederlands,n/a,bureaumicrofoon,48000
20080302,dano,20080301,0.5698079,False,mannelijk,jeugd,algemeen Nederlands,n/a,bureaumicrofoon,48000
20080302,dano,20080301,0.64340687,False,mannelijk,jeugd,algemeen Nederlands,n/a,bureaumicrofoon,48000
20080302,dano,20080301,0.5874796,False,mannelijk,jeugd,algemeen Nederlands,n/a,bureaumicrofoon,48000
20080302,dano,20080301,0.61954975,False,mannelijk,jeugd,algemeen Nederlands,n/a,bureaumicrofoon,48000
20080302,dano,20090617,0.54161996,False,mannelijk,jeugd,algemeen Nederlands,n/a,bureaumicrofoon,48000
20080302,dano,20080301,0.6656135,False,mannelijk,jeugd,algemeen Nederlands,n/a,bureaumicrofoon,48000
20080302,dano,20080301,0.6537514,False,mannelijk,jeugd,algemeen Nederlands,n/a,bureaumicrofoon,48000
20080302,dano,20080301,0.7010255,False,mannelijk,jeugd,algemeen Nederlands,n/a,bureaumicrofoon,48000
20080302,dano,20080301,0.6658467,False,mannelijk,jeugd,algemeen Nederlands,n/a,bureaumicrofoon,48000
20080302,dano,20080302,0.9996192,True,mannelijk,jeugd,algemeen Nederlands,n/a,bureaumicrofoon,48000
20080302,dano,20080301,0.6608559,False,mannelijk,jeugd,algemeen Nederlands,n/a,bureaumicrofoon,48000
20080302,dano,20080302,0.7139563,True,mannelijk,jeugd,algemeen Nederlands,n/a,bureaumicrofoon,48000
20080302,dano,20080302,0.7572736,True,mannelijk,jeugd,algemeen Nederlands,n/a,bureaumicrofoon,48000
20080302,dano,20080302,0.6558533,True,mannelijk,jeugd,algemeen Nederlands,n/a,bureaumicrofoon,48000
20080302,dano,20080302,0.7193781,True,mannelijk,jeugd,algemeen Nederlands,n/a,bureaumicrofoon,48000
20080302,dano,20080302,0.8037813,True,mannelijk,jeugd,algemeen Nederlands,n/a,bureaumicrofoon,48000
20080302,dano,20080302,0.7800981,True,mannelijk,jeugd,algemeen Nederlands,n/a,bureaumicrofoon,48000
20080302,dano,20080302,0.6543637,True,mannelijk,jeugd,algemeen Nederlands,n/a,bureaumicrofoon,48000
20080302,dano,20080302,0.72898364,True,mannelijk,jeugd,algemeen Nederlands,n/a,bureaumicrofoon,48000
20080302,dano,20080302,0.75708705,True,mannelijk,jeugd,algemeen Nederlands,n/a,bureaumicrofoon,48000
20080302,dano,20080302,0.6970134,True,mannelijk,jeugd,algemeen Nederlands,n/a,bureaumicrofoon,48000
20080302,dano,20080302,0.66495687,True,mannelijk,jeugd,algemeen Nederlands,n/a,bureaumicrofoon,48000
20080302,dano,20080302,0.7533857,True,mannelijk,jeugd,algemeen Nederlands,n/a,bureaumicrofoon,48000
20080302,dano,20080302,0.54685986,True,mannelijk,jeugd,algemeen Nederlands,n/a,bureaumicrofoon,48000
20080302,dano,20080302,0.6829625,True,mannelijk,jeugd,algemeen Nederlands,n/a,bureaumicrofoon,48000
20080302,dano,20080302,0.81777465,True,mannelijk,jeugd,algemeen Nederlands,n/a,bureaumicrofoon,48000
20080302,dano,20080302,0.6701679,True,mannelijk,jeugd,algemeen Nederlands,n/a,bureaumicrofoon,48000
20080302,dano,20080302,0.7183689,True,mannelijk,jeugd,algemeen Nederlands,n/a,bureaumicrofoon,48000
20080302,dano,20080302,0.6471398,True,mannelijk,jeugd,algemeen Nederlands,n/a,bureaumicrofoon,48000
20080302,dano,20080302,0.68781424,True,mannelijk,jeugd,algemeen Nederlands,n/a,bureaumicrofoon,48000
20080302,dano,20080302,0.7174698,True,mannelijk,jeugd,algemeen Nederlands,n/a,bureaumicrofoon,48000
20080302,dano,20080302,0.77013075,True,mannelijk,jeugd,algemeen Nederlands,n/a,bureaumicrofoon,48000
20080302,dano,20080302,0.66530156,True,mannelijk,jeugd,algemeen Nederlands,n/a,bureaumicrofoon,48000
20080302,dano,20080302,0.6427522,True,mannelijk,jeugd,algemeen Nederlands,n/a,bureaumicrofoon,48000
20080302,dano,20080302,0.7465763,True,mannelijk,jeugd,algemeen Nederlands,n/a,bureaumicrofoon,48000
20080302,dano,20080302,0.6135032,True,mannelijk,jeugd,algemeen Nederlands,n/a,bureaumicrofoon,48000
20080302,dano,20080302,0.7062025,True,mannelijk,jeugd,algemeen Nederlands,n/a,bureaumicrofoon,48000
20080302,dano,20080302,0.7268597,True,mannelijk,jeugd,algemeen Nederlands,n/a,bureaumicrofoon,48000
20080302,dano,20080302,0.5574006,True,mannelijk,jeugd,algemeen Nederlands,n/a,bureaumicrofoon,48000
20080302,dano,20080302,0.7360817,True,mannelijk,jeugd,algemeen Nederlands,n/a,bureaumicrofoon,48000
20080302,dano,20080302,0.7033256,True,mannelijk,jeugd,algemeen Nederlands,n/a,bureaumicrofoon,48000
20080302,dano,20080302,0.76244646,True,mannelijk,jeugd,algemeen Nederlands,n/a,bureaumicrofoon,48000
20080302,dano,20080302,0.7532326,True,mannelijk,jeugd,algemeen Nederlands,n/a,bureaumicrofoon,48000
20080302,dano,20080302,0.69081926,True,mannelijk,jeugd,algemeen Nederlands,n/a,bureaumicrofoon,48000
20080302,dano,20080302,0.6428731,True,mannelijk,jeugd,algemeen Nederlands,n/a,bureaumicrofoon,48000
20080302,dano,20080302,0.72889197,True,mannelijk,jeugd,algemeen Nederlands,n/a,bureaumicrofoon,48000
20080302,dano,20080302,0.7092451,True,mannelijk,jeugd,algemeen Nederlands,n/a,bureaumicrofoon,48000
20080302,dano,20080302,0.6839026,True,mannelijk,jeugd,algemeen Nederlands,n/a,bureaumicrofoon,48000
20080302,dano,20080302,0.705991,True,mannelijk,jeugd,algemeen Nederlands,n/a,bureaumicrofoon,48000
20080302,dano,20080302,0.6626975,True,mannelijk,jeugd,algemeen Nederlands,n/a,bureaumicrofoon,48000
20080302,dano,20080302,0.698058,True,mannelijk,jeugd,algemeen Nederlands,n/a,bureaumicrofoon,48000
20080302,dano,20080302,0.70075935,True,mannelijk,jeugd,algemeen Nederlands,n/a,bureaumicrofoon,48000
20080302,dano,20080302,0.7245261,True,mannelijk,jeugd,algemeen Nederlands,n/a,bureaumicrofoon,48000
20080302,dano,20080302,0.7471857,True,mannelijk,jeugd,algemeen Nederlands,n/a,bureaumicrofoon,48000
20080302,dano,20080302,0.5579409,True,mannelijk,jeugd,algemeen Nederlands,n/a,bureaumicrofoon,48000
20080302,dano,20080302,0.6939821,True,mannelijk,jeugd,algemeen Nederlands,n/a,bureaumicrofoon,48000
20080302,dano,20080302,0.689019,True,mannelijk,jeugd,algemeen Nederlands,n/a,bureaumicrofoon,48000
20080302,dano,20080302,0.7037432,True,mannelijk,jeugd,algemeen Nederlands,n/a,bureaumicrofoon,48000
20080302,dano,20080302,0.74266374,True,mannelijk,jeugd,algemeen Nederlands,n/a,bureaumicrofoon,48000
20080302,dano,20080302,0.7103822,True,mannelijk,jeugd,algemeen Nederlands,n/a,bureaumicrofoon,48000
20080302,dano,20080302,0.61584115,True,mannelijk,jeugd,algemeen Nederlands,n/a,bureaumicrofoon,48000
20080302,dano,20080302,0.5878159,True,mannelijk,jeugd,algemeen Nederlands,n/a,bureaumicrofoon,48000
20080302,dano,20080302,0.756759,True,mannelijk,jeugd,algemeen Nederlands,n/a,bureaumicrofoon,48000
20080302,dano,20080302,0.67777383,True,mannelijk,jeugd,algemeen Nederlands,n/a,bureaumicrofoon,48000
20080302,dano,20080302,0.7048995,True,mannelijk,jeugd,algemeen Nederlands,n/a,bureaumicrofoon,48000
20080302,dano,20080302,0.5194537,True,mannelijk,jeugd,algemeen Nederlands,n/a,bureaumicrofoon,48000
20080302,dano,20080302,0.683624,True,mannelijk,jeugd,algemeen Nederlands,n/a,bureaumicrofoon,48000
20080302,dano,20080302,0.7512078,True,mannelijk,jeugd,algemeen Nederlands,n/a,bureaumicrofoon,48000
20080302,dano,20080302,0.65592897,True,mannelijk,jeugd,algemeen Nederlands,n/a,bureaumicrofoon,48000
20080302,dano,20080302,0.62200224,True,mannelijk,jeugd,algemeen Nederlands,n/a,bureaumicrofoon,48000
20080302,dano,20080302,0.7460935,True,mannelijk,jeugd,algemeen Nederlands,n/a,bureaumicrofoon,48000
20080302,dano,20080302,0.57305527,True,mannelijk,jeugd,algemeen Nederlands,n/a,bureaumicrofoon,48000
20080302,dano,20080302,0.63166493,True,mannelijk,jeugd,algemeen Nederlands,n/a,bureaumicrofoon,48000
20080302,dano,20080302,0.7854432,True,mannelijk,jeugd,algemeen Nederlands,n/a,bureaumicrofoon,48000
20080302,dano,20080302,0.7645589,True,mannelijk,jeugd,algemeen Nederlands,n/a,bureaumicrofoon,48000
20080302,dano,20080302,0.7472054,True,mannelijk,jeugd,algemeen Nederlands,n/a,bureaumicrofoon,48000
20080302,dano,20080302,0.64568925,True,mannelijk,jeugd,algemeen Nederlands,n/a,bureaumicrofoon,48000
20080302,dano,20080302,0.6591325,True,mannelijk,jeugd,algemeen Nederlands,n/a,bureaumicrofoon,48000
20080302,dano,20080302,0.7846068,True,mannelijk,jeugd,algemeen Nederlands,n/a,bureaumicrofoon,48000
20080302,dano,20080302,0.69236183,True,mannelijk,jeugd,algemeen Nederlands,n/a,bureaumicrofoon,48000
20080302,dano,20080302,0.79011893,True,mannelijk,jeugd,algemeen Nederlands,n/a,bureaumicrofoon,48000
20080302,dano,20080302,0.7732052,True,mannelijk,jeugd,algemeen Nederlands,n/a,bureaumicrofoon,48000
20080302,dano,20080302,0.8370207,True,mannelijk,jeugd,algemeen Nederlands,n/a,bureaumicrofoon,48000
20080302,dano,20080302,0.669248,True,mannelijk,jeugd,algemeen Nederlands,n/a,bureaumicrofoon,48000
20080302,dano,20080302,0.69787276,True,mannelijk,jeugd,algemeen Nederlands,n/a,bureaumicrofoon,48000
20080302,dano,20080302,0.7985425,True,mannelijk,jeugd,algemeen Nederlands,n/a,bureaumicrofoon,48000
20080302,dano,20080302,0.71513003,True,mannelijk,jeugd,algemeen Nederlands,n/a,bureaumicrofoon,48000
20080302,dano,20080302,0.7396105,True,mannelijk,jeugd,algemeen Nederlands,n/a,bureaumicrofoon,48000
20080302,dano,20080302,0.668036,True,mannelijk,jeugd,algemeen Nederlands,n/a,bureaumicrofoon,48000
20080302,dano,20080302,0.7001742,True,mannelijk,jeugd,algemeen Nederlands,n/a,bureaumicrofoon,48000
20080302,dano,20080302,0.63154936,True,mannelijk,jeugd,algemeen Nederlands,n/a,bureaumicrofoon,48000
20080302,dano,20080302,0.59158754,True,mannelijk,jeugd,algemeen Nederlands,n/a,bureaumicrofoon,48000
20080302,dano,20080302,0.5000866,True,mannelijk,jeugd,algemeen Nederlands,n/a,bureaumicrofoon,48000
20080302,dano,20080302,0.707741,True,mannelijk,jeugd,algemeen Nederlands,n/a,bureaumicrofoon,48000
20080302,dano,20080302,0.7103295,True,mannelijk,jeugd,algemeen Nederlands,n/a,bureaumicrofoon,48000
20080302,dano,20080302,0.7073827,True,mannelijk,jeugd,algemeen Nederlands,n/a,bureaumicrofoon,48000
20080302,dano,20080302,0.7222713,True,mannelijk,jeugd,algemeen Nederlands,n/a,bureaumicrofoon,48000
20080302,dano,20080302,0.72730505,True,mannelijk,jeugd,algemeen Nederlands,n/a,bureaumicrofoon,48000
20080302,dano,20080302,0.5723223,True,mannelijk,jeugd,algemeen Nederlands,n/a,bureaumicrofoon,48000
20080302,dano,20080302,0.7043692,True,mannelijk,jeugd,algemeen Nederlands,n/a,bureaumicrofoon,48000
20080302,dano,20080302,0.664207,True,mannelijk,jeugd,algemeen Nederlands,n/a,bureaumicrofoon,48000
20080302,dano,20080302,0.7258992,True,mannelijk,jeugd,algemeen Nederlands,n/a,bureaumicrofoon,48000
20080302,dano,20080302,0.66156065,True,mannelijk,jeugd,algemeen Nederlands,n/a,bureaumicrofoon,48000
20080302,dano,20080302,0.728986,True,mannelijk,jeugd,algemeen Nederlands,n/a,bureaumicrofoon,48000
20080302,dano,20080302,0.67236555,True,mannelijk,jeugd,algemeen Nederlands,n/a,bureaumicrofoon,48000
20080302,dano,20080302,0.7236796,True,mannelijk,jeugd,algemeen Nederlands,n/a,bureaumicrofoon,48000
20080302,dano,20080302,0.71655595,True,mannelijk,jeugd,algemeen Nederlands,n/a,bureaumicrofoon,48000
20080302,dano,20080302,0.7184608,True,mannelijk,jeugd,algemeen Nederlands,n/a,bureaumicrofoon,48000
20080302,dano,20080302,0.7842494,True,mannelijk,jeugd,algemeen Nederlands,n/a,bureaumicrofoon,48000
20080302,dano,20080302,0.71077,True,mannelijk,jeugd,algemeen Nederlands,n/a,bureaumicrofoon,48000
20080302,dano,20080302,0.69559956,True,mannelijk,jeugd,algemeen Nederlands,n/a,bureaumicrofoon,48000
20080302,dano,20080302,0.6668295,True,mannelijk,jeugd,algemeen Nederlands,n/a,bureaumicrofoon,48000
20080302,dano,20080302,0.6783338,True,mannelijk,jeugd,algemeen Nederlands,n/a,bureaumicrofoon,48000
20080302,dano,20080302,0.7459452,True,mannelijk,jeugd,algemeen Nederlands,n/a,bureaumicrofoon,48000
20080302,dano,20080302,0.66617817,True,mannelijk,jeugd,algemeen Nederlands,n/a,bureaumicrofoon,48000
20080302,dano,20080302,0.6528515,True,mannelijk,jeugd,algemeen Nederlands,n/a,bureaumicrofoon,48000
20080302,dano,20080302,0.71548617,True,mannelijk,jeugd,algemeen Nederlands,n/a,bureaumicrofoon,48000
20080302,dano,20080302,0.6575955,True,mannelijk,jeugd,algemeen Nederlands,n/a,bureaumicrofoon,48000
20080302,dano,20080302,0.71090543,True,mannelijk,jeugd,algemeen Nederlands,n/a,bureaumicrofoon,48000
20080302,dano,20080302,0.7326062,True,mannelijk,jeugd,algemeen Nederlands,n/a,bureaumicrofoon,48000
20080302,dano,20080302,0.999869,True,mannelijk,jeugd,algemeen Nederlands,n/a,bureaumicrofoon,48000
20080302,dano,20080302,0.8000947,True,mannelijk,jeugd,algemeen Nederlands,n/a,bureaumicrofoon,48000
20080302,dano,20080302,0.5929493,True,mannelijk,jeugd,algemeen Nederlands,n/a,bureaumicrofoon,48000
20080302,dano,20080302,0.7320454,True,mannelijk,jeugd,algemeen Nederlands,n/a,bureaumicrofoon,48000
20080302,dano,20080302,0.7385916,True,mannelijk,jeugd,algemeen Nederlands,n/a,bureaumicrofoon,48000
20080302,dano,20080302,0.7030953,True,mannelijk,jeugd,algemeen Nederlands,n/a,bureaumicrofoon,48000
20080302,dano,20080302,0.74304235,True,mannelijk,jeugd,algemeen Nederlands,n/a,bureaumicrofoon,48000
20080302,dano,20080302,0.7245229,True,mannelijk,jeugd,algemeen Nederlands,n/a,bureaumicrofoon,48000
20080302,dano,20080302,0.73751277,True,mannelijk,jeugd,algemeen Nederlands,n/a,bureaumicrofoon,48000
20080302,dano,20080302,0.73720837,True,mannelijk,jeugd,algemeen Nederlands,n/a,bureaumicrofoon,48000
20080302,dano,20080302,0.5787998,True,mannelijk,jeugd,algemeen Nederlands,n/a,bureaumicrofoon,48000
20080302,dano,20080302,0.7340282,True,mannelijk,jeugd,algemeen Nederlands,n/a,bureaumicrofoon,48000
20080302,dano,20080302,0.59412646,True,mannelijk,jeugd,algemeen Nederlands,n/a,bureaumicrofoon,48000
20080302,dano,20080302,0.745514,True,mannelijk,jeugd,algemeen Nederlands,n/a,bureaumicrofoon,48000
20080302,dano,20080302,0.68573344,True,mannelijk,jeugd,algemeen Nederlands,n/a,bureaumicrofoon,48000
20080302,dano,20080302,0.7407176,True,mannelijk,jeugd,algemeen Nederlands,n/a,bureaumicrofoon,48000
20080302,dano,20080302,0.63745034,True,mannelijk,jeugd,algemeen Nederlands,n/a,bureaumicrofoon,48000
20080302,dano,20080302,0.7610173,True,mannelijk,jeugd,algemeen Nederlands,n/a,bureaumicrofoon,48000
20080302,dano,20080302,0.6853883,True,mannelijk,jeugd,algemeen Nederlands,n/a,bureaumicrofoon,48000
20080302,dano,20080302,0.70630693,True,mannelijk,jeugd,algemeen Nederlands,n/a,bureaumicrofoon,48000
20080302,dano,20080302,0.35113475,True,mannelijk,jeugd,algemeen Nederlands,n/a,bureaumicrofoon,48000
20080302,dano,20080302,0.70718807,True,mannelijk,jeugd,algemeen Nederlands,n/a,bureaumicrofoon,48000
20080302,dano,20080302,0.77195376,True,mannelijk,jeugd,algemeen Nederlands,n/a,bureaumicrofoon,48000
20080302,dano,20080302,0.76175326,True,mannelijk,jeugd,algemeen Nederlands,n/a,bureaumicrofoon,48000
20080302,dano,20080302,0.7616349,True,mannelijk,jeugd,algemeen Nederlands,n/a,bureaumicrofoon,48000
20080302,dano,20080302,0.6956746,True,mannelijk,jeugd,algemeen Nederlands,n/a,bureaumicrofoon,48000
20080302,dano,20080302,0.6996347,True,mannelijk,jeugd,algemeen Nederlands,n/a,bureaumicrofoon,48000
20080302,dano,20080302,0.7610301,True,mannelijk,jeugd,algemeen Nederlands,n/a,bureaumicrofoon,48000
20080302,dano,20080302,0.7331101,True,mannelijk,jeugd,algemeen Nederlands,n/a,bureaumicrofoon,48000
20080303,dano,20080301,0.4236302,False,mannelijk,jeugd,algemeen Nederlands,n/a,unknown,48000
20080302,dano,20080302,0.69861066,True,mannelijk,jeugd,algemeen Nederlands,n/a,bureaumicrofoon,48000
20080303,dano,20080301,0.63691735,False,mannelijk,jeugd,algemeen Nederlands,n/a,unknown,48000
20080303,dano,20080301,0.7704333,False,mannelijk,jeugd,algemeen Nederlands,n/a,unknown,48000
20080303,dano,20080301,0.63565445,False,mannelijk,jeugd,algemeen Nederlands,n/a,unknown,48000
20080303,dano,20090617,0.6194265,False,mannelijk,jeugd,algemeen Nederlands,n/a,unknown,48000
20080303,dano,20080301,0.65760463,False,mannelijk,jeugd,algemeen Nederlands,n/a,unknown,48000
20080303,dano,20080301,0.64135545,False,mannelijk,jeugd,algemeen Nederlands,n/a,unknown,48000
20080303,dano,20080301,0.68819594,False,mannelijk,jeugd,algemeen Nederlands,n/a,unknown,48000
20080303,dano,20080301,0.58504486,False,mannelijk,jeugd,algemeen Nederlands,n/a,unknown,48000
20080303,dano,20080301,0.6781198,False,mannelijk,jeugd,algemeen Nederlands,n/a,unknown,48000
20080303,dano,20080301,0.6386688,False,mannelijk,jeugd,algemeen Nederlands,n/a,unknown,48000
20080303,dano,20080301,0.7124799,False,mannelijk,jeugd,algemeen Nederlands,n/a,unknown,48000
20080303,dano,20080301,0.6757164,False,mannelijk,jeugd,algemeen Nederlands,n/a,unknown,48000
20080303,dano,20080301,0.57822067,False,mannelijk,jeugd,algemeen Nederlands,n/a,unknown,48000
20080303,dano,20080301,0.73080194,False,mannelijk,jeugd,algemeen Nederlands,n/a,unknown,48000
20080303,dano,20080301,0.5811879,False,mannelijk,jeugd,algemeen Nederlands,n/a,unknown,48000
20080303,dano,20080301,0.5831919,False,mannelijk,jeugd,algemeen Nederlands,n/a,unknown,48000
20080303,dano,20080301,0.714952,False,mannelijk,jeugd,algemeen Nederlands,n/a,unknown,48000
20080809,dano,20080301,0.50445724,False,mannelijk,jeugd,Zuidoostelijk,n/a,anders,48000
20080303,dano,20080301,0.6418973,False,mannelijk,jeugd,algemeen Nederlands,n/a,unknown,48000
20080809,dano,20090617,0.70235616,False,mannelijk,jeugd,Zuidoostelijk,n/a,anders,48000
20080809,dano,20090617,0.57121456,False,mannelijk,jeugd,Zuidoostelijk,n/a,anders,48000
20080809,dano,20090617,0.5315914,False,mannelijk,jeugd,Zuidoostelijk,n/a,anders,48000
20080809,dano,20080301,0.54962826,False,mannelijk,jeugd,Zuidoostelijk,n/a,anders,48000
20080809,dano,20111119,0.40933284,False,mannelijk,jeugd,Zuidoostelijk,n/a,anders,48000
20080809,dano,20090617,0.57813996,False,mannelijk,jeugd,Zuidoostelijk,n/a,anders,48000
20080809,dano,20120329,0.56347036,False,mannelijk,jeugd,Zuidoostelijk,n/a,anders,48000
20080809,dano,20080301,0.61239517,False,mannelijk,jeugd,Zuidoostelijk,n/a,anders,48000
20080809,dano,20080301,0.6903434,False,mannelijk,jeugd,Zuidoostelijk,n/a,anders,48000
20080809,dano,20090617,0.5700331,False,mannelijk,jeugd,Zuidoostelijk,n/a,anders,48000
20080809,dano,20090617,0.6405344,False,mannelijk,jeugd,Zuidoostelijk,n/a,anders,48000
20080809,dano,20090617,0.6828082,False,mannelijk,jeugd,Zuidoostelijk,n/a,anders,48000
20080809,dano,dano,0.5745523,False,mannelijk,jeugd,Zuidoostelijk,n/a,anders,48000
20080809,dano,20080301,0.59839076,False,mannelijk,jeugd,Zuidoostelijk,n/a,anders,48000
20080809,dano,20090617,0.49779877,False,mannelijk,jeugd,Zuidoostelijk,n/a,anders,48000
20080809,dano,20080301,0.60411024,False,mannelijk,jeugd,Zuidoostelijk,n/a,anders,48000
20080809,dano,20090617,0.6117579,False,mannelijk,jeugd,Zuidoostelijk,n/a,anders,48000
20080809,dano,20090617,0.5551015,False,mannelijk,jeugd,Zuidoostelijk,n/a,anders,48000
20080809,dano,20081018,0.6028404,False,mannelijk,jeugd,Zuidoostelijk,n/a,anders,48000
20080809,dano,20090617,0.6419295,False,mannelijk,jeugd,Zuidoostelijk,n/a,anders,48000
20080809,dano,20080301,0.6536185,False,mannelijk,jeugd,Zuidoostelijk,n/a,anders,48000
20080809,dano,20080301,0.540183,False,mannelijk,jeugd,Zuidoostelijk,n/a,anders,48000
20080809,dano,20081018,0.5359616,False,mannelijk,jeugd,Zuidoostelijk,n/a,anders,48000
20080809,dano,20080301,0.56887275,False,mannelijk,jeugd,Zuidoostelijk,n/a,anders,48000
20080809,dano,20130827,0.39419436,False,mannelijk,jeugd,Zuidoostelijk,n/a,anders,48000
20080809,dano,20080301,0.57819396,False,mannelijk,jeugd,Zuidoostelijk,n/a,anders,48000
20080809,dano,20090617,0.61134183,False,mannelijk,jeugd,Zuidoostelijk,n/a,anders,48000
20080809,dano,20090617,0.6137681,False,mannelijk,jeugd,Zuidoostelijk,n/a,anders,48000
20080809,dano,20090617,0.61028534,False,mannelijk,jeugd,Zuidoostelijk,n/a,anders,48000
20080809,dano,20090617,0.51054823,False,mannelijk,jeugd,Zuidoostelijk,n/a,anders,48000
20080809,dano,20080301,0.5890738,False,mannelijk,jeugd,Zuidoostelijk,n/a,anders,48000
20080809,dano,20080301,0.6264887,False,mannelijk,jeugd,Zuidoostelijk,n/a,anders,48000
20080809,dano,20080301,0.63005507,False,mannelijk,jeugd,Zuidoostelijk,n/a,anders,48000
20080809,dano,20090617,0.6320331,False,mannelijk,jeugd,Zuidoostelijk,n/a,anders,48000
20080809,dano,20081018,0.58329046,False,mannelijk,jeugd,Zuidoostelijk,n/a,anders,48000
20080809,dano,20090617,0.5431849,False,mannelijk,jeugd,Zuidoostelijk,n/a,anders,48000
20080809,dano,20080301,0.610932,False,mannelijk,jeugd,Zuidoostelijk,n/a,anders,48000
20080809,dano,20090617,0.6014482,False,mannelijk,jeugd,Zuidoostelijk,n/a,anders,48000
20080809,dano,20081018,0.5472821,False,mannelijk,jeugd,Zuidoostelijk,n/a,anders,48000
20080809,dano,20090617,0.66648877,False,mannelijk,jeugd,Zuidoostelijk,n/a,anders,48000
20080809,dano,20080301,0.6348829,False,mannelijk,jeugd,Zuidoostelijk,n/a,anders,48000
20080809,dano,20090617,0.543494,False,mannelijk,jeugd,Zuidoostelijk,n/a,anders,48000
20080809,dano,20080301,0.5967962,False,mannelijk,jeugd,Zuidoostelijk,n/a,anders,48000
20080809,dano,20090617,0.58202934,False,mannelijk,jeugd,Zuidoostelijk,n/a,anders,48000
20080809,dano,20090617,0.6393203,False,mannelijk,jeugd,Zuidoostelijk,n/a,anders,48000
20080809,dano,20080301,0.66508543,False,mannelijk,jeugd,Zuidoostelijk,n/a,anders,48000
20080809,dano,20080301,0.6026057,False,mannelijk,jeugd,Zuidoostelijk,n/a,anders,48000
20080809,dano,20080301,0.59715736,False,mannelijk,jeugd,Zuidoostelijk,n/a,anders,48000
20080809,dano,20090617,0.55461305,False,mannelijk,jeugd,Zuidoostelijk,n/a,anders,48000
20080809,dano,20080301,0.6743771,False,mannelijk,jeugd,Zuidoostelijk,n/a,anders,48000
20080809,dano,20090617,0.5048816,False,mannelijk,jeugd,Zuidoostelijk,n/a,anders,48000
20080809,dano,20080301,0.57332015,False,mannelijk,jeugd,Zuidoostelijk,n/a,anders,48000
20080809,dano,20080301,0.62991405,False,mannelijk,jeugd,Zuidoostelijk,n/a,anders,48000
20080809,dano,20090617,0.45507815,False,mannelijk,jeugd,Zuidoostelijk,n/a,anders,48000
20080809,dano,20090617,0.6721194,False,mannelijk,jeugd,Zuidoostelijk,n/a,anders,48000
20080809,dano,20080301,0.5895935,False,mannelijk,jeugd,Zuidoostelijk,n/a,anders,48000
20080809,dano,20081018,0.5563843,False,mannelijk,jeugd,Zuidoostelijk,n/a,anders,48000
20080809,dano,20090617,0.71831715,False,mannelijk,jeugd,Zuidoostelijk,n/a,anders,48000
20080818,dano,20120315,0.5016773,False,mannelijk,jeugd,Zuidoostelijk,n/a,anders,48000
20080818,dano,20090617,0.43226618,False,mannelijk,jeugd,Zuidoostelijk,n/a,anders,48000
20080818,dano,20080120,0.48666263,False,mannelijk,jeugd,Zuidoostelijk,n/a,anders,48000
20080818,dano,20090617,0.35785747,False,mannelijk,jeugd,Zuidoostelijk,n/a,anders,48000
20080818,dano,dano,0.3691521,False,mannelijk,jeugd,Zuidoostelijk,n/a,anders,48000
20080818,dano,20080120,0.38347018,False,mannelijk,jeugd,Zuidoostelijk,n/a,anders,48000
20080818,dano,20081018,0.45225662,False,mannelijk,jeugd,Zuidoostelijk,n/a,anders,48000
20080818,dano,20080301,0.5048692,False,mannelijk,jeugd,Zuidoostelijk,n/a,anders,48000
20080819,dano,20081018,0.4370674,False,mannelijk,jeugd,Zuidoostelijk,n/a,anders,48000
20080819,dano,20141218,0.4318117,False,mannelijk,jeugd,Zuidoostelijk,n/a,anders,48000
20080819,dano,20080301,0.4437206,False,mannelijk,jeugd,Zuidoostelijk,n/a,anders,48000
20080819,dano,20141218,0.59043914,False,mannelijk,jeugd,Zuidoostelijk,n/a,anders,48000
20080819,dano,20080301,0.42712462,False,mannelijk,jeugd,Zuidoostelijk,n/a,anders,48000
20080819,dano,20080301,0.420659,False,mannelijk,jeugd,Zuidoostelijk,n/a,anders,48000
20080819,dano,20141218,0.5148894,False,mannelijk,jeugd,Zuidoostelijk,n/a,anders,48000
20080819,dano,20081018,0.3978821,False,mannelijk,jeugd,Zuidoostelijk,n/a,anders,48000
20080819,dano,20141218,0.5829522,False,mannelijk,jeugd,Zuidoostelijk,n/a,anders,48000
20080819,dano,20080301,0.53749716,False,mannelijk,jeugd,Zuidoostelijk,n/a,anders,48000
20080819,dano,20141218,0.46919665,False,mannelijk,jeugd,Zuidoostelijk,n/a,anders,48000
20080819,dano,20080301,0.45079118,False,mannelijk,jeugd,Zuidoostelijk,n/a,anders,48000
20080819,dano,20080325,0.3831795,False,mannelijk,jeugd,Zuidoostelijk,n/a,anders,48000
20080819,dano,20090629,0.4287675,False,mannelijk,jeugd,Zuidoostelijk,n/a,anders,48000
20080819,dano,20080120,0.47429842,False,mannelijk,jeugd,Zuidoostelijk,n/a,anders,48000
20080819,dano,20141218,0.46301395,False,mannelijk,jeugd,Zuidoostelijk,n/a,anders,48000
20080819,dano,20080301,0.47332966,False,mannelijk,jeugd,Zuidoostelijk,n/a,anders,48000
20080819,dano,20090629,0.46081033,False,mannelijk,jeugd,Zuidoostelijk,n/a,anders,48000
20080819,dano,20080301,0.35437676,False,mannelijk,jeugd,Zuidoostelijk,n/a,anders,48000
20080819,dano,20081018,0.48512825,False,mannelijk,jeugd,Zuidoostelijk,n/a,anders,48000
20080819,dano,20090719,0.4138161,False,mannelijk,jeugd,Zuidoostelijk,n/a,anders,48000
20080819,dano,20080120,0.39906195,False,mannelijk,jeugd,Zuidoostelijk,n/a,anders,48000
20080819,dano,20080120,0.4046802,False,mannelijk,jeugd,Zuidoostelijk,n/a,anders,48000
20080819,dano,dano,0.44753867,False,mannelijk,jeugd,Zuidoostelijk,n/a,anders,48000
20080819,dano,20090617,0.37685752,False,mannelijk,jeugd,Zuidoostelijk,n/a,anders,48000
20080819,dano,20080301,0.343989,False,mannelijk,jeugd,Zuidoostelijk,n/a,anders,48000
20081018,Dano,20081018,0.69717586,True,mannelijk,jeugd,algemeen Nederlands,n/a,headsetmicrofoon,48000
20080819,dano,20090719,0.39047462,False,mannelijk,jeugd,Zuidoostelijk,n/a,anders,48000
20080819,dano,20080414,0.3936885,False,mannelijk,jeugd,Zuidoostelijk,n/a,anders,48000
20080819,dano,dano,0.47127342,False,mannelijk,jeugd,Zuidoostelijk,n/a,anders,48000
20081018,Dano,20081018,0.71341,True,mannelijk,jeugd,algemeen Nederlands,n/a,headsetmicrofoon,48000
20081018,Dano,20081018,0.71153224,True,mannelijk,jeugd,algemeen Nederlands,n/a,headsetmicrofoon,48000
20081018,Dano,20081018,0.5305194,True,mannelijk,jeugd,algemeen Nederlands,n/a,headsetmicrofoon,48000
20081018,Dano,20090617,0.61920136,False,mannelijk,jeugd,algemeen Nederlands,n/a,headsetmicrofoon,48000
20081018,Dano,20081018,0.7363204,True,mannelijk,jeugd,algemeen Nederlands,n/a,headsetmicrofoon,48000
20081018,Dano,20081018,0.7466918,True,mannelijk,jeugd,algemeen Nederlands,n/a,headsetmicrofoon,48000
20081018,Dano,20081018,0.6246778,True,mannelijk,jeugd,algemeen Nederlands,n/a,headsetmicrofoon,48000
20081018,Dano,20081018,0.7120204,True,mannelijk,jeugd,algemeen Nederlands,n/a,headsetmicrofoon,48000
20081018,Dano,20081018,0.51454407,True,mannelijk,jeugd,algemeen Nederlands,n/a,headsetmicrofoon,48000
20081018,Dano,20081018,0.67873895,True,mannelijk,jeugd,algemeen Nederlands,n/a,headsetmicrofoon,48000
20081018,Dano,20120203,0.3555113,False,mannelijk,jeugd,algemeen Nederlands,n/a,headsetmicrofoon,48000
20081018,Dano,20081018,0.6842677,True,mannelijk,jeugd,algemeen Nederlands,n/a,headsetmicrofoon,48000
20081018,Dano,20081018,0.6645564,True,mannelijk,jeugd,algemeen Nederlands,n/a,headsetmicrofoon,48000
20081018,Dano,20081018,0.69298804,True,mannelijk,jeugd,algemeen Nederlands,n/a,headsetmicrofoon,48000
20081018,Dano,20081018,0.7226319,True,mannelijk,jeugd,algemeen Nederlands,n/a,headsetmicrofoon,48000
20081018,Dano,20081018,0.65335715,True,mannelijk,jeugd,algemeen Nederlands,n/a,headsetmicrofoon,48000
20081018,Dano,20081018,0.6335829,True,mannelijk,jeugd,algemeen Nederlands,n/a,headsetmicrofoon,48000
20081018,Dano,20081018,0.70223,True,mannelijk,jeugd,algemeen Nederlands,n/a,headsetmicrofoon,48000
20081018,Dano,20090617,0.65501773,False,mannelijk,jeugd,algemeen Nederlands,n/a,headsetmicrofoon,48000
20081018,Dano,20081018,0.73432094,True,mannelijk,jeugd,algemeen Nederlands,n/a,headsetmicrofoon,48000
20081018,Dano,20081018,0.74848664,True,mannelijk,jeugd,algemeen Nederlands,n/a,headsetmicrofoon,48000
20081018,Dano,20081018,0.5356985,True,mannelijk,jeugd,algemeen Nederlands,n/a,headsetmicrofoon,48000
20081018,Dano,20081018,0.6015825,True,mannelijk,jeugd,algemeen Nederlands,n/a,headsetmicrofoon,48000
20081018,Dano,20081018,0.7002284,True,mannelijk,jeugd,algemeen Nederlands,n/a,headsetmicrofoon,48000
20081018,Dano,20081018,0.70847154,True,mannelijk,jeugd,algemeen Nederlands,n/a,headsetmicrofoon,48000
20081018,Dano,20081018,0.6337348,True,mannelijk,jeugd,algemeen Nederlands,n/a,headsetmicrofoon,48000
20081018,Dano,20081018,0.71024,True,mannelijk,jeugd,algemeen Nederlands,n/a,headsetmicrofoon,48000
20081018,Dano,20081018,0.678867,True,mannelijk,jeugd,algemeen Nederlands,n/a,headsetmicrofoon,48000
20081018,Dano,20081011,0.38735986,False,mannelijk,jeugd,algemeen Nederlands,n/a,headsetmicrofoon,48000
20081018,Dano,20081011,0.50639766,False,mannelijk,jeugd,algemeen Nederlands,n/a,headsetmicrofoon,48000
20081018,Dano,20081011,0.5725846,False,mannelijk,jeugd,algemeen Nederlands,n/a,headsetmicrofoon,48000
20081018,Dano,20081011,0.5809447,False,mannelijk,jeugd,algemeen Nederlands,n/a,headsetmicrofoon,48000
20081018,Dano,20081011,0.6253288,False,mannelijk,jeugd,algemeen Nederlands,n/a,headsetmicrofoon,48000
20081018,Dano,20081011,0.6342162,False,mannelijk,jeugd,algemeen Nederlands,n/a,headsetmicrofoon,48000
20081018,Dano,20081011,0.54613817,False,mannelijk,jeugd,algemeen Nederlands,n/a,headsetmicrofoon,48000
20081018,Dano,20081011,0.5674039,False,mannelijk,jeugd,algemeen Nederlands,n/a,headsetmicrofoon,48000
20081018,Dano,20081011,0.5049751,False,mannelijk,jeugd,algemeen Nederlands,n/a,headsetmicrofoon,48000
20081018,Dano,20081011,0.59913373,False,mannelijk,jeugd,algemeen Nederlands,n/a,headsetmicrofoon,48000
20081018,Dano,20081011,0.5427055,False,mannelijk,jeugd,algemeen Nederlands,n/a,headsetmicrofoon,48000
20081018,Dano,20081011,0.43682986,False,mannelijk,jeugd,algemeen Nederlands,n/a,headsetmicrofoon,48000
20081018,Dano,20081011,0.61859584,False,mannelijk,jeugd,algemeen Nederlands,n/a,headsetmicrofoon,48000
20081018,Dano,20081011,0.61890084,False,mannelijk,jeugd,algemeen Nederlands,n/a,headsetmicrofoon,48000
20081018,Dano,20081011,0.5560789,False,mannelijk,jeugd,algemeen Nederlands,n/a,headsetmicrofoon,48000
20081018,Dano,20081011,0.63691413,False,mannelijk,jeugd,algemeen Nederlands,n/a,headsetmicrofoon,48000
20081018,Dano,20081011,0.6408297,False,mannelijk,jeugd,algemeen Nederlands,n/a,headsetmicrofoon,48000
20081018,Dano,20081011,0.62601185,False,mannelijk,jeugd,algemeen Nederlands,n/a,headsetmicrofoon,48000
20081018,Dano,20081011,0.5606424,False,mannelijk,jeugd,algemeen Nederlands,n/a,headsetmicrofoon,48000
20081018,Dano,20081011,0.6352861,False,mannelijk,jeugd,algemeen Nederlands,n/a,headsetmicrofoon,48000
20081018,Dano,20081011,0.626372,False,mannelijk,jeugd,algemeen Nederlands,n/a,headsetmicrofoon,48000
20081018,Dano,20080909,0.5263617,False,mannelijk,jeugd,algemeen Nederlands,n/a,headsetmicrofoon,48000
20081018,Dano,20081011,0.5246124,False,mannelijk,jeugd,algemeen Nederlands,n/a,headsetmicrofoon,48000
20081018,Dano,20081011,0.4107074,False,mannelijk,jeugd,algemeen Nederlands,n/a,headsetmicrofoon,48000
20081018,Dano,20081011,0.5780901,False,mannelijk,jeugd,algemeen Nederlands,n/a,headsetmicrofoon,48000
20081018,Dano,20081011,0.5401269,False,mannelijk,jeugd,algemeen Nederlands,n/a,headsetmicrofoon,48000
20081018,Dano,20081011,0.61661553,False,mannelijk,jeugd,algemeen Nederlands,n/a,headsetmicrofoon,48000
20081018,Dano,20081011,0.5482448,False,mannelijk,jeugd,algemeen Nederlands,n/a,headsetmicrofoon,48000
20081018,Dano,20081011,0.47563475,False,mannelijk,jeugd,algemeen Nederlands,n/a,headsetmicrofoon,48000
20081018,Dano,20081011,0.64589787,False,mannelijk,jeugd,algemeen Nederlands,n/a,headsetmicrofoon,48000
20081018,Dano,20081011,0.519748,False,mannelijk,jeugd,algemeen Nederlands,n/a,headsetmicrofoon,48000
20081018,Dano,20081011,0.5487493,False,mannelijk,jeugd,algemeen Nederlands,n/a,headsetmicrofoon,48000
20081018,Dano,20081011,0.47880343,False,mannelijk,jeugd,algemeen Nederlands,n/a,headsetmicrofoon,48000
20081018,Dano,20081011,0.59603274,False,mannelijk,jeugd,algemeen Nederlands,n/a,headsetmicrofoon,48000
20081018,Dano,20081011,0.5730185,False,mannelijk,jeugd,algemeen Nederlands,n/a,headsetmicrofoon,48000
20081018,Dano,20081011,0.56156826,False,mannelijk,jeugd,algemeen Nederlands,n/a,headsetmicrofoon,48000
20081018,Dano,20081011,0.6353103,False,mannelijk,jeugd,algemeen Nederlands,n/a,headsetmicrofoon,48000
20081018,Dano,20081011,0.6391581,False,mannelijk,jeugd,algemeen Nederlands,n/a,headsetmicrofoon,48000
20081018,Dano,20081011,0.5984779,False,mannelijk,jeugd,algemeen Nederlands,n/a,headsetmicrofoon,48000
20081018,Dano,20081011,0.5576693,False,mannelijk,jeugd,algemeen Nederlands,n/a,headsetmicrofoon,48000
20081018,Dano,20081011,0.49425575,False,mannelijk,jeugd,algemeen Nederlands,n/a,headsetmicrofoon,48000
20081018,Dano,20081011,0.58333415,False,mannelijk,jeugd,algemeen Nederlands,n/a,headsetmicrofoon,48000
20081018,Dano,20081011,0.5606791,False,mannelijk,jeugd,algemeen Nederlands,n/a,headsetmicrofoon,48000
20081018,Dano,20081011,0.52513254,False,mannelijk,jeugd,algemeen Nederlands,n/a,headsetmicrofoon,48000
20081018,Dano,20081011,0.67106843,False,mannelijk,jeugd,algemeen Nederlands,n/a,headsetmicrofoon,48000
20081018,Dano,20081011,0.60672796,False,mannelijk,jeugd,algemeen Nederlands,n/a,headsetmicrofoon,48000
20081018,Dano,20081011,0.57162786,False,mannelijk,jeugd,algemeen Nederlands,n/a,headsetmicrofoon,48000
20081018,Dano,20081011,0.67210394,False,mannelijk,jeugd,algemeen Nederlands,n/a,headsetmicrofoon,48000
20081018,Dano,20081011,0.6044104,False,mannelijk,jeugd,algemeen Nederlands,n/a,headsetmicrofoon,48000
20081018,Dano,20081011,0.53473526,False,mannelijk,jeugd,algemeen Nederlands,n/a,headsetmicrofoon,48000
20081018,Dano,20081011,0.55614305,False,mannelijk,jeugd,algemeen Nederlands,n/a,headsetmicrofoon,48000
20081018,Dano,20081011,0.6822932,False,mannelijk,jeugd,algemeen Nederlands,n/a,headsetmicrofoon,48000
20081018,Dano,20081011,0.62746096,False,mannelijk,jeugd,algemeen Nederlands,n/a,headsetmicrofoon,48000
20081018,Dano,20081011,0.6265193,False,mannelijk,jeugd,algemeen Nederlands,n/a,headsetmicrofoon,48000
20081018,Dano,20081011,0.5373499,False,mannelijk,jeugd,algemeen Nederlands,n/a,headsetmicrofoon,48000
20081018,Dano,20081011,0.5305277,False,mannelijk,jeugd,algemeen Nederlands,n/a,headsetmicrofoon,48000
20081018,Dano,20081011,0.6063769,False,mannelijk,jeugd,algemeen Nederlands,n/a,headsetmicrofoon,48000
20081018,Dano,20081011,0.62304664,False,mannelijk,jeugd,algemeen Nederlands,n/a,headsetmicrofoon,48000
20081018,Dano,20081011,0.63009304,False,mannelijk,jeugd,algemeen Nederlands,n/a,headsetmicrofoon,48000
20081018,Dano,20081011,0.5963206,False,mannelijk,jeugd,algemeen Nederlands,n/a,headsetmicrofoon,48000
20081018,Dano,20081011,0.6290727,False,mannelijk,jeugd,algemeen Nederlands,n/a,headsetmicrofoon,48000
20081018,Dano,20081011,0.5840453,False,mannelijk,jeugd,algemeen Nederlands,n/a,headsetmicrofoon,48000
20081018,Dano,20081011,0.59466946,False,mannelijk,jeugd,algemeen Nederlands,n/a,headsetmicrofoon,48000
20081018,Dano,20081011,0.5451055,False,mannelijk,jeugd,algemeen Nederlands,n/a,headsetmicrofoon,48000
20081018,Dano,20081011,0.5744948,False,mannelijk,jeugd,algemeen Nederlands,n/a,headsetmicrofoon,48000
20081018,Dano,20081011,0.5558363,False,mannelijk,jeugd,algemeen Nederlands,n/a,headsetmicrofoon,48000
20081018,Dano,20081011,0.5649316,False,mannelijk,jeugd,algemeen Nederlands,n/a,headsetmicrofoon,48000
20081018,Dano,20081011,0.5303978,False,mannelijk,jeugd,algemeen Nederlands,n/a,headsetmicrofoon,48000
20081018,Dano,20081011,0.5939993,False,mannelijk,jeugd,algemeen Nederlands,n/a,headsetmicrofoon,48000
20081018,Dano,20081011,0.5815012,False,mannelijk,jeugd,algemeen Nederlands,n/a,headsetmicrofoon,48000
20081105,Dano,20080301,0.6387287,False,mannelijk,jeugd,Zuidoostelijk,n/a,headsetmicrofoon,48000
20081105,Dano,20081018,0.6428418,False,mannelijk,jeugd,Zuidoostelijk,n/a,headsetmicrofoon,48000
20081105,Dano,20090617,0.6972197,False,mannelijk,jeugd,Zuidoostelijk,n/a,headsetmicrofoon,48000
20081105,Dano,20090617,0.60591394,False,mannelijk,jeugd,Zuidoostelijk,n/a,headsetmicrofoon,48000
20081105,Dano,20081018,0.67201704,False,mannelijk,jeugd,Zuidoostelijk,n/a,headsetmicrofoon,48000
20081105,Dano,20090617,0.69137025,False,mannelijk,jeugd,Zuidoostelijk,n/a,headsetmicrofoon,48000
20081105,Dano,20081018,0.6831823,False,mannelijk,jeugd,Zuidoostelijk,n/a,headsetmicrofoon,48000
20081105,Dano,20081018,0.53490746,False,mannelijk,jeugd,Zuidoostelijk,n/a,headsetmicrofoon,48000
20081105,Dano,20081018,0.651677,False,mannelijk,jeugd,Zuidoostelijk,n/a,headsetmicrofoon,48000
20081105,Dano,20081018,0.6256151,False,mannelijk,jeugd,Zuidoostelijk,n/a,headsetmicrofoon,48000
20081105,Dano,20081018,0.658339,False,mannelijk,jeugd,Zuidoostelijk,n/a,headsetmicrofoon,48000
20081105,Dano,20081018,0.6179897,False,mannelijk,jeugd,Zuidoostelijk,n/a,headsetmicrofoon,48000
20081105,Dano,20081018,0.7063846,False,mannelijk,jeugd,Zuidoostelijk,n/a,headsetmicrofoon,48000
20081105,Dano,20081018,0.70970595,False,mannelijk,jeugd,Zuidoostelijk,n/a,headsetmicrofoon,48000
20081105,Dano,20081018,0.73282146,False,mannelijk,jeugd,Zuidoostelijk,n/a,headsetmicrofoon,48000
20081105,Dano,20090617,0.6576787,False,mannelijk,jeugd,Zuidoostelijk,n/a,headsetmicrofoon,48000
20081105,Dano,20081018,0.7199017,False,mannelijk,jeugd,Zuidoostelijk,n/a,headsetmicrofoon,48000
20081105,Dano,20080301,0.64964163,False,mannelijk,jeugd,Zuidoostelijk,n/a,headsetmicrofoon,48000
20081105,Dano,20081018,0.65951085,False,mannelijk,jeugd,Zuidoostelijk,n/a,headsetmicrofoon,48000
20081105,Dano,20081018,0.7203271,False,mannelijk,jeugd,Zuidoostelijk,n/a,headsetmicrofoon,48000
20081105,Dano,20081018,0.7072588,False,mannelijk,jeugd,Zuidoostelijk,n/a,headsetmicrofoon,48000
20081105,Dano,20081018,0.6387044,False,mannelijk,jeugd,Zuidoostelijk,n/a,headsetmicrofoon,48000
20081105,Dano,20090617,0.5771518,False,mannelijk,jeugd,Zuidoostelijk,n/a,headsetmicrofoon,48000
20081105,Dano,20081018,0.4821126,False,mannelijk,jeugd,Zuidoostelijk,n/a,headsetmicrofoon,48000
20081105,Dano,20081018,0.67891604,False,mannelijk,jeugd,Zuidoostelijk,n/a,headsetmicrofoon,48000
20081105,Dano,20090617,0.68931913,False,mannelijk,jeugd,Zuidoostelijk,n/a,headsetmicrofoon,48000
20081105,Dano,20081018,0.68578523,False,mannelijk,jeugd,Zuidoostelijk,n/a,headsetmicrofoon,48000
20081105,Dano,20081018,0.6479334,False,mannelijk,jeugd,Zuidoostelijk,n/a,headsetmicrofoon,48000
20081105,Dano,20081018,0.72125393,False,mannelijk,jeugd,Zuidoostelijk,n/a,headsetmicrofoon,48000
20100110,Dantheman,20100110,0.7295016,True,mannelijk,volwassen,algemeen Nederlands,n/a,headsetmicrofoon,48000
20100110,Dantheman,20091213,0.590002,False,mannelijk,volwassen,algemeen Nederlands,n/a,headsetmicrofoon,48000
20100110,Dantheman,20100110,0.7726446,True,mannelijk,volwassen,algemeen Nederlands,n/a,headsetmicrofoon,48000
20100110,Dantheman,20100110,0.7183648,True,mannelijk,volwassen,algemeen Nederlands,n/a,headsetmicrofoon,48000
20100110,Dantheman,20100110,0.74127907,True,mannelijk,volwassen,algemeen Nederlands,n/a,headsetmicrofoon,48000
20100110,Dantheman,20100110,0.73298573,True,mannelijk,volwassen,algemeen Nederlands,n/a,headsetmicrofoon,48000
20100110,Dantheman,20100110,0.73945117,True,mannelijk,volwassen,algemeen Nederlands,n/a,headsetmicrofoon,48000
20100110,Dantheman,20100110,0.7346659,True,mannelijk,volwassen,algemeen Nederlands,n/a,headsetmicrofoon,48000
20100110,Dantheman,20100110,0.65721667,True,mannelijk,volwassen,algemeen Nederlands,n/a,headsetmicrofoon,48000
20100110,Dantheman,20100110,0.725572,True,mannelijk,volwassen,algemeen Nederlands,n/a,headsetmicrofoon,48000
20100110,Dantheman,20100110,0.72434145,True,mannelijk,volwassen,algemeen Nederlands,n/a,headsetmicrofoon,48000
20100110,Dantheman,20100110,0.65817446,True,mannelijk,volwassen,algemeen Nederlands,n/a,headsetmicrofoon,48000
20100110,Dantheman,20100110,0.81657714,True,mannelijk,volwassen,algemeen Nederlands,n/a,headsetmicrofoon,48000
20100110,Dantheman,20100110,0.7645676,True,mannelijk,volwassen,algemeen Nederlands,n/a,headsetmicrofoon,48000
20100110,Dantheman,20100110,0.72667074,True,mannelijk,volwassen,algemeen Nederlands,n/a,headsetmicrofoon,48000
20100110,Dantheman,20100110,0.640381,True,mannelijk,volwassen,algemeen Nederlands,n/a,headsetmicrofoon,48000
20100110,Dantheman,20100110,0.7832097,True,mannelijk,volwassen,algemeen Nederlands,n/a,headsetmicrofoon,48000
20100110,Dantheman,20100110,0.7766752,True,mannelijk,volwassen,algemeen Nederlands,n/a,headsetmicrofoon,48000
20100110,Dantheman,20100110,0.65394187,True,mannelijk,volwassen,algemeen Nederlands,n/a,headsetmicrofoon,48000
20100725,Dantheman,20100110,0.64869833,False,mannelijk,volwassen,algemeen Nederlands,n/a,headsetmicrofoon (USB),48000
20100725,Dantheman,20130407,0.5853844,False,mannelijk,volwassen,algemeen Nederlands,n/a,headsetmicrofoon (USB),48000
20100725,Dantheman,20100110,0.6196863,False,mannelijk,volwassen,algemeen Nederlands,n/a,headsetmicrofoon (USB),48000
20100725,Dantheman,20091213,0.62839043,False,mannelijk,volwassen,algemeen Nederlands,n/a,headsetmicrofoon (USB),48000
20100725,Dantheman,20100110,0.6855607,False,mannelijk,volwassen,algemeen Nederlands,n/a,headsetmicrofoon (USB),48000
20100725,Dantheman,20100110,0.6411526,False,mannelijk,volwassen,algemeen Nederlands,n/a,headsetmicrofoon (USB),48000
20100725,Dantheman,20100110,0.6713798,False,mannelijk,volwassen,algemeen Nederlands,n/a,headsetmicrofoon (USB),48000
20100725,Dantheman,20100110,0.6033156,False,mannelijk,volwassen,algemeen Nederlands,n/a,headsetmicrofoon (USB),48000
20100725,Dantheman,20130407,0.54855365,False,mannelijk,volwassen,algemeen Nederlands,n/a,headsetmicrofoon (USB),48000
20100725,Dantheman,20130407,0.6063301,False,mannelijk,volwassen,algemeen Nederlands,n/a,headsetmicrofoon (USB),48000
20100725,Dantheman,20100110,0.6568706,False,mannelijk,volwassen,algemeen Nederlands,n/a,headsetmicrofoon (USB),48000
20100725,Dantheman,20100110,0.6929008,False,mannelijk,volwassen,algemeen Nederlands,n/a,headsetmicrofoon (USB),48000
20100725,Dantheman,20100110,0.67274284,False,mannelijk,volwassen,algemeen Nederlands,n/a,headsetmicrofoon (USB),48000
20100725,Dantheman,20100110,0.6689117,False,mannelijk,volwassen,algemeen Nederlands,n/a,headsetmicrofoon (USB),48000
20100725,Dantheman,20100110,0.73145366,False,mannelijk,volwassen,algemeen Nederlands,n/a,headsetmicrofoon (USB),48000
20100725,Dantheman,20100110,0.65271604,False,mannelijk,volwassen,algemeen Nederlands,n/a,headsetmicrofoon (USB),48000
20130407,DantheMan,20091213,0.6065694,False,mannelijk,volwassen,algemeen Nederlands,n/a,headsetmicrofoon (USB),48000
20100725,Dantheman,20091213,0.64317584,False,mannelijk,volwassen,algemeen Nederlands,n/a,headsetmicrofoon (USB),48000
20100725,Dantheman,20100110,0.6192341,False,mannelijk,volwassen,algemeen Nederlands,n/a,headsetmicrofoon (USB),48000
20100725,Dantheman,20100110,0.7192597,False,mannelijk,volwassen,algemeen Nederlands,n/a,headsetmicrofoon (USB),48000
20130407,DantheMan,20091213,0.53968406,False,mannelijk,volwassen,algemeen Nederlands,n/a,headsetmicrofoon (USB),48000
20130407,DantheMan,20091213,0.59469336,False,mannelijk,volwassen,algemeen Nederlands,n/a,headsetmicrofoon (USB),48000
20130407,DantheMan,20130407,0.61800647,True,mannelijk,volwassen,algemeen Nederlands,n/a,headsetmicrofoon (USB),48000
20130407,DantheMan,20091213,0.6009102,False,mannelijk,volwassen,algemeen Nederlands,n/a,headsetmicrofoon (USB),48000
20130407,DantheMan,20091213,0.66877043,False,mannelijk,volwassen,algemeen Nederlands,n/a,headsetmicrofoon (USB),48000
20130407,DantheMan,20130407,0.6855116,True,mannelijk,volwassen,algemeen Nederlands,n/a,headsetmicrofoon (USB),48000
20130407,DantheMan,20130407,0.56543744,True,mannelijk,volwassen,algemeen Nederlands,n/a,headsetmicrofoon (USB),48000
20130407,DantheMan,20091213,0.5968855,False,mannelijk,volwassen,algemeen Nederlands,n/a,headsetmicrofoon (USB),48000
20130407,DantheMan,20091213,0.60066175,False,mannelijk,volwassen,algemeen Nederlands,n/a,headsetmicrofoon (USB),48000
20130407,DantheMan,20130407,0.65757716,True,mannelijk,volwassen,algemeen Nederlands,n/a,headsetmicrofoon (USB),48000
20130407,DantheMan,20091213,0.6538822,False,mannelijk,volwassen,algemeen Nederlands,n/a,headsetmicrofoon (USB),48000
20130407,DantheMan,20130407,0.7121737,True,mannelijk,volwassen,algemeen Nederlands,n/a,headsetmicrofoon (USB),48000
20130407,DantheMan,20130407,0.74374914,True,mannelijk,volwassen,algemeen Nederlands,n/a,headsetmicrofoon (USB),48000
20130407,DantheMan,20100110,0.673501,False,mannelijk,volwassen,algemeen Nederlands,n/a,headsetmicrofoon (USB),48000
20130407,DantheMan,20130407,0.609012,True,mannelijk,volwassen,algemeen Nederlands,n/a,headsetmicrofoon (USB),48000
20130407,DantheMan,20130407,0.70637536,True,mannelijk,volwassen,algemeen Nederlands,n/a,headsetmicrofoon (USB),48000
20130407,DantheMan,20091213,0.57468307,False,mannelijk,volwassen,algemeen Nederlands,n/a,headsetmicrofoon (USB),48000
20130407,DantheMan,20130407,0.6644221,True,mannelijk,volwassen,algemeen Nederlands,n/a,headsetmicrofoon (USB),48000
20130407,DantheMan,20130407,0.63849974,True,mannelijk,volwassen,algemeen Nederlands,n/a,headsetmicrofoon (USB),48000
20130407,DantheMan,20091213,0.64025015,False,mannelijk,volwassen,algemeen Nederlands,n/a,headsetmicrofoon (USB),48000
20130407,DantheMan,20091213,0.64524233,False,mannelijk,volwassen,algemeen Nederlands,n/a,headsetmicrofoon (USB),48000
20130407,DantheMan,20091213,0.65080583,False,mannelijk,volwassen,algemeen Nederlands,n/a,headsetmicrofoon (USB),48000
20130407,DantheMan,20130407,0.697022,True,mannelijk,volwassen,algemeen Nederlands,n/a,headsetmicrofoon (USB),48000
20130407,DantheMan,20130407,0.65256,True,mannelijk,volwassen,algemeen Nederlands,n/a,headsetmicrofoon (USB),48000
20130407,DantheMan,20091213,0.50835323,False,mannelijk,volwassen,algemeen Nederlands,n/a,headsetmicrofoon (USB),48000
20130407,DantheMan,20091213,0.7051525,False,mannelijk,volwassen,algemeen Nederlands,n/a,headsetmicrofoon (USB),48000
20130407,DantheMan,20130407,0.5506702,True,mannelijk,volwassen,algemeen Nederlands,n/a,headsetmicrofoon (USB),48000
20130407,DantheMan,20091213,0.62925005,False,mannelijk,volwassen,algemeen Nederlands,n/a,headsetmicrofoon (USB),48000
20170801,darend,20170801,0.5936217,True,mannelijk,volwassen,Noordwestelijk,n/a,other,48000
20170801,darend,20170801,0.82602215,True,mannelijk,volwassen,Noordwestelijk,n/a,other,48000
20170801,darend,20170801,0.74116063,True,mannelijk,volwassen,Noordwestelijk,n/a,other,48000
20170801,darend,20170801,0.6562523,True,mannelijk,volwassen,Noordwestelijk,n/a,other,48000
20170801,darend,20170801,0.8330441,True,mannelijk,volwassen,Noordwestelijk,n/a,other,48000
20170801,darend,20170801,0.7453232,True,mannelijk,volwassen,Noordwestelijk,n/a,other,48000
20170801,darend,20170801,0.7321218,True,mannelijk,volwassen,Noordwestelijk,n/a,other,48000
20080205,dekeijzer,20080205,0.57147694,True,mannelijk,volwassen,algemeen Nederlands,n/a,anders,48000
20080205,dekeijzer,20080205,0.59957117,True,mannelijk,volwassen,algemeen Nederlands,n/a,anders,48000
20170801,darend,20170801,0.7198814,True,mannelijk,volwassen,Noordwestelijk,n/a,other,48000
20170801,darend,20080912,0.5110559,False,mannelijk,volwassen,Noordwestelijk,n/a,other,48000
20080205,dekeijzer,20080205,0.60824955,True,mannelijk,volwassen,algemeen Nederlands,n/a,anders,48000
20080205,dekeijzer,20080711,0.47050345,False,mannelijk,volwassen,algemeen Nederlands,n/a,anders,48000
20080205,dekeijzer,20080205,0.59544766,True,mannelijk,volwassen,algemeen Nederlands,n/a,anders,48000
20080205,dekeijzer,20080205,0.5516656,True,mannelijk,volwassen,algemeen Nederlands,n/a,anders,48000
20080205,dekeijzer,20080205,0.36864847,True,mannelijk,volwassen,algemeen Nederlands,n/a,anders,48000
20080205,dekeijzer,20080205,0.9999306,True,mannelijk,volwassen,algemeen Nederlands,n/a,anders,48000
20080205,dekeijzer,20080205,0.5283158,True,mannelijk,volwassen,algemeen Nederlands,n/a,anders,48000
20080205,dekeijzer,20080205,0.63093936,True,mannelijk,volwassen,algemeen Nederlands,n/a,anders,48000
20080205,dekeijzer,20080205,0.69569314,True,mannelijk,volwassen,algemeen Nederlands,n/a,anders,48000
20080205,dekeijzer,20080205,0.71035737,True,mannelijk,volwassen,algemeen Nederlands,n/a,anders,48000
20080205,dekeijzer,20080205,0.6780205,True,mannelijk,volwassen,algemeen Nederlands,n/a,anders,48000
20080205,dekeijzer,20080205,0.7355298,True,mannelijk,volwassen,algemeen Nederlands,n/a,anders,48000
20080205,dekeijzer,20080205,0.9887346,True,mannelijk,volwassen,algemeen Nederlands,n/a,anders,48000
20080205,dekeijzer,20080205,0.68024766,True,mannelijk,volwassen,algemeen Nederlands,n/a,anders,48000
20080205,dekeijzer,20080205,0.7128347,True,mannelijk,volwassen,algemeen Nederlands,n/a,anders,48000
20080205,dekeijzer,20080205,0.7949134,True,mannelijk,volwassen,algemeen Nederlands,n/a,anders,48000
20080205,dekeijzer,20080205,0.705772,True,mannelijk,volwassen,algemeen Nederlands,n/a,anders,48000
20080205,dekeijzer,20080205,0.5969753,True,mannelijk,volwassen,algemeen Nederlands,n/a,anders,48000
20080205,dekeijzer,20080205,0.76090515,True,mannelijk,volwassen,algemeen Nederlands,n/a,anders,48000
20080205,dekeijzer,20080205,0.6546139,True,mannelijk,volwassen,algemeen Nederlands,n/a,anders,48000
20080205,dekeijzer,20080205,0.68992853,True,mannelijk,volwassen,algemeen Nederlands,n/a,anders,48000
20080205,dekeijzer,20080205,0.6157032,True,mannelijk,volwassen,algemeen Nederlands,n/a,anders,48000
20080205,dekeijzer,20080205,0.7284749,True,mannelijk,volwassen,algemeen Nederlands,n/a,anders,48000
20080205,dekeijzer,20080205,0.68250906,True,mannelijk,volwassen,algemeen Nederlands,n/a,anders,48000
20091213,DJNL,20091213,0.69193363,True,mannelijk,volwassen,algemeen Nederlands,n/a,headsetmicrofoon,48000
20091213,DJNL,20091213,0.7085638,True,mannelijk,volwassen,algemeen Nederlands,n/a,headsetmicrofoon,48000
20091213,DJNL,20091213,0.736112,True,mannelijk,volwassen,algemeen Nederlands,n/a,headsetmicrofoon,48000
20091213,DJNL,20091213,0.69337523,True,mannelijk,volwassen,algemeen Nederlands,n/a,headsetmicrofoon,48000
20091213,DJNL,20091213,0.7311783,True,mannelijk,volwassen,algemeen Nederlands,n/a,headsetmicrofoon,48000
20080205,dekeijzer,20080205,0.6589118,True,mannelijk,volwassen,algemeen Nederlands,n/a,anders,48000
20091213,DJNL,20100110,0.6423548,False,mannelijk,volwassen,algemeen Nederlands,n/a,headsetmicrofoon,48000
20091213,DJNL,20091213,0.60258716,True,mannelijk,volwassen,algemeen Nederlands,n/a,headsetmicrofoon,48000
20091213,DJNL,20091213,0.68416643,True,mannelijk,volwassen,algemeen Nederlands,n/a,headsetmicrofoon,48000
20091213,DJNL,20091213,0.66893286,True,mannelijk,volwassen,algemeen Nederlands,n/a,headsetmicrofoon,48000
20150731,Eelco,20150731,0.6954239,True,mannelijk,volwassen,Zuidoostelijk,n/a,microfoon in laptop,48000
20150731,Eelco,20150731,0.7491003,True,mannelijk,volwassen,Zuidoostelijk,n/a,microfoon in laptop,48000
20150731,Eelco,20150731,0.7549355,True,mannelijk,volwassen,Zuidoostelijk,n/a,microfoon in laptop,48000
20150731,Eelco,20150731,0.7282673,True,mannelijk,volwassen,Zuidoostelijk,n/a,microfoon in laptop,48000
20150731,Eelco,20150731,0.7762728,True,mannelijk,volwassen,Zuidoostelijk,n/a,microfoon in laptop,48000
20150731,Eelco,20150731,0.5995025,True,mannelijk,volwassen,Zuidoostelijk,n/a,microfoon in laptop,48000
20150731,Eelco,20150731,0.7800366,True,mannelijk,volwassen,Zuidoostelijk,n/a,microfoon in laptop,48000
20150731,Eelco,20150731,0.76928926,True,mannelijk,volwassen,Zuidoostelijk,n/a,microfoon in laptop,48000
20150731,Eelco,20150731,0.62485147,True,mannelijk,volwassen,Zuidoostelijk,n/a,microfoon in laptop,48000
20140323,fin,20140323,0.54220474,True,mannelijk,volwassen,algemeen Nederlands,n/a,headsetmicrofoon,48000
20140323,fin,20140323,0.49565572,True,mannelijk,volwassen,algemeen Nederlands,n/a,headsetmicrofoon,48000
20140323,fin,20140323,0.4280421,True,mannelijk,volwassen,algemeen Nederlands,n/a,headsetmicrofoon,48000
20140323,fin,20131123,0.4330166,False,mannelijk,volwassen,algemeen Nederlands,n/a,headsetmicrofoon,48000
20140323,fin,20140323,0.61722004,True,mannelijk,volwassen,algemeen Nederlands,n/a,headsetmicrofoon,48000
20140323,fin,20140323,0.57109547,True,mannelijk,volwassen,algemeen Nederlands,n/a,headsetmicrofoon,48000
20140323,fin,20131120,0.5201522,False,mannelijk,volwassen,algemeen Nederlands,n/a,headsetmicrofoon,48000
20140323,fin,20140323,0.5477394,True,mannelijk,volwassen,algemeen Nederlands,n/a,headsetmicrofoon,48000
20140323,fin,20140323,0.44877124,True,mannelijk,volwassen,algemeen Nederlands,n/a,headsetmicrofoon,48000
20140323,fin,20140323,0.6237829,True,mannelijk,volwassen,algemeen Nederlands,n/a,headsetmicrofoon,48000
20140323,fin,20131123,0.48117405,False,mannelijk,volwassen,algemeen Nederlands,n/a,headsetmicrofoon,48000
20140323,fin,20131120,0.56892854,False,mannelijk,volwassen,algemeen Nederlands,n/a,headsetmicrofoon,48000
20140323,fin,20131123,0.420046,False,mannelijk,volwassen,algemeen Nederlands,n/a,headsetmicrofoon,48000
20140323,fin,20140323,0.57549286,True,mannelijk,volwassen,algemeen Nederlands,n/a,headsetmicrofoon,48000
20140323,fin,20140323,0.69361395,True,mannelijk,volwassen,algemeen Nederlands,n/a,headsetmicrofoon,48000
20140323,fin,20131120,0.50428987,False,mannelijk,volwassen,algemeen Nederlands,n/a,headsetmicrofoon,48000
20140323,fin,20131120,0.5941019,False,mannelijk,volwassen,algemeen Nederlands,n/a,headsetmicrofoon,48000
20140323,fin,20140323,0.52856845,True,mannelijk,volwassen,algemeen Nederlands,n/a,headsetmicrofoon,48000
20140323,fin,20131120,0.6175968,False,mannelijk,volwassen,algemeen Nederlands,n/a,headsetmicrofoon,48000
20140323,fin,20131120,0.59745425,False,mannelijk,volwassen,algemeen Nederlands,n/a,headsetmicrofoon,48000
20140323,fin,20140323,0.55576336,True,mannelijk,volwassen,algemeen Nederlands,n/a,headsetmicrofoon,48000
20140323,fin,20131120,0.51425236,False,mannelijk,volwassen,algemeen Nederlands,n/a,headsetmicrofoon,48000
20140323,fin,20131120,0.57619786,False,mannelijk,volwassen,algemeen Nederlands,n/a,headsetmicrofoon,48000
20140323,fin,20131120,0.5033512,False,mannelijk,volwassen,algemeen Nederlands,n/a,headsetmicrofoon,48000
20140323,fin,20131123,0.47146946,False,mannelijk,volwassen,algemeen Nederlands,n/a,headsetmicrofoon,48000
20140323,fin,20140323,0.4684548,True,mannelijk,volwassen,algemeen Nederlands,n/a,headsetmicrofoon,48000
20140323,fin,20140323,0.49947783,True,mannelijk,volwassen,algemeen Nederlands,n/a,headsetmicrofoon,48000
20140323,fin,20131120,0.40931267,False,mannelijk,volwassen,algemeen Nederlands,n/a,headsetmicrofoon,48000
20140323,fin,20131120,0.5210302,False,mannelijk,volwassen,algemeen Nederlands,n/a,headsetmicrofoon,48000
20140323,fin,20131120,0.66622514,False,mannelijk,volwassen,algemeen Nederlands,n/a,headsetmicrofoon,48000
20140323,fin,20140323,0.5969596,True,mannelijk,volwassen,algemeen Nederlands,n/a,headsetmicrofoon,48000
20140323,fin,20140323,0.5626181,True,mannelijk,volwassen,algemeen Nederlands,n/a,headsetmicrofoon,48000
20140323,fin,20131120,0.648765,False,mannelijk,volwassen,algemeen Nederlands,n/a,headsetmicrofoon,48000
20140323,fin,20131120,0.5659578,False,mannelijk,volwassen,algemeen Nederlands,n/a,headsetmicrofoon,48000
20140323,fin,20140323,0.66605544,True,mannelijk,volwassen,algemeen Nederlands,n/a,headsetmicrofoon,48000
20140323,fin,20131120,0.6000707,False,mannelijk,volwassen,algemeen Nederlands,n/a,headsetmicrofoon,48000
20140323,fin,20131120,0.56882614,False,mannelijk,volwassen,algemeen Nederlands,n/a,headsetmicrofoon,48000
20140323,fin,20140323,0.6176765,True,mannelijk,volwassen,algemeen Nederlands,n/a,headsetmicrofoon,48000
20080912,fvdbeek,20080912,0.7656759,True,mannelijk,volwassen,Noordelijk-centraal,n/a,headsetmicrofoon,48000
20140323,fin,20140323,0.50291395,True,mannelijk,volwassen,algemeen Nederlands,n/a,headsetmicrofoon,48000
20080912,fvdbeek,20080912,0.69578505,True,mannelijk,volwassen,Noordelijk-centraal,n/a,headsetmicrofoon,48000
20080912,fvdbeek,20080912,0.7157366,True,mannelijk,volwassen,Noordelijk-centraal,n/a,headsetmicrofoon,48000
20080912,fvdbeek,20080912,0.7621468,True,mannelijk,volwassen,Noordelijk-centraal,n/a,headsetmicrofoon,48000
20080912,fvdbeek,20080912,0.71540415,True,mannelijk,volwassen,Noordelijk-centraal,n/a,headsetmicrofoon,48000
20080912,fvdbeek,20080912,0.73451084,True,mannelijk,volwassen,Noordelijk-centraal,n/a,headsetmicrofoon,48000
20080912,fvdbeek,20080912,0.75256586,True,mannelijk,volwassen,Noordelijk-centraal,n/a,headsetmicrofoon,48000
20080912,fvdbeek,20080912,0.73916674,True,mannelijk,volwassen,Noordelijk-centraal,n/a,headsetmicrofoon,48000
20080912,fvdbeek,20080912,0.68459773,True,mannelijk,volwassen,Noordelijk-centraal,n/a,headsetmicrofoon,48000
20080912,fvdbeek,20080912,0.73733103,True,mannelijk,volwassen,Noordelijk-centraal,n/a,headsetmicrofoon,48000
20080912,fvdbeek,20080912,0.73500025,True,mannelijk,volwassen,Noordelijk-centraal,n/a,headsetmicrofoon,48000
20080912,fvdbeek,20080912,0.69015765,True,mannelijk,volwassen,Noordelijk-centraal,n/a,headsetmicrofoon,48000
20080912,fvdbeek,20080912,0.5709348,True,mannelijk,volwassen,Noordelijk-centraal,n/a,headsetmicrofoon,48000
20080912,fvdbeek,20080912,0.7563173,True,mannelijk,volwassen,Noordelijk-centraal,n/a,headsetmicrofoon,48000
20080912,fvdbeek,20080912,0.7597935,True,mannelijk,volwassen,Noordelijk-centraal,n/a,headsetmicrofoon,48000
20080912,fvdbeek,20080912,0.60561836,True,mannelijk,volwassen,Noordelijk-centraal,n/a,headsetmicrofoon,48000
20080912,fvdbeek,20080912,0.73288244,True,mannelijk,volwassen,Noordelijk-centraal,n/a,headsetmicrofoon,48000
20080912,fvdbeek,20080912,0.699937,True,mannelijk,volwassen,Noordelijk-centraal,n/a,headsetmicrofoon,48000
20080912,fvdbeek,20080912,0.6762179,True,mannelijk,volwassen,Noordelijk-centraal,n/a,headsetmicrofoon,48000
20080912,fvdbeek,20080912,0.7226403,True,mannelijk,volwassen,Noordelijk-centraal,n/a,headsetmicrofoon,48000
20080912,fvdbeek,20080912,0.71319246,True,mannelijk,volwassen,Noordelijk-centraal,n/a,headsetmicrofoon,48000
20080912,fvdbeek,20080912,0.66305435,True,mannelijk,volwassen,Noordelijk-centraal,n/a,headsetmicrofoon,48000
20080912,fvdbeek,20080912,0.71744645,True,mannelijk,volwassen,Noordelijk-centraal,n/a,headsetmicrofoon,48000
20080912,fvdbeek,20080912,0.7154354,True,mannelijk,volwassen,Noordelijk-centraal,n/a,headsetmicrofoon,48000
20080912,fvdbeek,20080912,0.67914295,True,mannelijk,volwassen,Noordelijk-centraal,n/a,headsetmicrofoon,48000
20080912,fvdbeek,20080912,0.6455176,True,mannelijk,volwassen,Noordelijk-centraal,n/a,headsetmicrofoon,48000
20080912,fvdbeek,20080912,0.708702,True,mannelijk,volwassen,Noordelijk-centraal,n/a,headsetmicrofoon,48000
20080912,fvdbeek,20080912,0.64685,True,mannelijk,volwassen,Noordelijk-centraal,n/a,headsetmicrofoon,48000
20080912,fvdbeek,20080912,0.7820569,True,mannelijk,volwassen,Noordelijk-centraal,n/a,headsetmicrofoon,48000
20080912,fvdbeek,20080912,0.7041158,True,mannelijk,volwassen,Noordelijk-centraal,n/a,headsetmicrofoon,48000
20080912,fvdbeek,20080912,0.71964216,True,mannelijk,volwassen,Noordelijk-centraal,n/a,headsetmicrofoon,48000
20080912,fvdbeek,20080912,0.63611877,True,mannelijk,volwassen,Noordelijk-centraal,n/a,headsetmicrofoon,48000
20080912,fvdbeek,20080912,0.7370183,True,mannelijk,volwassen,Noordelijk-centraal,n/a,headsetmicrofoon,48000
20080912,fvdbeek,20080912,0.75611347,True,mannelijk,volwassen,Noordelijk-centraal,n/a,headsetmicrofoon,48000
20080912,fvdbeek,20080912,0.7572116,True,mannelijk,volwassen,Noordelijk-centraal,n/a,headsetmicrofoon,48000
20080912,fvdbeek,20080912,0.80260193,True,mannelijk,volwassen,Noordelijk-centraal,n/a,headsetmicrofoon,48000
20080912,fvdbeek,20080912,0.79680264,True,mannelijk,volwassen,Noordelijk-centraal,n/a,headsetmicrofoon,48000
20080912,fvdbeek,20080912,0.7009384,True,mannelijk,volwassen,Noordelijk-centraal,n/a,headsetmicrofoon,48000
20080912,fvdbeek,20080912,0.7692547,True,mannelijk,volwassen,Noordelijk-centraal,n/a,headsetmicrofoon,48000
20080912,fvdbeek,20080912,0.461881,True,mannelijk,volwassen,Noordelijk-centraal,n/a,headsetmicrofoon,48000
20080912,fvdbeek,20080912,0.7314875,True,mannelijk,volwassen,Noordelijk-centraal,n/a,headsetmicrofoon,48000
20080912,fvdbeek,20080912,0.7342869,True,mannelijk,volwassen,Noordelijk-centraal,n/a,headsetmicrofoon,48000
20080912,fvdbeek,20080912,0.600144,True,mannelijk,volwassen,Noordelijk-centraal,n/a,headsetmicrofoon,48000
20080912,fvdbeek,20080912,0.71064055,True,mannelijk,volwassen,Noordelijk-centraal,n/a,headsetmicrofoon,48000
20080912,fvdbeek,20080912,0.69810843,True,mannelijk,volwassen,Noordelijk-centraal,n/a,headsetmicrofoon,48000
20080912,fvdbeek,20080912,0.64277905,True,mannelijk,volwassen,Noordelijk-centraal,n/a,headsetmicrofoon,48000
20080912,fvdbeek,20080912,0.73449755,True,mannelijk,volwassen,Noordelijk-centraal,n/a,headsetmicrofoon,48000
20080912,fvdbeek,20080912,0.77007705,True,mannelijk,volwassen,Noordelijk-centraal,n/a,headsetmicrofoon,48000
20080912,fvdbeek,20080912,0.51140004,True,mannelijk,volwassen,Noordelijk-centraal,n/a,headsetmicrofoon,48000
20140528,geniekort,20140528,0.7894541,True,mannelijk,jeugd,algemeen Nederlands,n/a,bureaumicrofoon,48000
20140528,geniekort,20140528,0.66083986,True,mannelijk,jeugd,algemeen Nederlands,n/a,bureaumicrofoon,48000
20140528,geniekort,20140528,0.79322934,True,mannelijk,jeugd,algemeen Nederlands,n/a,bureaumicrofoon,48000
20140528,geniekort,20140528,0.7693433,True,mannelijk,jeugd,algemeen Nederlands,n/a,bureaumicrofoon,48000
20140528,geniekort,20140528,0.78532666,True,mannelijk,jeugd,algemeen Nederlands,n/a,bureaumicrofoon,48000
20140528,geniekort,20140528,0.8030437,True,mannelijk,jeugd,algemeen Nederlands,n/a,bureaumicrofoon,48000
20140528,geniekort,20140528,0.7487936,True,mannelijk,jeugd,algemeen Nederlands,n/a,bureaumicrofoon,48000
20140528,geniekort,20140528,0.80952394,True,mannelijk,jeugd,algemeen Nederlands,n/a,bureaumicrofoon,48000
20090423,Gerwin,20090423,0.6323011,True,mannelijk,jeugd,algemeen Nederlands,n/a,headsetmicrofoon,48000
20140528,geniekort,20140528,0.78100497,True,mannelijk,jeugd,algemeen Nederlands,n/a,bureaumicrofoon,48000
20090423,Gerwin,20090423,0.707158,True,mannelijk,jeugd,algemeen Nederlands,n/a,headsetmicrofoon,48000
20090423,Gerwin,20090423,0.71567625,True,mannelijk,jeugd,algemeen Nederlands,n/a,headsetmicrofoon,48000
20090423,Gerwin,20090423,0.64205,True,mannelijk,jeugd,algemeen Nederlands,n/a,headsetmicrofoon,48000
20090423,Gerwin,20090423,0.61195457,True,mannelijk,jeugd,algemeen Nederlands,n/a,headsetmicrofoon,48000
20090423,Gerwin,20090423,0.662733,True,mannelijk,jeugd,algemeen Nederlands,n/a,headsetmicrofoon,48000
20090423,Gerwin,20090423,0.6133141,True,mannelijk,jeugd,algemeen Nederlands,n/a,headsetmicrofoon,48000
20090423,Gerwin,20090423,0.6974874,True,mannelijk,jeugd,algemeen Nederlands,n/a,headsetmicrofoon,48000
20090423,Gerwin,20090423,0.59730744,True,mannelijk,jeugd,algemeen Nederlands,n/a,headsetmicrofoon,48000
20090423,Gerwin,20090423,0.613539,True,mannelijk,jeugd,algemeen Nederlands,n/a,headsetmicrofoon,48000
20090423,Gerwin,20090423,0.6553577,True,mannelijk,jeugd,algemeen Nederlands,n/a,headsetmicrofoon,48000
20090423,Gerwin,20090423,0.67861116,True,mannelijk,jeugd,algemeen Nederlands,n/a,headsetmicrofoon,48000
20090423,Gerwin,20090423,0.6876989,True,mannelijk,jeugd,algemeen Nederlands,n/a,headsetmicrofoon,48000
20090423,Gerwin,20090423,0.65144825,True,mannelijk,jeugd,algemeen Nederlands,n/a,headsetmicrofoon,48000
20090423,Gerwin,20090423,0.59701574,True,mannelijk,jeugd,algemeen Nederlands,n/a,headsetmicrofoon,48000
20090423,Gerwin,20090423,0.71082366,True,mannelijk,jeugd,algemeen Nederlands,n/a,headsetmicrofoon,48000
20090423,Gerwin,20090423,0.47020632,True,mannelijk,jeugd,algemeen Nederlands,n/a,headsetmicrofoon,48000
20090423,Gerwin,20090423,0.6836397,True,mannelijk,jeugd,algemeen Nederlands,n/a,headsetmicrofoon,48000
20090423,Gerwin,20090423,0.7009624,True,mannelijk,jeugd,algemeen Nederlands,n/a,headsetmicrofoon,48000
20090423,Gerwin,20090423,0.71112555,True,mannelijk,jeugd,algemeen Nederlands,n/a,headsetmicrofoon,48000
20090423,Gerwin,20090423,0.7450499,True,mannelijk,jeugd,algemeen Nederlands,n/a,headsetmicrofoon,48000
20090423,Gerwin,20090423,0.6771617,True,mannelijk,jeugd,algemeen Nederlands,n/a,headsetmicrofoon,48000
20090423,Gerwin,20090423,0.66955125,True,mannelijk,jeugd,algemeen Nederlands,n/a,headsetmicrofoon,48000
20090423,Gerwin,20090423,0.7120854,True,mannelijk,jeugd,algemeen Nederlands,n/a,headsetmicrofoon,48000
20090423,Gerwin,20090423,0.7181517,True,mannelijk,jeugd,algemeen Nederlands,n/a,headsetmicrofoon,48000
20090423,Gerwin,20090423,0.7232077,True,mannelijk,jeugd,algemeen Nederlands,n/a,headsetmicrofoon,48000
20090423,Gerwin,20090423,0.6773671,True,mannelijk,jeugd,algemeen Nederlands,n/a,headsetmicrofoon,48000
20090423,Gerwin,20090423,0.7714495,True,mannelijk,jeugd,algemeen Nederlands,n/a,headsetmicrofoon,48000
20090423,Gerwin,20090423,0.4129704,True,mannelijk,jeugd,algemeen Nederlands,n/a,headsetmicrofoon,48000
20090423,Gerwin,20090423,0.78302515,True,mannelijk,jeugd,algemeen Nederlands,n/a,headsetmicrofoon,48000
20090423,Gerwin,20090423,0.6956034,True,mannelijk,jeugd,algemeen Nederlands,n/a,headsetmicrofoon,48000
20090423,Gerwin,20090423,0.71957207,True,mannelijk,jeugd,algemeen Nederlands,n/a,headsetmicrofoon,48000
20090423,Gerwin,20090423,0.67983574,True,mannelijk,jeugd,algemeen Nederlands,n/a,headsetmicrofoon,48000
20090423,Gerwin,20090423,0.67907625,True,mannelijk,jeugd,algemeen Nederlands,n/a,headsetmicrofoon,48000
20090423,Gerwin,20090423,0.5183294,True,mannelijk,jeugd,algemeen Nederlands,n/a,headsetmicrofoon,48000
20090423,Gerwin,20090423,0.65417504,True,mannelijk,jeugd,algemeen Nederlands,n/a,headsetmicrofoon,48000
20090423,Gerwin,20090423,0.7198164,True,mannelijk,jeugd,algemeen Nederlands,n/a,headsetmicrofoon,48000
20090423,Gerwin,20090423,0.6507356,True,mannelijk,jeugd,algemeen Nederlands,n/a,headsetmicrofoon,48000
20090423,Gerwin,20090423,0.7101921,True,mannelijk,jeugd,algemeen Nederlands,n/a,headsetmicrofoon,48000
20090423,Gerwin,20090423,0.63343894,True,mannelijk,jeugd,algemeen Nederlands,n/a,headsetmicrofoon,48000
20090423,Gerwin,20090423,0.6289855,True,mannelijk,jeugd,algemeen Nederlands,n/a,headsetmicrofoon,48000
20090423,Gerwin,20090423,0.6313833,True,mannelijk,jeugd,algemeen Nederlands,n/a,headsetmicrofoon,48000
20090423,Gerwin,20090423,0.71892416,True,mannelijk,jeugd,algemeen Nederlands,n/a,headsetmicrofoon,48000
20090423,Gerwin,20090423,0.750031,True,mannelijk,jeugd,algemeen Nederlands,n/a,headsetmicrofoon,48000
20090423,Gerwin,20090423,0.71356714,True,mannelijk,jeugd,algemeen Nederlands,n/a,headsetmicrofoon,48000
20090423,Gerwin,20090423,0.6170297,True,mannelijk,jeugd,algemeen Nederlands,n/a,headsetmicrofoon,48000
20090423,Gerwin,20090423,0.695377,True,mannelijk,jeugd,algemeen Nederlands,n/a,headsetmicrofoon,48000
20090423,Gerwin,20090423,0.7472739,True,mannelijk,jeugd,algemeen Nederlands,n/a,headsetmicrofoon,48000
20090423,Gerwin,20090423,0.6548363,True,mannelijk,jeugd,algemeen Nederlands,n/a,headsetmicrofoon,48000
20090423,Gerwin,20090423,0.60946214,True,mannelijk,jeugd,algemeen Nederlands,n/a,headsetmicrofoon,48000
20090423,Gerwin,20090423,0.7523837,True,mannelijk,jeugd,algemeen Nederlands,n/a,headsetmicrofoon,48000
20090423,Gerwin,20090423,0.6675668,True,mannelijk,jeugd,algemeen Nederlands,n/a,headsetmicrofoon,48000
20090423,Gerwin,20090423,0.74542797,True,mannelijk,jeugd,algemeen Nederlands,n/a,headsetmicrofoon,48000
20090423,Gerwin,20090423,0.73207545,True,mannelijk,jeugd,algemeen Nederlands,n/a,headsetmicrofoon,48000
20090423,Gerwin,20090423,0.7226621,True,mannelijk,jeugd,algemeen Nederlands,n/a,headsetmicrofoon,48000
20090423,Gerwin,20090423,0.6651041,True,mannelijk,jeugd,algemeen Nederlands,n/a,headsetmicrofoon,48000
20090423,Gerwin,20090423,0.67621976,True,mannelijk,jeugd,algemeen Nederlands,n/a,headsetmicrofoon,48000
20090423,Gerwin,20090423,0.69348544,True,mannelijk,jeugd,algemeen Nederlands,n/a,headsetmicrofoon,48000
20090423,Gerwin,20090423,0.76833344,True,mannelijk,jeugd,algemeen Nederlands,n/a,headsetmicrofoon,48000
20090423,Gerwin,20090423,0.76449364,True,mannelijk,jeugd,algemeen Nederlands,n/a,headsetmicrofoon,48000
20090423,Gerwin,20090423,0.6629244,True,mannelijk,jeugd,algemeen Nederlands,n/a,headsetmicrofoon,48000
20090423,Gerwin,20090423,0.7077203,True,mannelijk,jeugd,algemeen Nederlands,n/a,headsetmicrofoon,48000
20090423,Gerwin,20090423,0.7361275,True,mannelijk,jeugd,algemeen Nederlands,n/a,headsetmicrofoon,48000
20090423,Gerwin,20090423,0.68793184,True,mannelijk,jeugd,algemeen Nederlands,n/a,headsetmicrofoon,48000
20090423,Gerwin,20090423,0.66134304,True,mannelijk,jeugd,algemeen Nederlands,n/a,headsetmicrofoon,48000
20090423,Gerwin,20090423,0.6908697,True,mannelijk,jeugd,algemeen Nederlands,n/a,headsetmicrofoon,48000
20090423,Gerwin,20090423,0.6167869,True,mannelijk,jeugd,algemeen Nederlands,n/a,headsetmicrofoon,48000
20090423,Gerwin,20090423,0.56203103,True,mannelijk,jeugd,algemeen Nederlands,n/a,headsetmicrofoon,48000
20090423,Gerwin,20090423,0.6463065,True,mannelijk,jeugd,algemeen Nederlands,n/a,headsetmicrofoon,48000
20090423,Gerwin,20090423,0.4006791,True,mannelijk,jeugd,algemeen Nederlands,n/a,headsetmicrofoon,48000
20090423,Gerwin,20090423,0.6506999,True,mannelijk,jeugd,algemeen Nederlands,n/a,headsetmicrofoon,48000
20090423,Gerwin,20090423,0.5612892,True,mannelijk,jeugd,algemeen Nederlands,n/a,headsetmicrofoon,48000
20090423,Gerwin,20090423,0.6312312,True,mannelijk,jeugd,algemeen Nederlands,n/a,headsetmicrofoon,48000
20090423,Gerwin,20090423,0.55682915,True,mannelijk,jeugd,algemeen Nederlands,n/a,headsetmicrofoon,48000
20090423,Gerwin,20090423,0.54381406,True,mannelijk,jeugd,algemeen Nederlands,n/a,headsetmicrofoon,48000
20090423,Gerwin,20090423,0.7182232,True,mannelijk,jeugd,algemeen Nederlands,n/a,headsetmicrofoon,48000
20090423,Gerwin,20090423,0.7600965,True,mannelijk,jeugd,algemeen Nederlands,n/a,headsetmicrofoon,48000
20090423,Gerwin,20090423,0.6977097,True,mannelijk,jeugd,algemeen Nederlands,n/a,headsetmicrofoon,48000
20090423,Gerwin,20090423,0.7340061,True,mannelijk,jeugd,algemeen Nederlands,n/a,headsetmicrofoon,48000
20090423,Gerwin,20090423,0.726295,True,mannelijk,jeugd,algemeen Nederlands,n/a,headsetmicrofoon,48000
20090423,Gerwin,20090423,0.7284968,True,mannelijk,jeugd,algemeen Nederlands,n/a,headsetmicrofoon,48000
20090423,Gerwin,20090423,0.6698307,True,mannelijk,jeugd,algemeen Nederlands,n/a,headsetmicrofoon,48000
20090423,Gerwin,20090423,0.69794846,True,mannelijk,jeugd,algemeen Nederlands,n/a,headsetmicrofoon,48000
20090423,Gerwin,20090423,0.8124218,True,mannelijk,jeugd,algemeen Nederlands,n/a,headsetmicrofoon,48000
20090423,Gerwin,20090423,0.72407854,True,mannelijk,jeugd,algemeen Nederlands,n/a,headsetmicrofoon,48000
20090423,Gerwin,20090423,0.66830385,True,mannelijk,jeugd,algemeen Nederlands,n/a,headsetmicrofoon,48000
20090423,Gerwin,20090423,0.7019675,True,mannelijk,jeugd,algemeen Nederlands,n/a,headsetmicrofoon,48000
20090423,Gerwin,20090423,0.73255837,True,mannelijk,jeugd,algemeen Nederlands,n/a,headsetmicrofoon,48000
20090423,Gerwin,20090423,0.72219396,True,mannelijk,jeugd,algemeen Nederlands,n/a,headsetmicrofoon,48000
20090423,Gerwin,20090423,0.73714244,True,mannelijk,jeugd,algemeen Nederlands,n/a,headsetmicrofoon,48000
20090423,Gerwin,20090423,0.69899654,True,mannelijk,jeugd,algemeen Nederlands,n/a,headsetmicrofoon,48000
20090423,Gerwin,20090423,0.61548483,True,mannelijk,jeugd,algemeen Nederlands,n/a,headsetmicrofoon,48000
20090423,Gerwin,20090423,0.6808393,True,mannelijk,jeugd,algemeen Nederlands,n/a,headsetmicrofoon,48000
20090423,Gerwin,20090423,0.6415097,True,mannelijk,jeugd,algemeen Nederlands,n/a,headsetmicrofoon,48000
20090423,Gerwin,20090423,0.689285,True,mannelijk,jeugd,algemeen Nederlands,n/a,headsetmicrofoon,48000
20090423,Gerwin,20090423,0.70406723,True,mannelijk,jeugd,algemeen Nederlands,n/a,headsetmicrofoon,48000
20090423,Gerwin,20090423,0.5997505,True,mannelijk,jeugd,algemeen Nederlands,n/a,headsetmicrofoon,48000
20090423,Gerwin,20090423,0.77516556,True,mannelijk,jeugd,algemeen Nederlands,n/a,headsetmicrofoon,48000
20090423,Gerwin,20090423,0.57212275,True,mannelijk,jeugd,algemeen Nederlands,n/a,headsetmicrofoon,48000
20090423,Gerwin,20090423,0.6817443,True,mannelijk,jeugd,algemeen Nederlands,n/a,headsetmicrofoon,48000
20090423,Gerwin,20090423,0.7263,True,mannelijk,jeugd,algemeen Nederlands,n/a,headsetmicrofoon,48000
20090423,Gerwin,20090423,0.71688306,True,mannelijk,jeugd,algemeen Nederlands,n/a,headsetmicrofoon,48000
20090423,Gerwin,20090423,0.6832356,True,mannelijk,jeugd,algemeen Nederlands,n/a,headsetmicrofoon,48000
20090423,Gerwin,20090423,0.7131344,True,mannelijk,jeugd,algemeen Nederlands,n/a,headsetmicrofoon,48000
20090423,Gerwin,20090423,0.67296624,True,mannelijk,jeugd,algemeen Nederlands,n/a,headsetmicrofoon,48000
20090423,Gerwin,20090423,0.7016512,True,mannelijk,jeugd,algemeen Nederlands,n/a,headsetmicrofoon,48000
20090423,Gerwin,20090423,0.6186477,True,mannelijk,jeugd,algemeen Nederlands,n/a,headsetmicrofoon,48000
20090423,Gerwin,20090423,0.7430843,True,mannelijk,jeugd,algemeen Nederlands,n/a,headsetmicrofoon,48000
20090423,Gerwin,20090423,0.7615796,True,mannelijk,jeugd,algemeen Nederlands,n/a,headsetmicrofoon,48000
20090423,Gerwin,20090423,0.7360347,True,mannelijk,jeugd,algemeen Nederlands,n/a,headsetmicrofoon,48000
20090423,Gerwin,20090423,0.52980876,True,mannelijk,jeugd,algemeen Nederlands,n/a,headsetmicrofoon,48000
20090423,Gerwin,20090423,0.6279321,True,mannelijk,jeugd,algemeen Nederlands,n/a,headsetmicrofoon,48000
20090423,Gerwin,20090423,0.6805153,True,mannelijk,jeugd,algemeen Nederlands,n/a,headsetmicrofoon,48000
20090423,Gerwin,20090423,0.73252356,True,mannelijk,jeugd,algemeen Nederlands,n/a,headsetmicrofoon,48000
20090423,Gerwin,20090423,0.5221304,True,mannelijk,jeugd,algemeen Nederlands,n/a,headsetmicrofoon,48000
20090423,Gerwin,20090423,0.7757664,True,mannelijk,jeugd,algemeen Nederlands,n/a,headsetmicrofoon,48000
20090423,Gerwin,20090423,0.6642778,True,mannelijk,jeugd,algemeen Nederlands,n/a,headsetmicrofoon,48000
20090423,Gerwin,20090423,0.6209912,True,mannelijk,jeugd,algemeen Nederlands,n/a,headsetmicrofoon,48000
20090423,Gerwin,20090423,0.62598294,True,mannelijk,jeugd,algemeen Nederlands,n/a,headsetmicrofoon,48000
20090423,Gerwin,20090423,0.6254477,True,mannelijk,jeugd,algemeen Nederlands,n/a,headsetmicrofoon,48000
20090423,Gerwin,20090423,0.7318425,True,mannelijk,jeugd,algemeen Nederlands,n/a,headsetmicrofoon,48000
20090423,Gerwin,20090423,0.71249247,True,mannelijk,jeugd,algemeen Nederlands,n/a,headsetmicrofoon,48000
20090423,Gerwin,20090423,0.7938558,True,mannelijk,jeugd,algemeen Nederlands,n/a,headsetmicrofoon,48000
20090423,Gerwin,20090423,0.65855825,True,mannelijk,jeugd,algemeen Nederlands,n/a,headsetmicrofoon,48000
20090423,Gerwin,20090423,0.6383654,True,mannelijk,jeugd,algemeen Nederlands,n/a,headsetmicrofoon,48000
20090423,Gerwin,20090423,0.7443373,True,mannelijk,jeugd,algemeen Nederlands,n/a,headsetmicrofoon,48000
20090423,Gerwin,20090423,0.72299725,True,mannelijk,jeugd,algemeen Nederlands,n/a,headsetmicrofoon,48000
20090423,Gerwin,20090423,0.7087864,True,mannelijk,jeugd,algemeen Nederlands,n/a,headsetmicrofoon,48000
20090423,Gerwin,20090423,0.76510954,True,mannelijk,jeugd,algemeen Nederlands,n/a,headsetmicrofoon,48000
20110305,gjsuu,20110311,0.746265,False,mannelijk,volwassen,algemeen Nederlands,n/a,headsetmicrofoon,48000
20110305,gjsuu,20110305,0.8255302,True,mannelijk,volwassen,algemeen Nederlands,n/a,headsetmicrofoon,48000
20110305,gjsuu,20110305,0.74610364,True,mannelijk,volwassen,algemeen Nederlands,n/a,headsetmicrofoon,48000
20110305,gjsuu,20110305,0.7249062,True,mannelijk,volwassen,algemeen Nederlands,n/a,headsetmicrofoon,48000
20110305,gjsuu,20110305,0.8045872,True,mannelijk,volwassen,algemeen Nederlands,n/a,headsetmicrofoon,48000
20110305,gjsuu,20110305,0.7663386,True,mannelijk,volwassen,algemeen Nederlands,n/a,headsetmicrofoon,48000
20110305,gjsuu,20110305,0.7753246,True,mannelijk,volwassen,algemeen Nederlands,n/a,headsetmicrofoon,48000
20110305,gjsuu,20110305,0.6781285,True,mannelijk,volwassen,algemeen Nederlands,n/a,headsetmicrofoon,48000
20110305,gjsuu,20110305,0.5316069,True,mannelijk,volwassen,algemeen Nederlands,n/a,headsetmicrofoon,48000
20110305,gjsuu,20110305,0.7756839,True,mannelijk,volwassen,algemeen Nederlands,n/a,headsetmicrofoon,48000
20110305,gjsuu,20110311,0.7787271,False,mannelijk,volwassen,algemeen Nederlands,n/a,headsetmicrofoon,48000
20110305,gjsuu,20110311,0.7675661,False,mannelijk,volwassen,algemeen Nederlands,n/a,headsetmicrofoon,48000
20110305,gjsuu,20110311,0.73428124,False,mannelijk,volwassen,algemeen Nederlands,n/a,headsetmicrofoon,48000
20110305,gjsuu,20110311,0.7170884,False,mannelijk,volwassen,algemeen Nederlands,n/a,headsetmicrofoon,48000
20110305,gjsuu,20110305,0.79032385,True,mannelijk,volwassen,algemeen Nederlands,n/a,headsetmicrofoon,48000
20110305,gjsuu,20110311,0.7158338,False,mannelijk,volwassen,algemeen Nederlands,n/a,headsetmicrofoon,48000
20110305,gjsuu,20110305,0.6727065,True,mannelijk,volwassen,algemeen Nederlands,n/a,headsetmicrofoon,48000
20110305,gjsuu,20110305,0.778228,True,mannelijk,volwassen,algemeen Nederlands,n/a,headsetmicrofoon,48000
20110305,gjsuu,20110305,0.7486042,True,mannelijk,volwassen,algemeen Nederlands,n/a,headsetmicrofoon,48000
20110311,GJSUU,20110311,0.82075214,True,mannelijk,volwassen,algemeen Nederlands,n/a,headsetmicrofoon,48000
20110311,GJSUU,20110311,0.69652355,True,mannelijk,volwassen,algemeen Nederlands,n/a,headsetmicrofoon,48000
20110311,GJSUU,20110311,0.8084481,True,mannelijk,volwassen,algemeen Nederlands,n/a,headsetmicrofoon,48000
20110311,GJSUU,20110311,0.6567312,True,mannelijk,volwassen,algemeen Nederlands,n/a,headsetmicrofoon,48000
20110311,GJSUU,20110311,0.75727665,True,mannelijk,volwassen,algemeen Nederlands,n/a,headsetmicrofoon,48000
20110311,GJSUU,20110311,0.7469981,True,mannelijk,volwassen,algemeen Nederlands,n/a,headsetmicrofoon,48000
20110311,GJSUU,20110311,0.78309906,True,mannelijk,volwassen,algemeen Nederlands,n/a,headsetmicrofoon,48000
20110311,GJSUU,20110311,0.71991503,True,mannelijk,volwassen,algemeen Nederlands,n/a,headsetmicrofoon,48000
20130619,gosiemople,20130619,0.73864746,True,mannelijk,volwassen,algemeen Nederlands,n/a,headsetmicrofoon (USB),48000
20130619,gosiemople,20130619,0.80343264,True,mannelijk,volwassen,algemeen Nederlands,n/a,headsetmicrofoon (USB),48000
20130619,gosiemople,20130619,0.76079696,True,mannelijk,volwassen,algemeen Nederlands,n/a,headsetmicrofoon (USB),48000
20110311,GJSUU,20110311,0.79877937,True,mannelijk,volwassen,algemeen Nederlands,n/a,headsetmicrofoon,48000
20130619,gosiemople,20130619,0.7108387,True,mannelijk,volwassen,algemeen Nederlands,n/a,headsetmicrofoon (USB),48000
20130619,gosiemople,20130619,0.7072719,True,mannelijk,volwassen,algemeen Nederlands,n/a,headsetmicrofoon (USB),48000
20130619,gosiemople,20130619,0.7350491,True,mannelijk,volwassen,algemeen Nederlands,n/a,headsetmicrofoon (USB),48000
20130619,gosiemople,20130619,0.7838813,True,mannelijk,volwassen,algemeen Nederlands,n/a,headsetmicrofoon (USB),48000
20130619,gosiemople,20130619,0.69861555,True,mannelijk,volwassen,algemeen Nederlands,n/a,headsetmicrofoon (USB),48000
20130620,gosiemople,20130619,0.68256235,False,mannelijk,volwassen,algemeen Nederlands,n/a,headsetmicrofoon (USB),48000
20130619,gosiemople,20130619,0.660372,True,mannelijk,volwassen,algemeen Nederlands,n/a,headsetmicrofoon (USB),48000
20130620,gosiemople,20130619,0.6678777,False,mannelijk,volwassen,algemeen Nederlands,n/a,headsetmicrofoon (USB),48000
20130620,gosiemople,20130619,0.75950265,False,mannelijk,volwassen,algemeen Nederlands,n/a,headsetmicrofoon (USB),48000
20130620,gosiemople,20130619,0.7028233,False,mannelijk,volwassen,algemeen Nederlands,n/a,headsetmicrofoon (USB),48000
20130620,gosiemople,20130619,0.6908753,False,mannelijk,volwassen,algemeen Nederlands,n/a,headsetmicrofoon (USB),48000
20130620,gosiemople,20130619,0.7277872,False,mannelijk,volwassen,algemeen Nederlands,n/a,headsetmicrofoon (USB),48000
20130620,gosiemople,20130619,0.70718545,False,mannelijk,volwassen,algemeen Nederlands,n/a,headsetmicrofoon (USB),48000
20130620,gosiemople,20130619,0.6737815,False,mannelijk,volwassen,algemeen Nederlands,n/a,headsetmicrofoon (USB),48000
20130620,gosiemople,20130619,0.6925441,False,mannelijk,volwassen,algemeen Nederlands,n/a,headsetmicrofoon (USB),48000
20091123,Gurbe,20091123,0.6124078,True,mannelijk,volwassen,Noordelijk-centraal,n/a,headsetmicrofoon (USB),48000
20091123,Gurbe,20091123,0.6299989,True,mannelijk,volwassen,Noordelijk-centraal,n/a,headsetmicrofoon (USB),48000
20091123,Gurbe,20091123,0.65372145,True,mannelijk,volwassen,Noordelijk-centraal,n/a,headsetmicrofoon (USB),48000
20091123,Gurbe,20091123,0.7435852,True,mannelijk,volwassen,Noordelijk-centraal,n/a,headsetmicrofoon (USB),48000
20091123,Gurbe,20091123,0.60491306,True,mannelijk,volwassen,Noordelijk-centraal,n/a,headsetmicrofoon (USB),48000
20091123,Gurbe,20091123,0.58239114,True,mannelijk,volwassen,Noordelijk-centraal,n/a,headsetmicrofoon (USB),48000
20091123,Gurbe,20091123,0.6217198,True,mannelijk,volwassen,Noordelijk-centraal,n/a,headsetmicrofoon (USB),48000
20091123,Gurbe,20091123,0.56528926,True,mannelijk,volwassen,Noordelijk-centraal,n/a,headsetmicrofoon (USB),48000
20091123,Gurbe,20091123,0.6320686,True,mannelijk,volwassen,Noordelijk-centraal,n/a,headsetmicrofoon (USB),48000
20091123,Gurbe,20091123,0.6185132,True,mannelijk,volwassen,Noordelijk-centraal,n/a,headsetmicrofoon (USB),48000
20091123,Gurbe,20091123,0.6070222,True,mannelijk,volwassen,Noordelijk-centraal,n/a,headsetmicrofoon (USB),48000
20091123,Gurbe,20091123,0.584056,True,mannelijk,volwassen,Noordelijk-centraal,n/a,headsetmicrofoon (USB),48000
20091123,Gurbe,20091123,0.73803204,True,mannelijk,volwassen,Noordelijk-centraal,n/a,headsetmicrofoon (USB),48000
20091123,Gurbe,20091123,0.7105018,True,mannelijk,volwassen,Noordelijk-centraal,n/a,headsetmicrofoon (USB),48000
20091123,Gurbe,20091123,0.6975733,True,mannelijk,volwassen,Noordelijk-centraal,n/a,headsetmicrofoon (USB),48000
20091123,Gurbe,20091123,0.7403835,True,mannelijk,volwassen,Noordelijk-centraal,n/a,headsetmicrofoon (USB),48000
20081128,Hansje1980,20081128,0.59105,True,mannelijk,volwassen,Zuidoostelijk,n/a,headsetmicrofoon,48000
20091123,Gurbe,20091123,0.62135464,True,mannelijk,volwassen,Noordelijk-centraal,n/a,headsetmicrofoon (USB),48000
20091123,Gurbe,20091123,0.56298286,True,mannelijk,volwassen,Noordelijk-centraal,n/a,headsetmicrofoon (USB),48000
20081128,Hansje1980,20081128,0.65600675,True,mannelijk,volwassen,Zuidoostelijk,n/a,headsetmicrofoon,48000
20091123,Gurbe,20091123,0.6405231,True,mannelijk,volwassen,Noordelijk-centraal,n/a,headsetmicrofoon (USB),48000
20081128,Hansje1980,20081128,0.71515286,True,mannelijk,volwassen,Zuidoostelijk,n/a,headsetmicrofoon,48000
20081128,Hansje1980,20081128,0.50329816,True,mannelijk,volwassen,Zuidoostelijk,n/a,headsetmicrofoon,48000
20081128,Hansje1980,20090629,0.5151763,False,mannelijk,volwassen,Zuidoostelijk,n/a,headsetmicrofoon,48000
20081128,Hansje1980,20081128,0.53779334,True,mannelijk,volwassen,Zuidoostelijk,n/a,headsetmicrofoon,48000
20081128,Hansje1980,20081128,0.6038048,True,mannelijk,volwassen,Zuidoostelijk,n/a,headsetmicrofoon,48000
20081128,Hansje1980,20081128,0.7250711,True,mannelijk,volwassen,Zuidoostelijk,n/a,headsetmicrofoon,48000
20081128,Hansje1980,20081128,0.6007966,True,mannelijk,volwassen,Zuidoostelijk,n/a,headsetmicrofoon,48000
20141218,Harm,20141218,0.67901516,True,mannelijk,volwassen,algemeen Nederlands,n/a,headsetmicrofoon (USB),48000
20141218,Harm,20141218,0.78018314,True,mannelijk,volwassen,algemeen Nederlands,n/a,headsetmicrofoon (USB),48000
20141218,Harm,20141218,0.8030946,True,mannelijk,volwassen,algemeen Nederlands,n/a,headsetmicrofoon (USB),48000
20141218,Harm,20141218,0.7053281,True,mannelijk,volwassen,algemeen Nederlands,n/a,headsetmicrofoon (USB),48000
20141218,Harm,20141218,0.72905284,True,mannelijk,volwassen,algemeen Nederlands,n/a,headsetmicrofoon (USB),48000
20141218,Harm,20141218,0.61556435,True,mannelijk,volwassen,algemeen Nederlands,n/a,headsetmicrofoon (USB),48000
20141218,Harm,20141218,0.6710949,True,mannelijk,volwassen,algemeen Nederlands,n/a,headsetmicrofoon (USB),48000
20141218,Harm,20141218,0.72757316,True,mannelijk,volwassen,algemeen Nederlands,n/a,headsetmicrofoon (USB),48000
20141218,Harm,20141218,0.7637334,True,mannelijk,volwassen,algemeen Nederlands,n/a,headsetmicrofoon (USB),48000
20141218,Harm,20141218,0.6065539,True,mannelijk,volwassen,algemeen Nederlands,n/a,headsetmicrofoon (USB),48000
20141218,Harm,20141218,0.7472196,True,mannelijk,volwassen,algemeen Nederlands,n/a,headsetmicrofoon (USB),48000
20141218,Harm,20141218,0.70221823,True,mannelijk,volwassen,algemeen Nederlands,n/a,headsetmicrofoon (USB),48000
20141218,Harm,20141218,0.74143517,True,mannelijk,volwassen,algemeen Nederlands,n/a,headsetmicrofoon (USB),48000
20141218,Harm,20141218,0.7425558,True,mannelijk,volwassen,algemeen Nederlands,n/a,headsetmicrofoon (USB),48000
20141218,Harm,20141218,0.6180966,True,mannelijk,volwassen,algemeen Nederlands,n/a,headsetmicrofoon (USB),48000
20141218,Harm,20141218,0.75567025,True,mannelijk,volwassen,algemeen Nederlands,n/a,headsetmicrofoon (USB),48000
20141218,Harm,20141218,0.73647475,True,mannelijk,volwassen,algemeen Nederlands,n/a,headsetmicrofoon (USB),48000
20141218,Harm,20141218,0.7833232,True,mannelijk,volwassen,algemeen Nederlands,n/a,headsetmicrofoon (USB),48000
20141218,Harm,20141218,0.7280333,True,mannelijk,volwassen,algemeen Nederlands,n/a,headsetmicrofoon (USB),48000
20141218,Harm,20141218,0.7067325,True,mannelijk,volwassen,algemeen Nederlands,n/a,headsetmicrofoon (USB),48000
20141218,Harm,20141218,0.638381,True,mannelijk,volwassen,algemeen Nederlands,n/a,headsetmicrofoon (USB),48000
20141218,Harm,20141218,0.52087444,True,mannelijk,volwassen,algemeen Nederlands,n/a,headsetmicrofoon (USB),48000
20141218,Harm,20141218,0.7202922,True,mannelijk,volwassen,algemeen Nederlands,n/a,headsetmicrofoon (USB),48000
20141218,Harm,20141218,0.71591616,True,mannelijk,volwassen,algemeen Nederlands,n/a,headsetmicrofoon (USB),48000
20141218,Harm,20141218,0.5932745,True,mannelijk,volwassen,algemeen Nederlands,n/a,headsetmicrofoon (USB),48000
20141218,Harm,20141218,0.53694075,True,mannelijk,volwassen,algemeen Nederlands,n/a,headsetmicrofoon (USB),48000
20141218,Harm,20141218,0.6502466,True,mannelijk,volwassen,algemeen Nederlands,n/a,headsetmicrofoon (USB),48000
20141218,Harm,20141218,0.7184597,True,mannelijk,volwassen,algemeen Nederlands,n/a,headsetmicrofoon (USB),48000
20141218,Harm,20141218,0.7059562,True,mannelijk,volwassen,algemeen Nederlands,n/a,headsetmicrofoon (USB),48000
20141218,Harm,20141218,0.6693665,True,mannelijk,volwassen,algemeen Nederlands,n/a,headsetmicrofoon (USB),48000
20141218,Harm,20141218,0.6984161,True,mannelijk,volwassen,algemeen Nederlands,n/a,headsetmicrofoon (USB),48000
20141218,Harm,20141218,0.7758676,True,mannelijk,volwassen,algemeen Nederlands,n/a,headsetmicrofoon (USB),48000
20141218,Harm,20141218,0.7207178,True,mannelijk,volwassen,algemeen Nederlands,n/a,headsetmicrofoon (USB),48000
20141218,Harm,20141218,0.6792159,True,mannelijk,volwassen,algemeen Nederlands,n/a,headsetmicrofoon (USB),48000
20141218,Harm,20141218,0.69073635,True,mannelijk,volwassen,algemeen Nederlands,n/a,headsetmicrofoon (USB),48000
20141218,Harm,20141218,0.7461785,True,mannelijk,volwassen,algemeen Nederlands,n/a,headsetmicrofoon (USB),48000
20141218,Harm,20141218,0.65883076,True,mannelijk,volwassen,algemeen Nederlands,n/a,headsetmicrofoon (USB),48000
20141218,Harm,20141218,0.6978607,True,mannelijk,volwassen,algemeen Nederlands,n/a,headsetmicrofoon (USB),48000
20141218,Harm,20141218,0.8071844,True,mannelijk,volwassen,algemeen Nederlands,n/a,headsetmicrofoon (USB),48000
20141218,Harm,20141218,0.6700702,True,mannelijk,volwassen,algemeen Nederlands,n/a,headsetmicrofoon (USB),48000
20141218,Harm,20141218,0.7016083,True,mannelijk,volwassen,algemeen Nederlands,n/a,headsetmicrofoon (USB),48000
20141218,Harm,20141218,0.46518302,True,mannelijk,volwassen,algemeen Nederlands,n/a,headsetmicrofoon (USB),48000
20141218,Harm,20141218,0.67999965,True,mannelijk,volwassen,algemeen Nederlands,n/a,headsetmicrofoon (USB),48000
20141218,Harm,20141218,0.7879516,True,mannelijk,volwassen,algemeen Nederlands,n/a,headsetmicrofoon (USB),48000
20141218,Harm,20141218,0.71532035,True,mannelijk,volwassen,algemeen Nederlands,n/a,headsetmicrofoon (USB),48000
20141218,Harm,20141218,0.7018949,True,mannelijk,volwassen,algemeen Nederlands,n/a,headsetmicrofoon (USB),48000
20141218,Harm,20141218,0.73981166,True,mannelijk,volwassen,algemeen Nederlands,n/a,headsetmicrofoon (USB),48000
20141218,Harm,20141218,0.74199414,True,mannelijk,volwassen,algemeen Nederlands,n/a,headsetmicrofoon (USB),48000
20141218,Harm,20141218,0.76359224,True,mannelijk,volwassen,algemeen Nederlands,n/a,headsetmicrofoon (USB),48000
20141218,Harm,20141218,0.6954458,True,mannelijk,volwassen,algemeen Nederlands,n/a,headsetmicrofoon (USB),48000
20141218,Harm,20141218,0.4810692,True,mannelijk,volwassen,algemeen Nederlands,n/a,headsetmicrofoon (USB),48000
20141218,Harm,20141218,0.6642891,True,mannelijk,volwassen,algemeen Nederlands,n/a,headsetmicrofoon (USB),48000
20141218,Harm,20141218,0.7525302,True,mannelijk,volwassen,algemeen Nederlands,n/a,headsetmicrofoon (USB),48000
20141218,Harm,20141218,0.78063655,True,mannelijk,volwassen,algemeen Nederlands,n/a,headsetmicrofoon (USB),48000
20141218,Harm,20141218,0.7540019,True,mannelijk,volwassen,algemeen Nederlands,n/a,headsetmicrofoon (USB),48000
20141218,Harm,20141218,0.8003708,True,mannelijk,volwassen,algemeen Nederlands,n/a,headsetmicrofoon (USB),48000
20141218,Harm,20141218,0.7851588,True,mannelijk,volwassen,algemeen Nederlands,n/a,headsetmicrofoon (USB),48000
20141218,Harm,20141218,0.7322004,True,mannelijk,volwassen,algemeen Nederlands,n/a,headsetmicrofoon (USB),48000
20141218,Harm,20141218,0.79150116,True,mannelijk,volwassen,algemeen Nederlands,n/a,headsetmicrofoon (USB),48000
20141218,Harm,20141218,0.6943557,True,mannelijk,volwassen,algemeen Nederlands,n/a,headsetmicrofoon (USB),48000
20141218,Harm,20141218,0.7792385,True,mannelijk,volwassen,algemeen Nederlands,n/a,headsetmicrofoon (USB),48000
20141218,Harm,20141218,0.69508195,True,mannelijk,volwassen,algemeen Nederlands,n/a,headsetmicrofoon (USB),48000
20141218,Harm,20141218,0.7480873,True,mannelijk,volwassen,algemeen Nederlands,n/a,headsetmicrofoon (USB),48000
20141218,Harm,20141218,0.62686443,True,mannelijk,volwassen,algemeen Nederlands,n/a,headsetmicrofoon (USB),48000
20141218,Harm,20141218,0.6420879,True,mannelijk,volwassen,algemeen Nederlands,n/a,headsetmicrofoon (USB),48000
20141218,Harm,20141218,0.7154328,True,mannelijk,volwassen,algemeen Nederlands,n/a,headsetmicrofoon (USB),48000
20141218,Harm,20141218,0.7094667,True,mannelijk,volwassen,algemeen Nederlands,n/a,headsetmicrofoon (USB),48000
20141218,Harm,20141218,0.64455533,True,mannelijk,volwassen,algemeen Nederlands,n/a,headsetmicrofoon (USB),48000
20141218,Harm,20141218,0.74025357,True,mannelijk,volwassen,algemeen Nederlands,n/a,headsetmicrofoon (USB),48000
20141218,Harm,20141218,0.7757147,True,mannelijk,volwassen,algemeen Nederlands,n/a,headsetmicrofoon (USB),48000
20141218,Harm,20141218,0.6727004,True,mannelijk,volwassen,algemeen Nederlands,n/a,headsetmicrofoon (USB),48000
20141218,Harm,20141218,0.55542386,True,mannelijk,volwassen,algemeen Nederlands,n/a,headsetmicrofoon (USB),48000
20141218,Harm,20141218,0.72052234,True,mannelijk,volwassen,algemeen Nederlands,n/a,headsetmicrofoon (USB),48000
20141218,Harm,20141218,0.7172203,True,mannelijk,volwassen,algemeen Nederlands,n/a,headsetmicrofoon (USB),48000
20141218,Harm,20141218,0.6329428,True,mannelijk,volwassen,algemeen Nederlands,n/a,headsetmicrofoon (USB),48000
20141218,Harm,20141218,0.73106706,True,mannelijk,volwassen,algemeen Nederlands,n/a,headsetmicrofoon (USB),48000
20141218,Harm,20141218,0.62772334,True,mannelijk,volwassen,algemeen Nederlands,n/a,headsetmicrofoon (USB),48000
20141218,Harm,20141218,0.7371048,True,mannelijk,volwassen,algemeen Nederlands,n/a,headsetmicrofoon (USB),48000
20141218,Harm,20141218,0.7528709,True,mannelijk,volwassen,algemeen Nederlands,n/a,headsetmicrofoon (USB),48000
20141218,Harm,20141218,0.74712014,True,mannelijk,volwassen,algemeen Nederlands,n/a,headsetmicrofoon (USB),48000
20141218,Harm,20141218,0.59722364,True,mannelijk,volwassen,algemeen Nederlands,n/a,headsetmicrofoon (USB),48000
20141218,Harm,20141218,0.7921835,True,mannelijk,volwassen,algemeen Nederlands,n/a,headsetmicrofoon (USB),48000
20141218,Harm,20141218,0.73479784,True,mannelijk,volwassen,algemeen Nederlands,n/a,headsetmicrofoon (USB),48000
20141218,Harm,20141218,0.65812075,True,mannelijk,volwassen,algemeen Nederlands,n/a,headsetmicrofoon (USB),48000
20141218,Harm,20141218,0.69566524,True,mannelijk,volwassen,algemeen Nederlands,n/a,headsetmicrofoon (USB),48000
20141218,Harm,20141218,0.71267843,True,mannelijk,volwassen,algemeen Nederlands,n/a,headsetmicrofoon (USB),48000
20141218,Harm,20141218,0.7450407,True,mannelijk,volwassen,algemeen Nederlands,n/a,headsetmicrofoon (USB),48000
20141218,Harm,20141218,0.6944392,True,mannelijk,volwassen,algemeen Nederlands,n/a,headsetmicrofoon (USB),48000
20111018,hdeboo,20111018,0.71628404,True,mannelijk,volwassen,algemeen Nederlands,n/a,headsetmicrofoon,48000
20111018,hdeboo,20111018,0.67722404,True,mannelijk,volwassen,algemeen Nederlands,n/a,headsetmicrofoon,48000
20141218,Harm,20141218,0.69289535,True,mannelijk,volwassen,algemeen Nederlands,n/a,headsetmicrofoon (USB),48000
20111018,hdeboo,20111018,0.6848356,True,mannelijk,volwassen,algemeen Nederlands,n/a,headsetmicrofoon,48000
20111018,hdeboo,20111018,0.65572065,True,mannelijk,volwassen,algemeen Nederlands,n/a,headsetmicrofoon,48000
20111018,hdeboo,20111018,0.7365947,True,mannelijk,volwassen,algemeen Nederlands,n/a,headsetmicrofoon,48000
20111018,hdeboo,20111018,0.56635547,True,mannelijk,volwassen,algemeen Nederlands,n/a,headsetmicrofoon,48000
20111018,hdeboo,20111018,0.690307,True,mannelijk,volwassen,algemeen Nederlands,n/a,headsetmicrofoon,48000
20111018,hdeboo,20111018,0.42983538,True,mannelijk,volwassen,algemeen Nederlands,n/a,headsetmicrofoon,48000
20111018,hdeboo,20111018,0.68750554,True,mannelijk,volwassen,algemeen Nederlands,n/a,headsetmicrofoon,48000
20131120,HOIHOIsuperdatjulliehiermeebezigzijn,20131120,0.73503584,True,mannelijk,volwassen,algemeen Nederlands,n/a,headsetmicrofoon,48000
20131120,HOIHOIsuperdatjulliehiermeebezigzijn,20131120,0.7309956,True,mannelijk,volwassen,algemeen Nederlands,n/a,headsetmicrofoon,48000
20131120,HOIHOIsuperdatjulliehiermeebezigzijn,20131120,0.73972684,True,mannelijk,volwassen,algemeen Nederlands,n/a,headsetmicrofoon,48000
20131120,HOIHOIsuperdatjulliehiermeebezigzijn,20131120,0.7389588,True,mannelijk,volwassen,algemeen Nederlands,n/a,headsetmicrofoon,48000
20131120,HOIHOIsuperdatjulliehiermeebezigzijn,20131120,0.7467842,True,mannelijk,volwassen,algemeen Nederlands,n/a,headsetmicrofoon,48000
20131120,HOIHOIsuperdatjulliehiermeebezigzijn,20131120,0.70046794,True,mannelijk,volwassen,algemeen Nederlands,n/a,headsetmicrofoon,48000
20131120,HOIHOIsuperdatjulliehiermeebezigzijn,20131120,0.6626246,True,mannelijk,volwassen,algemeen Nederlands,n/a,headsetmicrofoon,48000
20131120,HOIHOIsuperdatjulliehiermeebezigzijn,20131120,0.6970644,True,mannelijk,volwassen,algemeen Nederlands,n/a,headsetmicrofoon,48000
20131120,HOIHOIsuperdatjulliehiermeebezigzijn,20131120,0.6757206,True,mannelijk,volwassen,algemeen Nederlands,n/a,headsetmicrofoon,48000
20080326,Hyshinara,20080326,0.60888433,True,mannelijk,volwassen,algemeen Nederlands,n/a,headsetmicrofoon (USB),48000
20080326,Hyshinara,20080912,0.49081582,False,mannelijk,volwassen,algemeen Nederlands,n/a,headsetmicrofoon (USB),48000
20080326,Hyshinara,20080912,0.5460904,False,mannelijk,volwassen,algemeen Nederlands,n/a,headsetmicrofoon (USB),48000
20080326,Hyshinara,20080326,0.5299038,True,mannelijk,volwassen,algemeen Nederlands,n/a,headsetmicrofoon (USB),48000
20080326,Hyshinara,20080326,0.543713,True,mannelijk,volwassen,algemeen Nederlands,n/a,headsetmicrofoon (USB),48000
20080326,Hyshinara,20080326,0.47555515,True,mannelijk,volwassen,algemeen Nederlands,n/a,headsetmicrofoon (USB),48000
20080326,Hyshinara,20080326,0.53292954,True,mannelijk,volwassen,algemeen Nederlands,n/a,headsetmicrofoon (USB),48000
20080326,Hyshinara,20080430,0.5103683,False,mannelijk,volwassen,algemeen Nederlands,n/a,headsetmicrofoon (USB),48000
20080326,Hyshinara,20080326,0.9791882,True,mannelijk,volwassen,algemeen Nederlands,n/a,headsetmicrofoon (USB),48000
20080326,Hyshinara,20090629,0.5075586,False,mannelijk,volwassen,algemeen Nederlands,n/a,headsetmicrofoon (USB),48000
20080326,Hyshinara,20080326,0.6486534,True,mannelijk,volwassen,algemeen Nederlands,n/a,headsetmicrofoon (USB),48000
20080326,Hyshinara,20080326,0.71691716,True,mannelijk,volwassen,algemeen Nederlands,n/a,headsetmicrofoon (USB),48000
20080326,Hyshinara,20080326,0.5411852,True,mannelijk,volwassen,algemeen Nederlands,n/a,headsetmicrofoon (USB),48000
20080326,Hyshinara,20080326,0.6528624,True,mannelijk,volwassen,algemeen Nederlands,n/a,headsetmicrofoon (USB),48000
20080326,Hyshinara,20080326,0.4841895,True,mannelijk,volwassen,algemeen Nederlands,n/a,headsetmicrofoon (USB),48000
20080326,Hyshinara,20080326,0.65231705,True,mannelijk,volwassen,algemeen Nederlands,n/a,headsetmicrofoon (USB),48000
20080326,Hyshinara,20080326,0.65472955,True,mannelijk,volwassen,algemeen Nederlands,n/a,headsetmicrofoon (USB),48000
20080326,Hyshinara,20080326,0.661322,True,mannelijk,volwassen,algemeen Nederlands,n/a,headsetmicrofoon (USB),48000
20080326,Hyshinara,20080326,0.69045025,True,mannelijk,volwassen,algemeen Nederlands,n/a,headsetmicrofoon (USB),48000
20080326,Hyshinara,20080326,0.57781553,True,mannelijk,volwassen,algemeen Nederlands,n/a,headsetmicrofoon (USB),48000
20080326,Hyshinara,20080326,0.6321207,True,mannelijk,volwassen,algemeen Nederlands,n/a,headsetmicrofoon (USB),48000
20080326,Hyshinara,20080326,0.4956948,True,mannelijk,volwassen,algemeen Nederlands,n/a,headsetmicrofoon (USB),48000
20080326,Hyshinara,20080326,0.5463912,True,mannelijk,volwassen,algemeen Nederlands,n/a,headsetmicrofoon (USB),48000
20080326,Hyshinara,20080326,0.5899744,True,mannelijk,volwassen,algemeen Nederlands,n/a,headsetmicrofoon (USB),48000
20080326,Hyshinara,20080326,0.65867424,True,mannelijk,volwassen,algemeen Nederlands,n/a,headsetmicrofoon (USB),48000
20080326,Hyshinara,20080326,0.65509695,True,mannelijk,volwassen,algemeen Nederlands,n/a,headsetmicrofoon (USB),48000
20080326,Hyshinara,20080326,0.62025607,True,mannelijk,volwassen,algemeen Nederlands,n/a,headsetmicrofoon (USB),48000
20080326,Hyshinara,20080326,0.61433256,True,mannelijk,volwassen,algemeen Nederlands,n/a,headsetmicrofoon (USB),48000
20080326,Hyshinara,20080326,0.63306487,True,mannelijk,volwassen,algemeen Nederlands,n/a,headsetmicrofoon (USB),48000
20080326,Hyshinara,20080326,0.62987363,True,mannelijk,volwassen,algemeen Nederlands,n/a,headsetmicrofoon (USB),48000
20080326,Hyshinara,20080326,0.676921,True,mannelijk,volwassen,algemeen Nederlands,n/a,headsetmicrofoon (USB),48000
20080326,Hyshinara,20080326,0.6997665,True,mannelijk,volwassen,algemeen Nederlands,n/a,headsetmicrofoon (USB),48000
20080326,Hyshinara,20080326,0.65427804,True,mannelijk,volwassen,algemeen Nederlands,n/a,headsetmicrofoon (USB),48000
20080326,Hyshinara,20080326,0.65170026,True,mannelijk,volwassen,algemeen Nederlands,n/a,headsetmicrofoon (USB),48000
20080326,Hyshinara,20080326,0.6486114,True,mannelijk,volwassen,algemeen Nederlands,n/a,headsetmicrofoon (USB),48000
20080326,Hyshinara,20080326,0.7048664,True,mannelijk,volwassen,algemeen Nederlands,n/a,headsetmicrofoon (USB),48000
20080326,Hyshinara,20080326,0.5350114,True,mannelijk,volwassen,algemeen Nederlands,n/a,headsetmicrofoon (USB),48000
20080326,Hyshinara,20080326,0.7453807,True,mannelijk,volwassen,algemeen Nederlands,n/a,headsetmicrofoon (USB),48000
20080326,Hyshinara,20080326,0.66681606,True,mannelijk,volwassen,algemeen Nederlands,n/a,headsetmicrofoon (USB),48000
20080606,jan,20080606,0.74072474,True,mannelijk,volwassen,Zuidoostelijk,n/a,headsetmicrofoon (USB),48000
20080606,jan,20080606,0.7270769,True,mannelijk,volwassen,Zuidoostelijk,n/a,headsetmicrofoon (USB),48000
20080606,jan,20080606,0.69343996,True,mannelijk,volwassen,Zuidoostelijk,n/a,headsetmicrofoon (USB),48000
20080606,jan,20080606,0.67472243,True,mannelijk,volwassen,Zuidoostelijk,n/a,headsetmicrofoon (USB),48000
20080606,jan,20081022,0.6418666,False,mannelijk,volwassen,Zuidoostelijk,n/a,headsetmicrofoon (USB),48000
20080606,jan,20080606,0.690187,True,mannelijk,volwassen,Zuidoostelijk,n/a,headsetmicrofoon (USB),48000
20080606,jan,20080606,0.6666837,True,mannelijk,volwassen,Zuidoostelijk,n/a,headsetmicrofoon (USB),48000
20080606,jan,20080606,0.73750854,True,mannelijk,volwassen,Zuidoostelijk,n/a,headsetmicrofoon (USB),48000
20080606,jan,20080606,0.72190964,True,mannelijk,volwassen,Zuidoostelijk,n/a,headsetmicrofoon (USB),48000
20080606,jan,20080606,0.6787003,True,mannelijk,volwassen,Zuidoostelijk,n/a,headsetmicrofoon (USB),48000
20080606,jan,20080606,0.6567131,True,mannelijk,volwassen,Zuidoostelijk,n/a,headsetmicrofoon (USB),48000
20080606,jan,20080606,0.6570076,True,mannelijk,volwassen,Zuidoostelijk,n/a,headsetmicrofoon (USB),48000
20080606,jan,20080606,0.69741887,True,mannelijk,volwassen,Zuidoostelijk,n/a,headsetmicrofoon (USB),48000
20080606,jan,20080606,0.5622857,True,mannelijk,volwassen,Zuidoostelijk,n/a,headsetmicrofoon (USB),48000
20080606,jan,20080606,0.45621616,True,mannelijk,volwassen,Zuidoostelijk,n/a,headsetmicrofoon (USB),48000
20080606,jan,20080606,0.53833735,True,mannelijk,volwassen,Zuidoostelijk,n/a,headsetmicrofoon (USB),48000
20080606,jan,20080606,0.6880036,True,mannelijk,volwassen,Zuidoostelijk,n/a,headsetmicrofoon (USB),48000
20080606,jan,20080606,0.6753315,True,mannelijk,volwassen,Zuidoostelijk,n/a,headsetmicrofoon (USB),48000
20080606,jan,20080606,0.63704747,True,mannelijk,volwassen,Zuidoostelijk,n/a,headsetmicrofoon (USB),48000
20081022,JaricFjodorowBelarus,20081022,0.63075984,True,mannelijk,jeugd,anders,n/a,headsetmicrofoon (USB),48000
20081022,JaricFjodorowBelarus,20081022,0.6354909,True,mannelijk,jeugd,anders,n/a,headsetmicrofoon (USB),48000
20081022,JaricFjodorowBelarus,20081022,0.66456807,True,mannelijk,jeugd,anders,n/a,headsetmicrofoon (USB),48000
20081022,JaricFjodorowBelarus,20081022,0.6119642,True,mannelijk,jeugd,anders,n/a,headsetmicrofoon (USB),48000
20081022,JaricFjodorowBelarus,20081022,0.7150738,True,mannelijk,jeugd,anders,n/a,headsetmicrofoon (USB),48000
20081022,JaricFjodorowBelarus,20081022,0.58992624,True,mannelijk,jeugd,anders,n/a,headsetmicrofoon (USB),48000
20081022,JaricFjodorowBelarus,20081022,0.5479571,True,mannelijk,jeugd,anders,n/a,headsetmicrofoon (USB),48000
20081022,JaricFjodorowBelarus,20081022,0.5856737,True,mannelijk,jeugd,anders,n/a,headsetmicrofoon (USB),48000
20081022,JaricFjodorowBelarus,20081022,0.7554599,True,mannelijk,jeugd,anders,n/a,headsetmicrofoon (USB),48000
20081022,JaricFjodorowBelarus,20081022,0.6715505,True,mannelijk,jeugd,anders,n/a,headsetmicrofoon (USB),48000
20081022,JaricFjodorowBelarus,20081022,0.72491825,True,mannelijk,jeugd,anders,n/a,headsetmicrofoon (USB),48000
20081022,JaricFjodorowBelarus,20081022,0.6117816,True,mannelijk,jeugd,anders,n/a,headsetmicrofoon (USB),48000
20081022,JaricFjodorowBelarus,20081022,0.6028161,True,mannelijk,jeugd,anders,n/a,headsetmicrofoon (USB),48000
20081022,JaricFjodorowBelarus,20081022,0.7533284,True,mannelijk,jeugd,anders,n/a,headsetmicrofoon (USB),48000
20081022,JaricFjodorowBelarus,20081022,0.63245857,True,mannelijk,jeugd,anders,n/a,headsetmicrofoon (USB),48000
20081022,JaricFjodorowBelarus,20081022,0.6700454,True,mannelijk,jeugd,anders,n/a,headsetmicrofoon (USB),48000
20081022,JaricFjodorowBelarus,20081022,0.75855666,True,mannelijk,jeugd,anders,n/a,headsetmicrofoon (USB),48000
20081022,JaricFjodorowBelarus,20081022,0.7101582,True,mannelijk,jeugd,anders,n/a,headsetmicrofoon (USB),48000
20081022,JaricFjodorowBelarus,20081022,0.79192054,True,mannelijk,jeugd,anders,n/a,headsetmicrofoon (USB),48000
20090125,jeroen,20090125,0.65258646,True,mannelijk,volwassen,algemeen Nederlands,n/a,microfoon in laptop,48000
20090125,jeroen,20090125,0.5728771,True,mannelijk,volwassen,algemeen Nederlands,n/a,microfoon in laptop,48000
20090125,jeroen,20090125,0.5729064,True,mannelijk,volwassen,algemeen Nederlands,n/a,microfoon in laptop,48000
20090125,jeroen,20090125,0.60879433,True,mannelijk,volwassen,algemeen Nederlands,n/a,microfoon in laptop,48000
20090125,jeroen,20090125,0.58478403,True,mannelijk,volwassen,algemeen Nederlands,n/a,microfoon in laptop,48000
20090125,jeroen,20090125,0.64585334,True,mannelijk,volwassen,algemeen Nederlands,n/a,microfoon in laptop,48000
20090125,jeroen,20090125,0.5949437,True,mannelijk,volwassen,algemeen Nederlands,n/a,microfoon in laptop,48000
20080404,jillis,20080404,0.6215621,True,mannelijk,jeugd,Noordwestelijk,n/a,headsetmicrofoon,48000
20090125,jeroen,20090125,0.6869905,True,mannelijk,volwassen,algemeen Nederlands,n/a,microfoon in laptop,48000
20090125,jeroen,20090125,0.64295924,True,mannelijk,volwassen,algemeen Nederlands,n/a,microfoon in laptop,48000
20080404,jillis,20080404,0.7118769,True,mannelijk,jeugd,Noordwestelijk,n/a,headsetmicrofoon,48000
20080404,jillis,20080404,0.735063,True,mannelijk,jeugd,Noordwestelijk,n/a,headsetmicrofoon,48000
20080404,jillis,20080404,0.7072139,True,mannelijk,jeugd,Noordwestelijk,n/a,headsetmicrofoon,48000
20080404,jillis,20080404,0.69793946,True,mannelijk,jeugd,Noordwestelijk,n/a,headsetmicrofoon,48000
20080404,jillis,20080404,0.7165128,True,mannelijk,jeugd,Noordwestelijk,n/a,headsetmicrofoon,48000
20080404,jillis,20080404,0.60504425,True,mannelijk,jeugd,Noordwestelijk,n/a,headsetmicrofoon,48000
20080404,jillis,20080404,0.74542886,True,mannelijk,jeugd,Noordwestelijk,n/a,headsetmicrofoon,48000
20080404,jillis,20080404,0.68966115,True,mannelijk,jeugd,Noordwestelijk,n/a,headsetmicrofoon,48000
20080404,jillis,20080404,0.6123967,True,mannelijk,jeugd,Noordwestelijk,n/a,headsetmicrofoon,48000
20080404,jillis,20080404,0.634739,True,mannelijk,jeugd,Noordwestelijk,n/a,headsetmicrofoon,48000
20080404,jillis,20080404,0.5877069,True,mannelijk,jeugd,Noordwestelijk,n/a,headsetmicrofoon,48000
20080404,jillis,20080404,0.5890771,True,mannelijk,jeugd,Noordwestelijk,n/a,headsetmicrofoon,48000
20080404,jillis,20080404,0.690682,True,mannelijk,jeugd,Noordwestelijk,n/a,headsetmicrofoon,48000
20080404,jillis,20080404,0.72894144,True,mannelijk,jeugd,Noordwestelijk,n/a,headsetmicrofoon,48000
20080404,jillis,20080404,0.62185967,True,mannelijk,jeugd,Noordwestelijk,n/a,headsetmicrofoon,48000
20080404,jillis,20080404,0.58437395,True,mannelijk,jeugd,Noordwestelijk,n/a,headsetmicrofoon,48000
20080404,jillis,20080404,0.64227164,True,mannelijk,jeugd,Noordwestelijk,n/a,headsetmicrofoon,48000
20080304,JohanLingen,20080302,0.66131914,False,mannelijk,volwassen,Noordwestelijk,n/a,headsetmicrofoon,48000
20080304,JohanLingen,20080302,0.6557495,False,mannelijk,volwassen,Noordwestelijk,n/a,headsetmicrofoon,48000
20080404,jillis,20080404,0.774399,True,mannelijk,jeugd,Noordwestelijk,n/a,headsetmicrofoon,48000
20080304,JohanLingen,20080302,0.66117096,False,mannelijk,volwassen,Noordwestelijk,n/a,headsetmicrofoon,48000
20080304,JohanLingen,20080302,0.68819726,False,mannelijk,volwassen,Noordwestelijk,n/a,headsetmicrofoon,48000
20080304,JohanLingen,20080302,0.67438674,False,mannelijk,volwassen,Noordwestelijk,n/a,headsetmicrofoon,48000
20080304,JohanLingen,20080302,0.49508852,False,mannelijk,volwassen,Noordwestelijk,n/a,headsetmicrofoon,48000
20080304,JohanLingen,20080302,0.71465266,False,mannelijk,volwassen,Noordwestelijk,n/a,headsetmicrofoon,48000
20080304,JohanLingen,20080302,0.6075697,False,mannelijk,volwassen,Noordwestelijk,n/a,headsetmicrofoon,48000
20080304,JohanLingen,20080302,0.73258114,False,mannelijk,volwassen,Noordwestelijk,n/a,headsetmicrofoon,48000
20080306,JohanLingen,20080302,0.5439287,False,mannelijk,volwassen,Noordwestelijk,n/a,headsetmicrofoon,48000
20080306,JohanLingen,20080302,0.59212965,False,mannelijk,volwassen,Noordwestelijk,n/a,headsetmicrofoon,48000
20080306,JohanLingen,20080302,0.5605494,False,mannelijk,volwassen,Noordwestelijk,n/a,headsetmicrofoon,48000
20080306,JohanLingen,20080302,0.5834774,False,mannelijk,volwassen,Noordwestelijk,n/a,headsetmicrofoon,48000
20080306,JohanLingen,20080302,0.60913146,False,mannelijk,volwassen,Noordwestelijk,n/a,headsetmicrofoon,48000
20080306,JohanLingen,20080302,0.5411857,False,mannelijk,volwassen,Noordwestelijk,n/a,headsetmicrofoon,48000
20080306,JohanLingen,20080302,0.56198114,False,mannelijk,volwassen,Noordwestelijk,n/a,headsetmicrofoon,48000
20080306,JohanLingen,20080302,0.6135664,False,mannelijk,volwassen,Noordwestelijk,n/a,headsetmicrofoon,48000
20080306,JohanLingen,20110422,0.5502667,False,mannelijk,volwassen,Noordwestelijk,n/a,headsetmicrofoon,48000
20080306,JohanLingen,20080302,0.55231285,False,mannelijk,volwassen,Noordwestelijk,n/a,headsetmicrofoon,48000
20080306,JohanLingen,20080302,0.5222361,False,mannelijk,volwassen,Noordwestelijk,n/a,headsetmicrofoon,48000
20080306,JohanLingen,20080302,0.5267019,False,mannelijk,volwassen,Noordwestelijk,n/a,headsetmicrofoon,48000
20080306,JohanLingen,20080302,0.58904254,False,mannelijk,volwassen,Noordwestelijk,n/a,headsetmicrofoon,48000
20080306,JohanLingen,20080802,0.48070458,False,mannelijk,volwassen,Noordwestelijk,n/a,headsetmicrofoon,48000
20080306,JohanLingen,20110422,0.54713666,False,mannelijk,volwassen,Noordwestelijk,n/a,headsetmicrofoon,48000
20080306,JohanLingen,20080302,0.47014555,False,mannelijk,volwassen,Noordwestelijk,n/a,headsetmicrofoon,48000
20080306,JohanLingen,20080302,0.57679737,False,mannelijk,volwassen,Noordwestelijk,n/a,headsetmicrofoon,48000
20090412,john332,20090412,0.5942793,True,mannelijk,jeugd,algemeen Nederlands,n/a,bureaumicrofoon,48000
20080306,JohanLingen,20110422,0.31607902,False,mannelijk,volwassen,Noordwestelijk,n/a,headsetmicrofoon,48000
20080306,JohanLingen,20080302,0.46732134,False,mannelijk,volwassen,Noordwestelijk,n/a,headsetmicrofoon,48000
20090412,john332,20090412,0.49450922,True,mannelijk,jeugd,algemeen Nederlands,n/a,bureaumicrofoon,48000
20090412,john332,20090412,0.6748402,True,mannelijk,jeugd,algemeen Nederlands,n/a,bureaumicrofoon,48000
20090412,john332,20090412,0.69974196,True,mannelijk,jeugd,algemeen Nederlands,n/a,bureaumicrofoon,48000
20090412,john332,20090412,0.68117476,True,mannelijk,jeugd,algemeen Nederlands,n/a,bureaumicrofoon,48000
20090412,john332,20090412,0.62458384,True,mannelijk,jeugd,algemeen Nederlands,n/a,bureaumicrofoon,48000
20090412,john332,20090412,0.58493114,True,mannelijk,jeugd,algemeen Nederlands,n/a,bureaumicrofoon,48000
20090412,john332,20090412,0.64079416,True,mannelijk,jeugd,algemeen Nederlands,n/a,bureaumicrofoon,48000
20090412,john332,20090412,0.3646039,True,mannelijk,jeugd,algemeen Nederlands,n/a,bureaumicrofoon,48000
20090412,john332,20090412,0.6418062,True,mannelijk,jeugd,algemeen Nederlands,n/a,bureaumicrofoon,48000
20090412,john332,20090412,0.527462,True,mannelijk,jeugd,algemeen Nederlands,n/a,bureaumicrofoon,48000
20090412,john332,20090412,0.42276114,True,mannelijk,jeugd,algemeen Nederlands,n/a,bureaumicrofoon,48000
20090412,john332,20090412,0.44563958,True,mannelijk,jeugd,algemeen Nederlands,n/a,bureaumicrofoon,48000
20090412,john332,20090412,0.5699327,True,mannelijk,jeugd,algemeen Nederlands,n/a,bureaumicrofoon,48000
20090412,john332,20090412,0.39193153,True,mannelijk,jeugd,algemeen Nederlands,n/a,bureaumicrofoon,48000
20090412,john332,20090412,0.6245692,True,mannelijk,jeugd,algemeen Nederlands,n/a,bureaumicrofoon,48000
20090412,john332,20080909,0.39445066,False,mannelijk,jeugd,algemeen Nederlands,n/a,bureaumicrofoon,48000
20090412,john332,20090412,0.65711194,True,mannelijk,jeugd,algemeen Nederlands,n/a,bureaumicrofoon,48000
20090412,john332,20090412,0.58018726,True,mannelijk,jeugd,algemeen Nederlands,n/a,bureaumicrofoon,48000
20081203,jokohoko,20081203,0.61159015,True,mannelijk,volwassen,algemeen Nederlands,n/a,headsetmicrofoon,48000
20081203,jokohoko,20081203,0.47089356,True,mannelijk,volwassen,algemeen Nederlands,n/a,headsetmicrofoon,48000
20081203,jokohoko,20081203,0.40340942,True,mannelijk,volwassen,algemeen Nederlands,n/a,headsetmicrofoon,48000
20081203,jokohoko,20081203,0.5550301,True,mannelijk,volwassen,algemeen Nederlands,n/a,headsetmicrofoon,48000
20081203,jokohoko,20081203,0.5938635,True,mannelijk,volwassen,algemeen Nederlands,n/a,headsetmicrofoon,48000
20081203,jokohoko,20081203,0.51906574,True,mannelijk,volwassen,algemeen Nederlands,n/a,headsetmicrofoon,48000
20081203,jokohoko,20081203,0.5559529,True,mannelijk,volwassen,algemeen Nederlands,n/a,headsetmicrofoon,48000
20081203,jokohoko,20081203,0.4322598,True,mannelijk,volwassen,algemeen Nederlands,n/a,headsetmicrofoon,48000
20081203,jokohoko,20081203,0.5585785,True,mannelijk,volwassen,algemeen Nederlands,n/a,headsetmicrofoon,48000
20130827,jw,20130827,0.7680201,True,mannelijk,volwassen,Zuidwestelijk,n/a,headsetmicrofoon,48000
20130827,jw,20130827,0.69441676,True,mannelijk,volwassen,Zuidwestelijk,n/a,headsetmicrofoon,48000
20130827,jw,20130827,0.64648205,True,mannelijk,volwassen,Zuidwestelijk,n/a,headsetmicrofoon,48000
20130827,jw,20130827,0.76573694,True,mannelijk,volwassen,Zuidwestelijk,n/a,headsetmicrofoon,48000
20130827,jw,20130827,0.67477715,True,mannelijk,volwassen,Zuidwestelijk,n/a,headsetmicrofoon,48000
20130827,jw,20130827,0.7235843,True,mannelijk,volwassen,Zuidwestelijk,n/a,headsetmicrofoon,48000
20130827,jw,20130827,0.69286346,True,mannelijk,volwassen,Zuidwestelijk,n/a,headsetmicrofoon,48000
20130827,jw,20130827,0.6805187,True,mannelijk,volwassen,Zuidwestelijk,n/a,headsetmicrofoon,48000
20130827,jw,20130827,0.7349654,True,mannelijk,volwassen,Zuidwestelijk,n/a,headsetmicrofoon,48000
20130827,jw,20130827,0.68544066,True,mannelijk,volwassen,Zuidwestelijk,n/a,headsetmicrofoon,48000
20130827,jw,20130827,0.7246238,True,mannelijk,volwassen,Zuidwestelijk,n/a,headsetmicrofoon,48000
20130827,jw,20130827,0.72010183,True,mannelijk,volwassen,Zuidwestelijk,n/a,headsetmicrofoon,48000
20130827,jw,20130827,0.740921,True,mannelijk,volwassen,Zuidwestelijk,n/a,headsetmicrofoon,48000
20130827,jw,20130827,0.7800921,True,mannelijk,volwassen,Zuidwestelijk,n/a,headsetmicrofoon,48000
20130827,jw,20130827,0.71161866,True,mannelijk,volwassen,Zuidwestelijk,n/a,headsetmicrofoon,48000
20130827,jw,20130827,0.7576552,True,mannelijk,volwassen,Zuidwestelijk,n/a,headsetmicrofoon,48000
20130827,jw,20130827,0.62222636,True,mannelijk,volwassen,Zuidwestelijk,n/a,headsetmicrofoon,48000
20130827,jw,20130827,0.69791913,True,mannelijk,volwassen,Zuidwestelijk,n/a,headsetmicrofoon,48000
20130827,jw,20130827,0.7372417,True,mannelijk,volwassen,Zuidwestelijk,n/a,headsetmicrofoon,48000
20181202,jwvl,20181202,0.55055785,True,mannelijk,volwassen,Zuidwestelijk,n/a,microfoon in laptop,48000
20181202,jwvl,20181202,0.7324029,True,mannelijk,volwassen,Zuidwestelijk,n/a,microfoon in laptop,48000
20181202,jwvl,20181202,0.6593627,True,mannelijk,volwassen,Zuidwestelijk,n/a,microfoon in laptop,48000
20181202,jwvl,20181202,0.5834831,True,mannelijk,volwassen,Zuidwestelijk,n/a,microfoon in laptop,48000
20181202,jwvl,20181202,0.75452507,True,mannelijk,volwassen,Zuidwestelijk,n/a,microfoon in laptop,48000
20181202,jwvl,20181202,0.58083653,True,mannelijk,volwassen,Zuidwestelijk,n/a,microfoon in laptop,48000
20181202,jwvl,20181202,0.66461647,True,mannelijk,volwassen,Zuidwestelijk,n/a,microfoon in laptop,48000
20181202,jwvl,20181202,0.6526015,True,mannelijk,volwassen,Zuidwestelijk,n/a,microfoon in laptop,48000
20181202,jwvl,20181202,0.7138699,True,mannelijk,volwassen,Zuidwestelijk,n/a,microfoon in laptop,48000
20181202,jwvl,20181202,0.6959064,True,mannelijk,volwassen,Zuidwestelijk,n/a,microfoon in laptop,48000
20181202,jwvl,20181202,0.6427173,True,mannelijk,volwassen,Zuidwestelijk,n/a,microfoon in laptop,48000
20181202,jwvl,20181202,0.61868757,True,mannelijk,volwassen,Zuidwestelijk,n/a,microfoon in laptop,48000
20181202,jwvl,20181202,0.7064069,True,mannelijk,volwassen,Zuidwestelijk,n/a,microfoon in laptop,48000
20181202,jwvl,20181202,0.72449434,True,mannelijk,volwassen,Zuidwestelijk,n/a,microfoon in laptop,48000
20181202,jwvl,20181202,0.7152106,True,mannelijk,volwassen,Zuidwestelijk,n/a,microfoon in laptop,48000
20181202,jwvl,20181202,0.6264616,True,mannelijk,volwassen,Zuidwestelijk,n/a,microfoon in laptop,48000
20181202,jwvl,20181202,0.6834693,True,mannelijk,volwassen,Zuidwestelijk,n/a,microfoon in laptop,48000
20181202,jwvl,20181202,0.7135923,True,mannelijk,volwassen,Zuidwestelijk,n/a,microfoon in laptop,48000
20181202,jwvl,20181202,0.6032476,True,mannelijk,volwassen,Zuidwestelijk,n/a,microfoon in laptop,48000
20131123,kaas,20131123,0.64635944,True,mannelijk,volwassen,algemeen Nederlands,n/a,headsetmicrofoon,48000
20131123,kaas,20131123,0.6858016,True,mannelijk,volwassen,algemeen Nederlands,n/a,headsetmicrofoon,48000
20131123,kaas,20131123,0.74688697,True,mannelijk,volwassen,algemeen Nederlands,n/a,headsetmicrofoon,48000
20131123,kaas,20131123,0.67952025,True,mannelijk,volwassen,algemeen Nederlands,n/a,headsetmicrofoon,48000
20131123,kaas,20131123,0.7099383,True,mannelijk,volwassen,algemeen Nederlands,n/a,headsetmicrofoon,48000
20131123,kaas,20131123,0.6578158,True,mannelijk,volwassen,algemeen Nederlands,n/a,headsetmicrofoon,48000
20131123,kaas,20131123,0.9900518,True,mannelijk,volwassen,algemeen Nederlands,n/a,headsetmicrofoon,48000
20131123,kaas,20131123,0.68262625,True,mannelijk,volwassen,algemeen Nederlands,n/a,headsetmicrofoon,48000
20131123,kaas,20131123,0.72782904,True,mannelijk,volwassen,algemeen Nederlands,n/a,headsetmicrofoon,48000
20131123,kaas,20131123,0.76766086,True,mannelijk,volwassen,algemeen Nederlands,n/a,headsetmicrofoon,48000
20131123,kaas,20131123,0.73361814,True,mannelijk,volwassen,algemeen Nederlands,n/a,headsetmicrofoon,48000
20131123,kaas,20131123,0.7271204,True,mannelijk,volwassen,algemeen Nederlands,n/a,headsetmicrofoon,48000
20131123,kaas,20131123,0.7016253,True,mannelijk,volwassen,algemeen Nederlands,n/a,headsetmicrofoon,48000
20131123,kaas,20131123,0.77592754,True,mannelijk,volwassen,algemeen Nederlands,n/a,headsetmicrofoon,48000
20131123,kaas,20131123,0.76495546,True,mannelijk,volwassen,algemeen Nederlands,n/a,headsetmicrofoon,48000
20131123,kaas,20131123,0.7024642,True,mannelijk,volwassen,algemeen Nederlands,n/a,headsetmicrofoon,48000
20131123,kaas,20131123,0.6647239,True,mannelijk,volwassen,algemeen Nederlands,n/a,headsetmicrofoon,48000
20131123,kaas,20131123,0.6790722,True,mannelijk,volwassen,algemeen Nederlands,n/a,headsetmicrofoon,48000
20131123,kaas,20131123,0.6930661,True,mannelijk,volwassen,algemeen Nederlands,n/a,headsetmicrofoon,48000
20131123,kaas,20131123,0.77553356,True,mannelijk,volwassen,algemeen Nederlands,n/a,headsetmicrofoon,48000
20131123,kaas,20131123,0.64972854,True,mannelijk,volwassen,algemeen Nederlands,n/a,headsetmicrofoon,48000
20131123,kaas,20131123,0.7436656,True,mannelijk,volwassen,algemeen Nederlands,n/a,headsetmicrofoon,48000
20131123,kaas,20131123,0.7043553,True,mannelijk,volwassen,algemeen Nederlands,n/a,headsetmicrofoon,48000
20131123,kaas,20131123,0.7289181,True,mannelijk,volwassen,algemeen Nederlands,n/a,headsetmicrofoon,48000
20131123,kaas,20131123,0.7298558,True,mannelijk,volwassen,algemeen Nederlands,n/a,headsetmicrofoon,48000
20131123,kaas,20131123,0.6971797,True,mannelijk,volwassen,algemeen Nederlands,n/a,headsetmicrofoon,48000
20131123,kaas,20131123,0.75181186,True,mannelijk,volwassen,algemeen Nederlands,n/a,headsetmicrofoon,48000
20131123,kaas,20131123,0.71856165,True,mannelijk,volwassen,algemeen Nederlands,n/a,headsetmicrofoon,48000
20131123,kaas,20131123,0.67596936,True,mannelijk,volwassen,algemeen Nederlands,n/a,headsetmicrofoon,48000
20131123,kaas,20131123,0.71142256,True,mannelijk,volwassen,algemeen Nederlands,n/a,headsetmicrofoon,48000
20131123,kaas,20131123,0.77493393,True,mannelijk,volwassen,algemeen Nederlands,n/a,headsetmicrofoon,48000
20131123,kaas,20131123,0.6515442,True,mannelijk,volwassen,algemeen Nederlands,n/a,headsetmicrofoon,48000
20131123,kaas,20131123,0.6373318,True,mannelijk,volwassen,algemeen Nederlands,n/a,headsetmicrofoon,48000
20131123,kaas,20131123,0.7601509,True,mannelijk,volwassen,algemeen Nederlands,n/a,headsetmicrofoon,48000
20131123,kaas,20131123,0.74911505,True,mannelijk,volwassen,algemeen Nederlands,n/a,headsetmicrofoon,48000
20131123,kaas,20131123,0.7155707,True,mannelijk,volwassen,algemeen Nederlands,n/a,headsetmicrofoon,48000
20131123,kaas,20131123,0.69656587,True,mannelijk,volwassen,algemeen Nederlands,n/a,headsetmicrofoon,48000
20131123,kaas,20131123,0.7626796,True,mannelijk,volwassen,algemeen Nederlands,n/a,headsetmicrofoon,48000
20131123,kaas,20131123,0.6975037,True,mannelijk,volwassen,algemeen Nederlands,n/a,headsetmicrofoon,48000
20131123,kaas,20131123,0.6587352,True,mannelijk,volwassen,algemeen Nederlands,n/a,headsetmicrofoon,48000
20131123,kaas,20131123,0.6652714,True,mannelijk,volwassen,algemeen Nederlands,n/a,headsetmicrofoon,48000
20131123,kaas,20131123,0.70755136,True,mannelijk,volwassen,algemeen Nederlands,n/a,headsetmicrofoon,48000
20131123,kaas,20131123,0.69287467,True,mannelijk,volwassen,algemeen Nederlands,n/a,headsetmicrofoon,48000
20131123,kaas,20131120,0.66108024,False,mannelijk,volwassen,algemeen Nederlands,n/a,headsetmicrofoon,48000
20131123,kaas,20131123,0.5582037,True,mannelijk,volwassen,algemeen Nederlands,n/a,headsetmicrofoon,48000
20131123,kaas,20131123,0.748255,True,mannelijk,volwassen,algemeen Nederlands,n/a,headsetmicrofoon,48000
20131123,kaas,20131123,0.70786476,True,mannelijk,volwassen,algemeen Nederlands,n/a,headsetmicrofoon,48000
20131123,kaas,20131120,0.64248145,False,mannelijk,volwassen,algemeen Nederlands,n/a,headsetmicrofoon,48000
20131123,kaas,20131123,0.64554584,True,mannelijk,volwassen,algemeen Nederlands,n/a,headsetmicrofoon,48000
20170510,kevin,20170510,0.6836839,True,mannelijk,volwassen,algemeen Nederlands,n/a,headsetmicrofoon,48000
20170510,kevin,20170510,0.4909994,True,mannelijk,volwassen,algemeen Nederlands,n/a,headsetmicrofoon,48000
20170510,kevin,20170510,0.7007563,True,mannelijk,volwassen,algemeen Nederlands,n/a,headsetmicrofoon,48000
20170510,kevin,20170510,0.6520643,True,mannelijk,volwassen,algemeen Nederlands,n/a,headsetmicrofoon,48000
20170510,kevin,20170510,0.66941667,True,mannelijk,volwassen,algemeen Nederlands,n/a,headsetmicrofoon,48000
20170510,kevin,20170510,0.77432394,True,mannelijk,volwassen,algemeen Nederlands,n/a,headsetmicrofoon,48000
20170510,kevin,20170510,0.6641381,True,mannelijk,volwassen,algemeen Nederlands,n/a,headsetmicrofoon,48000
20170510,kevin,20170510,0.71439457,True,mannelijk,volwassen,algemeen Nederlands,n/a,headsetmicrofoon,48000
20170510,kevin,20170510,0.6630783,True,mannelijk,volwassen,algemeen Nederlands,n/a,headsetmicrofoon,48000
20170510,kevin,20170510,0.64780676,True,mannelijk,volwassen,algemeen Nederlands,n/a,headsetmicrofoon,48000
20170510,kevin,20170510,0.57561564,True,mannelijk,volwassen,algemeen Nederlands,n/a,headsetmicrofoon,48000
20170510,kevin,20170510,0.68636817,True,mannelijk,volwassen,algemeen Nederlands,n/a,headsetmicrofoon,48000
20170510,kevin,20170510,0.6546706,True,mannelijk,volwassen,algemeen Nederlands,n/a,headsetmicrofoon,48000
20170510,kevin,20170510,0.7295323,True,mannelijk,volwassen,algemeen Nederlands,n/a,headsetmicrofoon,48000
20170510,kevin,20170510,0.59322906,True,mannelijk,volwassen,algemeen Nederlands,n/a,headsetmicrofoon,48000
20170510,kevin,20170510,0.71459365,True,mannelijk,volwassen,algemeen Nederlands,n/a,headsetmicrofoon,48000
20170510,kevin,20170510,0.7206761,True,mannelijk,volwassen,algemeen Nederlands,n/a,headsetmicrofoon,48000
20170510,kevin,20170510,0.56962407,True,mannelijk,volwassen,algemeen Nederlands,n/a,headsetmicrofoon,48000
20170510,kevin,20170510,0.86035824,True,mannelijk,volwassen,algemeen Nederlands,n/a,headsetmicrofoon,48000
20170510,kevin,20170510,0.6016578,True,mannelijk,volwassen,algemeen Nederlands,n/a,headsetmicrofoon,48000
20170510,kevin,20170510,0.5758827,True,mannelijk,volwassen,algemeen Nederlands,n/a,headsetmicrofoon,48000
20170510,kevin,20170510,0.5720212,True,mannelijk,volwassen,algemeen Nederlands,n/a,headsetmicrofoon,48000
20170510,kevin,20170510,0.56369364,True,mannelijk,volwassen,algemeen Nederlands,n/a,headsetmicrofoon,48000
20170510,kevin,20170510,0.5961911,True,mannelijk,volwassen,algemeen Nederlands,n/a,headsetmicrofoon,48000
20170510,kevin,20170510,0.52176714,True,mannelijk,volwassen,algemeen Nederlands,n/a,headsetmicrofoon,48000
20170510,kevin,20170510,0.4811093,True,mannelijk,volwassen,algemeen Nederlands,n/a,headsetmicrofoon,48000
20170510,kevin,20170510,0.5106193,True,mannelijk,volwassen,algemeen Nederlands,n/a,headsetmicrofoon,48000
20170510,kevin,20170510,0.51818204,True,mannelijk,volwassen,algemeen Nederlands,n/a,headsetmicrofoon,48000
20170510,kevin,20170510,0.57606673,True,mannelijk,volwassen,algemeen Nederlands,n/a,headsetmicrofoon,48000
20170510,kevin,20170510,0.6020818,True,mannelijk,volwassen,algemeen Nederlands,n/a,headsetmicrofoon,48000
20170510,kevin,20170510,0.59503114,True,mannelijk,volwassen,algemeen Nederlands,n/a,headsetmicrofoon,48000
20170510,kevin,20170510,0.5562761,True,mannelijk,volwassen,algemeen Nederlands,n/a,headsetmicrofoon,48000
20170510,kevin,20170510,0.6112838,True,mannelijk,volwassen,algemeen Nederlands,n/a,headsetmicrofoon,48000
20170510,kevin,20170510,0.54402006,True,mannelijk,volwassen,algemeen Nederlands,n/a,headsetmicrofoon,48000
20170510,kevin,20170510,0.4612646,True,mannelijk,volwassen,algemeen Nederlands,n/a,headsetmicrofoon,48000
20170510,kevin,20170510,0.5528791,True,mannelijk,volwassen,algemeen Nederlands,n/a,headsetmicrofoon,48000
20170510,kevin,20170510,0.40963218,True,mannelijk,volwassen,algemeen Nederlands,n/a,headsetmicrofoon,48000
20170510,kevin,20170510,0.5247917,True,mannelijk,volwassen,algemeen Nederlands,n/a,headsetmicrofoon,48000
20170510,kevin,20170510,0.5082078,True,mannelijk,volwassen,algemeen Nederlands,n/a,headsetmicrofoon,48000
20170510,kevin,20170510,0.55849886,True,mannelijk,volwassen,algemeen Nederlands,n/a,headsetmicrofoon,48000
20170510,kevin,20170510,0.5573537,True,mannelijk,volwassen,algemeen Nederlands,n/a,headsetmicrofoon,48000
20170510,kevin,20170510,0.61734545,True,mannelijk,volwassen,algemeen Nederlands,n/a,headsetmicrofoon,48000
20170510,kevin,20170510,0.5673033,True,mannelijk,volwassen,algemeen Nederlands,n/a,headsetmicrofoon,48000
20170510,kevin,20170510,0.66688156,True,mannelijk,volwassen,algemeen Nederlands,n/a,headsetmicrofoon,48000
20170510,kevin,20170510,0.55565083,True,mannelijk,volwassen,algemeen Nederlands,n/a,headsetmicrofoon,48000
20170510,kevin,20170510,0.6140746,True,mannelijk,volwassen,algemeen Nederlands,n/a,headsetmicrofoon,48000
20130819,lennarthuizing,20130819,0.6387787,True,mannelijk,volwassen,algemeen Nederlands,n/a,microfoon in laptop,48000
20170510,kevin,20170510,0.5476716,True,mannelijk,volwassen,algemeen Nederlands,n/a,headsetmicrofoon,48000
20170510,kevin,20170510,0.55677116,True,mannelijk,volwassen,algemeen Nederlands,n/a,headsetmicrofoon,48000
20170510,kevin,20170510,0.51773757,True,mannelijk,volwassen,algemeen Nederlands,n/a,headsetmicrofoon,48000
20130819,lennarthuizing,20130819,0.5953305,True,mannelijk,volwassen,algemeen Nederlands,n/a,microfoon in laptop,48000
20130819,lennarthuizing,20130819,0.5877192,True,mannelijk,volwassen,algemeen Nederlands,n/a,microfoon in laptop,48000
20130819,lennarthuizing,20130819,0.6120968,True,mannelijk,volwassen,algemeen Nederlands,n/a,microfoon in laptop,48000
20130819,lennarthuizing,20130819,0.5896981,True,mannelijk,volwassen,algemeen Nederlands,n/a,microfoon in laptop,48000
20130819,lennarthuizing,20130819,0.57261825,True,mannelijk,volwassen,algemeen Nederlands,n/a,microfoon in laptop,48000
20130819,lennarthuizing,20130819,0.5489135,True,mannelijk,volwassen,algemeen Nederlands,n/a,microfoon in laptop,48000
20130819,lennarthuizing,20130819,0.57534987,True,mannelijk,volwassen,algemeen Nederlands,n/a,microfoon in laptop,48000
20130819,lennarthuizing,20130819,0.5513931,True,mannelijk,volwassen,algemeen Nederlands,n/a,microfoon in laptop,48000
20130819,lennarthuizing,20130819,0.5884769,True,mannelijk,volwassen,algemeen Nederlands,n/a,microfoon in laptop,48000
20130819,lennarthuizing,20130819,0.56403744,True,mannelijk,volwassen,algemeen Nederlands,n/a,microfoon in laptop,48000
20130819,lennarthuizing,20130819,0.59261125,True,mannelijk,volwassen,algemeen Nederlands,n/a,microfoon in laptop,48000
20130819,lennarthuizing,20100110,0.5443186,False,mannelijk,volwassen,algemeen Nederlands,n/a,microfoon in laptop,48000
20130819,lennarthuizing,20130819,0.55948997,True,mannelijk,volwassen,algemeen Nederlands,n/a,microfoon in laptop,48000
20130819,lennarthuizing,20130819,0.5304695,True,mannelijk,volwassen,algemeen Nederlands,n/a,microfoon in laptop,48000
20130819,lennarthuizing,20130819,0.6492752,True,mannelijk,volwassen,algemeen Nederlands,n/a,microfoon in laptop,48000
20130819,lennarthuizing,20130819,0.478661,True,mannelijk,volwassen,algemeen Nederlands,n/a,microfoon in laptop,48000
20130819,lennarthuizing,20130819,0.5538739,True,mannelijk,volwassen,algemeen Nederlands,n/a,microfoon in laptop,48000
20130819,lennarthuizing,20130819,0.6899012,True,mannelijk,volwassen,algemeen Nederlands,n/a,microfoon in laptop,48000
20130819,lennarthuizing,20130819,0.6495447,True,mannelijk,volwassen,algemeen Nederlands,n/a,microfoon in laptop,48000
20130819,lennarthuizing,20130819,0.60874915,True,mannelijk,volwassen,algemeen Nederlands,n/a,microfoon in laptop,48000
20130819,lennarthuizing,20130819,0.6460135,True,mannelijk,volwassen,algemeen Nederlands,n/a,microfoon in laptop,48000
20130819,lennarthuizing,20130819,0.6280833,True,mannelijk,volwassen,algemeen Nederlands,n/a,microfoon in laptop,48000
20130819,lennarthuizing,20130819,0.60929394,True,mannelijk,volwassen,algemeen Nederlands,n/a,microfoon in laptop,48000
20130819,lennarthuizing,20130819,0.5024823,True,mannelijk,volwassen,algemeen Nederlands,n/a,microfoon in laptop,48000
20130819,lennarthuizing,20130819,0.6110513,True,mannelijk,volwassen,algemeen Nederlands,n/a,microfoon in laptop,48000
20130819,lennarthuizing,20130819,0.6230947,True,mannelijk,volwassen,algemeen Nederlands,n/a,microfoon in laptop,48000
20130819,lennarthuizing,20130819,0.63307333,True,mannelijk,volwassen,algemeen Nederlands,n/a,microfoon in laptop,48000
20130819,lennarthuizing,20130819,0.5838162,True,mannelijk,volwassen,algemeen Nederlands,n/a,microfoon in laptop,48000
20130819,lennarthuizing,20130819,0.5523692,True,mannelijk,volwassen,algemeen Nederlands,n/a,microfoon in laptop,48000
20130819,lennarthuizing,20130819,0.58691764,True,mannelijk,volwassen,algemeen Nederlands,n/a,microfoon in laptop,48000
20130819,lennarthuizing,20130819,0.5415164,True,mannelijk,volwassen,algemeen Nederlands,n/a,microfoon in laptop,48000
20130819,lennarthuizing,20130819,0.61195683,True,mannelijk,volwassen,algemeen Nederlands,n/a,microfoon in laptop,48000
20130819,lennarthuizing,20130819,0.68708336,True,mannelijk,volwassen,algemeen Nederlands,n/a,microfoon in laptop,48000
20130819,lennarthuizing,20130819,0.6343889,True,mannelijk,volwassen,algemeen Nederlands,n/a,microfoon in laptop,48000
20130819,lennarthuizing,20130819,0.6252485,True,mannelijk,volwassen,algemeen Nederlands,n/a,microfoon in laptop,48000
20130819,lennarthuizing,20130819,0.6858351,True,mannelijk,volwassen,algemeen Nederlands,n/a,microfoon in laptop,48000
20080325,Leontje,20080325,0.6568771,True,mannelijk,volwassen,algemeen Nederlands,n/a,bureaumicrofoon,48000
20130819,lennarthuizing,20130819,0.50165325,True,mannelijk,volwassen,algemeen Nederlands,n/a,microfoon in laptop,48000
20130819,lennarthuizing,20130819,0.6533079,True,mannelijk,volwassen,algemeen Nederlands,n/a,microfoon in laptop,48000
20080325,Leontje,20080325,0.4185536,True,mannelijk,volwassen,algemeen Nederlands,n/a,bureaumicrofoon,48000
20080325,Leontje,20080325,0.6694312,True,mannelijk,volwassen,algemeen Nederlands,n/a,bureaumicrofoon,48000
20080325,Leontje,20080325,0.6621671,True,mannelijk,volwassen,algemeen Nederlands,n/a,bureaumicrofoon,48000
20080325,Leontje,20080325,0.7245246,True,mannelijk,volwassen,algemeen Nederlands,n/a,bureaumicrofoon,48000
20080325,Leontje,20080325,0.6832687,True,mannelijk,volwassen,algemeen Nederlands,n/a,bureaumicrofoon,48000
20080325,Leontje,20080325,0.67185915,True,mannelijk,volwassen,algemeen Nederlands,n/a,bureaumicrofoon,48000
20080325,Leontje,20080325,0.6576014,True,mannelijk,volwassen,algemeen Nederlands,n/a,bureaumicrofoon,48000
20080325,Leontje,20080325,0.5961794,True,mannelijk,volwassen,algemeen Nederlands,n/a,bureaumicrofoon,48000
20080504,linforcer,20080504,0.5891546,True,mannelijk,jeugd,algemeen Nederlands,n/a,headsetmicrofoon,48000
20080504,linforcer,20080504,0.69879943,True,mannelijk,jeugd,algemeen Nederlands,n/a,headsetmicrofoon,48000
20080504,linforcer,20080504,0.6084796,True,mannelijk,jeugd,algemeen Nederlands,n/a,headsetmicrofoon,48000
20080504,linforcer,20080504,0.6778439,True,mannelijk,jeugd,algemeen Nederlands,n/a,headsetmicrofoon,48000
20080504,linforcer,20080504,0.46846318,True,mannelijk,jeugd,algemeen Nederlands,n/a,headsetmicrofoon,48000
20080504,linforcer,20080504,0.7095376,True,mannelijk,jeugd,algemeen Nederlands,n/a,headsetmicrofoon,48000
20080504,linforcer,20080504,0.67649305,True,mannelijk,jeugd,algemeen Nederlands,n/a,headsetmicrofoon,48000
20080504,linforcer,20080504,0.551563,True,mannelijk,jeugd,algemeen Nederlands,n/a,headsetmicrofoon,48000
20080504,linforcer,20080504,0.72778255,True,mannelijk,jeugd,algemeen Nederlands,n/a,headsetmicrofoon,48000
20080802,MSypkensSmit,20080802,0.78813004,True,mannelijk,volwassen,algemeen Nederlands,n/a,headsetmicrofoon,48000
20080802,MSypkensSmit,20080802,0.7192484,True,mannelijk,volwassen,algemeen Nederlands,n/a,headsetmicrofoon,48000
20080802,MSypkensSmit,20080802,0.6570092,True,mannelijk,volwassen,algemeen Nederlands,n/a,headsetmicrofoon,48000
20080802,MSypkensSmit,20080802,0.75026214,True,mannelijk,volwassen,algemeen Nederlands,n/a,headsetmicrofoon,48000
20080802,MSypkensSmit,20080802,0.77796173,True,mannelijk,volwassen,algemeen Nederlands,n/a,headsetmicrofoon,48000
20080802,MSypkensSmit,20080802,0.75938904,True,mannelijk,volwassen,algemeen Nederlands,n/a,headsetmicrofoon,48000
20080802,MSypkensSmit,20080802,0.77229404,True,mannelijk,volwassen,algemeen Nederlands,n/a,headsetmicrofoon,48000
20080802,MSypkensSmit,20080802,0.7394684,True,mannelijk,volwassen,algemeen Nederlands,n/a,headsetmicrofoon,48000
20080802,MSypkensSmit,20080802,0.7576475,True,mannelijk,volwassen,algemeen Nederlands,n/a,headsetmicrofoon,48000
20080802,MSypkensSmit,20080802,0.7228067,True,mannelijk,volwassen,algemeen Nederlands,n/a,headsetmicrofoon,48000
20080802,MSypkensSmit,20080802,0.77489334,True,mannelijk,volwassen,algemeen Nederlands,n/a,headsetmicrofoon,48000
20080802,MSypkensSmit,20080802,0.67763376,True,mannelijk,volwassen,algemeen Nederlands,n/a,headsetmicrofoon,48000
20080802,MSypkensSmit,20080802,0.7358872,True,mannelijk,volwassen,algemeen Nederlands,n/a,headsetmicrofoon,48000
20080802,MSypkensSmit,20080802,0.7460964,True,mannelijk,volwassen,algemeen Nederlands,n/a,headsetmicrofoon,48000
20080802,MSypkensSmit,20080802,0.7155272,True,mannelijk,volwassen,algemeen Nederlands,n/a,headsetmicrofoon,48000
20080802,MSypkensSmit,20080802,0.73330534,True,mannelijk,volwassen,algemeen Nederlands,n/a,headsetmicrofoon,48000
20080802,MSypkensSmit,20080802,0.67309177,True,mannelijk,volwassen,algemeen Nederlands,n/a,headsetmicrofoon,48000
20080802,MSypkensSmit,20080802,0.7383096,True,mannelijk,volwassen,algemeen Nederlands,n/a,headsetmicrofoon,48000
20080802,MSypkensSmit,20080802,0.7104206,True,mannelijk,volwassen,algemeen Nederlands,n/a,headsetmicrofoon,48000
20080802,MSypkensSmit,20080802,0.7203543,True,mannelijk,volwassen,algemeen Nederlands,n/a,headsetmicrofoon,48000
20080802,MSypkensSmit,20080802,0.7663756,True,mannelijk,volwassen,algemeen Nederlands,n/a,headsetmicrofoon,48000
20080802,MSypkensSmit,20080802,0.70639336,True,mannelijk,volwassen,algemeen Nederlands,n/a,headsetmicrofoon,48000
20080802,MSypkensSmit,20080802,0.62159026,True,mannelijk,volwassen,algemeen Nederlands,n/a,headsetmicrofoon,48000
20080802,MSypkensSmit,20080802,0.75464296,True,mannelijk,volwassen,algemeen Nederlands,n/a,headsetmicrofoon,48000
20080802,MSypkensSmit,20080802,0.70675075,True,mannelijk,volwassen,algemeen Nederlands,n/a,headsetmicrofoon,48000
20080802,MSypkensSmit,20080802,0.65874326,True,mannelijk,volwassen,algemeen Nederlands,n/a,headsetmicrofoon,48000
20080802,MSypkensSmit,20080802,0.7562245,True,mannelijk,volwassen,algemeen Nederlands,n/a,headsetmicrofoon,48000
20080802,MSypkensSmit,20080802,0.7051253,True,mannelijk,volwassen,algemeen Nederlands,n/a,headsetmicrofoon,48000
20080802,MSypkensSmit,20080802,0.72463197,True,mannelijk,volwassen,algemeen Nederlands,n/a,headsetmicrofoon,48000
20080802,MSypkensSmit,20080802,0.70133436,True,mannelijk,volwassen,algemeen Nederlands,n/a,headsetmicrofoon,48000
20080802,MSypkensSmit,20080802,0.68517506,True,mannelijk,volwassen,algemeen Nederlands,n/a,headsetmicrofoon,48000
20080802,MSypkensSmit,20080802,0.6506208,True,mannelijk,volwassen,algemeen Nederlands,n/a,headsetmicrofoon,48000
20080802,MSypkensSmit,20080802,0.6811451,True,mannelijk,volwassen,algemeen Nederlands,n/a,headsetmicrofoon,48000
20080802,MSypkensSmit,20080802,0.71326125,True,mannelijk,volwassen,algemeen Nederlands,n/a,headsetmicrofoon,48000
20080802,MSypkensSmit,20080802,0.75426626,True,mannelijk,volwassen,algemeen Nederlands,n/a,headsetmicrofoon,48000
20080802,MSypkensSmit,20080802,0.74228644,True,mannelijk,volwassen,algemeen Nederlands,n/a,headsetmicrofoon,48000
20080802,MSypkensSmit,20080802,0.8043859,True,mannelijk,volwassen,algemeen Nederlands,n/a,headsetmicrofoon,48000
20080802,MSypkensSmit,20080802,0.64046663,True,mannelijk,volwassen,algemeen Nederlands,n/a,headsetmicrofoon,48000
20080802,MSypkensSmit,20080802,0.59840786,True,mannelijk,volwassen,algemeen Nederlands,n/a,headsetmicrofoon,48000
20080803,MSypkensSmit,20080802,0.5905155,False,mannelijk,volwassen,algemeen Nederlands,n/a,headsetmicrofoon,48000
20080803,MSypkensSmit,20080802,0.4835296,False,mannelijk,volwassen,algemeen Nederlands,n/a,headsetmicrofoon,48000
20080803,MSypkensSmit,20080802,0.56984967,False,mannelijk,volwassen,algemeen Nederlands,n/a,headsetmicrofoon,48000
20080803,MSypkensSmit,20080802,0.41561648,False,mannelijk,volwassen,algemeen Nederlands,n/a,headsetmicrofoon,48000
20080803,MSypkensSmit,20080802,0.5551607,False,mannelijk,volwassen,algemeen Nederlands,n/a,headsetmicrofoon,48000
20080803,MSypkensSmit,20080802,0.672036,False,mannelijk,volwassen,algemeen Nederlands,n/a,headsetmicrofoon,48000
20080803,MSypkensSmit,20080802,0.5852609,False,mannelijk,volwassen,algemeen Nederlands,n/a,headsetmicrofoon,48000
20080803,MSypkensSmit,20080802,0.6905511,False,mannelijk,volwassen,algemeen Nederlands,n/a,headsetmicrofoon,48000
20080803,MSypkensSmit,20080802,0.6100776,False,mannelijk,volwassen,algemeen Nederlands,n/a,headsetmicrofoon,48000
20080803,MSypkensSmit,20080802,0.618539,False,mannelijk,volwassen,algemeen Nederlands,n/a,headsetmicrofoon,48000
20080803,MSypkensSmit,20080802,0.6635034,False,mannelijk,volwassen,algemeen Nederlands,n/a,headsetmicrofoon,48000
20080803,MSypkensSmit,20080802,0.6089626,False,mannelijk,volwassen,algemeen Nederlands,n/a,headsetmicrofoon,48000
20080803,MSypkensSmit,20080802,0.70466393,False,mannelijk,volwassen,algemeen Nederlands,n/a,headsetmicrofoon,48000
20080803,MSypkensSmit,20080802,0.6995435,False,mannelijk,volwassen,algemeen Nederlands,n/a,headsetmicrofoon,48000
20080803,MSypkensSmit,20080802,0.5843211,False,mannelijk,volwassen,algemeen Nederlands,n/a,headsetmicrofoon,48000
20080803,MSypkensSmit,20080802,0.69530576,False,mannelijk,volwassen,algemeen Nederlands,n/a,headsetmicrofoon,48000
20080803,MSypkensSmit,20080802,0.6388304,False,mannelijk,volwassen,algemeen Nederlands,n/a,headsetmicrofoon,48000
20080803,MSypkensSmit,20080802,0.6384916,False,mannelijk,volwassen,algemeen Nederlands,n/a,headsetmicrofoon,48000
20080803,MSypkensSmit,20080802,0.4864418,False,mannelijk,volwassen,algemeen Nederlands,n/a,headsetmicrofoon,48000
20080803,MSypkensSmit,20080802,0.65750545,False,mannelijk,volwassen,algemeen Nederlands,n/a,headsetmicrofoon,48000
20080803,MSypkensSmit,20080802,0.5731909,False,mannelijk,volwassen,algemeen Nederlands,n/a,headsetmicrofoon,48000
20080803,MSypkensSmit,20080802,0.46914968,False,mannelijk,volwassen,algemeen Nederlands,n/a,headsetmicrofoon,48000
20080803,MSypkensSmit,20080802,0.5965164,False,mannelijk,volwassen,algemeen Nederlands,n/a,headsetmicrofoon,48000
20080803,MSypkensSmit,20080802,0.6012142,False,mannelijk,volwassen,algemeen Nederlands,n/a,headsetmicrofoon,48000
20080803,MSypkensSmit,20080802,0.54667103,False,mannelijk,volwassen,algemeen Nederlands,n/a,headsetmicrofoon,48000
20080803,MSypkensSmit,20080802,0.44395864,False,mannelijk,volwassen,algemeen Nederlands,n/a,headsetmicrofoon,48000
20080803,MSypkensSmit,20080802,0.5530635,False,mannelijk,volwassen,algemeen Nederlands,n/a,headsetmicrofoon,48000
20080803,MSypkensSmit,20080802,0.62244755,False,mannelijk,volwassen,algemeen Nederlands,n/a,headsetmicrofoon,48000
20080803,MSypkensSmit,20080802,0.5668439,False,mannelijk,volwassen,algemeen Nederlands,n/a,headsetmicrofoon,48000
20080803,MSypkensSmit,20080802,0.56446356,False,mannelijk,volwassen,algemeen Nederlands,n/a,headsetmicrofoon,48000
20080803,MSypkensSmit,20080802,0.62606084,False,mannelijk,volwassen,algemeen Nederlands,n/a,headsetmicrofoon,48000
20080803,MSypkensSmit,20080802,0.6999675,False,mannelijk,volwassen,algemeen Nederlands,n/a,headsetmicrofoon,48000
20080803,MSypkensSmit,20080802,0.5536641,False,mannelijk,volwassen,algemeen Nederlands,n/a,headsetmicrofoon,48000
20080803,MSypkensSmit,20080802,0.66355836,False,mannelijk,volwassen,algemeen Nederlands,n/a,headsetmicrofoon,48000
20080803,MSypkensSmit,20080802,0.56925565,False,mannelijk,volwassen,algemeen Nederlands,n/a,headsetmicrofoon,48000
20080803,MSypkensSmit,20080802,0.4955598,False,mannelijk,volwassen,algemeen Nederlands,n/a,headsetmicrofoon,48000
20080803,MSypkensSmit,20080802,0.6502549,False,mannelijk,volwassen,algemeen Nederlands,n/a,headsetmicrofoon,48000
20080803,MSypkensSmit,20080802,0.64244497,False,mannelijk,volwassen,algemeen Nederlands,n/a,headsetmicrofoon,48000
20080803,MSypkensSmit,20080802,0.6130345,False,mannelijk,volwassen,algemeen Nederlands,n/a,headsetmicrofoon,48000
20080803,MSypkensSmit,20080802,0.6117152,False,mannelijk,volwassen,algemeen Nederlands,n/a,headsetmicrofoon,48000
20080803,MSypkensSmit,20080802,0.56691414,False,mannelijk,volwassen,algemeen Nederlands,n/a,headsetmicrofoon,48000
20080803,MSypkensSmit,20080802,0.48314783,False,mannelijk,volwassen,algemeen Nederlands,n/a,headsetmicrofoon,48000
20080803,MSypkensSmit,20080802,0.43218657,False,mannelijk,volwassen,algemeen Nederlands,n/a,headsetmicrofoon,48000
20080803,MSypkensSmit,20080802,0.47888336,False,mannelijk,volwassen,algemeen Nederlands,n/a,headsetmicrofoon,48000
20080803,MSypkensSmit,20080802,0.52060556,False,mannelijk,volwassen,algemeen Nederlands,n/a,headsetmicrofoon,48000
20080803,MSypkensSmit,20080802,0.5126842,False,mannelijk,volwassen,algemeen Nederlands,n/a,headsetmicrofoon,48000
20080803,MSypkensSmit,20080802,0.4742574,False,mannelijk,volwassen,algemeen Nederlands,n/a,headsetmicrofoon,48000
20080803,MSypkensSmit,20080802,0.44643697,False,mannelijk,volwassen,algemeen Nederlands,n/a,headsetmicrofoon,48000
20080803,MSypkensSmit,20080802,0.63645697,False,mannelijk,volwassen,algemeen Nederlands,n/a,headsetmicrofoon,48000
20080803,MSypkensSmit,20080802,0.5597812,False,mannelijk,volwassen,algemeen Nederlands,n/a,headsetmicrofoon,48000
20080803,MSypkensSmit,20080802,0.5636853,False,mannelijk,volwassen,algemeen Nederlands,n/a,headsetmicrofoon,48000
20080803,MSypkensSmit,20080802,0.6163726,False,mannelijk,volwassen,algemeen Nederlands,n/a,headsetmicrofoon,48000
20080803,MSypkensSmit,20080802,0.6402854,False,mannelijk,volwassen,algemeen Nederlands,n/a,headsetmicrofoon,48000
20080803,MSypkensSmit,20080802,0.64521956,False,mannelijk,volwassen,algemeen Nederlands,n/a,headsetmicrofoon,48000
20080803,MSypkensSmit,20080802,0.67799956,False,mannelijk,volwassen,algemeen Nederlands,n/a,headsetmicrofoon,48000
20080803,MSypkensSmit,20080802,0.62360454,False,mannelijk,volwassen,algemeen Nederlands,n/a,headsetmicrofoon,48000
20080803,MSypkensSmit,20080802,0.5786452,False,mannelijk,volwassen,algemeen Nederlands,n/a,headsetmicrofoon,48000
20080803,MSypkensSmit,20080802,0.60123754,False,mannelijk,volwassen,algemeen Nederlands,n/a,headsetmicrofoon,48000
20080803,MSypkensSmit,20080802,0.6554872,False,mannelijk,volwassen,algemeen Nederlands,n/a,headsetmicrofoon,48000
20080803,MSypkensSmit,20080802,0.65605736,False,mannelijk,volwassen,algemeen Nederlands,n/a,headsetmicrofoon,48000
20080803,MSypkensSmit,20080802,0.6080693,False,mannelijk,volwassen,algemeen Nederlands,n/a,headsetmicrofoon,48000
20080803,MSypkensSmit,20080802,0.6474936,False,mannelijk,volwassen,algemeen Nederlands,n/a,headsetmicrofoon,48000
20080803,MSypkensSmit,20080802,0.66813433,False,mannelijk,volwassen,algemeen Nederlands,n/a,headsetmicrofoon,48000
20080803,MSypkensSmit,20080802,0.7245936,False,mannelijk,volwassen,algemeen Nederlands,n/a,headsetmicrofoon,48000
20080803,MSypkensSmit,20080802,0.6656687,False,mannelijk,volwassen,algemeen Nederlands,n/a,headsetmicrofoon,48000
20080803,MSypkensSmit,20080802,0.7066922,False,mannelijk,volwassen,algemeen Nederlands,n/a,headsetmicrofoon,48000
20080803,MSypkensSmit,20080802,0.6384031,False,mannelijk,volwassen,algemeen Nederlands,n/a,headsetmicrofoon,48000
20080803,MSypkensSmit,20080802,0.6556988,False,mannelijk,volwassen,algemeen Nederlands,n/a,headsetmicrofoon,48000
20080803,MSypkensSmit,20080802,0.7334119,False,mannelijk,volwassen,algemeen Nederlands,n/a,headsetmicrofoon,48000
20080803,MSypkensSmit,20080802,0.5495684,False,mannelijk,volwassen,algemeen Nederlands,n/a,headsetmicrofoon,48000
20080803,MSypkensSmit,20080802,0.5740519,False,mannelijk,volwassen,algemeen Nederlands,n/a,headsetmicrofoon,48000
20080803,MSypkensSmit,20080802,0.53702104,False,mannelijk,volwassen,algemeen Nederlands,n/a,headsetmicrofoon,48000
20080803,MSypkensSmit,20080802,0.43408725,False,mannelijk,volwassen,algemeen Nederlands,n/a,headsetmicrofoon,48000
20080803,MSypkensSmit,20080802,0.6521478,False,mannelijk,volwassen,algemeen Nederlands,n/a,headsetmicrofoon,48000
20080803,MSypkensSmit,20080802,0.5534227,False,mannelijk,volwassen,algemeen Nederlands,n/a,headsetmicrofoon,48000
20080803,MSypkensSmit,20080802,0.5541672,False,mannelijk,volwassen,algemeen Nederlands,n/a,headsetmicrofoon,48000
20080803,MSypkensSmit,20080504,0.4459897,False,mannelijk,volwassen,algemeen Nederlands,n/a,headsetmicrofoon,48000
20080803,MSypkensSmit,20080802,0.5245279,False,mannelijk,volwassen,algemeen Nederlands,n/a,headsetmicrofoon,48000
20080803,MSypkensSmit,20080802,0.5414448,False,mannelijk,volwassen,algemeen Nederlands,n/a,headsetmicrofoon,48000
20080803,MSypkensSmit,20080802,0.5377536,False,mannelijk,volwassen,algemeen Nederlands,n/a,headsetmicrofoon,48000
20080803,MSypkensSmit,20080802,0.39363444,False,mannelijk,volwassen,algemeen Nederlands,n/a,headsetmicrofoon,48000
20080803,MSypkensSmit,20080802,0.5374944,False,mannelijk,volwassen,algemeen Nederlands,n/a,headsetmicrofoon,48000
20080803,MSypkensSmit,20080802,0.56333935,False,mannelijk,volwassen,algemeen Nederlands,n/a,headsetmicrofoon,48000
20080803,MSypkensSmit,20080802,0.6050321,False,mannelijk,volwassen,algemeen Nederlands,n/a,headsetmicrofoon,48000
20080803,MSypkensSmit,20080802,0.5009019,False,mannelijk,volwassen,algemeen Nederlands,n/a,headsetmicrofoon,48000
20080803,MSypkensSmit,20080802,0.5662082,False,mannelijk,volwassen,algemeen Nederlands,n/a,headsetmicrofoon,48000
20080803,MSypkensSmit,20080802,0.5619939,False,mannelijk,volwassen,algemeen Nederlands,n/a,headsetmicrofoon,48000
20080803,MSypkensSmit,20080802,0.6138065,False,mannelijk,volwassen,algemeen Nederlands,n/a,headsetmicrofoon,48000
20080803,MSypkensSmit,20080802,0.59629655,False,mannelijk,volwassen,algemeen Nederlands,n/a,headsetmicrofoon,48000
20080803,MSypkensSmit,20080802,0.47126117,False,mannelijk,volwassen,algemeen Nederlands,n/a,headsetmicrofoon,48000
20080803,MSypkensSmit,20080802,0.5413009,False,mannelijk,volwassen,algemeen Nederlands,n/a,headsetmicrofoon,48000
20080803,MSypkensSmit,20080802,0.55636054,False,mannelijk,volwassen,algemeen Nederlands,n/a,headsetmicrofoon,48000
20080803,MSypkensSmit,20080504,0.5002034,False,mannelijk,volwassen,algemeen Nederlands,n/a,headsetmicrofoon,48000
20080803,MSypkensSmit,20080802,0.6203591,False,mannelijk,volwassen,algemeen Nederlands,n/a,headsetmicrofoon,48000
20080803,MSypkensSmit,20080802,0.56059563,False,mannelijk,volwassen,algemeen Nederlands,n/a,headsetmicrofoon,48000
20080803,MSypkensSmit,20080802,0.5754241,False,mannelijk,volwassen,algemeen Nederlands,n/a,headsetmicrofoon,48000
20080803,MSypkensSmit,20080802,0.509107,False,mannelijk,volwassen,algemeen Nederlands,n/a,headsetmicrofoon,48000
20080803,MSypkensSmit,20080802,0.5906268,False,mannelijk,volwassen,algemeen Nederlands,n/a,headsetmicrofoon,48000
20080803,MSypkensSmit,20080802,0.5614927,False,mannelijk,volwassen,algemeen Nederlands,n/a,headsetmicrofoon,48000
20080803,MSypkensSmit,20080802,0.5616802,False,mannelijk,volwassen,algemeen Nederlands,n/a,headsetmicrofoon,48000
20080803,MSypkensSmit,20080802,0.6229724,False,mannelijk,volwassen,algemeen Nederlands,n/a,headsetmicrofoon,48000
20080803,MSypkensSmit,20080802,0.6086474,False,mannelijk,volwassen,algemeen Nederlands,n/a,headsetmicrofoon,48000
20080803,MSypkensSmit,20080802,0.6688019,False,mannelijk,volwassen,algemeen Nederlands,n/a,headsetmicrofoon,48000
20080803,MSypkensSmit,20080802,0.68347955,False,mannelijk,volwassen,algemeen Nederlands,n/a,headsetmicrofoon,48000
20080803,MSypkensSmit,20080802,0.6363808,False,mannelijk,volwassen,algemeen Nederlands,n/a,headsetmicrofoon,48000
20080803,MSypkensSmit,20080802,0.69486153,False,mannelijk,volwassen,algemeen Nederlands,n/a,headsetmicrofoon,48000
20080803,MSypkensSmit,20080802,0.6777171,False,mannelijk,volwassen,algemeen Nederlands,n/a,headsetmicrofoon,48000
20080803,MSypkensSmit,20080802,0.6021176,False,mannelijk,volwassen,algemeen Nederlands,n/a,headsetmicrofoon,48000
20080803,MSypkensSmit,20080802,0.6707339,False,mannelijk,volwassen,algemeen Nederlands,n/a,headsetmicrofoon,48000
20080803,MSypkensSmit,20080802,0.5742965,False,mannelijk,volwassen,algemeen Nederlands,n/a,headsetmicrofoon,48000
20080803,MSypkensSmit,20080802,0.6224911,False,mannelijk,volwassen,algemeen Nederlands,n/a,headsetmicrofoon,48000
20080803,MSypkensSmit,20080802,0.63540536,False,mannelijk,volwassen,algemeen Nederlands,n/a,headsetmicrofoon,48000
20080803,MSypkensSmit,20080802,0.73464847,False,mannelijk,volwassen,algemeen Nederlands,n/a,headsetmicrofoon,48000
20080803,MSypkensSmit,20080802,0.624468,False,mannelijk,volwassen,algemeen Nederlands,n/a,headsetmicrofoon,48000
20080803,MSypkensSmit,20080802,0.66775656,False,mannelijk,volwassen,algemeen Nederlands,n/a,headsetmicrofoon,48000
20080803,MSypkensSmit,20080802,0.6026606,False,mannelijk,volwassen,algemeen Nederlands,n/a,headsetmicrofoon,48000
20080803,MSypkensSmit,20080802,0.51117396,False,mannelijk,volwassen,algemeen Nederlands,n/a,headsetmicrofoon,48000
20080803,MSypkensSmit,20080802,0.66977847,False,mannelijk,volwassen,algemeen Nederlands,n/a,headsetmicrofoon,48000
20080803,MSypkensSmit,20080802,0.64413244,False,mannelijk,volwassen,algemeen Nederlands,n/a,headsetmicrofoon,48000
20090329,mw,20080616,0.4618492,False,vrouwelijk,volwassen,algemeen Nederlands,n/a,studiomicrofoon,48000
20090329,mw,20080616,0.53730655,False,vrouwelijk,volwassen,algemeen Nederlands,n/a,studiomicrofoon,48000
20090329,mw,20080909,0.46097535,False,vrouwelijk,volwassen,algemeen Nederlands,n/a,studiomicrofoon,48000
20090329,mw,20080302,0.45921278,False,vrouwelijk,volwassen,algemeen Nederlands,n/a,studiomicrofoon,48000
20090329,mw,20080909,0.49250808,False,vrouwelijk,volwassen,algemeen Nederlands,n/a,studiomicrofoon,48000
20090329,mw,20080909,0.55780506,False,vrouwelijk,volwassen,algemeen Nederlands,n/a,studiomicrofoon,48000
20090329,mw,20080404,0.52921796,False,vrouwelijk,volwassen,algemeen Nederlands,n/a,studiomicrofoon,48000
20090329,mw,20080909,0.5461122,False,vrouwelijk,volwassen,algemeen Nederlands,n/a,studiomicrofoon,48000
20090329,mw,20080909,0.5252139,False,vrouwelijk,volwassen,algemeen Nederlands,n/a,studiomicrofoon,48000
20090329,mw,20090329,0.65659827,True,vrouwelijk,volwassen,algemeen Nederlands,n/a,studiomicrofoon,48000
20090329,mw,20090329,0.95861757,True,vrouwelijk,volwassen,algemeen Nederlands,n/a,studiomicrofoon,48000
20090329,mw,20090329,0.46107018,True,vrouwelijk,volwassen,algemeen Nederlands,n/a,studiomicrofoon,48000
20090329,mw,20090329,0.6892062,True,vrouwelijk,volwassen,algemeen Nederlands,n/a,studiomicrofoon,48000
20090329,mw,20090329,0.6003517,True,vrouwelijk,volwassen,algemeen Nederlands,n/a,studiomicrofoon,48000
20090329,mw,20090329,0.6894314,True,vrouwelijk,volwassen,algemeen Nederlands,n/a,studiomicrofoon,48000
dano,NL,20090617,0.5531759,False,unknown,unknown,unknown,n/a,unknown,48000
dano,NL,dano,0.59846807,True,unknown,unknown,unknown,n/a,unknown,48000
20090329,mw,20090329,0.6902728,True,vrouwelijk,volwassen,algemeen Nederlands,n/a,studiomicrofoon,48000
20090329,mw,20090329,0.36579266,True,vrouwelijk,volwassen,algemeen Nederlands,n/a,studiomicrofoon,48000
20090329,mw,20090329,0.6249696,True,vrouwelijk,volwassen,algemeen Nederlands,n/a,studiomicrofoon,48000
20090329,mw,20090329,0.56940037,True,vrouwelijk,volwassen,algemeen Nederlands,n/a,studiomicrofoon,48000
dano,NL,20080301,0.63475615,False,unknown,unknown,unknown,n/a,unknown,48000
dano,NL,20090617,0.5753397,False,unknown,unknown,unknown,n/a,unknown,48000
dano,NL,20080301,0.72145677,False,unknown,unknown,unknown,n/a,unknown,48000
dano,NL,20090617,0.61074495,False,unknown,unknown,unknown,n/a,unknown,48000
dano,NL,20080301,0.6374048,False,unknown,unknown,unknown,n/a,unknown,48000
dano,NL,20080301,0.70397735,False,unknown,unknown,unknown,n/a,unknown,48000
dano,NL,20080301,0.68565595,False,unknown,unknown,unknown,n/a,unknown,48000
20130913,nvthielen,20130913,0.49495634,True,mannelijk,volwassen,algemeen Nederlands,n/a,studiomicrofoon,48000
20130913,nvthielen,20130913,0.32147378,True,mannelijk,volwassen,algemeen Nederlands,n/a,studiomicrofoon,48000
20130913,nvthielen,20130913,0.45397562,True,mannelijk,volwassen,algemeen Nederlands,n/a,studiomicrofoon,48000
20130913,nvthielen,20130913,0.5796871,True,mannelijk,volwassen,algemeen Nederlands,n/a,studiomicrofoon,48000
20130913,nvthielen,20130913,0.479687,True,mannelijk,volwassen,algemeen Nederlands,n/a,studiomicrofoon,48000
20130913,nvthielen,20130913,0.5231173,True,mannelijk,volwassen,algemeen Nederlands,n/a,studiomicrofoon,48000
20130913,nvthielen,20130913,0.52286625,True,mannelijk,volwassen,algemeen Nederlands,n/a,studiomicrofoon,48000
20130913,nvthielen,20140212,0.33508348,False,mannelijk,volwassen,algemeen Nederlands,n/a,studiomicrofoon,48000
20130913,nvthielen,20130913,0.44598064,True,mannelijk,volwassen,algemeen Nederlands,n/a,studiomicrofoon,48000
20130913,nvthielen,20080404,0.26969343,False,mannelijk,volwassen,algemeen Nederlands,n/a,studiomicrofoon,48000
20130913,nvthielen,20130913,0.48215795,True,mannelijk,volwassen,algemeen Nederlands,n/a,studiomicrofoon,48000
20130913,nvthielen,20140212,0.36503315,False,mannelijk,volwassen,algemeen Nederlands,n/a,studiomicrofoon,48000
20130913,nvthielen,20120318,0.26881033,False,mannelijk,volwassen,algemeen Nederlands,n/a,studiomicrofoon,48000
20130913,nvthielen,20080606,0.30984575,False,mannelijk,volwassen,algemeen Nederlands,n/a,studiomicrofoon,48000
20130913,nvthielen,20140212,0.23458448,False,mannelijk,volwassen,algemeen Nederlands,n/a,studiomicrofoon,48000
20130913,nvthielen,20140212,0.30783316,False,mannelijk,volwassen,algemeen Nederlands,n/a,studiomicrofoon,48000
20130913,nvthielen,20090423,0.31634957,False,mannelijk,volwassen,algemeen Nederlands,n/a,studiomicrofoon,48000
20130913,nvthielen,20130913,0.51243794,True,mannelijk,volwassen,algemeen Nederlands,n/a,studiomicrofoon,48000
20130913,nvthielen,20130913,0.40957,True,mannelijk,volwassen,algemeen Nederlands,n/a,studiomicrofoon,48000
20130913,nvthielen,20130913,0.4818752,True,mannelijk,volwassen,algemeen Nederlands,n/a,studiomicrofoon,48000
20130913,nvthielen,20130913,0.34481728,True,mannelijk,volwassen,algemeen Nederlands,n/a,studiomicrofoon,48000
20130913,nvthielen,20130913,0.43924445,True,mannelijk,volwassen,algemeen Nederlands,n/a,studiomicrofoon,48000
20130913,nvthielen,20130913,0.42909738,True,mannelijk,volwassen,algemeen Nederlands,n/a,studiomicrofoon,48000
20130913,nvthielen,20130913,0.5127112,True,mannelijk,volwassen,algemeen Nederlands,n/a,studiomicrofoon,48000
20130913,nvthielen,20130913,0.38687512,True,mannelijk,volwassen,algemeen Nederlands,n/a,studiomicrofoon,48000
20130913,nvthielen,20130913,0.36694512,True,mannelijk,volwassen,algemeen Nederlands,n/a,studiomicrofoon,48000
20130913,nvthielen,20130913,0.3729424,True,mannelijk,volwassen,algemeen Nederlands,n/a,studiomicrofoon,48000
20130913,nvthielen,20080301,0.1560876,False,mannelijk,volwassen,algemeen Nederlands,n/a,studiomicrofoon,48000
20130913,nvthielen,20110311,0.3006461,False,mannelijk,volwassen,algemeen Nederlands,n/a,studiomicrofoon,48000
20130913,nvthielen,20090826,0.1609194,False,mannelijk,volwassen,algemeen Nederlands,n/a,studiomicrofoon,48000
20130913,nvthielen,20140228,0.3610046,False,mannelijk,volwassen,algemeen Nederlands,n/a,studiomicrofoon,48000
20130913,nvthielen,20080605,0.22982721,False,mannelijk,volwassen,algemeen Nederlands,n/a,studiomicrofoon,48000
20130913,nvthielen,20080711,0.2618296,False,mannelijk,volwassen,algemeen Nederlands,n/a,studiomicrofoon,48000
20130913,nvthielen,20160115,0.26424298,False,mannelijk,volwassen,algemeen Nederlands,n/a,studiomicrofoon,48000
20130913,nvthielen,20130913,0.33193398,True,mannelijk,volwassen,algemeen Nederlands,n/a,studiomicrofoon,48000
20130913,nvthielen,20130913,0.3363756,True,mannelijk,volwassen,algemeen Nederlands,n/a,studiomicrofoon,48000
20130913,nvthielen,20080711,0.25655937,False,mannelijk,volwassen,algemeen Nederlands,n/a,studiomicrofoon,48000
20130913,nvthielen,20160115,0.31437787,False,mannelijk,volwassen,algemeen Nederlands,n/a,studiomicrofoon,48000
20130913,nvthielen,20160115,0.39421666,False,mannelijk,volwassen,algemeen Nederlands,n/a,studiomicrofoon,48000
20130913,nvthielen,20130913,0.36559036,True,mannelijk,volwassen,algemeen Nederlands,n/a,studiomicrofoon,48000
20130913,nvthielen,20130913,0.47950232,True,mannelijk,volwassen,algemeen Nederlands,n/a,studiomicrofoon,48000
20130913,nvthielen,20130913,0.38686642,True,mannelijk,volwassen,algemeen Nederlands,n/a,studiomicrofoon,48000
20130913,nvthielen,20140212,0.37981468,False,mannelijk,volwassen,algemeen Nederlands,n/a,studiomicrofoon,48000
20130913,nvthielen,20130913,0.5014814,True,mannelijk,volwassen,algemeen Nederlands,n/a,studiomicrofoon,48000
20130913,nvthielen,20130913,0.43164003,True,mannelijk,volwassen,algemeen Nederlands,n/a,studiomicrofoon,48000
20130913,nvthielen,20130913,0.40460926,True,mannelijk,volwassen,algemeen Nederlands,n/a,studiomicrofoon,48000
20130913,nvthielen,20130913,0.3759474,True,mannelijk,volwassen,algemeen Nederlands,n/a,studiomicrofoon,48000
20130913,nvthielen,20130913,0.3690309,True,mannelijk,volwassen,algemeen Nederlands,n/a,studiomicrofoon,48000
20130913,nvthielen,20130913,0.4714624,True,mannelijk,volwassen,algemeen Nederlands,n/a,studiomicrofoon,48000
20130913,nvthielen,20130913,0.4438221,True,mannelijk,volwassen,algemeen Nederlands,n/a,studiomicrofoon,48000
20130913,nvthielen,20081203,0.30852222,False,mannelijk,volwassen,algemeen Nederlands,n/a,studiomicrofoon,48000
20130913,nvthielen,20081128,0.39996326,False,mannelijk,volwassen,algemeen Nederlands,n/a,studiomicrofoon,48000
20130913,nvthielen,20110311,0.36173907,False,mannelijk,volwassen,algemeen Nederlands,n/a,studiomicrofoon,48000
20130913,nvthielen,20130913,0.3373548,True,mannelijk,volwassen,algemeen Nederlands,n/a,studiomicrofoon,48000
20130913,nvthielen,20130913,0.42608088,True,mannelijk,volwassen,algemeen Nederlands,n/a,studiomicrofoon,48000
20130913,nvthielen,20110305,0.38517594,False,mannelijk,volwassen,algemeen Nederlands,n/a,studiomicrofoon,48000
20130913,nvthielen,20120930,0.4295039,False,mannelijk,volwassen,algemeen Nederlands,n/a,studiomicrofoon,48000
20130913,nvthielen,20130913,0.44214147,True,mannelijk,volwassen,algemeen Nederlands,n/a,studiomicrofoon,48000
20130913,nvthielen,20130913,0.45392272,True,mannelijk,volwassen,algemeen Nederlands,n/a,studiomicrofoon,48000
20130913,nvthielen,20130913,0.46282196,True,mannelijk,volwassen,algemeen Nederlands,n/a,studiomicrofoon,48000
20130913,nvthielen,20120329,0.35818398,False,mannelijk,volwassen,algemeen Nederlands,n/a,studiomicrofoon,48000
20130913,nvthielen,20120930,0.36060375,False,mannelijk,volwassen,algemeen Nederlands,n/a,studiomicrofoon,48000
20130913,nvthielen,20130913,0.40967637,True,mannelijk,volwassen,algemeen Nederlands,n/a,studiomicrofoon,48000
20130913,nvthielen,04032016,0.3803606,False,mannelijk,volwassen,algemeen Nederlands,n/a,studiomicrofoon,48000
20130913,nvthielen,20130913,0.47110766,True,mannelijk,volwassen,algemeen Nederlands,n/a,studiomicrofoon,48000
20130913,nvthielen,20090813,0.36302018,False,mannelijk,volwassen,algemeen Nederlands,n/a,studiomicrofoon,48000
20130913,nvthielen,20130913,0.5216687,True,mannelijk,volwassen,algemeen Nederlands,n/a,studiomicrofoon,48000
20130913,nvthielen,20130913,0.38771668,True,mannelijk,volwassen,algemeen Nederlands,n/a,studiomicrofoon,48000
20130913,nvthielen,20130913,0.4012615,True,mannelijk,volwassen,algemeen Nederlands,n/a,studiomicrofoon,48000
20130913,nvthielen,20130913,0.44178632,True,mannelijk,volwassen,algemeen Nederlands,n/a,studiomicrofoon,48000
20130913,nvthielen,20130913,0.4253209,True,mannelijk,volwassen,algemeen Nederlands,n/a,studiomicrofoon,48000
20130913,nvthielen,20130913,0.4534544,True,mannelijk,volwassen,algemeen Nederlands,n/a,studiomicrofoon,48000
20130913,nvthielen,20130913,0.30739778,True,mannelijk,volwassen,algemeen Nederlands,n/a,studiomicrofoon,48000
20130913,nvthielen,20130913,0.5198544,True,mannelijk,volwassen,algemeen Nederlands,n/a,studiomicrofoon,48000
20130913,nvthielen,20130913,0.40674937,True,mannelijk,volwassen,algemeen Nederlands,n/a,studiomicrofoon,48000
20130913,nvthielen,20130913,0.46358836,True,mannelijk,volwassen,algemeen Nederlands,n/a,studiomicrofoon,48000
20130913,nvthielen,20080605,0.22193278,False,mannelijk,volwassen,algemeen Nederlands,n/a,studiomicrofoon,48000
20130913,nvthielen,20081203,0.2602087,False,mannelijk,volwassen,algemeen Nederlands,n/a,studiomicrofoon,48000
20130913,nvthielen,20120318,0.11604287,False,mannelijk,volwassen,algemeen Nederlands,n/a,studiomicrofoon,48000
20130913,nvthielen,20140415,0.26928556,False,mannelijk,volwassen,algemeen Nederlands,n/a,studiomicrofoon,48000
20130913,nvthielen,20081022,0.28497285,False,mannelijk,volwassen,algemeen Nederlands,n/a,studiomicrofoon,48000
20130913,nvthielen,20081018,0.41080812,False,mannelijk,volwassen,algemeen Nederlands,n/a,studiomicrofoon,48000
20130913,nvthielen,20130913,0.43587995,True,mannelijk,volwassen,algemeen Nederlands,n/a,studiomicrofoon,48000
20130913,nvthielen,20130913,0.52202845,True,mannelijk,volwassen,algemeen Nederlands,n/a,studiomicrofoon,48000
20130913,nvthielen,20130913,0.5705271,True,mannelijk,volwassen,algemeen Nederlands,n/a,studiomicrofoon,48000
20130913,nvthielen,20130913,0.50275886,True,mannelijk,volwassen,algemeen Nederlands,n/a,studiomicrofoon,48000
20130913,nvthielen,20081018,0.40653688,False,mannelijk,volwassen,algemeen Nederlands,n/a,studiomicrofoon,48000
20130913,nvthielen,20130913,0.5434929,True,mannelijk,volwassen,algemeen Nederlands,n/a,studiomicrofoon,48000
20130913,nvthielen,20130913,0.42456397,True,mannelijk,volwassen,algemeen Nederlands,n/a,studiomicrofoon,48000
20130913,nvthielen,20130913,0.41269165,True,mannelijk,volwassen,algemeen Nederlands,n/a,studiomicrofoon,48000
20130913,nvthielen,20081203,0.23457831,False,mannelijk,volwassen,algemeen Nederlands,n/a,studiomicrofoon,48000
20130913,nvthielen,20090826,0.30741102,False,mannelijk,volwassen,algemeen Nederlands,n/a,studiomicrofoon,48000
20130913,nvthielen,20081203,0.2535357,False,mannelijk,volwassen,algemeen Nederlands,n/a,studiomicrofoon,48000
20130913,nvthielen,20110311,0.24417399,False,mannelijk,volwassen,algemeen Nederlands,n/a,studiomicrofoon,48000
20130913,nvthielen,20170510,0.34774283,False,mannelijk,volwassen,algemeen Nederlands,n/a,studiomicrofoon,48000
20130913,nvthielen,20080220,0.2817165,False,mannelijk,volwassen,algemeen Nederlands,n/a,studiomicrofoon,48000
20130913,nvthielen,20080302,0.30748656,False,mannelijk,volwassen,algemeen Nederlands,n/a,studiomicrofoon,48000
20130913,nvthielen,20080120,0.34325653,False,mannelijk,volwassen,algemeen Nederlands,n/a,studiomicrofoon,48000
20130913,nvthielen,20130913,0.29614848,True,mannelijk,volwassen,algemeen Nederlands,n/a,studiomicrofoon,48000
20130913,nvthielen,20110305,0.35238838,False,mannelijk,volwassen,algemeen Nederlands,n/a,studiomicrofoon,48000
20130913,nvthielen,20130913,0.31205708,True,mannelijk,volwassen,algemeen Nederlands,n/a,studiomicrofoon,48000
20130913,nvthielen,20160115,0.3171484,False,mannelijk,volwassen,algemeen Nederlands,n/a,studiomicrofoon,48000
20130913,nvthielen,20130913,0.35864598,True,mannelijk,volwassen,algemeen Nederlands,n/a,studiomicrofoon,48000
20130913,nvthielen,dano,0.2712134,False,mannelijk,volwassen,algemeen Nederlands,n/a,studiomicrofoon,48000
20130913,nvthielen,20140228,0.2821856,False,mannelijk,volwassen,algemeen Nederlands,n/a,studiomicrofoon,48000
20130913,nvthielen,20080711,0.34223115,False,mannelijk,volwassen,algemeen Nederlands,n/a,studiomicrofoon,48000
20130913,nvthielen,20130913,0.37566513,True,mannelijk,volwassen,algemeen Nederlands,n/a,studiomicrofoon,48000
20130913,nvthielen,20080220,0.30917415,False,mannelijk,volwassen,algemeen Nederlands,n/a,studiomicrofoon,48000
20130913,nvthielen,20090423,0.3538627,False,mannelijk,volwassen,algemeen Nederlands,n/a,studiomicrofoon,48000
20130913,nvthielen,20080302,0.31837386,False,mannelijk,volwassen,algemeen Nederlands,n/a,studiomicrofoon,48000
20130913,nvthielen,20090629,0.3997336,False,mannelijk,volwassen,algemeen Nederlands,n/a,studiomicrofoon,48000
20130913,nvthielen,20130913,0.31030247,True,mannelijk,volwassen,algemeen Nederlands,n/a,studiomicrofoon,48000
20130913,nvthielen,20120318,0.3315075,False,mannelijk,volwassen,algemeen Nederlands,n/a,studiomicrofoon,48000
20130913,nvthielen,20140228,0.37210262,False,mannelijk,volwassen,algemeen Nederlands,n/a,studiomicrofoon,48000
20130913,nvthielen,20130913,0.45468417,True,mannelijk,volwassen,algemeen Nederlands,n/a,studiomicrofoon,48000
20130913,nvthielen,20130913,0.41107547,True,mannelijk,volwassen,algemeen Nederlands,n/a,studiomicrofoon,48000
20130913,nvthielen,20130913,0.40390456,True,mannelijk,volwassen,algemeen Nederlands,n/a,studiomicrofoon,48000
20130913,nvthielen,20130913,0.51794744,True,mannelijk,volwassen,algemeen Nederlands,n/a,studiomicrofoon,48000
20130913,nvthielen,20130913,0.35446945,True,mannelijk,volwassen,algemeen Nederlands,n/a,studiomicrofoon,48000
20130913,nvthielen,20080606,0.34633592,False,mannelijk,volwassen,algemeen Nederlands,n/a,studiomicrofoon,48000
20130913,nvthielen,20130913,0.54142344,True,mannelijk,volwassen,algemeen Nederlands,n/a,studiomicrofoon,48000
20130913,nvthielen,20130913,0.39263868,True,mannelijk,volwassen,algemeen Nederlands,n/a,studiomicrofoon,48000
20130913,nvthielen,20130913,0.41320062,True,mannelijk,volwassen,algemeen Nederlands,n/a,studiomicrofoon,48000
20130913,nvthielen,20130913,0.3868669,True,mannelijk,volwassen,algemeen Nederlands,n/a,studiomicrofoon,48000
20130913,nvthielen,20130913,0.41841784,True,mannelijk,volwassen,algemeen Nederlands,n/a,studiomicrofoon,48000
20130913,nvthielen,20130913,0.48722568,True,mannelijk,volwassen,algemeen Nederlands,n/a,studiomicrofoon,48000
20130913,nvthielen,20130913,0.51933706,True,mannelijk,volwassen,algemeen Nederlands,n/a,studiomicrofoon,48000
20130913,nvthielen,20130913,0.47809714,True,mannelijk,volwassen,algemeen Nederlands,n/a,studiomicrofoon,48000
20130913,nvthielen,20130913,0.33061898,True,mannelijk,volwassen,algemeen Nederlands,n/a,studiomicrofoon,48000
20130913,nvthielen,20130913,0.42225087,True,mannelijk,volwassen,algemeen Nederlands,n/a,studiomicrofoon,48000
20130913,nvthielen,20130913,0.48813936,True,mannelijk,volwassen,algemeen Nederlands,n/a,studiomicrofoon,48000
20130913,nvthielen,20130913,0.48406714,True,mannelijk,volwassen,algemeen Nederlands,n/a,studiomicrofoon,48000
20130913,nvthielen,20130913,0.47229546,True,mannelijk,volwassen,algemeen Nederlands,n/a,studiomicrofoon,48000
20130913,nvthielen,20130913,0.41777062,True,mannelijk,volwassen,algemeen Nederlands,n/a,studiomicrofoon,48000
20130913,nvthielen,20130913,0.44973278,True,mannelijk,volwassen,algemeen Nederlands,n/a,studiomicrofoon,48000
20130913,nvthielen,20081128,0.45828786,False,mannelijk,volwassen,algemeen Nederlands,n/a,studiomicrofoon,48000
20130913,nvthielen,20130527,0.27950507,False,mannelijk,volwassen,algemeen Nederlands,n/a,studiomicrofoon,48000
20130913,nvthielen,20130913,0.43773592,True,mannelijk,volwassen,algemeen Nederlands,n/a,studiomicrofoon,48000
20130913,nvthielen,20160115,0.32269335,False,mannelijk,volwassen,algemeen Nederlands,n/a,studiomicrofoon,48000
20130913,nvthielen,20081128,0.4416409,False,mannelijk,volwassen,algemeen Nederlands,n/a,studiomicrofoon,48000
20130913,nvthielen,20130913,0.46575162,True,mannelijk,volwassen,algemeen Nederlands,n/a,studiomicrofoon,48000
20130913,nvthielen,20130913,0.49044883,True,mannelijk,volwassen,algemeen Nederlands,n/a,studiomicrofoon,48000
20130913,nvthielen,20130913,0.5594851,True,mannelijk,volwassen,algemeen Nederlands,n/a,studiomicrofoon,48000
20130913,nvthielen,20130913,0.3898338,True,mannelijk,volwassen,algemeen Nederlands,n/a,studiomicrofoon,48000
20130913,nvthielen,20130913,0.3532433,True,mannelijk,volwassen,algemeen Nederlands,n/a,studiomicrofoon,48000
20130913,nvthielen,20130913,0.43964356,True,mannelijk,volwassen,algemeen Nederlands,n/a,studiomicrofoon,48000
20130913,nvthielen,20130913,0.5151519,True,mannelijk,volwassen,algemeen Nederlands,n/a,studiomicrofoon,48000
20130913,nvthielen,20130913,0.4440739,True,mannelijk,volwassen,algemeen Nederlands,n/a,studiomicrofoon,48000
20130913,nvthielen,20130913,0.4032648,True,mannelijk,volwassen,algemeen Nederlands,n/a,studiomicrofoon,48000
20130913,nvthielen,20130913,0.4407366,True,mannelijk,volwassen,algemeen Nederlands,n/a,studiomicrofoon,48000
20130913,nvthielen,20130913,0.42066908,True,mannelijk,volwassen,algemeen Nederlands,n/a,studiomicrofoon,48000
20130913,nvthielen,20130913,0.49319047,True,mannelijk,volwassen,algemeen Nederlands,n/a,studiomicrofoon,48000
20130913,nvthielen,20130913,0.426004,True,mannelijk,volwassen,algemeen Nederlands,n/a,studiomicrofoon,48000
20130913,nvthielen,20130913,0.41186348,True,mannelijk,volwassen,algemeen Nederlands,n/a,studiomicrofoon,48000
20130913,nvthielen,20110305,0.3805011,False,mannelijk,volwassen,algemeen Nederlands,n/a,studiomicrofoon,48000
20130913,nvthielen,20130913,0.4978419,True,mannelijk,volwassen,algemeen Nederlands,n/a,studiomicrofoon,48000
20130913,nvthielen,20130913,0.4444412,True,mannelijk,volwassen,algemeen Nederlands,n/a,studiomicrofoon,48000
20130913,nvthielen,20130913,0.47963846,True,mannelijk,volwassen,algemeen Nederlands,n/a,studiomicrofoon,48000
20130913,nvthielen,20130913,0.33622232,True,mannelijk,volwassen,algemeen Nederlands,n/a,studiomicrofoon,48000
20130913,nvthielen,20080806,0.33439094,False,mannelijk,volwassen,algemeen Nederlands,n/a,studiomicrofoon,48000
20130913,nvthielen,20130913,0.33776575,True,mannelijk,volwassen,algemeen Nederlands,n/a,studiomicrofoon,48000
20130913,nvthielen,20130913,0.48822904,True,mannelijk,volwassen,algemeen Nederlands,n/a,studiomicrofoon,48000
20130913,nvthielen,20081128,0.3096668,False,mannelijk,volwassen,algemeen Nederlands,n/a,studiomicrofoon,48000
20130913,nvthielen,20140702,0.19535807,False,mannelijk,volwassen,algemeen Nederlands,n/a,studiomicrofoon,48000
20130913,nvthielen,20120318,0.28051513,False,mannelijk,volwassen,algemeen Nederlands,n/a,studiomicrofoon,48000
20130913,nvthielen,20090322,0.2254203,False,mannelijk,volwassen,algemeen Nederlands,n/a,studiomicrofoon,48000
20130913,nvthielen,20120318,0.3242999,False,mannelijk,volwassen,algemeen Nederlands,n/a,studiomicrofoon,48000
20130913,nvthielen,20080302,0.34105152,False,mannelijk,volwassen,algemeen Nederlands,n/a,studiomicrofoon,48000
20130913,nvthielen,20120318,0.34090626,False,mannelijk,volwassen,algemeen Nederlands,n/a,studiomicrofoon,48000
20130913,nvthielen,20120318,0.45415616,False,mannelijk,volwassen,algemeen Nederlands,n/a,studiomicrofoon,48000
20130913,nvthielen,20160115,0.30014485,False,mannelijk,volwassen,algemeen Nederlands,n/a,studiomicrofoon,48000
20130913,nvthielen,20140212,0.31487688,False,mannelijk,volwassen,algemeen Nederlands,n/a,studiomicrofoon,48000
20130913,nvthielen,20130913,0.31590652,True,mannelijk,volwassen,algemeen Nederlands,n/a,studiomicrofoon,48000
20130913,nvthielen,20110311,0.29599065,False,mannelijk,volwassen,algemeen Nederlands,n/a,studiomicrofoon,48000
20130913,nvthielen,20140212,0.37462538,False,mannelijk,volwassen,algemeen Nederlands,n/a,studiomicrofoon,48000
20130913,nvthielen,20130913,0.44924906,True,mannelijk,volwassen,algemeen Nederlands,n/a,studiomicrofoon,48000
20130913,nvthielen,20130913,0.4167224,True,mannelijk,volwassen,algemeen Nederlands,n/a,studiomicrofoon,48000
20130913,nvthielen,20130913,0.5593535,True,mannelijk,volwassen,algemeen Nederlands,n/a,studiomicrofoon,48000
20130913,nvthielen,20130913,0.5575981,True,mannelijk,volwassen,algemeen Nederlands,n/a,studiomicrofoon,48000
20130913,nvthielen,20130913,0.41335377,True,mannelijk,volwassen,algemeen Nederlands,n/a,studiomicrofoon,48000
20130913,nvthielen,20130913,0.5591073,True,mannelijk,volwassen,algemeen Nederlands,n/a,studiomicrofoon,48000
20130913,nvthielen,20130913,0.40479204,True,mannelijk,volwassen,algemeen Nederlands,n/a,studiomicrofoon,48000
20130913,nvthielen,20130913,0.49626356,True,mannelijk,volwassen,algemeen Nederlands,n/a,studiomicrofoon,48000
20130913,nvthielen,20130913,0.36470476,True,mannelijk,volwassen,algemeen Nederlands,n/a,studiomicrofoon,48000
20130913,nvthielen,20130913,0.4645453,True,mannelijk,volwassen,algemeen Nederlands,n/a,studiomicrofoon,48000
20130913,nvthielen,20080606,0.2510479,False,mannelijk,volwassen,algemeen Nederlands,n/a,studiomicrofoon,48000
20130913,nvthielen,20111018,0.34990543,False,mannelijk,volwassen,algemeen Nederlands,n/a,studiomicrofoon,48000
20130913,nvthielen,20111018,0.18527031,False,mannelijk,volwassen,algemeen Nederlands,n/a,studiomicrofoon,48000
20130913,nvthielen,20111021,0.20116392,False,mannelijk,volwassen,algemeen Nederlands,n/a,studiomicrofoon,48000
20130913,nvthielen,20130913,0.36265585,True,mannelijk,volwassen,algemeen Nederlands,n/a,studiomicrofoon,48000
20130913,nvthielen,20090629,0.37784237,False,mannelijk,volwassen,algemeen Nederlands,n/a,studiomicrofoon,48000
20130913,nvthielen,20130913,0.46491954,True,mannelijk,volwassen,algemeen Nederlands,n/a,studiomicrofoon,48000
20130913,nvthielen,20130913,0.31256396,True,mannelijk,volwassen,algemeen Nederlands,n/a,studiomicrofoon,48000
20130913,nvthielen,20130913,0.37680867,True,mannelijk,volwassen,algemeen Nederlands,n/a,studiomicrofoon,48000
20130913,nvthielen,20130913,0.45313224,True,mannelijk,volwassen,algemeen Nederlands,n/a,studiomicrofoon,48000
20130913,nvthielen,20130913,0.4199347,True,mannelijk,volwassen,algemeen Nederlands,n/a,studiomicrofoon,48000
20130913,nvthielen,20130913,0.42020953,True,mannelijk,volwassen,algemeen Nederlands,n/a,studiomicrofoon,48000
20130913,nvthielen,20090322,0.45785925,False,mannelijk,volwassen,algemeen Nederlands,n/a,studiomicrofoon,48000
20130913,nvthielen,20130913,0.27741995,True,mannelijk,volwassen,algemeen Nederlands,n/a,studiomicrofoon,48000
20130913,nvthielen,20130913,0.43478113,True,mannelijk,volwassen,algemeen Nederlands,n/a,studiomicrofoon,48000
20130913,nvthielen,20160115,0.38800865,False,mannelijk,volwassen,algemeen Nederlands,n/a,studiomicrofoon,48000
20130913,nvthielen,20080711,0.34238505,False,mannelijk,volwassen,algemeen Nederlands,n/a,studiomicrofoon,48000
20130913,nvthielen,20080711,0.32661808,False,mannelijk,volwassen,algemeen Nederlands,n/a,studiomicrofoon,48000
20130913,nvthielen,20130527,0.39326566,False,mannelijk,volwassen,algemeen Nederlands,n/a,studiomicrofoon,48000
20130913,nvthielen,20080325,0.33056766,False,mannelijk,volwassen,algemeen Nederlands,n/a,studiomicrofoon,48000
20130913,nvthielen,20091018,0.3475572,False,mannelijk,volwassen,algemeen Nederlands,n/a,studiomicrofoon,48000
20130913,nvthielen,20090629,0.32152015,False,mannelijk,volwassen,algemeen Nederlands,n/a,studiomicrofoon,48000
20130913,nvthielen,20080909,0.27013662,False,mannelijk,volwassen,algemeen Nederlands,n/a,studiomicrofoon,48000
20130913,nvthielen,20170510,0.3845865,False,mannelijk,volwassen,algemeen Nederlands,n/a,studiomicrofoon,48000
20130913,nvthielen,20080205,0.12903798,False,mannelijk,volwassen,algemeen Nederlands,n/a,studiomicrofoon,48000
20130913,nvthielen,20140228,0.2886705,False,mannelijk,volwassen,algemeen Nederlands,n/a,studiomicrofoon,48000
20130913,nvthielen,20090629,0.24361303,False,mannelijk,volwassen,algemeen Nederlands,n/a,studiomicrofoon,48000
20130913,nvthielen,20111119,0.14844862,False,mannelijk,volwassen,algemeen Nederlands,n/a,studiomicrofoon,48000
20130913,nvthielen,20110311,0.24119322,False,mannelijk,volwassen,algemeen Nederlands,n/a,studiomicrofoon,48000
20130913,nvthielen,20081203,0.20419617,False,mannelijk,volwassen,algemeen Nederlands,n/a,studiomicrofoon,48000
20130913,nvthielen,20160115,0.38549086,False,mannelijk,volwassen,algemeen Nederlands,n/a,studiomicrofoon,48000
20130913,nvthielen,20090813,0.3492943,False,mannelijk,volwassen,algemeen Nederlands,n/a,studiomicrofoon,48000
20130913,nvthielen,20090813,0.33614448,False,mannelijk,volwassen,algemeen Nederlands,n/a,studiomicrofoon,48000
20130913,nvthielen,20090813,0.3325105,False,mannelijk,volwassen,algemeen Nederlands,n/a,studiomicrofoon,48000
20130913,nvthielen,20080606,0.3651828,False,mannelijk,volwassen,algemeen Nederlands,n/a,studiomicrofoon,48000
20130913,nvthielen,20130913,0.40226448,True,mannelijk,volwassen,algemeen Nederlands,n/a,studiomicrofoon,48000
20130913,nvthielen,20080606,0.37893188,False,mannelijk,volwassen,algemeen Nederlands,n/a,studiomicrofoon,48000
20130913,nvthielen,20080606,0.24586591,False,mannelijk,volwassen,algemeen Nederlands,n/a,studiomicrofoon,48000
20130913,nvthielen,20090125,0.2208425,False,mannelijk,volwassen,algemeen Nederlands,n/a,studiomicrofoon,48000
20130913,nvthielen,20111210,0.24108887,False,mannelijk,volwassen,algemeen Nederlands,n/a,studiomicrofoon,48000
20130913,nvthielen,20081018,0.24367474,False,mannelijk,volwassen,algemeen Nederlands,n/a,studiomicrofoon,48000
20130913,nvthielen,20130913,0.47352642,True,mannelijk,volwassen,algemeen Nederlands,n/a,studiomicrofoon,48000
20130913,nvthielen,20130913,0.46075076,True,mannelijk,volwassen,algemeen Nederlands,n/a,studiomicrofoon,48000
20130913,nvthielen,20151021,0.28136307,False,mannelijk,volwassen,algemeen Nederlands,n/a,studiomicrofoon,48000
20130913,nvthielen,20090617,0.24075606,False,mannelijk,volwassen,algemeen Nederlands,n/a,studiomicrofoon,48000
20130913,nvthielen,20070823_nl1,0.14357397,False,mannelijk,volwassen,algemeen Nederlands,n/a,studiomicrofoon,48000
20130913,nvthielen,20070823_nl1,0.26267412,False,mannelijk,volwassen,algemeen Nederlands,n/a,studiomicrofoon,48000
20130913,nvthielen,20130913,0.48650518,True,mannelijk,volwassen,algemeen Nederlands,n/a,studiomicrofoon,48000
20130913,nvthielen,20130913,0.5575139,True,mannelijk,volwassen,algemeen Nederlands,n/a,studiomicrofoon,48000
20130913,nvthielen,20130913,0.45841378,True,mannelijk,volwassen,algemeen Nederlands,n/a,studiomicrofoon,48000
20130913,nvthielen,20130913,0.38557515,True,mannelijk,volwassen,algemeen Nederlands,n/a,studiomicrofoon,48000
20130913,nvthielen,20130527,0.4069706,False,mannelijk,volwassen,algemeen Nederlands,n/a,studiomicrofoon,48000
20130913,nvthielen,20130913,0.34174198,True,mannelijk,volwassen,algemeen Nederlands,n/a,studiomicrofoon,48000
20130913,nvthielen,20130913,0.50764185,True,mannelijk,volwassen,algemeen Nederlands,n/a,studiomicrofoon,48000
20130913,nvthielen,20130913,0.49555868,True,mannelijk,volwassen,algemeen Nederlands,n/a,studiomicrofoon,48000
20130913,nvthielen,20130913,0.37699452,True,mannelijk,volwassen,algemeen Nederlands,n/a,studiomicrofoon,48000
20130913,nvthielen,20130913,0.44647485,True,mannelijk,volwassen,algemeen Nederlands,n/a,studiomicrofoon,48000
20130913,nvthielen,20130913,0.33814782,True,mannelijk,volwassen,algemeen Nederlands,n/a,studiomicrofoon,48000
20130913,nvthielen,20130913,0.49949828,True,mannelijk,volwassen,algemeen Nederlands,n/a,studiomicrofoon,48000
20130913,nvthielen,20130913,0.43656224,True,mannelijk,volwassen,algemeen Nederlands,n/a,studiomicrofoon,48000
20130913,nvthielen,20130913,0.40864322,True,mannelijk,volwassen,algemeen Nederlands,n/a,studiomicrofoon,48000
20130913,nvthielen,20130913,0.4023946,True,mannelijk,volwassen,algemeen Nederlands,n/a,studiomicrofoon,48000
20130913,nvthielen,20081128,0.4830238,False,mannelijk,volwassen,algemeen Nederlands,n/a,studiomicrofoon,48000
20130913,nvthielen,20130913,0.43877512,True,mannelijk,volwassen,algemeen Nederlands,n/a,studiomicrofoon,48000
20130913,nvthielen,20130913,0.4239728,True,mannelijk,volwassen,algemeen Nederlands,n/a,studiomicrofoon,48000
20180724,pcmill,20180724,0.7599522,True,mannelijk,volwassen,algemeen Nederlands,n/a,headsetmicrofoon (USB),48000
20180724,pcmill,20180724,0.80275124,True,mannelijk,volwassen,algemeen Nederlands,n/a,headsetmicrofoon (USB),48000
20180724,pcmill,20180724,0.66094756,True,mannelijk,volwassen,algemeen Nederlands,n/a,headsetmicrofoon (USB),48000
20180724,pcmill,20180724,0.71991366,True,mannelijk,volwassen,algemeen Nederlands,n/a,headsetmicrofoon (USB),48000
20180724,pcmill,20180724,0.8088267,True,mannelijk,volwassen,algemeen Nederlands,n/a,headsetmicrofoon (USB),48000
20180724,pcmill,20180724,0.7020767,True,mannelijk,volwassen,algemeen Nederlands,n/a,headsetmicrofoon (USB),48000
20180724,pcmill,20180724,0.7688563,True,mannelijk,volwassen,algemeen Nederlands,n/a,headsetmicrofoon (USB),48000
20180724,pcmill,20180724,0.73358816,True,mannelijk,volwassen,algemeen Nederlands,n/a,headsetmicrofoon (USB),48000
20180724,pcmill,20180724,0.6458683,True,mannelijk,volwassen,algemeen Nederlands,n/a,headsetmicrofoon (USB),48000
20180724,pcmill,20180724,0.71679425,True,mannelijk,volwassen,algemeen Nederlands,n/a,headsetmicrofoon (USB),48000
20180724,pcmill,20180724,0.7364948,True,mannelijk,volwassen,algemeen Nederlands,n/a,headsetmicrofoon (USB),48000
20180724,pcmill,20180724,0.7242718,True,mannelijk,volwassen,algemeen Nederlands,n/a,headsetmicrofoon (USB),48000
20180724,pcmill,20180724,0.76878035,True,mannelijk,volwassen,algemeen Nederlands,n/a,headsetmicrofoon (USB),48000
20180724,pcmill,20180724,0.72038376,True,mannelijk,volwassen,algemeen Nederlands,n/a,headsetmicrofoon (USB),48000
20180724,pcmill,20180724,0.7662118,True,mannelijk,volwassen,algemeen Nederlands,n/a,headsetmicrofoon (USB),48000
20180724,pcmill,20180724,0.67052615,True,mannelijk,volwassen,algemeen Nederlands,n/a,headsetmicrofoon (USB),48000
20180724,pcmill,20180724,0.76875544,True,mannelijk,volwassen,algemeen Nederlands,n/a,headsetmicrofoon (USB),48000
20180724,pcmill,20180724,0.78194296,True,mannelijk,volwassen,algemeen Nederlands,n/a,headsetmicrofoon (USB),48000
20180724,pcmill,20180724,0.6543778,True,mannelijk,volwassen,algemeen Nederlands,n/a,headsetmicrofoon (USB),48000
20180724,pcmill,20180724,0.7373916,True,mannelijk,volwassen,algemeen Nederlands,n/a,headsetmicrofoon (USB),48000
20180724,pcmill,20180724,0.731833,True,mannelijk,volwassen,algemeen Nederlands,n/a,headsetmicrofoon (USB),48000
20180724,pcmill,20180724,0.74181056,True,mannelijk,volwassen,algemeen Nederlands,n/a,headsetmicrofoon (USB),48000
20180724,pcmill,20180724,0.7542205,True,mannelijk,volwassen,algemeen Nederlands,n/a,headsetmicrofoon (USB),48000
20180724,pcmill,20180724,0.64922416,True,mannelijk,volwassen,algemeen Nederlands,n/a,headsetmicrofoon (USB),48000
20180724,pcmill,20180724,0.8267431,True,mannelijk,volwassen,algemeen Nederlands,n/a,headsetmicrofoon (USB),48000
20180724,pcmill,20180724,0.641163,True,mannelijk,volwassen,algemeen Nederlands,n/a,headsetmicrofoon (USB),48000
20180724,pcmill,20180724,0.6369717,True,mannelijk,volwassen,algemeen Nederlands,n/a,headsetmicrofoon (USB),48000
20180724,pcmill,20180724,0.6981751,True,mannelijk,volwassen,algemeen Nederlands,n/a,headsetmicrofoon (USB),48000
20180724,pcmill,20180724,0.7297383,True,mannelijk,volwassen,algemeen Nederlands,n/a,headsetmicrofoon (USB),48000
20120930,Pleytos,20120930,0.6939404,True,mannelijk,volwassen,Zuidwestelijk,n/a,bureaumicrofoon,48000
20120930,Pleytos,20120930,0.60148376,True,mannelijk,volwassen,Zuidwestelijk,n/a,bureaumicrofoon,48000
20120930,Pleytos,20120930,0.7669056,True,mannelijk,volwassen,Zuidwestelijk,n/a,bureaumicrofoon,48000
20120930,Pleytos,20120930,0.7946259,True,mannelijk,volwassen,Zuidwestelijk,n/a,bureaumicrofoon,48000
20120930,Pleytos,20120930,0.75277627,True,mannelijk,volwassen,Zuidwestelijk,n/a,bureaumicrofoon,48000
20120930,Pleytos,20120930,0.71749127,True,mannelijk,volwassen,Zuidwestelijk,n/a,bureaumicrofoon,48000
20120930,Pleytos,20120930,0.7519346,True,mannelijk,volwassen,Zuidwestelijk,n/a,bureaumicrofoon,48000
20120930,Pleytos,20120930,0.7274555,True,mannelijk,volwassen,Zuidwestelijk,n/a,bureaumicrofoon,48000
20120930,Pleytos,20120930,0.7387217,True,mannelijk,volwassen,Zuidwestelijk,n/a,bureaumicrofoon,48000
20140702,rhpv,20140702,0.75284433,True,mannelijk,volwassen,algemeen Nederlands,n/a,headsetmicrofoon,48000
20140702,rhpv,20140702,0.71531475,True,mannelijk,volwassen,algemeen Nederlands,n/a,headsetmicrofoon,48000
20140702,rhpv,20140702,0.7383494,True,mannelijk,volwassen,algemeen Nederlands,n/a,headsetmicrofoon,48000
20140702,rhpv,20140702,0.73309636,True,mannelijk,volwassen,algemeen Nederlands,n/a,headsetmicrofoon,48000
20140702,rhpv,20140702,0.75507176,True,mannelijk,volwassen,algemeen Nederlands,n/a,headsetmicrofoon,48000
20140702,rhpv,20140702,0.72900355,True,mannelijk,volwassen,algemeen Nederlands,n/a,headsetmicrofoon,48000
20140702,rhpv,20140702,0.75588775,True,mannelijk,volwassen,algemeen Nederlands,n/a,headsetmicrofoon,48000
20140702,rhpv,20140702,0.7368219,True,mannelijk,volwassen,algemeen Nederlands,n/a,headsetmicrofoon,48000
20140702,rhpv,20140702,0.75258976,True,mannelijk,volwassen,algemeen Nederlands,n/a,headsetmicrofoon,48000
20140702,rhpv,20140702,0.72353375,True,mannelijk,volwassen,algemeen Nederlands,n/a,headsetmicrofoon,48000
20140702,rhpv,20140702,0.72892547,True,mannelijk,volwassen,algemeen Nederlands,n/a,headsetmicrofoon,48000
20140702,rhpv,20140702,0.79518676,True,mannelijk,volwassen,algemeen Nederlands,n/a,headsetmicrofoon,48000
20140702,rhpv,20140702,0.7701405,True,mannelijk,volwassen,algemeen Nederlands,n/a,headsetmicrofoon,48000
20140702,rhpv,20140702,0.74873585,True,mannelijk,volwassen,algemeen Nederlands,n/a,headsetmicrofoon,48000
20140702,rhpv,20140702,0.6684438,True,mannelijk,volwassen,algemeen Nederlands,n/a,headsetmicrofoon,48000
20140702,rhpv,20140702,0.6422066,True,mannelijk,volwassen,algemeen Nederlands,n/a,headsetmicrofoon,48000
20140702,rhpv,20140702,0.6719024,True,mannelijk,volwassen,algemeen Nederlands,n/a,headsetmicrofoon,48000
20140702,rhpv,20140702,0.72798616,True,mannelijk,volwassen,algemeen Nederlands,n/a,headsetmicrofoon,48000
20090322,rickvanderzwet,20090322,0.4924909,True,mannelijk,volwassen,algemeen Nederlands,n/a,microfoon in laptop,48000
20090322,rickvanderzwet,20090322,0.5611716,True,mannelijk,volwassen,algemeen Nederlands,n/a,microfoon in laptop,48000
20140702,rhpv,20140702,0.7090451,True,mannelijk,volwassen,algemeen Nederlands,n/a,headsetmicrofoon,48000
20090322,rickvanderzwet,20090322,0.66123414,True,mannelijk,volwassen,algemeen Nederlands,n/a,microfoon in laptop,48000
20090322,rickvanderzwet,20090322,0.7413964,True,mannelijk,volwassen,algemeen Nederlands,n/a,microfoon in laptop,48000
20090322,rickvanderzwet,20111210,0.2825852,False,mannelijk,volwassen,algemeen Nederlands,n/a,microfoon in laptop,48000
20090322,rickvanderzwet,20090322,0.5727513,True,mannelijk,volwassen,algemeen Nederlands,n/a,microfoon in laptop,48000
20090322,rickvanderzwet,20090322,0.50576854,True,mannelijk,volwassen,algemeen Nederlands,n/a,microfoon in laptop,48000
20090322,rickvanderzwet,20111210,0.40214294,False,mannelijk,volwassen,algemeen Nederlands,n/a,microfoon in laptop,48000
20090322,rickvanderzwet,20090322,0.6490356,True,mannelijk,volwassen,algemeen Nederlands,n/a,microfoon in laptop,48000
20070823_nl1,robin,20070823_nl1,0.7006995,True,male;,,algemeen Nederlands.,,,
20070823_nl1,robin,20070823_nl1,0.7796167,True,male;,,algemeen Nederlands.,,,
20070823_nl1,robin,20070823_nl1,0.72912097,True,male;,,algemeen Nederlands.,,,
20070823_nl1,robin,20070823_nl1,0.67406857,True,male;,,algemeen Nederlands.,,,
20070823_nl1,robin,20070823_nl1,0.6314894,True,male;,,algemeen Nederlands.,,,
20070823_nl1,robin,20070823_nl1,0.7559606,True,male;,,algemeen Nederlands.,,,
20070823_nl1,robin,20070823_nl1,0.7513293,True,male;,,algemeen Nederlands.,,,
20070823_nl1,robin,20070823_nl1,0.7070443,True,male;,,algemeen Nederlands.,,,
20070823_nl1,robin,20070823_nl1,0.6705715,True,male;,,algemeen Nederlands.,,,
20070823_nl1,robin,20070823_nl1,0.6722654,True,male;,,algemeen Nederlands.,,,
20070823_nl1,robin,20070823_nl1,0.6834078,True,male;,,algemeen Nederlands.,,,
20070823_nl1,robin,20070823_nl1,0.72777164,True,male;,,algemeen Nederlands.,,,
20070823_nl1,robin,20070823_nl1,0.7433971,True,male;,,algemeen Nederlands.,,,
20070823_nl1,robin,20070823_nl1,0.6365839,True,male;,,algemeen Nederlands.,,,
20070823_nl1,robin,20070823_nl1,0.69719994,True,male;,,algemeen Nederlands.,,,
20070823_nl1,robin,20070823_nl1,0.7086066,True,male;,,algemeen Nederlands.,,,
20070823_nl1,robin,20070823_nl1,0.7451929,True,male;,,algemeen Nederlands.,,,
20070823_nl1,robin,20070823_nl1,0.65063286,True,male;,,algemeen Nederlands.,,,
20070823_nl1,robin,20070823_nl1,0.7096026,True,male;,,algemeen Nederlands.,,,
20070823_nl1,robin,20070823_nl1,0.6813022,True,male;,,algemeen Nederlands.,,,
20070823_nl1,robin,20070823_nl1,0.63794005,True,male;,,algemeen Nederlands.,,,
20070823_nl1,robin,20070823_nl1,0.66451776,True,male;,,algemeen Nederlands.,,,
20070823_nl1,robin,20070823_nl1,0.7450814,True,male;,,algemeen Nederlands.,,,
20070823_nl1,robin,20070823_nl1,0.6548859,True,male;,,algemeen Nederlands.,,,
20070823_nl1,robin,20070823_nl1,0.6138176,True,male;,,algemeen Nederlands.,,,
20070823_nl1,robin,20070823_nl1,0.67819095,True,male;,,algemeen Nederlands.,,,
20070823_nl1,robin,20070823_nl1,0.69772905,True,male;,,algemeen Nederlands.,,,
20070823_nl1,robin,20070823_nl1,0.78064454,True,male;,,algemeen Nederlands.,,,
20070823_nl1,robin,20070823_nl1,0.73016524,True,male;,,algemeen Nederlands.,,,
20070823_nl1,robin,20070823_nl1,0.7479159,True,male;,,algemeen Nederlands.,,,
20070823_nl1,robin,20070823_nl1,0.7520858,True,male;,,algemeen Nederlands.,,,
20070823_nl1,robin,20070823_nl1,0.7220386,True,male;,,algemeen Nederlands.,,,
20070823_nl1,robin,20070823_nl1,0.70548904,True,male;,,algemeen Nederlands.,,,
20070823_nl1,robin,20070823_nl1,0.72423947,True,male;,,algemeen Nederlands.,,,
20070823_nl1,robin,20070823_nl1,0.6633134,True,male;,,algemeen Nederlands.,,,
20070823_nl1,robin,20070823_nl1,0.86131203,True,male;,,algemeen Nederlands.,,,
20070823_nl1,robin,20070823_nl1,0.73243356,True,male;,,algemeen Nederlands.,,,
20070823_nl1,robin,20070823_nl1,0.722708,True,male;,,algemeen Nederlands.,,,
20070823_nl1,robin,20070823_nl1,0.7665564,True,male;,,algemeen Nederlands.,,,
20070824,robin,20070823_nl1,0.7631992,False,male;,,algemeen Nederlands.,,,
20070824,robin,20070823_nl1,0.6891456,False,male;,,algemeen Nederlands.,,,
20070824,robin,20070823_nl1,0.7790723,False,male;,,algemeen Nederlands.,,,
20070824,robin,20070823_nl1,0.72384256,False,male;,,algemeen Nederlands.,,,
20070824,robin,20070823_nl1,0.7669498,False,male;,,algemeen Nederlands.,,,
20070824,robin,20070823_nl1,0.72300744,False,male;,,algemeen Nederlands.,,,
20070824,robin,20070823_nl1,0.742638,False,male;,,algemeen Nederlands.,,,
20070824,robin,20070823_nl1,0.7371706,False,male;,,algemeen Nederlands.,,,
20070824,robin,20070823_nl1,0.67364717,False,male;,,algemeen Nederlands.,,,
20070824,robin,20070823_nl1,0.70931137,False,male;,,algemeen Nederlands.,,,
20070824,robin,20070823_nl1,0.6091746,False,male;,,algemeen Nederlands.,,,
20070824,robin,20070823_nl1,0.73519987,False,male;,,algemeen Nederlands.,,,
20070824,robin,20070823_nl1,0.7459666,False,male;,,algemeen Nederlands.,,,
20070824,robin,20070823_nl1,0.7148476,False,male;,,algemeen Nederlands.,,,
20070824,robin,20070823_nl1,0.7850579,False,male;,,algemeen Nederlands.,,,
20070824,robin,20070823_nl1,0.7706247,False,male;,,algemeen Nederlands.,,,
20070824,robin,20070823_nl1,0.7602618,False,male;,,algemeen Nederlands.,,,
20070824,robin,20070823_nl1,0.68891215,False,male;,,algemeen Nederlands.,,,
20070824,robin,20070823_nl1,0.7550241,False,male;,,algemeen Nederlands.,,,
20070824,robin,20070823_nl1,0.74323726,False,male;,,algemeen Nederlands.,,,
20070824,robin,20070823_nl1,0.7064519,False,male;,,algemeen Nederlands.,,,
20070824,robin,20070823_nl1,0.7160112,False,male;,,algemeen Nederlands.,,,
20070824,robin,20070823_nl1,0.6982243,False,male;,,algemeen Nederlands.,,,
20070824,robin,20070823_nl1,0.7247552,False,male;,,algemeen Nederlands.,,,
20070824,robin,20070823_nl1,0.7550508,False,male;,,algemeen Nederlands.,,,
20070824,robin,20070823_nl1,0.6551922,False,male;,,algemeen Nederlands.,,,
20070824,robin,20070823_nl1,0.7454618,False,male;,,algemeen Nederlands.,,,
20070824,robin,20070823_nl1,0.7586648,False,male;,,algemeen Nederlands.,,,
20070824,robin,20070823_nl1,0.6959336,False,male;,,algemeen Nederlands.,,,
20070824,robin,20070823_nl1,0.60765815,False,male;,,algemeen Nederlands.,,,
20070824,robin,20070823_nl1,0.71676326,False,male;,,algemeen Nederlands.,,,
20070824,robin,20070823_nl1,0.7469805,False,male;,,algemeen Nederlands.,,,
20070824,robin,20070823_nl1,0.7207079,False,male;,,algemeen Nederlands.,,,
20070824,robin,20070823_nl1,0.7068941,False,male;,,algemeen Nederlands.,,,
20070824,robin,20070823_nl1,0.70391333,False,male;,,algemeen Nederlands.,,,
20070824,robin,20070823_nl1,0.7579644,False,male;,,algemeen Nederlands.,,,
20070824,robin,20070823_nl1,0.6611969,False,male;,,algemeen Nederlands.,,,
20070824,robin,20070823_nl1,0.66125005,False,male;,,algemeen Nederlands.,,,
20070824,robin,20070823_nl1,0.7279116,False,male;,,algemeen Nederlands.,,,
20070824,robin,20070823_nl1,0.77908635,False,male;,,algemeen Nederlands.,,,
20070824,robin,20070823_nl1,0.7321583,False,male;,,algemeen Nederlands.,,,
20070824,robin,20070823_nl1,0.7490192,False,male;,,algemeen Nederlands.,,,
20070824,robin,20070823_nl1,0.81459683,False,male;,,algemeen Nederlands.,,,
20070824,robin,20070823_nl1,0.73201406,False,male;,,algemeen Nederlands.,,,
20070824,robin,20070823_nl1,0.716714,False,male;,,algemeen Nederlands.,,,
20070824,robin,20070823_nl1,0.6751268,False,male;,,algemeen Nederlands.,,,
20070824,robin,20070823_nl1,0.6774719,False,male;,,algemeen Nederlands.,,,
20070824,robin,20070823_nl1,0.69695127,False,male;,,algemeen Nederlands.,,,
20070824,robin,20070823_nl1,0.7350559,False,male;,,algemeen Nederlands.,,,
20070824,robin,20070823_nl1,0.68896466,False,male;,,algemeen Nederlands.,,,
20070824,robin,20070823_nl1,0.6677743,False,male;,,algemeen Nederlands.,,,
20070824,robin,20070823_nl1,0.69912755,False,male;,,algemeen Nederlands.,,,
20070824,robin,20070823_nl1,0.72360563,False,male;,,algemeen Nederlands.,,,
20070824,robin,20070823_nl1,0.77808285,False,male;,,algemeen Nederlands.,,,
20070824,robin,20070823_nl1,0.72042,False,male;,,algemeen Nederlands.,,,
20070824,robin,20070823_nl1,0.6719368,False,male;,,algemeen Nederlands.,,,
20070824,robin,20070823_nl1,0.66107976,False,male;,,algemeen Nederlands.,,,
20070824,robin,20070823_nl1,0.71407425,False,male;,,algemeen Nederlands.,,,
20070824,robin,20070823_nl1,0.63437116,False,male;,,algemeen Nederlands.,,,
20070824,robin,20070823_nl1,0.6892524,False,male;,,algemeen Nederlands.,,,
20070824,robin,20070823_nl1,0.71210927,False,male;,,algemeen Nederlands.,,,
20070824,robin,20070823_nl1,0.58471,False,male;,,algemeen Nederlands.,,,
20070824,robin,20070823_nl1,0.6720989,False,male;,,algemeen Nederlands.,,,
20070824,robin,20071209,0.6678674,False,male;,,algemeen Nederlands.,,,
20070824,robin,20070823_nl1,0.62025857,False,male;,,algemeen Nederlands.,,,
20070824,robin,20070823_nl1,0.64719814,False,male;,,algemeen Nederlands.,,,
20070824,robin,20070823_nl1,0.58526057,False,male;,,algemeen Nederlands.,,,
20070824,robin,20070823_nl1,0.66676915,False,male;,,algemeen Nederlands.,,,
20070824,robin,20071209,0.62217915,False,male;,,algemeen Nederlands.,,,
20070824,robin,20070823_nl1,0.5864661,False,male;,,algemeen Nederlands.,,,
20070824,robin,20071209,0.5922561,False,male;,,algemeen Nederlands.,,,
20070824,robin,20070823_nl1,0.616848,False,male;,,algemeen Nederlands.,,,
20070824,robin,20070823_nl1,0.6301086,False,male;,,algemeen Nederlands.,,,
20070824,robin,20070823_nl1,0.64695233,False,male;,,algemeen Nederlands.,,,
20070824,robin,20070823_nl1,0.7393147,False,male;,,algemeen Nederlands.,,,
20070824,robin,20070823_nl1,0.77047247,False,male;,,algemeen Nederlands.,,,
20070824,robin,20070823_nl1,0.6914322,False,male;,,algemeen Nederlands.,,,
20070824,robin,20070823_nl1,0.77510685,False,male;,,algemeen Nederlands.,,,
20070824,robin,20070823_nl1,0.7123691,False,male;,,algemeen Nederlands.,,,
20070828,robin,20070823_nl1,0.62314254,False,male;,,algemeen Nederlands.,,,
20070828,robin,20070823_nl1,0.7589306,False,male;,,algemeen Nederlands.,,,
20070828,robin,20070823_nl1,0.59821236,False,male;,,algemeen Nederlands.,,,
20070828,robin,20070823_nl1,0.64741564,False,male;,,algemeen Nederlands.,,,
20070828,robin,20070823_nl1,0.5793569,False,male;,,algemeen Nederlands.,,,
20070828,robin,20070823_nl1,0.70322263,False,male;,,algemeen Nederlands.,,,
20070828,robin,20070823_nl1,0.6617361,False,male;,,algemeen Nederlands.,,,
20070828,robin,20070823_nl1,0.73545235,False,male;,,algemeen Nederlands.,,,
20070828,robin,20070823_nl1,0.7055852,False,male;,,algemeen Nederlands.,,,
20070828,robin,20070823_nl1,0.65625286,False,male;,,algemeen Nederlands.,,,
20070828,robin,20070823_nl1,0.7385516,False,male;,,algemeen Nederlands.,,,
20070828,robin,20070823_nl1,0.7247138,False,male;,,algemeen Nederlands.,,,
20070828,robin,20070823_nl1,0.7154597,False,male;,,algemeen Nederlands.,,,
20070828,robin,20070823_nl1,0.6855998,False,male;,,algemeen Nederlands.,,,
20070828,robin,20070823_nl1,0.66402876,False,male;,,algemeen Nederlands.,,,
20070828,robin,20070823_nl1,0.7052576,False,male;,,algemeen Nederlands.,,,
20070828,robin,20070823_nl1,0.6398486,False,male;,,algemeen Nederlands.,,,
20070828,robin,20070823_nl1,0.64521545,False,male;,,algemeen Nederlands.,,,
20070828,robin,20070823_nl1,0.6870154,False,male;,,algemeen Nederlands.,,,
20070828,robin,20070823_nl1,0.5333955,False,male;,,algemeen Nederlands.,,,
20070828,robin,20070823_nl1,0.67308915,False,male;,,algemeen Nederlands.,,,
20070828,robin,20070823_nl1,0.5516977,False,male;,,algemeen Nederlands.,,,
20070828,robin,20070823_nl1,0.5187174,False,male;,,algemeen Nederlands.,,,
20070828,robin,20070823_nl1,0.60334414,False,male;,,algemeen Nederlands.,,,
20070828,robin,20070823_nl1,0.6497747,False,male;,,algemeen Nederlands.,,,
20070828,robin,20071209,0.61002904,False,male;,,algemeen Nederlands.,,,
20070828,robin,20070823_nl1,0.5838484,False,male;,,algemeen Nederlands.,,,
20070828,robin,20070823_nl1,0.6548754,False,male;,,algemeen Nederlands.,,,
20070828,robin,20070823_nl1,0.5876162,False,male;,,algemeen Nederlands.,,,
20070828,robin,20070823_nl1,0.632563,False,male;,,algemeen Nederlands.,,,
20070828,robin,20070823_nl1,0.7794136,False,male;,,algemeen Nederlands.,,,
20070828,robin,20070823_nl1,0.64989954,False,male;,,algemeen Nederlands.,,,
20070828,robin,20070823_nl1,0.7128987,False,male;,,algemeen Nederlands.,,,
20070828,robin,20070823_nl1,0.6928788,False,male;,,algemeen Nederlands.,,,
20070828,robin,20070823_nl1,0.7072252,False,male;,,algemeen Nederlands.,,,
20070828,robin,20070823_nl1,0.6732241,False,male;,,algemeen Nederlands.,,,
20070828,robin,20070823_nl1,0.615432,False,male;,,algemeen Nederlands.,,,
20070828,robin,20070823_nl1,0.6664367,False,male;,,algemeen Nederlands.,,,
20070828,robin,20070823_nl1,0.75802875,False,male;,,algemeen Nederlands.,,,
20070828,robin,20070823_nl1,0.6291537,False,male;,,algemeen Nederlands.,,,
20070828,robin,20070823_nl1,0.76053023,False,male;,,algemeen Nederlands.,,,
20070828,robin,20070823_nl1,0.75333804,False,male;,,algemeen Nederlands.,,,
20070828,robin,20070823_nl1,0.7761704,False,male;,,algemeen Nederlands.,,,
20070828,robin,20070823_nl1,0.5635831,False,male;,,algemeen Nederlands.,,,
20070828,robin,20070823_nl1,0.6709707,False,male;,,algemeen Nederlands.,,,
20070828,robin,20070823_nl1,0.65256786,False,male;,,algemeen Nederlands.,,,
20070828,robin,20070823_nl1,0.6187922,False,male;,,algemeen Nederlands.,,,
20070828,robin,20070823_nl1,0.70107555,False,male;,,algemeen Nederlands.,,,
20070828,robin,20070823_nl1,0.6717429,False,male;,,algemeen Nederlands.,,,
20070828,robin,20070823_nl1,0.6801648,False,male;,,algemeen Nederlands.,,,
20070828,robin,20070823_nl1,0.66790473,False,male;,,algemeen Nederlands.,,,
20070828,robin,20070823_nl1,0.67785335,False,male;,,algemeen Nederlands.,,,
20070828,robin,20070823_nl1,0.66742706,False,male;,,algemeen Nederlands.,,,
20070828,robin,20070823_nl1,0.70584047,False,male;,,algemeen Nederlands.,,,
20070828,robin,20070823_nl1,0.6081746,False,male;,,algemeen Nederlands.,,,
20070828,robin,20070823_nl1,0.67463607,False,male;,,algemeen Nederlands.,,,
20070828,robin,20070823_nl1,0.57974267,False,male;,,algemeen Nederlands.,,,
20070828,robin,20070823_nl1,0.75006753,False,male;,,algemeen Nederlands.,,,
20070828,robin,20070823_nl1,0.71905947,False,male;,,algemeen Nederlands.,,,
20070828,robin,20070823_nl1,0.6106638,False,male;,,algemeen Nederlands.,,,
20070828,robin,20070823_nl1,0.6517058,False,male;,,algemeen Nederlands.,,,
20070828,robin,20070823_nl1,0.6019144,False,male;,,algemeen Nederlands.,,,
20070828,robin,20070823_nl1,0.66834533,False,male;,,algemeen Nederlands.,,,
20070828,robin,20070823_nl1,0.5271899,False,male;,,algemeen Nederlands.,,,
20070828,robin,20070823_nl1,0.700141,False,male;,,algemeen Nederlands.,,,
20070828,robin,20070823_nl1,0.6077432,False,male;,,algemeen Nederlands.,,,
20070828,robin,20070823_nl1,0.63478494,False,male;,,algemeen Nederlands.,,,
20070828,robin,20070823_nl1,0.54146063,False,male;,,algemeen Nederlands.,,,
20070828,robin,20070823_nl1,0.64570403,False,male;,,algemeen Nederlands.,,,
20070828,robin,20070823_nl1,0.61818147,False,male;,,algemeen Nederlands.,,,
20070828,robin,20070823_nl1,0.64181733,False,male;,,algemeen Nederlands.,,,
20070828,robin,20070823_nl1,0.67307585,False,male;,,algemeen Nederlands.,,,
20070828,robin,20070823_nl1,0.69733787,False,male;,,algemeen Nederlands.,,,
20070828,robin,20071209,0.46114802,False,male;,,algemeen Nederlands.,,,
20070828,robin,20070823_nl1,0.6129638,False,male;,,algemeen Nederlands.,,,
20070828,robin,20070823_nl1,0.68111926,False,male;,,algemeen Nederlands.,,,
20070828,robin,20071209,0.577278,False,male;,,algemeen Nederlands.,,,
20070828,robin,20070823_nl1,0.6952321,False,male;,,algemeen Nederlands.,,,
20070828,robin,20070823_nl1,0.5415449,False,male;,,algemeen Nederlands.,,,
20070829,robin,20070823_nl1,0.6913643,False,male;,,algemeen Nederlands.,,,
20070829,robin,20070823_nl1,0.68802905,False,male;,,algemeen Nederlands.,,,
20070829,robin,20070823_nl1,0.7281487,False,male;,,algemeen Nederlands.,,,
20070829,robin,20070823_nl1,0.6686577,False,male;,,algemeen Nederlands.,,,
20070829,robin,20070823_nl1,0.65140957,False,male;,,algemeen Nederlands.,,,
20070829,robin,20071209,0.6160724,False,male;,,algemeen Nederlands.,,,
20070829,robin,20070823_nl1,0.6432184,False,male;,,algemeen Nederlands.,,,
20070829,robin,20070823_nl1,0.61944354,False,male;,,algemeen Nederlands.,,,
20070829,robin,20070823_nl1,0.7110611,False,male;,,algemeen Nederlands.,,,
20070829,robin,20070823_nl1,0.71312153,False,male;,,algemeen Nederlands.,,,
20070829,robin,20070823_nl1,0.7249526,False,male;,,algemeen Nederlands.,,,
20070829,robin,20070823_nl1,0.76011074,False,male;,,algemeen Nederlands.,,,
20070829,robin,20070823_nl1,0.6381911,False,male;,,algemeen Nederlands.,,,
20070829,robin,20070823_nl1,0.7093481,False,male;,,algemeen Nederlands.,,,
20070829,robin,20070823_nl1,0.73419183,False,male;,,algemeen Nederlands.,,,
20070829,robin,20070823_nl1,0.73429626,False,male;,,algemeen Nederlands.,,,
20070829,robin,20070823_nl1,0.7640003,False,male;,,algemeen Nederlands.,,,
20070829,robin,20070823_nl1,0.5901183,False,male;,,algemeen Nederlands.,,,
20070829,robin,20070823_nl1,0.6871865,False,male;,,algemeen Nederlands.,,,
20070829,robin,20070823_nl1,0.74180275,False,male;,,algemeen Nederlands.,,,
20070829,robin,20070823_nl1,0.69164187,False,male;,,algemeen Nederlands.,,,
20070829,robin,20070823_nl1,0.6429665,False,male;,,algemeen Nederlands.,,,
20070829,robin,20070823_nl1,0.74004984,False,male;,,algemeen Nederlands.,,,
20070829,robin,20070823_nl1,0.7189312,False,male;,,algemeen Nederlands.,,,
20070829,robin,20070823_nl1,0.6279843,False,male;,,algemeen Nederlands.,,,
20070829,robin,20070823_nl1,0.657801,False,male;,,algemeen Nederlands.,,,
20070829,robin,20070823_nl1,0.6522963,False,male;,,algemeen Nederlands.,,,
20070829,robin,20070823_nl1,0.66307944,False,male;,,algemeen Nederlands.,,,
20070829,robin,20070823_nl1,0.64996386,False,male;,,algemeen Nederlands.,,,
20070829,robin,20070823_nl1,0.7431413,False,male;,,algemeen Nederlands.,,,
20070829,robin,20070823_nl1,0.7660109,False,male;,,algemeen Nederlands.,,,
20070829,robin,20070823_nl1,0.70789087,False,male;,,algemeen Nederlands.,,,
20070829,robin,20070823_nl1,0.7045898,False,male;,,algemeen Nederlands.,,,
20070829,robin,20071209,0.60391283,False,male;,,algemeen Nederlands.,,,
20070829,robin,20070823_nl1,0.7396446,False,male;,,algemeen Nederlands.,,,
20070829,robin,20070823_nl1,0.74331534,False,male;,,algemeen Nederlands.,,,
20070829,robin,20070823_nl1,0.7412227,False,male;,,algemeen Nederlands.,,,
20070829,robin,20070823_nl1,0.6061002,False,male;,,algemeen Nederlands.,,,
20070830,robin,20070823_nl1,0.6616047,False,male;,,algemeen Nederlands.,,,
20070830,robin,20070823_nl1,0.72005427,False,male;,,algemeen Nederlands.,,,
20070830,robin,20071209,0.63465655,False,male;,,algemeen Nederlands.,,,
20070829,robin,20070823_nl1,0.68699473,False,male;,,algemeen Nederlands.,,,
20070830,robin,20070823_nl1,0.6841153,False,male;,,algemeen Nederlands.,,,
20070830,robin,20071209,0.69339186,False,male;,,algemeen Nederlands.,,,
20070830,robin,20071209,0.55796987,False,male;,,algemeen Nederlands.,,,
20070830,robin,20070823_nl1,0.6975904,False,male;,,algemeen Nederlands.,,,
20070830,robin,20070823_nl1,0.67841387,False,male;,,algemeen Nederlands.,,,
20070830,robin,20070823_nl1,0.65461075,False,male;,,algemeen Nederlands.,,,
20070830,robin,20070823_nl1,0.7485088,False,male;,,algemeen Nederlands.,,,
20070830,robin,20070823_nl1,0.7066088,False,male;,,algemeen Nederlands.,,,
20070830,robin,20070823_nl1,0.7404356,False,male;,,algemeen Nederlands.,,,
20070830,robin,20070823_nl1,0.6515274,False,male;,,algemeen Nederlands.,,,
20070830,robin,20071209,0.6541152,False,male;,,algemeen Nederlands.,,,
20070830,robin,20070823_nl1,0.63279915,False,male;,,algemeen Nederlands.,,,
20070830,robin,20071209,0.68130004,False,male;,,algemeen Nederlands.,,,
20070830,robin,20070823_nl1,0.6762851,False,male;,,algemeen Nederlands.,,,
20070830,robin,20070823_nl1,0.6681719,False,male;,,algemeen Nederlands.,,,
20070830,robin,20070823_nl1,0.5003496,False,male;,,algemeen Nederlands.,,,
20070830,robin,20071209,0.5824949,False,male;,,algemeen Nederlands.,,,
20070830,robin,20070823_nl1,0.6814598,False,male;,,algemeen Nederlands.,,,
20070830,robin,20070823_nl1,0.70301586,False,male;,,algemeen Nederlands.,,,
20070830,robin,20070823_nl1,0.5976683,False,male;,,algemeen Nederlands.,,,
20070830,robin,20071209,0.6612265,False,male;,,algemeen Nederlands.,,,
20070830,robin,20070823_nl1,0.64226425,False,male;,,algemeen Nederlands.,,,
20070830,robin,20070823_nl1,0.6310349,False,male;,,algemeen Nederlands.,,,
20070830,robin,20071209,0.6707241,False,male;,,algemeen Nederlands.,,,
20070830,robin,20070823_nl1,0.6139726,False,male;,,algemeen Nederlands.,,,
20070830,robin,20071209,0.6751904,False,male;,,algemeen Nederlands.,,,
20070830,robin,20070823_nl1,0.64897,False,male;,,algemeen Nederlands.,,,
20070830,robin,20070823_nl1,0.7387973,False,male;,,algemeen Nederlands.,,,
20070830,robin,20070823_nl1,0.6933346,False,male;,,algemeen Nederlands.,,,
20070830,robin,20070823_nl1,0.6217767,False,male;,,algemeen Nederlands.,,,
20070830,robin,20070823_nl1,0.5841604,False,male;,,algemeen Nederlands.,,,
20070830,robin,20070823_nl1,0.62272096,False,male;,,algemeen Nederlands.,,,
20070830,robin,20070823_nl1,0.68036354,False,male;,,algemeen Nederlands.,,,
20070830,robin,20070823_nl1,0.7287822,False,male;,,algemeen Nederlands.,,,
20070830,robin,20070823_nl1,0.6146094,False,male;,,algemeen Nederlands.,,,
20070830,robin,20071209,0.60591376,False,male;,,algemeen Nederlands.,,,
20070903,robin,20070823_nl1,0.73323464,False,male;,,algemeen Nederlands.,,,
20070903,robin,20070823_nl1,0.57045364,False,male;,,algemeen Nederlands.,,,
20070903,robin,20070823_nl1,0.60602427,False,male;,,algemeen Nederlands.,,,
20070903,robin,20070823_nl1,0.6891227,False,male;,,algemeen Nederlands.,,,
20070903,robin,20070823_nl1,0.59558165,False,male;,,algemeen Nederlands.,,,
20070903,robin,20070823_nl1,0.7517189,False,male;,,algemeen Nederlands.,,,
20070903,robin,20070823_nl1,0.6749797,False,male;,,algemeen Nederlands.,,,
20070903,robin,20070823_nl1,0.7491176,False,male;,,algemeen Nederlands.,,,
20070903,robin,20070823_nl1,0.67327535,False,male;,,algemeen Nederlands.,,,
20070903,robin,20070823_nl1,0.6212188,False,male;,,algemeen Nederlands.,,,
20070903,robin,20070823_nl1,0.72909176,False,male;,,algemeen Nederlands.,,,
20070903,robin,20070823_nl1,0.6928804,False,male;,,algemeen Nederlands.,,,
20070903,robin,20070823_nl1,0.72093666,False,male;,,algemeen Nederlands.,,,
20070903,robin,20070823_nl1,0.64911115,False,male;,,algemeen Nederlands.,,,
20070903,robin,20070823_nl1,0.7948108,False,male;,,algemeen Nederlands.,,,
20070903,robin,20070823_nl1,0.68855846,False,male;,,algemeen Nederlands.,,,
20070903,robin,20070823_nl1,0.7374464,False,male;,,algemeen Nederlands.,,,
20070903,robin,20070823_nl1,0.68657714,False,male;,,algemeen Nederlands.,,,
20070903,robin,20070823_nl1,0.6791959,False,male;,,algemeen Nederlands.,,,
20070903,robin,20070823_nl1,0.6191699,False,male;,,algemeen Nederlands.,,,
20070903,robin,20070823_nl1,0.6708424,False,male;,,algemeen Nederlands.,,,
20070903,robin,20070823_nl1,0.6406202,False,male;,,algemeen Nederlands.,,,
20070903,robin,20070823_nl1,0.67075866,False,male;,,algemeen Nederlands.,,,
20070903,robin,20070823_nl1,0.7631876,False,male;,,algemeen Nederlands.,,,
20070903,robin,20070823_nl1,0.71241677,False,male;,,algemeen Nederlands.,,,
20070903,robin,20070823_nl1,0.745986,False,male;,,algemeen Nederlands.,,,
20070903,robin,20070823_nl1,0.7054542,False,male;,,algemeen Nederlands.,,,
20070903,robin,20070823_nl1,0.6910615,False,male;,,algemeen Nederlands.,,,
20070903,robin,20070823_nl1,0.7755447,False,male;,,algemeen Nederlands.,,,
20070903,robin,20070823_nl1,0.71844757,False,male;,,algemeen Nederlands.,,,
20070903,robin,20070823_nl1,0.70731986,False,male;,,algemeen Nederlands.,,,
20070903,robin,20070823_nl1,0.6336198,False,male;,,algemeen Nederlands.,,,
20070903,robin,20070823_nl1,0.6950865,False,male;,,algemeen Nederlands.,,,
20070903,robin,20070823_nl1,0.75110567,False,male;,,algemeen Nederlands.,,,
20070903,robin,20070823_nl1,0.6799762,False,male;,,algemeen Nederlands.,,,
20070903,robin,20070823_nl1,0.6670816,False,male;,,algemeen Nederlands.,,,
20070903,robin,20070823_nl1,0.75466526,False,male;,,algemeen Nederlands.,,,
20070903,robin,20070823_nl1,0.6255401,False,male;,,algemeen Nederlands.,,,
20070903,robin,20070823_nl1,0.7231543,False,male;,,algemeen Nederlands.,,,
20070911,robin,20070823_nl1,0.7331606,False,male;,,algemeen Nederlands.,,,
20070911,robin,20070823_nl1,0.6684195,False,male;,,algemeen Nederlands.,,,
20070911,robin,20070823_nl1,0.7599821,False,male;,,algemeen Nederlands.,,,
20070911,robin,20070823_nl1,0.6931135,False,male;,,algemeen Nederlands.,,,
20070911,robin,20070823_nl1,0.73697597,False,male;,,algemeen Nederlands.,,,
20070911,robin,20070823_nl1,0.680889,False,male;,,algemeen Nederlands.,,,
20070911,robin,20070823_nl1,0.77903223,False,male;,,algemeen Nederlands.,,,
20070911,robin,20070823_nl1,0.72586656,False,male;,,algemeen Nederlands.,,,
20070911,robin,20070823_nl1,0.74836254,False,male;,,algemeen Nederlands.,,,
20070911,robin,20070823_nl1,0.68087643,False,male;,,algemeen Nederlands.,,,
20070911,robin,20070823_nl1,0.73941195,False,male;,,algemeen Nederlands.,,,
20070911,robin,20070823_nl1,0.743466,False,male;,,algemeen Nederlands.,,,
20070911,robin,20070823_nl1,0.795586,False,male;,,algemeen Nederlands.,,,
20070911,robin,20070823_nl1,0.74806994,False,male;,,algemeen Nederlands.,,,
20070911,robin,20070823_nl1,0.6866077,False,male;,,algemeen Nederlands.,,,
20070911,robin,20070823_nl1,0.76421964,False,male;,,algemeen Nederlands.,,,
20070911,robin,20070823_nl1,0.7279,False,male;,,algemeen Nederlands.,,,
20070911,robin,20070823_nl1,0.7068933,False,male;,,algemeen Nederlands.,,,
20070911,robin,20070823_nl1,0.7328048,False,male;,,algemeen Nederlands.,,,
20070911,robin,20070823_nl1,0.7432605,False,male;,,algemeen Nederlands.,,,
20070911,robin,20070823_nl1,0.62314534,False,male;,,algemeen Nederlands.,,,
20070911,robin,20070823_nl1,0.74175096,False,male;,,algemeen Nederlands.,,,
20070911,robin,20070823_nl1,0.69908077,False,male;,,algemeen Nederlands.,,,
20070911,robin,20070823_nl1,0.74549747,False,male;,,algemeen Nederlands.,,,
20070911,robin,20070823_nl1,0.7297663,False,male;,,algemeen Nederlands.,,,
20070911,robin,20070823_nl1,0.7342404,False,male;,,algemeen Nederlands.,,,
20070911,robin,20070823_nl1,0.70566034,False,male;,,algemeen Nederlands.,,,
20070911,robin,20070823_nl1,0.66715425,False,male;,,algemeen Nederlands.,,,
20070911,robin,20070823_nl1,0.75808597,False,male;,,algemeen Nederlands.,,,
20070911,robin,20070823_nl1,0.7198432,False,male;,,algemeen Nederlands.,,,
20070911,robin,20071209,0.7172861,False,male;,,algemeen Nederlands.,,,
20070911,robin,20070823_nl1,0.69246596,False,male;,,algemeen Nederlands.,,,
20070911,robin,20070823_nl1,0.74201816,False,male;,,algemeen Nederlands.,,,
20070911,robin,20070823_nl1,0.74091077,False,male;,,algemeen Nederlands.,,,
20070911,robin,20070823_nl1,0.7238504,False,male;,,algemeen Nederlands.,,,
20070911,robin,20070823_nl1,0.673802,False,male;,,algemeen Nederlands.,,,
20070911,robin,20070823_nl1,0.7822043,False,male;,,algemeen Nederlands.,,,
20070911,robin,20070823_nl1,0.77456874,False,male;,,algemeen Nederlands.,,,
20070911,robin,20070823_nl1,0.7782756,False,male;,,algemeen Nederlands.,,,
20070911,robin,20070823_nl1,0.7416151,False,male;,,algemeen Nederlands.,,,
20070911,robin,20070823_nl1,0.57740474,False,male;,,algemeen Nederlands.,,,
20070911,robin,20070823_nl1,0.7821902,False,male;,,algemeen Nederlands.,,,
20070911,robin,20070823_nl1,0.7251537,False,male;,,algemeen Nederlands.,,,
20070911,robin,20070823_nl1,0.73298526,False,male;,,algemeen Nederlands.,,,
20070911,robin,20070823_nl1,0.69770277,False,male;,,algemeen Nederlands.,,,
20070911,robin,20070823_nl1,0.75647664,False,male;,,algemeen Nederlands.,,,
20070911,robin,20070823_nl1,0.7427577,False,male;,,algemeen Nederlands.,,,
20070911,robin,20070823_nl1,0.70011604,False,male;,,algemeen Nederlands.,,,
20070911,robin,20070823_nl1,0.72809005,False,male;,,algemeen Nederlands.,,,
20070911,robin,20070823_nl1,0.7686831,False,male;,,algemeen Nederlands.,,,
20070911,robin,20070823_nl1,0.6778463,False,male;,,algemeen Nederlands.,,,
20070911,robin,20070823_nl1,0.73655593,False,male;,,algemeen Nederlands.,,,
20070911,robin,20070823_nl1,0.7054815,False,male;,,algemeen Nederlands.,,,
20070911,robin,20070823_nl1,0.72061193,False,male;,,algemeen Nederlands.,,,
20070911,robin,20070823_nl1,0.7200842,False,male;,,algemeen Nederlands.,,,
20070911,robin,20070823_nl1,0.7397641,False,male;,,algemeen Nederlands.,,,
20070911,robin,20070823_nl1,0.73300695,False,male;,,algemeen Nederlands.,,,
20070911,robin,20070823_nl1,0.6653973,False,male;,,algemeen Nederlands.,,,
20070911,robin,20070823_nl1,0.6940218,False,male;,,algemeen Nederlands.,,,
20070911,robin,20070823_nl1,0.6584047,False,male;,,algemeen Nederlands.,,,
20070911,robin,20070823_nl1,0.6395862,False,male;,,algemeen Nederlands.,,,
20070911,robin,20070823_nl1,0.71484697,False,male;,,algemeen Nederlands.,,,
20070911,robin,20070823_nl1,0.7315753,False,male;,,algemeen Nederlands.,,,
20070911,robin,20070823_nl1,0.5842344,False,male;,,algemeen Nederlands.,,,
20070911,robin,20070823_nl1,0.71605754,False,male;,,algemeen Nederlands.,,,
20070911,robin,20070823_nl1,0.7288491,False,male;,,algemeen Nederlands.,,,
20070911,robin,20070823_nl1,0.7464926,False,male;,,algemeen Nederlands.,,,
20070911,robin,20070823_nl1,0.68961334,False,male;,,algemeen Nederlands.,,,
20070911,robin,20070823_nl1,0.6199477,False,male;,,algemeen Nederlands.,,,
20070911,robin,20070823_nl1,0.7080068,False,male;,,algemeen Nederlands.,,,
20070911,robin,20070823_nl1,0.7417681,False,male;,,algemeen Nederlands.,,,
20070911,robin,20070823_nl1,0.7387262,False,male;,,algemeen Nederlands.,,,
20070911,robin,20070823_nl1,0.7310612,False,male;,,algemeen Nederlands.,,,
20070911,robin,20070823_nl1,0.6069015,False,male;,,algemeen Nederlands.,,,
20070911,robin,20070823_nl1,0.6947732,False,male;,,algemeen Nederlands.,,,
20070911,robin,20070823_nl1,0.70201457,False,male;,,algemeen Nederlands.,,,
20070911,robin,20070823_nl1,0.67689866,False,male;,,algemeen Nederlands.,,,
20070911,robin,20070823_nl1,0.7642856,False,male;,,algemeen Nederlands.,,,
20070911,robin,20070823_nl1,0.7472415,False,male;,,algemeen Nederlands.,,,
20070911,robin,20070823_nl1,0.7815792,False,male;,,algemeen Nederlands.,,,
20070911,robin,20070823_nl1,0.704638,False,male;,,algemeen Nederlands.,,,
20070911,robin,20070823_nl1,0.7069245,False,male;,,algemeen Nederlands.,,,
20070911,robin,20070823_nl1,0.76244295,False,male;,,algemeen Nederlands.,,,
20070911,robin,20070823_nl1,0.70620316,False,male;,,algemeen Nederlands.,,,
20070911,robin,20070823_nl1,0.6924143,False,male;,,algemeen Nederlands.,,,
20070911,robin,20070823_nl1,0.7146822,False,male;,,algemeen Nederlands.,,,
20070911,robin,20070823_nl1,0.6181698,False,male;,,algemeen Nederlands.,,,
20070911,robin,20070823_nl1,0.5720178,False,male;,,algemeen Nederlands.,,,
20070911,robin,20070823_nl1,0.6683612,False,male;,,algemeen Nederlands.,,,
20070911,robin,20070823_nl1,0.733581,False,male;,,algemeen Nederlands.,,,
20070911,robin,20070823_nl1,0.79419464,False,male;,,algemeen Nederlands.,,,
20070911,robin,20070823_nl1,0.7948817,False,male;,,algemeen Nederlands.,,,
20070911,robin,20070823_nl1,0.75101066,False,male;,,algemeen Nederlands.,,,
20070911,robin,20070823_nl1,0.75725174,False,male;,,algemeen Nederlands.,,,
20070911,robin,20070823_nl1,0.6874133,False,male;,,algemeen Nederlands.,,,
20070911,robin,20070823_nl1,0.7736549,False,male;,,algemeen Nederlands.,,,
20070911,robin,20070823_nl1,0.74979043,False,male;,,algemeen Nederlands.,,,
20070911,robin,20070823_nl1,0.7205125,False,male;,,algemeen Nederlands.,,,
20070911,robin,20070823_nl1,0.7580832,False,male;,,algemeen Nederlands.,,,
20070911,robin,20070823_nl1,0.6276963,False,male;,,algemeen Nederlands.,,,
20070911,robin,20070823_nl1,0.7783979,False,male;,,algemeen Nederlands.,,,
20070911,robin,20070823_nl1,0.74434537,False,male;,,algemeen Nederlands.,,,
20070911,robin,20070823_nl1,0.75410545,False,male;,,algemeen Nederlands.,,,
20070911,robin,20070823_nl1,0.72369105,False,male;,,algemeen Nederlands.,,,
20070911,robin,20070823_nl1,0.72747433,False,male;,,algemeen Nederlands.,,,
20070911,robin,20070823_nl1,0.62637687,False,male;,,algemeen Nederlands.,,,
20070911,robin,20070823_nl1,0.6923008,False,male;,,algemeen Nederlands.,,,
20070911,robin,20070823_nl1,0.6819948,False,male;,,algemeen Nederlands.,,,
20070911,robin,20070823_nl1,0.6436713,False,male;,,algemeen Nederlands.,,,
20070911,robin,20070823_nl1,0.7882822,False,male;,,algemeen Nederlands.,,,
20070911,robin,20070823_nl1,0.73324573,False,male;,,algemeen Nederlands.,,,
20070911,robin,20070823_nl1,0.7150518,False,male;,,algemeen Nederlands.,,,
20070911,robin,20070823_nl1,0.6671313,False,male;,,algemeen Nederlands.,,,
20070911,robin,20070823_nl1,0.6759275,False,male;,,algemeen Nederlands.,,,
20070911,robin,20070823_nl1,0.7322073,False,male;,,algemeen Nederlands.,,,
20070911,robin,20070823_nl1,0.7473203,False,male;,,algemeen Nederlands.,,,
20070911,robin,20070823_nl1,0.7788526,False,male;,,algemeen Nederlands.,,,
20070911,robin,20070823_nl1,0.6456231,False,male;,,algemeen Nederlands.,,,
20070911,robin,20070823_nl1,0.7314203,False,male;,,algemeen Nederlands.,,,
20071201,robin,20071209,0.4727903,False,male;,,algemeen Nederlands.,,,
20071201,robin,20071209,0.5153418,False,male;,,algemeen Nederlands.,,,
20071201,robin,20071209,0.58159935,False,male;,,algemeen Nederlands.,,,
20071201,robin,20091123,0.29141772,False,male;,,algemeen Nederlands.,,,
20071201,robin,20070823_nl1,0.43125507,False,male;,,algemeen Nederlands.,,,
20071201,robin,20071209,0.46751454,False,male;,,algemeen Nederlands.,,,
20071201,robin,20071209,0.5716414,False,male;,,algemeen Nederlands.,,,
20071201,robin,20070823_nl1,0.46014673,False,male;,,algemeen Nederlands.,,,
20071201,robin,20071209,0.55034214,False,male;,,algemeen Nederlands.,,,
20071201,robin,20071209,0.545607,False,male;,,algemeen Nederlands.,,,
20071201,robin,20070823_nl1,0.5023622,False,male;,,algemeen Nederlands.,,,
20071201,robin,20070823_nl1,0.43387166,False,male;,,algemeen Nederlands.,,,
20071201,robin,20071209,0.5548871,False,male;,,algemeen Nederlands.,,,
20071201,robin,20141218,0.5070306,False,male;,,algemeen Nederlands.,,,
20071201,robin,20070823_nl1,0.46288425,False,male;,,algemeen Nederlands.,,,
20071201,robin,20071209,0.58240235,False,male;,,algemeen Nederlands.,,,
20071201,robin,20070823_nl1,0.4839163,False,male;,,algemeen Nederlands.,,,
20071201,robin,20070823_nl1,0.5428293,False,male;,,algemeen Nederlands.,,,
20071201,robin,20071209,0.464114,False,male;,,algemeen Nederlands.,,,
20071201,robin,20070823_nl1,0.53775334,False,male;,,algemeen Nederlands.,,,
20071201,robin,20070823_nl1,0.55777234,False,male;,,algemeen Nederlands.,,,
20071201,robin,20071209,0.5804834,False,male;,,algemeen Nederlands.,,,
20071201,robin,20070823_nl1,0.5708932,False,male;,,algemeen Nederlands.,,,
20071201,robin,20071209,0.5157963,False,male;,,algemeen Nederlands.,,,
20071201,robin,20070823_nl1,0.53092533,False,male;,,algemeen Nederlands.,,,
20071201,robin,20071209,0.5433698,False,male;,,algemeen Nederlands.,,,
20071201,robin,20110305,0.47695643,False,male;,,algemeen Nederlands.,,,
20071201,robin,20071209,0.5511247,False,male;,,algemeen Nederlands.,,,
20071201,robin,20141218,0.53924996,False,male;,,algemeen Nederlands.,,,
20071201,robin,20070823_nl1,0.5205748,False,male;,,algemeen Nederlands.,,,
20071201,robin,20071209,0.5125064,False,male;,,algemeen Nederlands.,,,
20071201,robin,20070823_nl1,0.52864873,False,male;,,algemeen Nederlands.,,,
20071201,robin,20070823_nl1,0.5890938,False,male;,,algemeen Nederlands.,,,
20071201,robin,20070823_nl1,0.52400076,False,male;,,algemeen Nederlands.,,,
20071201,robin,20070823_nl1,0.5891664,False,male;,,algemeen Nederlands.,,,
20071201,robin,20070823_nl1,0.5907623,False,male;,,algemeen Nederlands.,,,
20071201,robin,20070823_nl1,0.484232,False,male;,,algemeen Nederlands.,,,
20071201,robin,20070823_nl1,0.56722164,False,male;,,algemeen Nederlands.,,,
20080114,robin,20070823_nl1,0.7784023,False,mannelijk,volwassen,algemeen Nederlands,n/a,headsetmicrofoon (USB),48000
20080114,robin,20070823_nl1,0.7290888,False,mannelijk,volwassen,algemeen Nederlands,n/a,headsetmicrofoon (USB),48000
20071201,robin,20070823_nl1,0.60713947,False,male;,,algemeen Nederlands.,,,
20080114,robin,20070823_nl1,0.7576864,False,mannelijk,volwassen,algemeen Nederlands,n/a,headsetmicrofoon (USB),48000
20080114,robin,20070823_nl1,0.73311704,False,mannelijk,volwassen,algemeen Nederlands,n/a,headsetmicrofoon (USB),48000
20080114,robin,20070823_nl1,0.7271202,False,mannelijk,volwassen,algemeen Nederlands,n/a,headsetmicrofoon (USB),48000
20080114,robin,20070823_nl1,0.6340525,False,mannelijk,volwassen,algemeen Nederlands,n/a,headsetmicrofoon (USB),48000
20080114,robin,20070823_nl1,0.8000827,False,mannelijk,volwassen,algemeen Nederlands,n/a,headsetmicrofoon (USB),48000
20080114,robin,20070823_nl1,0.74882746,False,mannelijk,volwassen,algemeen Nederlands,n/a,headsetmicrofoon (USB),48000
20080114,robin,20070823_nl1,0.8178275,False,mannelijk,volwassen,algemeen Nederlands,n/a,headsetmicrofoon (USB),48000
20080116,robin,20070823_nl1,0.7801538,False,mannelijk,volwassen,algemeen Nederlands,n/a,headsetmicrofoon (USB),48000
20080116,robin,20070823_nl1,0.6354914,False,mannelijk,volwassen,algemeen Nederlands,n/a,headsetmicrofoon (USB),48000
20080116,robin,20070823_nl1,0.77240115,False,mannelijk,volwassen,algemeen Nederlands,n/a,headsetmicrofoon (USB),48000
20080116,robin,20070823_nl1,0.6896921,False,mannelijk,volwassen,algemeen Nederlands,n/a,headsetmicrofoon (USB),48000
20080116,robin,20070823_nl1,0.7241785,False,mannelijk,volwassen,algemeen Nederlands,n/a,headsetmicrofoon (USB),48000
20080116,robin,20070823_nl1,0.6688777,False,mannelijk,volwassen,algemeen Nederlands,n/a,headsetmicrofoon (USB),48000
20080116,robin,20070823_nl1,0.65153307,False,mannelijk,volwassen,algemeen Nederlands,n/a,headsetmicrofoon (USB),48000
20080116,robin,20070823_nl1,0.6996345,False,mannelijk,volwassen,algemeen Nederlands,n/a,headsetmicrofoon (USB),48000
20080116,robin,20070823_nl1,0.7251119,False,mannelijk,volwassen,algemeen Nederlands,n/a,headsetmicrofoon (USB),48000
20080117,robin,20070823_nl1,0.5236271,False,mannelijk,volwassen,algemeen Nederlands,n/a,headsetmicrofoon (USB),48000
20080117,robin,20070823_nl1,0.7298106,False,mannelijk,volwassen,algemeen Nederlands,n/a,headsetmicrofoon (USB),48000
20080117,robin,20070823_nl1,0.6813805,False,mannelijk,volwassen,algemeen Nederlands,n/a,headsetmicrofoon (USB),48000
20080117,robin,20070823_nl1,0.59289575,False,mannelijk,volwassen,algemeen Nederlands,n/a,headsetmicrofoon (USB),48000
20080117,robin,20070823_nl1,0.6494069,False,mannelijk,volwassen,algemeen Nederlands,n/a,headsetmicrofoon (USB),48000
20080117,robin,20070823_nl1,0.6862116,False,mannelijk,volwassen,algemeen Nederlands,n/a,headsetmicrofoon (USB),48000
20080117,robin,20070823_nl1,0.70933044,False,mannelijk,volwassen,algemeen Nederlands,n/a,headsetmicrofoon (USB),48000
20080117,robin,20070823_nl1,0.6044081,False,mannelijk,volwassen,algemeen Nederlands,n/a,headsetmicrofoon (USB),48000
20080117,robin,20070823_nl1,0.67186755,False,mannelijk,volwassen,algemeen Nederlands,n/a,headsetmicrofoon (USB),48000
20080125,robin,20070823_nl1,0.62900245,False,mannelijk,volwassen,algemeen Nederlands,n/a,headsetmicrofoon (USB),48000
20080125,robin,20070823_nl1,0.532063,False,mannelijk,volwassen,algemeen Nederlands,n/a,headsetmicrofoon (USB),48000
20080125,robin,20070823_nl1,0.72634405,False,mannelijk,volwassen,algemeen Nederlands,n/a,headsetmicrofoon (USB),48000
20080125,robin,20070823_nl1,0.74613816,False,mannelijk,volwassen,algemeen Nederlands,n/a,headsetmicrofoon (USB),48000
20080125,robin,20070823_nl1,0.72170615,False,mannelijk,volwassen,algemeen Nederlands,n/a,headsetmicrofoon (USB),48000
20080125,robin,20070823_nl1,0.6743789,False,mannelijk,volwassen,algemeen Nederlands,n/a,headsetmicrofoon (USB),48000
20080125,robin,20070823_nl1,0.5843596,False,mannelijk,volwassen,algemeen Nederlands,n/a,headsetmicrofoon (USB),48000
20080125,robin,20070823_nl1,0.69396985,False,mannelijk,volwassen,algemeen Nederlands,n/a,headsetmicrofoon (USB),48000
20080125,robin,20070823_nl1,0.71900165,False,mannelijk,volwassen,algemeen Nederlands,n/a,headsetmicrofoon (USB),48000
20080309,robin,20070823_nl1,0.78627855,False,mannelijk,volwassen,algemeen Nederlands,n/a,headsetmicrofoon (USB),48000
20080309,robin,20070823_nl1,0.8132427,False,mannelijk,volwassen,algemeen Nederlands,n/a,headsetmicrofoon (USB),48000
20080309,robin,20070823_nl1,0.7288766,False,mannelijk,volwassen,algemeen Nederlands,n/a,headsetmicrofoon (USB),48000
20080309,robin,20070823_nl1,0.714519,False,mannelijk,volwassen,algemeen Nederlands,n/a,headsetmicrofoon (USB),48000
20080309,robin,20070823_nl1,0.6531026,False,mannelijk,volwassen,algemeen Nederlands,n/a,headsetmicrofoon (USB),48000
20080309,robin,20070823_nl1,0.7343403,False,mannelijk,volwassen,algemeen Nederlands,n/a,headsetmicrofoon (USB),48000
20080309,robin,20070823_nl1,0.73233324,False,mannelijk,volwassen,algemeen Nederlands,n/a,headsetmicrofoon (USB),48000
20080309,robin,20070823_nl1,0.71809405,False,mannelijk,volwassen,algemeen Nederlands,n/a,headsetmicrofoon (USB),48000
20080711,Robin,20080711,0.663915,True,mannelijk,volwassen,Noordwestelijk,n/a,microfoon in laptop,48000
20080309,robin,20070823_nl1,0.78576183,False,mannelijk,volwassen,algemeen Nederlands,n/a,headsetmicrofoon (USB),48000
20080711,Robin,20080711,0.5348393,True,mannelijk,volwassen,Noordwestelijk,n/a,microfoon in laptop,48000
20080711,Robin,20080711,0.548669,True,mannelijk,volwassen,Noordwestelijk,n/a,microfoon in laptop,48000
20080711,Robin,20080711,0.6435803,True,mannelijk,volwassen,Noordwestelijk,n/a,microfoon in laptop,48000
20080711,Robin,20080711,0.59649634,True,mannelijk,volwassen,Noordwestelijk,n/a,microfoon in laptop,48000
20080711,Robin,20080711,0.7241009,True,mannelijk,volwassen,Noordwestelijk,n/a,microfoon in laptop,48000
20080711,Robin,20080711,0.7157971,True,mannelijk,volwassen,Noordwestelijk,n/a,microfoon in laptop,48000
20091227,robin,20070823_nl1,0.5368861,False,mannelijk,volwassen,algemeen Nederlands,n/a,headsetmicrofoon,48000
20080711,Robin,20080711,0.67600787,True,mannelijk,volwassen,Noordwestelijk,n/a,microfoon in laptop,48000
20080711,Robin,20080711,0.6758356,True,mannelijk,volwassen,Noordwestelijk,n/a,microfoon in laptop,48000
20091227,robin,20070823_nl1,0.56253034,False,mannelijk,volwassen,algemeen Nederlands,n/a,headsetmicrofoon,48000
20091227,robin,20070823_nl1,0.60215425,False,mannelijk,volwassen,algemeen Nederlands,n/a,headsetmicrofoon,48000
20091227,robin,20070823_nl1,0.49733588,False,mannelijk,volwassen,algemeen Nederlands,n/a,headsetmicrofoon,48000
20091227,robin,20071209,0.54287595,False,mannelijk,volwassen,algemeen Nederlands,n/a,headsetmicrofoon,48000
20091227,robin,20070823_nl1,0.5821995,False,mannelijk,volwassen,algemeen Nederlands,n/a,headsetmicrofoon,48000
20091227,robin,20070823_nl1,0.6547996,False,mannelijk,volwassen,algemeen Nederlands,n/a,headsetmicrofoon,48000
20091227,robin,20070823_nl1,0.5082867,False,mannelijk,volwassen,algemeen Nederlands,n/a,headsetmicrofoon,48000
20091227,robin,20070823_nl1,0.6236686,False,mannelijk,volwassen,algemeen Nederlands,n/a,headsetmicrofoon,48000
20091230,robin,20070823_nl1,0.5894305,False,mannelijk,volwassen,algemeen Nederlands,n/a,headsetmicrofoon,48000
20091230,robin,20070823_nl1,0.5829226,False,mannelijk,volwassen,algemeen Nederlands,n/a,headsetmicrofoon,48000
20091230,robin,20070823_nl1,0.59380555,False,mannelijk,volwassen,algemeen Nederlands,n/a,headsetmicrofoon,48000
20091230,robin,20070823_nl1,0.6942363,False,mannelijk,volwassen,algemeen Nederlands,n/a,headsetmicrofoon,48000
20091230,robin,20070823_nl1,0.6399664,False,mannelijk,volwassen,algemeen Nederlands,n/a,headsetmicrofoon,48000
20091230,robin,20070823_nl1,0.58905184,False,mannelijk,volwassen,algemeen Nederlands,n/a,headsetmicrofoon,48000
20091230,robin,20070823_nl1,0.51207405,False,mannelijk,volwassen,algemeen Nederlands,n/a,headsetmicrofoon,48000
20091230,robin,20070823_nl1,0.718461,False,mannelijk,volwassen,algemeen Nederlands,n/a,headsetmicrofoon,48000
20091230,robin,20070823_nl1,0.6095761,False,mannelijk,volwassen,algemeen Nederlands,n/a,headsetmicrofoon,48000
20101212,robin,20070823_nl1,0.6304585,False,mannelijk,volwassen,algemeen Nederlands,n/a,headsetmicrofoon,48000
20101212,robin,20070823_nl1,0.53615385,False,mannelijk,volwassen,algemeen Nederlands,n/a,headsetmicrofoon,48000
20101212,robin,20070823_nl1,0.64654684,False,mannelijk,volwassen,algemeen Nederlands,n/a,headsetmicrofoon,48000
20101212,robin,20071209,0.61055803,False,mannelijk,volwassen,algemeen Nederlands,n/a,headsetmicrofoon,48000
20101212,robin,20070823_nl1,0.65051013,False,mannelijk,volwassen,algemeen Nederlands,n/a,headsetmicrofoon,48000
20101212,robin,20070823_nl1,0.6796966,False,mannelijk,volwassen,algemeen Nederlands,n/a,headsetmicrofoon,48000
20101212,robin,20070823_nl1,0.6285871,False,mannelijk,volwassen,algemeen Nederlands,n/a,headsetmicrofoon,48000
20101212,robin,20070823_nl1,0.610239,False,mannelijk,volwassen,algemeen Nederlands,n/a,headsetmicrofoon,48000
20101212,robin,20070823_nl1,0.66338027,False,mannelijk,volwassen,algemeen Nederlands,n/a,headsetmicrofoon,48000
20101212,robin,20070823_nl1,0.5892085,False,mannelijk,volwassen,algemeen Nederlands,n/a,headsetmicrofoon,48000
20101212,robin,20070823_nl1,0.59095,False,mannelijk,volwassen,algemeen Nederlands,n/a,headsetmicrofoon,48000
20101212,robin,20070823_nl1,0.64019114,False,mannelijk,volwassen,algemeen Nederlands,n/a,headsetmicrofoon,48000
20101212,robin,20070823_nl1,0.58230615,False,mannelijk,volwassen,algemeen Nederlands,n/a,headsetmicrofoon,48000
20101212,robin,20070823_nl1,0.685095,False,mannelijk,volwassen,algemeen Nederlands,n/a,headsetmicrofoon,48000
20101212,robin,20070823_nl1,0.60684663,False,mannelijk,volwassen,algemeen Nederlands,n/a,headsetmicrofoon,48000
20101212,robin,20070823_nl1,0.69064456,False,mannelijk,volwassen,algemeen Nederlands,n/a,headsetmicrofoon,48000
20101212,robin,20070823_nl1,0.6276157,False,mannelijk,volwassen,algemeen Nederlands,n/a,headsetmicrofoon,48000
20101212,robin,20070823_nl1,0.55772114,False,mannelijk,volwassen,algemeen Nederlands,n/a,headsetmicrofoon,48000
20101212,robin,20071209,0.5802515,False,mannelijk,volwassen,algemeen Nederlands,n/a,headsetmicrofoon,48000
20101212,robin,20070823_nl1,0.56633,False,mannelijk,volwassen,algemeen Nederlands,n/a,headsetmicrofoon,48000
20101212,robin,20070823_nl1,0.6766935,False,mannelijk,volwassen,algemeen Nederlands,n/a,headsetmicrofoon,48000
20101212,robin,20070823_nl1,0.55524427,False,mannelijk,volwassen,algemeen Nederlands,n/a,headsetmicrofoon,48000
20101212,robin,20070823_nl1,0.62602437,False,mannelijk,volwassen,algemeen Nederlands,n/a,headsetmicrofoon,48000
20101212,robin,20070823_nl1,0.59776866,False,mannelijk,volwassen,algemeen Nederlands,n/a,headsetmicrofoon,48000
20101212,robin,20071209,0.6247281,False,mannelijk,volwassen,algemeen Nederlands,n/a,headsetmicrofoon,48000
20101212,robin,20071209,0.55179137,False,mannelijk,volwassen,algemeen Nederlands,n/a,headsetmicrofoon,48000
20101212,robin,20070823_nl1,0.62316847,False,mannelijk,volwassen,algemeen Nederlands,n/a,headsetmicrofoon,48000
20101212,robin,20070823_nl1,0.6189694,False,mannelijk,volwassen,algemeen Nederlands,n/a,headsetmicrofoon,48000
20101212,robin,20071209,0.5858154,False,mannelijk,volwassen,algemeen Nederlands,n/a,headsetmicrofoon,48000
20120318,roelof,20120318,0.79562795,True,mannelijk,volwassen,algemeen Nederlands,n/a,headsetmicrofoon,48000
20120318,roelof,20120318,0.81514394,True,mannelijk,volwassen,algemeen Nederlands,n/a,headsetmicrofoon,48000
20120318,roelof,20120318,0.7624742,True,mannelijk,volwassen,algemeen Nederlands,n/a,headsetmicrofoon,48000
20120318,roelof,20120318,0.81296796,True,mannelijk,volwassen,algemeen Nederlands,n/a,headsetmicrofoon,48000
20120318,roelof,20120318,0.71689904,True,mannelijk,volwassen,algemeen Nederlands,n/a,headsetmicrofoon,48000
20120318,roelof,20120318,0.858109,True,mannelijk,volwassen,algemeen Nederlands,n/a,headsetmicrofoon,48000
20120318,roelof,20120318,0.76473105,True,mannelijk,volwassen,algemeen Nederlands,n/a,headsetmicrofoon,48000
20120318,roelof,20120318,0.78210175,True,mannelijk,volwassen,algemeen Nederlands,n/a,headsetmicrofoon,48000
20120318,roelof,20120318,0.84512246,True,mannelijk,volwassen,algemeen Nederlands,n/a,headsetmicrofoon,48000
20120318,roelof,20120318,0.8363351,True,mannelijk,volwassen,algemeen Nederlands,n/a,headsetmicrofoon,48000
20120318,roelof,20120318,0.81797445,True,mannelijk,volwassen,algemeen Nederlands,n/a,headsetmicrofoon,48000
20120318,roelof,20120318,0.7974673,True,mannelijk,volwassen,algemeen Nederlands,n/a,headsetmicrofoon,48000
20120318,roelof,20120318,0.70773304,True,mannelijk,volwassen,algemeen Nederlands,n/a,headsetmicrofoon,48000
20120318,roelof,20120318,0.8192222,True,mannelijk,volwassen,algemeen Nederlands,n/a,headsetmicrofoon,48000
20120318,roelof,20120318,0.83163583,True,mannelijk,volwassen,algemeen Nederlands,n/a,headsetmicrofoon,48000
20120318,roelof,20120318,0.72203755,True,mannelijk,volwassen,algemeen Nederlands,n/a,headsetmicrofoon,48000
20120318,roelof,20120318,0.8298454,True,mannelijk,volwassen,algemeen Nederlands,n/a,headsetmicrofoon,48000
20120318,roelof,20120318,0.7833394,True,mannelijk,volwassen,algemeen Nederlands,n/a,headsetmicrofoon,48000
20120318,roelof,20120318,0.846628,True,mannelijk,volwassen,algemeen Nederlands,n/a,headsetmicrofoon,48000
20120318,roelof,20120318,0.77064854,True,mannelijk,volwassen,algemeen Nederlands,n/a,headsetmicrofoon,48000
20120318,roelof,20120318,0.70666516,True,mannelijk,volwassen,algemeen Nederlands,n/a,headsetmicrofoon,48000
20120318,roelof,20120318,0.69238436,True,mannelijk,volwassen,algemeen Nederlands,n/a,headsetmicrofoon,48000
20120318,roelof,20120318,0.771598,True,mannelijk,volwassen,algemeen Nederlands,n/a,headsetmicrofoon,48000
20120318,roelof,20120318,0.7903628,True,mannelijk,volwassen,algemeen Nederlands,n/a,headsetmicrofoon,48000
20120318,roelof,20120318,0.8420496,True,mannelijk,volwassen,algemeen Nederlands,n/a,headsetmicrofoon,48000
20120318,roelof,20120318,0.8370868,True,mannelijk,volwassen,algemeen Nederlands,n/a,headsetmicrofoon,48000
20120318,roelof,20120318,0.756256,True,mannelijk,volwassen,algemeen Nederlands,n/a,headsetmicrofoon,48000
20120318,roelof,20120318,0.77529335,True,mannelijk,volwassen,algemeen Nederlands,n/a,headsetmicrofoon,48000
20120318,roelof,20120318,0.86554575,True,mannelijk,volwassen,algemeen Nederlands,n/a,headsetmicrofoon,48000
20120318,roelof,20120318,0.7696245,True,mannelijk,volwassen,algemeen Nederlands,n/a,headsetmicrofoon,48000
20120318,roelof,20120318,0.7169396,True,mannelijk,volwassen,algemeen Nederlands,n/a,headsetmicrofoon,48000
20120318,roelof,20120318,0.8122092,True,mannelijk,volwassen,algemeen Nederlands,n/a,headsetmicrofoon,48000
20120318,roelof,20120318,0.777531,True,mannelijk,volwassen,algemeen Nederlands,n/a,headsetmicrofoon,48000
20120318,roelof,20120318,0.75155556,True,mannelijk,volwassen,algemeen Nederlands,n/a,headsetmicrofoon,48000
20120318,roelof,20120318,0.8096527,True,mannelijk,volwassen,algemeen Nederlands,n/a,headsetmicrofoon,48000
20120318,roelof,20120318,0.8145858,True,mannelijk,volwassen,algemeen Nederlands,n/a,headsetmicrofoon,48000
20120318,roelof,20120318,0.7636504,True,mannelijk,volwassen,algemeen Nederlands,n/a,headsetmicrofoon,48000
20120318,roelof,20120318,0.6562182,True,mannelijk,volwassen,algemeen Nederlands,n/a,headsetmicrofoon,48000
20120318,roelof,20120318,0.8301385,True,mannelijk,volwassen,algemeen Nederlands,n/a,headsetmicrofoon,48000
20120318,roelof,20120318,0.7842829,True,mannelijk,volwassen,algemeen Nederlands,n/a,headsetmicrofoon,48000
20120318,roelof,20120318,0.8315644,True,mannelijk,volwassen,algemeen Nederlands,n/a,headsetmicrofoon,48000
20120318,roelof,20120318,0.99993646,True,mannelijk,volwassen,algemeen Nederlands,n/a,headsetmicrofoon,48000
20120318,roelof,20120318,0.85017115,True,mannelijk,volwassen,algemeen Nederlands,n/a,headsetmicrofoon,48000
20120318,roelof,20120318,0.833916,True,mannelijk,volwassen,algemeen Nederlands,n/a,headsetmicrofoon,48000
20120318,roelof,20120318,0.8017233,True,mannelijk,volwassen,algemeen Nederlands,n/a,headsetmicrofoon,48000
20120318,roelof,20120318,0.84683704,True,mannelijk,volwassen,algemeen Nederlands,n/a,headsetmicrofoon,48000
20120318,roelof,20120318,0.7840284,True,mannelijk,volwassen,algemeen Nederlands,n/a,headsetmicrofoon,48000
20120318,roelof,20120318,0.7669503,True,mannelijk,volwassen,algemeen Nederlands,n/a,headsetmicrofoon,48000
20120318,roelof,20120318,0.6018065,True,mannelijk,volwassen,algemeen Nederlands,n/a,headsetmicrofoon,48000
20120318,roelof,20120318,0.62500346,True,mannelijk,volwassen,algemeen Nederlands,n/a,headsetmicrofoon,48000
20120318,roelof,20120318,0.82279456,True,mannelijk,volwassen,algemeen Nederlands,n/a,headsetmicrofoon,48000
20120318,roelof,20120318,0.6625341,True,mannelijk,volwassen,algemeen Nederlands,n/a,headsetmicrofoon,48000
20120318,roelof,20120318,0.72465134,True,mannelijk,volwassen,algemeen Nederlands,n/a,headsetmicrofoon,48000
20120318,roelof,20120318,0.54100734,True,mannelijk,volwassen,algemeen Nederlands,n/a,headsetmicrofoon,48000
20120318,roelof,20120318,0.6560711,True,mannelijk,volwassen,algemeen Nederlands,n/a,headsetmicrofoon,48000
20120318,roelof,20120318,0.49883103,True,mannelijk,volwassen,algemeen Nederlands,n/a,headsetmicrofoon,48000
20120318,roelof,20120318,0.59828407,True,mannelijk,volwassen,algemeen Nederlands,n/a,headsetmicrofoon,48000
20120318,roelof,20120318,0.635963,True,mannelijk,volwassen,algemeen Nederlands,n/a,headsetmicrofoon,48000
20120318,roelof,20120318,0.6517168,True,mannelijk,volwassen,algemeen Nederlands,n/a,headsetmicrofoon,48000
20120318,roelof,20120318,0.8025141,True,mannelijk,volwassen,algemeen Nederlands,n/a,headsetmicrofoon,48000
20120318,roelof,20120318,0.6766215,True,mannelijk,volwassen,algemeen Nederlands,n/a,headsetmicrofoon,48000
20120318,roelof,20120318,0.7865479,True,mannelijk,volwassen,algemeen Nederlands,n/a,headsetmicrofoon,48000
20120318,roelof,20120318,0.6815437,True,mannelijk,volwassen,algemeen Nederlands,n/a,headsetmicrofoon,48000
20120318,roelof,20120318,0.6838157,True,mannelijk,volwassen,algemeen Nederlands,n/a,headsetmicrofoon,48000
20120318,roelof,20120318,0.7138026,True,mannelijk,volwassen,algemeen Nederlands,n/a,headsetmicrofoon,48000
20120318,roelof,20120318,0.7372192,True,mannelijk,volwassen,algemeen Nederlands,n/a,headsetmicrofoon,48000
20090531,sandervdm,20080418,0.1319485,False,mannelijk,jeugd,algemeen Nederlands,n/a,microfoon in laptop,48000
20120318,roelof,20120318,0.7469609,True,mannelijk,volwassen,algemeen Nederlands,n/a,headsetmicrofoon,48000
20090531,sandervdm,20080708,0.22434899,False,mannelijk,jeugd,algemeen Nederlands,n/a,microfoon in laptop,48000
20120318,roelof,20120318,0.63417584,True,mannelijk,volwassen,algemeen Nederlands,n/a,headsetmicrofoon,48000
20090531,sandervdm,20120318,0.18393356,False,mannelijk,jeugd,algemeen Nederlands,n/a,microfoon in laptop,48000
20120318,roelof,20120318,0.7268417,True,mannelijk,volwassen,algemeen Nederlands,n/a,headsetmicrofoon,48000
20090531,sandervdm,20080302,0.22193137,False,mannelijk,jeugd,algemeen Nederlands,n/a,microfoon in laptop,48000
20090531,sandervdm,20090412,0.2607264,False,mannelijk,jeugd,algemeen Nederlands,n/a,microfoon in laptop,48000
20090531,sandervdm,20140702,0.1659296,False,mannelijk,jeugd,algemeen Nederlands,n/a,microfoon in laptop,48000
20090531,sandervdm,20180724,0.13689235,False,mannelijk,jeugd,algemeen Nederlands,n/a,microfoon in laptop,48000
20090531,sandervdm,20090412,0.19588013,False,mannelijk,jeugd,algemeen Nederlands,n/a,microfoon in laptop,48000
20090531,sandervdm,20081203,0.17072448,False,mannelijk,jeugd,algemeen Nederlands,n/a,microfoon in laptop,48000
20090601,sandervdm,20090205,0.261268,False,mannelijk,jeugd,algemeen Nederlands,n/a,microfoon in laptop,48000
20090601,sandervdm,20160115,0.30705953,False,mannelijk,jeugd,algemeen Nederlands,n/a,microfoon in laptop,48000
20090601,sandervdm,20121219,0.2522353,False,mannelijk,jeugd,algemeen Nederlands,n/a,microfoon in laptop,48000
20090601,sandervdm,20080326,0.436246,False,mannelijk,jeugd,algemeen Nederlands,n/a,microfoon in laptop,48000
20090601,sandervdm,20080326,0.404917,False,mannelijk,jeugd,algemeen Nederlands,n/a,microfoon in laptop,48000
20090601,sandervdm,20160115,0.33854872,False,mannelijk,jeugd,algemeen Nederlands,n/a,microfoon in laptop,48000
20090601,sandervdm,20081022,0.31423864,False,mannelijk,jeugd,algemeen Nederlands,n/a,microfoon in laptop,48000
20090601,sandervdm,20090813,0.4509894,False,mannelijk,jeugd,algemeen Nederlands,n/a,microfoon in laptop,48000
20090601,sandervdm,20080326,0.41252932,False,mannelijk,jeugd,algemeen Nederlands,n/a,microfoon in laptop,48000
20090601,sandervdm,20080326,0.40476897,False,mannelijk,jeugd,algemeen Nederlands,n/a,microfoon in laptop,48000
20090601,sandervdm,20080326,0.33384842,False,mannelijk,jeugd,algemeen Nederlands,n/a,microfoon in laptop,48000
20090601,sandervdm,20080326,0.3552099,False,mannelijk,jeugd,algemeen Nederlands,n/a,microfoon in laptop,48000
20090601,sandervdm,20131123,0.46433973,False,mannelijk,jeugd,algemeen Nederlands,n/a,microfoon in laptop,48000
20090601,sandervdm,20151021,0.3732013,False,mannelijk,jeugd,algemeen Nederlands,n/a,microfoon in laptop,48000
20090601,sandervdm,20090629,0.41436973,False,mannelijk,jeugd,algemeen Nederlands,n/a,microfoon in laptop,48000
20090601,sandervdm,20110422,0.366502,False,mannelijk,jeugd,algemeen Nederlands,n/a,microfoon in laptop,48000
20090601,sandervdm,20180724,0.37618506,False,mannelijk,jeugd,algemeen Nederlands,n/a,microfoon in laptop,48000
20090601,sandervdm,20110422,0.35878587,False,mannelijk,jeugd,algemeen Nederlands,n/a,microfoon in laptop,48000
20090601,sandervdm,20080326,0.33406228,False,mannelijk,jeugd,algemeen Nederlands,n/a,microfoon in laptop,48000
20090604,ServaisP,20090604,0.7221625,True,mannelijk,volwassen,anders,n/a,microfoon in laptop,48000
20090604,ServaisP,20090604,0.7076936,True,mannelijk,volwassen,anders,n/a,microfoon in laptop,48000
20090604,ServaisP,20090604,0.5546584,True,mannelijk,volwassen,anders,n/a,microfoon in laptop,48000
20090604,ServaisP,20090604,0.6843436,True,mannelijk,volwassen,anders,n/a,microfoon in laptop,48000
20090604,ServaisP,20090604,0.5957376,True,mannelijk,volwassen,anders,n/a,microfoon in laptop,48000
20090604,ServaisP,20090604,0.55640936,True,mannelijk,volwassen,anders,n/a,microfoon in laptop,48000
20090604,ServaisP,20090604,0.50288755,True,mannelijk,volwassen,anders,n/a,microfoon in laptop,48000
20090604,ServaisP,20090604,0.5740382,True,mannelijk,volwassen,anders,n/a,microfoon in laptop,48000
20090604,ServaisP,20090604,0.6872196,True,mannelijk,volwassen,anders,n/a,microfoon in laptop,48000
20090604,ServaisP,20090604,0.5486555,True,mannelijk,volwassen,anders,n/a,microfoon in laptop,48000
20090604,ServaisP,20090604,0.544726,True,mannelijk,volwassen,anders,n/a,microfoon in laptop,48000
20090604,ServaisP,20090604,0.69276905,True,mannelijk,volwassen,anders,n/a,microfoon in laptop,48000
20090604,ServaisP,20090604,0.6765869,True,mannelijk,volwassen,anders,n/a,microfoon in laptop,48000
20090604,ServaisP,20090604,0.6733179,True,mannelijk,volwassen,anders,n/a,microfoon in laptop,48000
20090604,ServaisP,20090604,0.5801959,True,mannelijk,volwassen,anders,n/a,microfoon in laptop,48000
20090604,ServaisP,20090604,0.65348953,True,mannelijk,volwassen,anders,n/a,microfoon in laptop,48000
20090604,ServaisP,20090604,0.63905084,True,mannelijk,volwassen,anders,n/a,microfoon in laptop,48000
20090604,ServaisP,20090604,0.5972849,True,mannelijk,volwassen,anders,n/a,microfoon in laptop,48000
20090604,ServaisP,20090604,0.6772226,True,mannelijk,volwassen,anders,n/a,microfoon in laptop,48000
20090604,ServaisP,20090604,0.5563835,True,mannelijk,volwassen,anders,n/a,microfoon in laptop,48000
20090604,ServaisP,20090604,0.5433192,True,mannelijk,volwassen,anders,n/a,microfoon in laptop,48000
20090604,ServaisP,20090604,0.5713495,True,mannelijk,volwassen,anders,n/a,microfoon in laptop,48000
20090604,ServaisP,20090604,0.68621767,True,mannelijk,volwassen,anders,n/a,microfoon in laptop,48000
20090604,ServaisP,20090604,0.6271213,True,mannelijk,volwassen,anders,n/a,microfoon in laptop,48000
20090604,ServaisP,20090604,0.72344303,True,mannelijk,volwassen,anders,n/a,microfoon in laptop,48000
20090604,ServaisP,20090604,0.55941635,True,mannelijk,volwassen,anders,n/a,microfoon in laptop,48000
20090604,ServaisP,20090604,0.6571683,True,mannelijk,volwassen,anders,n/a,microfoon in laptop,48000
20090604,ServaisP,20090604,0.6295033,True,mannelijk,volwassen,anders,n/a,microfoon in laptop,48000
20090604,ServaisP,20090604,0.5193931,True,mannelijk,volwassen,anders,n/a,microfoon in laptop,48000
20090629,Sjiel1,20090629,0.6282529,True,mannelijk,volwassen,algemeen Nederlands,n/a,headsetmicrofoon,48000
20090629,Sjiel1,20090629,0.7055928,True,mannelijk,volwassen,algemeen Nederlands,n/a,headsetmicrofoon,48000
20090629,Sjiel1,20090629,0.7513008,True,mannelijk,volwassen,algemeen Nederlands,n/a,headsetmicrofoon,48000
20090629,Sjiel1,20090629,0.78885174,True,mannelijk,volwassen,algemeen Nederlands,n/a,headsetmicrofoon,48000
20090629,Sjiel1,20090629,0.66843534,True,mannelijk,volwassen,algemeen Nederlands,n/a,headsetmicrofoon,48000
20090629,Sjiel1,20090629,0.6570002,True,mannelijk,volwassen,algemeen Nederlands,n/a,headsetmicrofoon,48000
20090629,Sjiel1,20090629,0.62510383,True,mannelijk,volwassen,algemeen Nederlands,n/a,headsetmicrofoon,48000
20090629,Sjiel1,20090629,0.7086116,True,mannelijk,volwassen,algemeen Nederlands,n/a,headsetmicrofoon,48000
20090629,Sjiel1,20090629,0.7094769,True,mannelijk,volwassen,algemeen Nederlands,n/a,headsetmicrofoon,48000
20090629,Sjiel1,20090629,0.99995303,True,mannelijk,volwassen,algemeen Nederlands,n/a,headsetmicrofoon,48000
20090629,Sjiel1,20090629,0.5345861,True,mannelijk,volwassen,algemeen Nederlands,n/a,headsetmicrofoon,48000
20090629,Sjiel1,20090629,0.6795594,True,mannelijk,volwassen,algemeen Nederlands,n/a,headsetmicrofoon,48000
20090629,Sjiel1,20090629,0.7333208,True,mannelijk,volwassen,algemeen Nederlands,n/a,headsetmicrofoon,48000
20090629,Sjiel1,20090629,0.7786919,True,mannelijk,volwassen,algemeen Nederlands,n/a,headsetmicrofoon,48000
20090629,Sjiel1,20090629,0.7353803,True,mannelijk,volwassen,algemeen Nederlands,n/a,headsetmicrofoon,48000
20090629,Sjiel1,20090629,0.73289394,True,mannelijk,volwassen,algemeen Nederlands,n/a,headsetmicrofoon,48000
20090629,Sjiel1,20090629,0.8155217,True,mannelijk,volwassen,algemeen Nederlands,n/a,headsetmicrofoon,48000
20090629,Sjiel1,20090629,0.51489556,True,mannelijk,volwassen,algemeen Nederlands,n/a,headsetmicrofoon,48000
20090629,Sjiel1,20090629,0.7007079,True,mannelijk,volwassen,algemeen Nederlands,n/a,headsetmicrofoon,48000
20090629,Sjiel1,20090629,0.7952877,True,mannelijk,volwassen,algemeen Nederlands,n/a,headsetmicrofoon,48000
20090629,Sjiel1,20090629,0.9999141,True,mannelijk,volwassen,algemeen Nederlands,n/a,headsetmicrofoon,48000
20090629,Sjiel1,20090629,0.76578796,True,mannelijk,volwassen,algemeen Nederlands,n/a,headsetmicrofoon,48000
20090629,Sjiel1,20090629,0.7717359,True,mannelijk,volwassen,algemeen Nederlands,n/a,headsetmicrofoon,48000
20090629,Sjiel1,20090629,0.7444764,True,mannelijk,volwassen,algemeen Nederlands,n/a,headsetmicrofoon,48000
20090629,Sjiel1,20090629,0.74835646,True,mannelijk,volwassen,algemeen Nederlands,n/a,headsetmicrofoon,48000
20090629,Sjiel1,20090629,0.744478,True,mannelijk,volwassen,algemeen Nederlands,n/a,headsetmicrofoon,48000
20090629,Sjiel1,20090629,0.7436,True,mannelijk,volwassen,algemeen Nederlands,n/a,headsetmicrofoon,48000
20090629,Sjiel1,20090629,0.7816776,True,mannelijk,volwassen,algemeen Nederlands,n/a,headsetmicrofoon,48000
20090629,Sjiel1,20090629,0.7037753,True,mannelijk,volwassen,algemeen Nederlands,n/a,headsetmicrofoon,48000
20090629,Sjiel1,20090629,0.744769,True,mannelijk,volwassen,algemeen Nederlands,n/a,headsetmicrofoon,48000
20090629,Sjiel1,20090629,0.7071202,True,mannelijk,volwassen,algemeen Nederlands,n/a,headsetmicrofoon,48000
20090629,Sjiel1,20090629,0.7975526,True,mannelijk,volwassen,algemeen Nederlands,n/a,headsetmicrofoon,48000
20090629,Sjiel1,20090629,1.0,True,mannelijk,volwassen,algemeen Nederlands,n/a,headsetmicrofoon,48000
20090629,Sjiel1,20090629,0.7562138,True,mannelijk,volwassen,algemeen Nederlands,n/a,headsetmicrofoon,48000
20090629,Sjiel1,20090629,0.71417326,True,mannelijk,volwassen,algemeen Nederlands,n/a,headsetmicrofoon,48000
20090629,Sjiel1,20090629,0.75884235,True,mannelijk,volwassen,algemeen Nederlands,n/a,headsetmicrofoon,48000
20090629,Sjiel1,20090629,0.74168074,True,mannelijk,volwassen,algemeen Nederlands,n/a,headsetmicrofoon,48000
20090205,StijnFrima,20090205,0.76917374,True,mannelijk,jeugd,algemeen Nederlands,n/a,headsetmicrofoon,48000
20090629,Sjiel1,20090629,0.7699874,True,mannelijk,volwassen,algemeen Nederlands,n/a,headsetmicrofoon,48000
20090629,Sjiel1,20090629,0.8078833,True,mannelijk,volwassen,algemeen Nederlands,n/a,headsetmicrofoon,48000
20090205,StijnFrima,20090205,0.7565106,True,mannelijk,jeugd,algemeen Nederlands,n/a,headsetmicrofoon,48000
20090205,StijnFrima,20090205,0.6577449,True,mannelijk,jeugd,algemeen Nederlands,n/a,headsetmicrofoon,48000
20090205,StijnFrima,20090205,0.6663065,True,mannelijk,jeugd,algemeen Nederlands,n/a,headsetmicrofoon,48000
20090205,StijnFrima,20090205,0.5888439,True,mannelijk,jeugd,algemeen Nederlands,n/a,headsetmicrofoon,48000
20090205,StijnFrima,20090205,0.5321752,True,mannelijk,jeugd,algemeen Nederlands,n/a,headsetmicrofoon,48000
20090205,StijnFrima,20090205,0.72868955,True,mannelijk,jeugd,algemeen Nederlands,n/a,headsetmicrofoon,48000
20090205,StijnFrima,20090205,0.5373285,True,mannelijk,jeugd,algemeen Nederlands,n/a,headsetmicrofoon,48000
20090205,StijnFrima,20090205,0.7256265,True,mannelijk,jeugd,algemeen Nederlands,n/a,headsetmicrofoon,48000
20140212,SvenKortekaas,20090617,0.4824756,False,mannelijk,volwassen,algemeen Nederlands,n/a,microfoon in laptop,48000
20140212,SvenKortekaas,20140212,0.60998714,True,mannelijk,volwassen,algemeen Nederlands,n/a,microfoon in laptop,48000
20140212,SvenKortekaas,20140212,0.49375665,True,mannelijk,volwassen,algemeen Nederlands,n/a,microfoon in laptop,48000
20140212,SvenKortekaas,20140212,0.58457965,True,mannelijk,volwassen,algemeen Nederlands,n/a,microfoon in laptop,48000
20140212,SvenKortekaas,20140212,0.6012907,True,mannelijk,volwassen,algemeen Nederlands,n/a,microfoon in laptop,48000
20140212,SvenKortekaas,20140212,0.601244,True,mannelijk,volwassen,algemeen Nederlands,n/a,microfoon in laptop,48000
20140212,SvenKortekaas,20140212,0.51704836,True,mannelijk,volwassen,algemeen Nederlands,n/a,microfoon in laptop,48000
20140212,SvenKortekaas,20140212,0.50164753,True,mannelijk,volwassen,algemeen Nederlands,n/a,microfoon in laptop,48000
20111222,tbeertje,20111222,0.6989063,True,mannelijk,volwassen,anders,n/a,headsetmicrofoon,48000
20140212,SvenKortekaas,20140212,0.5453687,True,mannelijk,volwassen,algemeen Nederlands,n/a,microfoon in laptop,48000
20111222,tbeertje,20111222,0.6627633,True,mannelijk,volwassen,anders,n/a,headsetmicrofoon,48000
20111222,tbeertje,20111222,0.6500604,True,mannelijk,volwassen,anders,n/a,headsetmicrofoon,48000
20111222,tbeertje,20111222,0.654836,True,mannelijk,volwassen,anders,n/a,headsetmicrofoon,48000
20111222,tbeertje,20111222,0.6123074,True,mannelijk,volwassen,anders,n/a,headsetmicrofoon,48000
20111222,tbeertje,20111222,0.61927205,True,mannelijk,volwassen,anders,n/a,headsetmicrofoon,48000
20111222,tbeertje,20111222,0.67692566,True,mannelijk,volwassen,anders,n/a,headsetmicrofoon,48000
20071209,tester,20071209,0.70998985,True,mannelijk,volwassen,algemeen Nederlands,n/a,bureaumicrofoon (USB),48000
20111222,tbeertje,20111222,0.57492864,True,mannelijk,volwassen,anders,n/a,headsetmicrofoon,48000
20071209,tester,20071209,0.7270253,True,mannelijk,volwassen,algemeen Nederlands,n/a,bureaumicrofoon (USB),48000
20111222,tbeertje,20111222,0.64000744,True,mannelijk,volwassen,anders,n/a,headsetmicrofoon,48000
20071209,tester,20071209,0.73488075,True,mannelijk,volwassen,algemeen Nederlands,n/a,bureaumicrofoon (USB),48000
20071209,tester,20071209,0.781848,True,mannelijk,volwassen,algemeen Nederlands,n/a,bureaumicrofoon (USB),48000
20071209,tester,20071209,0.5981642,True,mannelijk,volwassen,algemeen Nederlands,n/a,bureaumicrofoon (USB),48000
20071209,tester,20071209,0.6192797,True,mannelijk,volwassen,algemeen Nederlands,n/a,bureaumicrofoon (USB),48000
20071209,tester,20071209,0.7451023,True,mannelijk,volwassen,algemeen Nederlands,n/a,bureaumicrofoon (USB),48000
20071209,tester,20071209,0.6365684,True,mannelijk,volwassen,algemeen Nederlands,n/a,bureaumicrofoon (USB),48000
20071210,tester,20070823_nl1,0.6240647,False,mannelijk,volwassen,algemeen Nederlands,n/a,headsetmicrofoon (USB),48000
20071209,tester,20071209,0.7152728,True,mannelijk,volwassen,algemeen Nederlands,n/a,bureaumicrofoon (USB),48000
20071210,tester,20071209,0.58511144,False,mannelijk,volwassen,algemeen Nederlands,n/a,headsetmicrofoon (USB),48000
20071210,tester,20071209,0.505092,False,mannelijk,volwassen,algemeen Nederlands,n/a,headsetmicrofoon (USB),48000
20071210,tester,20070823_nl1,0.5907066,False,mannelijk,volwassen,algemeen Nederlands,n/a,headsetmicrofoon (USB),48000
20071210,tester,20070823_nl1,0.5309663,False,mannelijk,volwassen,algemeen Nederlands,n/a,headsetmicrofoon (USB),48000
20071210,tester,20070823_nl1,0.5600455,False,mannelijk,volwassen,algemeen Nederlands,n/a,headsetmicrofoon (USB),48000
20071210,tester,20071209,0.6095907,False,mannelijk,volwassen,algemeen Nederlands,n/a,headsetmicrofoon (USB),48000
20071210,tester,20071209,0.53520495,False,mannelijk,volwassen,algemeen Nederlands,n/a,headsetmicrofoon (USB),48000
20071210,tester,20071209,0.6001061,False,mannelijk,volwassen,algemeen Nederlands,n/a,headsetmicrofoon (USB),48000
20160115,tomasf,20160115,0.68307173,True,mannelijk,volwassen,anders,n/a,microfoon in laptop,48000
20160115,tomasf,20160115,0.7389132,True,mannelijk,volwassen,anders,n/a,microfoon in laptop,48000
20160115,tomasf,20160115,0.7170849,True,mannelijk,volwassen,anders,n/a,microfoon in laptop,48000
20160115,tomasf,20160115,0.736357,True,mannelijk,volwassen,anders,n/a,microfoon in laptop,48000
20160115,tomasf,20160115,0.67751974,True,mannelijk,volwassen,anders,n/a,microfoon in laptop,48000
20160115,tomasf,20160115,0.74110526,True,mannelijk,volwassen,anders,n/a,microfoon in laptop,48000
20160115,tomasf,20160115,0.7958948,True,mannelijk,volwassen,anders,n/a,microfoon in laptop,48000
20160115,tomasf,20160115,0.8307998,True,mannelijk,volwassen,anders,n/a,microfoon in laptop,48000
20160115,tomasf,20160115,0.7850889,True,mannelijk,volwassen,anders,n/a,microfoon in laptop,48000
20080708,Vistaus,20080708,0.4926408,True,mannelijk,jeugd,algemeen Nederlands,n/a,microfoon in laptop,48000
20080708,Vistaus,20080708,0.56445646,True,mannelijk,jeugd,algemeen Nederlands,n/a,microfoon in laptop,48000
20080708,Vistaus,20080708,0.61416423,True,mannelijk,jeugd,algemeen Nederlands,n/a,microfoon in laptop,48000
20080708,Vistaus,20080708,0.6289681,True,mannelijk,jeugd,algemeen Nederlands,n/a,microfoon in laptop,48000
20080708,Vistaus,20080708,0.5769769,True,mannelijk,jeugd,algemeen Nederlands,n/a,microfoon in laptop,48000
20080708,Vistaus,20080806,0.66510135,False,mannelijk,jeugd,algemeen Nederlands,n/a,microfoon in laptop,48000
20080708,Vistaus,20080708,0.49518883,True,mannelijk,jeugd,algemeen Nederlands,n/a,microfoon in laptop,48000
20080708,Vistaus,20080708,0.63754904,True,mannelijk,jeugd,algemeen Nederlands,n/a,microfoon in laptop,48000
20080708,Vistaus,20080708,0.70693874,True,mannelijk,jeugd,algemeen Nederlands,n/a,microfoon in laptop,48000
20080718,Vistaus,20080708,0.5110353,False,mannelijk,jeugd,algemeen Nederlands,n/a,microfoon in laptop,48000
20080718,Vistaus,20080708,0.508993,False,mannelijk,jeugd,algemeen Nederlands,n/a,microfoon in laptop,48000
20080718,Vistaus,20080708,0.46443325,False,mannelijk,jeugd,algemeen Nederlands,n/a,microfoon in laptop,48000
20080718,Vistaus,20080708,0.4948905,False,mannelijk,jeugd,algemeen Nederlands,n/a,microfoon in laptop,48000
20080718,Vistaus,20080708,0.4384386,False,mannelijk,jeugd,algemeen Nederlands,n/a,microfoon in laptop,48000
20080718,Vistaus,20080708,0.5490335,False,mannelijk,jeugd,algemeen Nederlands,n/a,microfoon in laptop,48000
20080718,Vistaus,20080708,0.6221917,False,mannelijk,jeugd,algemeen Nederlands,n/a,microfoon in laptop,48000
20080718,Vistaus,20080708,0.39301592,False,mannelijk,jeugd,algemeen Nederlands,n/a,microfoon in laptop,48000
20080718,Vistaus,20080708,0.5836382,False,mannelijk,jeugd,algemeen Nederlands,n/a,microfoon in laptop,48000
20080718,Vistaus,20080708,0.5343609,False,mannelijk,jeugd,algemeen Nederlands,n/a,microfoon in laptop,48000
20080718,Vistaus,20080708,0.46801043,False,mannelijk,jeugd,algemeen Nederlands,n/a,microfoon in laptop,48000
20080718,Vistaus,20080708,0.50311226,False,mannelijk,jeugd,algemeen Nederlands,n/a,microfoon in laptop,48000
20080718,Vistaus,20080806,0.44005936,False,mannelijk,jeugd,algemeen Nederlands,n/a,microfoon in laptop,48000
20080718,Vistaus,20080806,0.5126779,False,mannelijk,jeugd,algemeen Nederlands,n/a,microfoon in laptop,48000
20080718,Vistaus,20080708,0.5755583,False,mannelijk,jeugd,algemeen Nederlands,n/a,microfoon in laptop,48000
20080718,Vistaus,20080708,0.5862572,False,mannelijk,jeugd,algemeen Nederlands,n/a,microfoon in laptop,48000
20080718,Vistaus,20080708,0.5391726,False,mannelijk,jeugd,algemeen Nederlands,n/a,microfoon in laptop,48000
20080718,Vistaus,20080806,0.6069328,False,mannelijk,jeugd,algemeen Nederlands,n/a,microfoon in laptop,48000
20080718,Vistaus,20080806,0.58283806,False,mannelijk,jeugd,algemeen Nederlands,n/a,microfoon in laptop,48000
20080718,Vistaus,20080708,0.5188767,False,mannelijk,jeugd,algemeen Nederlands,n/a,microfoon in laptop,48000
20080718,Vistaus,20080708,0.5641686,False,mannelijk,jeugd,algemeen Nederlands,n/a,microfoon in laptop,48000
20080718,Vistaus,20080708,0.52098155,False,mannelijk,jeugd,algemeen Nederlands,n/a,microfoon in laptop,48000
20080718,Vistaus,20080708,0.45612088,False,mannelijk,jeugd,algemeen Nederlands,n/a,microfoon in laptop,48000
20080718,Vistaus,20080708,0.37244675,False,mannelijk,jeugd,algemeen Nederlands,n/a,microfoon in laptop,48000
20080718,Vistaus,20080708,0.67674994,False,mannelijk,jeugd,algemeen Nederlands,n/a,microfoon in laptop,48000
20080718,Vistaus,20080708,0.4692623,False,mannelijk,jeugd,algemeen Nederlands,n/a,microfoon in laptop,48000
20080718,Vistaus,20080708,0.3956121,False,mannelijk,jeugd,algemeen Nederlands,n/a,microfoon in laptop,48000
20080718,Vistaus,20080205,0.25462687,False,mannelijk,jeugd,algemeen Nederlands,n/a,microfoon in laptop,48000
20080718,Vistaus,20080708,0.52997684,False,mannelijk,jeugd,algemeen Nederlands,n/a,microfoon in laptop,48000
20080720,voicedonation,20080720,0.67426217,True,mannelijk,volwassen,algemeen Nederlands,n/a,headsetmicrofoon,48000
20080720,voicedonation,20080720,0.62763506,True,mannelijk,volwassen,algemeen Nederlands,n/a,headsetmicrofoon,48000
20080720,voicedonation,20080720,0.6193396,True,mannelijk,volwassen,algemeen Nederlands,n/a,headsetmicrofoon,48000
20080720,voicedonation,20080720,0.7107887,True,mannelijk,volwassen,algemeen Nederlands,n/a,headsetmicrofoon,48000
20080720,voicedonation,20080720,0.65185666,True,mannelijk,volwassen,algemeen Nederlands,n/a,headsetmicrofoon,48000
20080720,voicedonation,20080720,0.7381512,True,mannelijk,volwassen,algemeen Nederlands,n/a,headsetmicrofoon,48000
20080720,voicedonation,20080720,0.6627394,True,mannelijk,volwassen,algemeen Nederlands,n/a,headsetmicrofoon,48000
20080720,voicedonation,20080720,0.7157434,True,mannelijk,volwassen,algemeen Nederlands,n/a,headsetmicrofoon,48000
20080720,voicedonation,20080720,0.71543276,True,mannelijk,volwassen,algemeen Nederlands,n/a,headsetmicrofoon,48000
20080720,voicedonation,20080720,0.6085567,True,mannelijk,volwassen,algemeen Nederlands,n/a,headsetmicrofoon,48000
20080720,voicedonation,20080720,0.63179076,True,mannelijk,volwassen,algemeen Nederlands,n/a,headsetmicrofoon,48000
20080720,voicedonation,20080720,0.5740677,True,mannelijk,volwassen,algemeen Nederlands,n/a,headsetmicrofoon,48000
20080720,voicedonation,20080720,0.6932651,True,mannelijk,volwassen,algemeen Nederlands,n/a,headsetmicrofoon,48000
20080720,voicedonation,20080720,0.59427106,True,mannelijk,volwassen,algemeen Nederlands,n/a,headsetmicrofoon,48000
20080720,voicedonation,20080720,0.6578486,True,mannelijk,volwassen,algemeen Nederlands,n/a,headsetmicrofoon,48000
20080720,voicedonation,20080720,0.5085187,True,mannelijk,volwassen,algemeen Nederlands,n/a,headsetmicrofoon,48000
20080720,voicedonation,20080720,0.52939475,True,mannelijk,volwassen,algemeen Nederlands,n/a,headsetmicrofoon,48000
20080720,voicedonation,20080720,0.6085774,True,mannelijk,volwassen,algemeen Nederlands,n/a,headsetmicrofoon,48000
20080720,voicedonation,20080720,0.67403847,True,mannelijk,volwassen,algemeen Nederlands,n/a,headsetmicrofoon,48000
20090719,Vrest,20090719,0.7079158,True,mannelijk,volwassen,algemeen Nederlands,n/a,webcam microfoon,48000
20090719,Vrest,20090719,0.78431547,True,mannelijk,volwassen,algemeen Nederlands,n/a,webcam microfoon,48000
20090719,Vrest,20090719,0.78877395,True,mannelijk,volwassen,algemeen Nederlands,n/a,webcam microfoon,48000
20090719,Vrest,20090719,0.69321287,True,mannelijk,volwassen,algemeen Nederlands,n/a,webcam microfoon,48000
20090719,Vrest,20090719,0.71503556,True,mannelijk,volwassen,algemeen Nederlands,n/a,webcam microfoon,48000
20090719,Vrest,20090719,0.8134199,True,mannelijk,volwassen,algemeen Nederlands,n/a,webcam microfoon,48000
20090719,Vrest,20090719,0.8244903,True,mannelijk,volwassen,algemeen Nederlands,n/a,webcam microfoon,48000
20090719,Vrest,20090719,0.710685,True,mannelijk,volwassen,algemeen Nederlands,n/a,webcam microfoon,48000
20090719,Vrest,20090719,0.7476347,True,mannelijk,volwassen,algemeen Nederlands,n/a,webcam microfoon,48000
20090719,Vrest,20090719,0.77673686,True,mannelijk,volwassen,algemeen Nederlands,n/a,webcam microfoon,48000
20090719,Vrest,20090719,0.7583508,True,mannelijk,volwassen,algemeen Nederlands,n/a,webcam microfoon,48000
20090719,Vrest,20090719,0.73034966,True,mannelijk,volwassen,algemeen Nederlands,n/a,webcam microfoon,48000
20090719,Vrest,20090719,0.7003689,True,mannelijk,volwassen,algemeen Nederlands,n/a,webcam microfoon,48000
20090719,Vrest,20090719,0.7311169,True,mannelijk,volwassen,algemeen Nederlands,n/a,webcam microfoon,48000
20090719,Vrest,20090719,0.75756097,True,mannelijk,volwassen,algemeen Nederlands,n/a,webcam microfoon,48000
20090719,Vrest,20090719,0.7805894,True,mannelijk,volwassen,algemeen Nederlands,n/a,webcam microfoon,48000
20090719,Vrest,20090719,0.74129736,True,mannelijk,volwassen,algemeen Nederlands,n/a,webcam microfoon,48000
20090719,Vrest,20090719,0.7545667,True,mannelijk,volwassen,algemeen Nederlands,n/a,webcam microfoon,48000
20090719,Vrest,20090719,0.7171573,True,mannelijk,volwassen,algemeen Nederlands,n/a,webcam microfoon,48000
20090719,Vrest,20090719,0.6518838,True,mannelijk,volwassen,algemeen Nederlands,n/a,webcam microfoon,48000
20090719,Vrest,20090719,0.76993746,True,mannelijk,volwassen,algemeen Nederlands,n/a,webcam microfoon,48000
20090719,Vrest,20090719,0.6488514,True,mannelijk,volwassen,algemeen Nederlands,n/a,webcam microfoon,48000
20090719,Vrest,20090719,0.6490034,True,mannelijk,volwassen,algemeen Nederlands,n/a,webcam microfoon,48000
20090719,Vrest,20090719,0.74438846,True,mannelijk,volwassen,algemeen Nederlands,n/a,webcam microfoon,48000
20090719,Vrest,20090719,0.66310954,True,mannelijk,volwassen,algemeen Nederlands,n/a,webcam microfoon,48000
20090719,Vrest,20090719,0.7321774,True,mannelijk,volwassen,algemeen Nederlands,n/a,webcam microfoon,48000
20090719,Vrest,20090719,0.64738,True,mannelijk,volwassen,algemeen Nederlands,n/a,webcam microfoon,48000
20090719,Vrest,20090719,0.730363,True,mannelijk,volwassen,algemeen Nederlands,n/a,webcam microfoon,48000
20090719,Vrest,20090719,0.69110703,True,mannelijk,volwassen,algemeen Nederlands,n/a,webcam microfoon,48000
20090719,Vrest,20090719,0.7169817,True,mannelijk,volwassen,algemeen Nederlands,n/a,webcam microfoon,48000
20090719,Vrest,20090719,0.741691,True,mannelijk,volwassen,algemeen Nederlands,n/a,webcam microfoon,48000
20090719,Vrest,20090719,0.7592532,True,mannelijk,volwassen,algemeen Nederlands,n/a,webcam microfoon,48000
20090719,Vrest,20090719,0.77693605,True,mannelijk,volwassen,algemeen Nederlands,n/a,webcam microfoon,48000
20090719,Vrest,20090719,0.61689,True,mannelijk,volwassen,algemeen Nederlands,n/a,webcam microfoon,48000
20090719,Vrest,20090719,0.5784956,True,mannelijk,volwassen,algemeen Nederlands,n/a,webcam microfoon,48000
20090719,Vrest,20090719,0.6558736,True,mannelijk,volwassen,algemeen Nederlands,n/a,webcam microfoon,48000
20090719,Vrest,20090719,0.6978039,True,mannelijk,volwassen,algemeen Nederlands,n/a,webcam microfoon,48000
20090719,Vrest,20090719,0.68757725,True,mannelijk,volwassen,algemeen Nederlands,n/a,webcam microfoon,48000
20090719,Vrest,20090719,0.6053535,True,mannelijk,volwassen,algemeen Nederlands,n/a,webcam microfoon,48000
20090719,Vrest,20090719,0.6933249,True,mannelijk,volwassen,algemeen Nederlands,n/a,webcam microfoon,48000
20090719,Vrest,20090719,0.7034272,True,mannelijk,volwassen,algemeen Nederlands,n/a,webcam microfoon,48000
20090719,Vrest,20120329,0.553407,False,mannelijk,volwassen,algemeen Nederlands,n/a,webcam microfoon,48000
20090719,Vrest,20090719,0.5631722,True,mannelijk,volwassen,algemeen Nederlands,n/a,webcam microfoon,48000
20090719,Vrest,20090719,0.67514086,True,mannelijk,volwassen,algemeen Nederlands,n/a,webcam microfoon,48000
20090719,Vrest,20120930,0.47381705,False,mannelijk,volwassen,algemeen Nederlands,n/a,webcam microfoon,48000
20090719,Vrest,20090719,0.4893486,True,mannelijk,volwassen,algemeen Nederlands,n/a,webcam microfoon,48000
20090719,Vrest,20090719,0.5512713,True,mannelijk,volwassen,algemeen Nederlands,n/a,webcam microfoon,48000
20090719,Vrest,20080220,0.48281246,False,mannelijk,volwassen,algemeen Nederlands,n/a,webcam microfoon,48000
20090719,Vrest,20090719,0.51623094,True,mannelijk,volwassen,algemeen Nederlands,n/a,webcam microfoon,48000
20090719,Vrest,20090719,0.7198805,True,mannelijk,volwassen,algemeen Nederlands,n/a,webcam microfoon,48000
20090719,Vrest,20090719,0.7191888,True,mannelijk,volwassen,algemeen Nederlands,n/a,webcam microfoon,48000
20090719,Vrest,20090719,0.699768,True,mannelijk,volwassen,algemeen Nederlands,n/a,webcam microfoon,48000
20090719,Vrest,20090719,0.6939881,True,mannelijk,volwassen,algemeen Nederlands,n/a,webcam microfoon,48000
20090719,Vrest,20090719,0.7290979,True,mannelijk,volwassen,algemeen Nederlands,n/a,webcam microfoon,48000
20090719,Vrest,20090719,0.7361101,True,mannelijk,volwassen,algemeen Nederlands,n/a,webcam microfoon,48000
20090719,Vrest,20090719,0.686855,True,mannelijk,volwassen,algemeen Nederlands,n/a,webcam microfoon,48000
20090719,Vrest,20090719,0.67247194,True,mannelijk,volwassen,algemeen Nederlands,n/a,webcam microfoon,48000
20090719,Vrest,20090719,0.7675404,True,mannelijk,volwassen,algemeen Nederlands,n/a,webcam microfoon,48000
20090719,Vrest,20090719,0.7068874,True,mannelijk,volwassen,algemeen Nederlands,n/a,webcam microfoon,48000
20090724,Vrest,20090719,0.6586997,False,mannelijk,volwassen,algemeen Nederlands,n/a,webcam microfoon,48000
20090724,Vrest,20090719,0.63653624,False,mannelijk,volwassen,algemeen Nederlands,n/a,webcam microfoon,48000
20090724,Vrest,20090719,0.6432704,False,mannelijk,volwassen,algemeen Nederlands,n/a,webcam microfoon,48000
20090724,Vrest,20090719,0.6799592,False,mannelijk,volwassen,algemeen Nederlands,n/a,webcam microfoon,48000
20090724,Vrest,20090719,0.68927586,False,mannelijk,volwassen,algemeen Nederlands,n/a,webcam microfoon,48000
20090724,Vrest,20090719,0.71086687,False,mannelijk,volwassen,algemeen Nederlands,n/a,webcam microfoon,48000
20090724,Vrest,20090719,0.72811604,False,mannelijk,volwassen,algemeen Nederlands,n/a,webcam microfoon,48000
20090724,Vrest,20090719,0.74906397,False,mannelijk,volwassen,algemeen Nederlands,n/a,webcam microfoon,48000
20090724,Vrest,20090719,0.6560347,False,mannelijk,volwassen,algemeen Nederlands,n/a,webcam microfoon,48000
20120315,vrielance,20120315,0.67596203,True,mannelijk,volwassen,algemeen Nederlands,n/a,headsetmicrofoon,48000
20120315,vrielance,20120315,0.7587428,True,mannelijk,volwassen,algemeen Nederlands,n/a,headsetmicrofoon,48000
20120315,vrielance,20120315,0.6201968,True,mannelijk,volwassen,algemeen Nederlands,n/a,headsetmicrofoon,48000
20120315,vrielance,20120315,0.8561075,True,mannelijk,volwassen,algemeen Nederlands,n/a,headsetmicrofoon,48000
20120315,vrielance,20120315,0.7278733,True,mannelijk,volwassen,algemeen Nederlands,n/a,headsetmicrofoon,48000
20120315,vrielance,20120315,0.6962176,True,mannelijk,volwassen,algemeen Nederlands,n/a,headsetmicrofoon,48000
20120315,vrielance,20120315,0.72892874,True,mannelijk,volwassen,algemeen Nederlands,n/a,headsetmicrofoon,48000
20120315,vrielance,20120315,0.6558403,True,mannelijk,volwassen,algemeen Nederlands,n/a,headsetmicrofoon,48000
20120315,vrielance,20120315,0.7517119,True,mannelijk,volwassen,algemeen Nederlands,n/a,headsetmicrofoon,48000
20120315,vrielance,20120315,0.7571947,True,mannelijk,volwassen,algemeen Nederlands,n/a,headsetmicrofoon,48000
20120315,vrielance,20120315,0.76976407,True,mannelijk,volwassen,algemeen Nederlands,n/a,headsetmicrofoon,48000
20120315,vrielance,20120315,0.74313223,True,mannelijk,volwassen,algemeen Nederlands,n/a,headsetmicrofoon,48000
20120315,vrielance,20120315,0.78399825,True,mannelijk,volwassen,algemeen Nederlands,n/a,headsetmicrofoon,48000
20120315,vrielance,20120315,0.7438698,True,mannelijk,volwassen,algemeen Nederlands,n/a,headsetmicrofoon,48000
20120315,vrielance,20120315,0.7253829,True,mannelijk,volwassen,algemeen Nederlands,n/a,headsetmicrofoon,48000
20120315,vrielance,20120315,0.7982613,True,mannelijk,volwassen,algemeen Nederlands,n/a,headsetmicrofoon,48000
20120315,vrielance,20120315,0.7208298,True,mannelijk,volwassen,algemeen Nederlands,n/a,headsetmicrofoon,48000
20120315,vrielance,20120315,0.7700518,True,mannelijk,volwassen,algemeen Nederlands,n/a,headsetmicrofoon,48000
20120315,vrielance,20120315,0.81320596,True,mannelijk,volwassen,algemeen Nederlands,n/a,headsetmicrofoon,48000
20120315,vrielance,20120315,0.77105343,True,mannelijk,volwassen,algemeen Nederlands,n/a,headsetmicrofoon,48000
20120315,vrielance,20120315,0.7623261,True,mannelijk,volwassen,algemeen Nederlands,n/a,headsetmicrofoon,48000
20120315,vrielance,20120315,0.7742512,True,mannelijk,volwassen,algemeen Nederlands,n/a,headsetmicrofoon,48000
20120315,vrielance,20120315,0.72771883,True,mannelijk,volwassen,algemeen Nederlands,n/a,headsetmicrofoon,48000
20120315,vrielance,20120315,0.64969754,True,mannelijk,volwassen,algemeen Nederlands,n/a,headsetmicrofoon,48000
20120315,vrielance,20120315,0.70836765,True,mannelijk,volwassen,algemeen Nederlands,n/a,headsetmicrofoon,48000
20120315,vrielance,20120315,0.74905884,True,mannelijk,volwassen,algemeen Nederlands,n/a,headsetmicrofoon,48000
20120315,vrielance,20120315,0.76294863,True,mannelijk,volwassen,algemeen Nederlands,n/a,headsetmicrofoon,48000
20120315,vrielance,20120315,0.742041,True,mannelijk,volwassen,algemeen Nederlands,n/a,headsetmicrofoon,48000
20120315,vrielance,20120315,0.7033404,True,mannelijk,volwassen,algemeen Nederlands,n/a,headsetmicrofoon,48000
20120315,vrielance,20120315,0.7636994,True,mannelijk,volwassen,algemeen Nederlands,n/a,headsetmicrofoon,48000
20120315,vrielance,20120315,0.757615,True,mannelijk,volwassen,algemeen Nederlands,n/a,headsetmicrofoon,48000
20120315,vrielance,20120315,0.7269192,True,mannelijk,volwassen,algemeen Nederlands,n/a,headsetmicrofoon,48000
20120315,vrielance,20120315,0.8022183,True,mannelijk,volwassen,algemeen Nederlands,n/a,headsetmicrofoon,48000
20120315,vrielance,20120315,0.74266136,True,mannelijk,volwassen,algemeen Nederlands,n/a,headsetmicrofoon,48000
20120315,vrielance,20120315,0.7565956,True,mannelijk,volwassen,algemeen Nederlands,n/a,headsetmicrofoon,48000
20120315,vrielance,20120315,0.82980466,True,mannelijk,volwassen,algemeen Nederlands,n/a,headsetmicrofoon,48000
20120315,vrielance,20120315,0.77226394,True,mannelijk,volwassen,algemeen Nederlands,n/a,headsetmicrofoon,48000
20120315,vrielance,20120315,0.7918868,True,mannelijk,volwassen,algemeen Nederlands,n/a,headsetmicrofoon,48000
20120315,vrielance,20120315,0.5620016,True,mannelijk,volwassen,algemeen Nederlands,n/a,headsetmicrofoon,48000
20120315,vrielance,20120315,0.83617485,True,mannelijk,volwassen,algemeen Nederlands,n/a,headsetmicrofoon,48000
20120315,vrielance,20120315,0.75162077,True,mannelijk,volwassen,algemeen Nederlands,n/a,headsetmicrofoon,48000
20120315,vrielance,20120315,0.7648046,True,mannelijk,volwassen,algemeen Nederlands,n/a,headsetmicrofoon,48000
20120315,vrielance,20120315,0.6514398,True,mannelijk,volwassen,algemeen Nederlands,n/a,headsetmicrofoon,48000
20120315,vrielance,20120315,0.66478455,True,mannelijk,volwassen,algemeen Nederlands,n/a,headsetmicrofoon,48000
20120315,vrielance,20120315,0.7292651,True,mannelijk,volwassen,algemeen Nederlands,n/a,headsetmicrofoon,48000
20120315,vrielance,20120315,0.7083282,True,mannelijk,volwassen,algemeen Nederlands,n/a,headsetmicrofoon,48000
20120315,vrielance,20120315,0.7527284,True,mannelijk,volwassen,algemeen Nederlands,n/a,headsetmicrofoon,48000
20120315,vrielance,20120315,0.7874832,True,mannelijk,volwassen,algemeen Nederlands,n/a,headsetmicrofoon,48000
20120315,vrielance,20120315,0.696378,True,mannelijk,volwassen,algemeen Nederlands,n/a,headsetmicrofoon,48000
20120315,vrielance,20120315,0.7065657,True,mannelijk,volwassen,algemeen Nederlands,n/a,headsetmicrofoon,48000
20120315,vrielance,20120315,0.691779,True,mannelijk,volwassen,algemeen Nederlands,n/a,headsetmicrofoon,48000
20120315,vrielance,20120315,0.7714298,True,mannelijk,volwassen,algemeen Nederlands,n/a,headsetmicrofoon,48000
20120315,vrielance,20120315,0.69949424,True,mannelijk,volwassen,algemeen Nederlands,n/a,headsetmicrofoon,48000
20120315,vrielance,20120315,0.7628941,True,mannelijk,volwassen,algemeen Nederlands,n/a,headsetmicrofoon,48000
20120315,vrielance,20120315,0.75813305,True,mannelijk,volwassen,algemeen Nederlands,n/a,headsetmicrofoon,48000
20120315,vrielance,20120315,0.7705542,True,mannelijk,volwassen,algemeen Nederlands,n/a,headsetmicrofoon,48000
20120315,vrielance,20120315,0.7238773,True,mannelijk,volwassen,algemeen Nederlands,n/a,headsetmicrofoon,48000
20120315,vrielance,20120315,0.7538577,True,mannelijk,volwassen,algemeen Nederlands,n/a,headsetmicrofoon,48000
20151021,Walter,20151021,0.69246966,True,mannelijk,volwassen,algemeen Nederlands,n/a,microfoon in laptop,48000
20120315,vrielance,20120315,0.7219658,True,mannelijk,volwassen,algemeen Nederlands,n/a,headsetmicrofoon,48000
20151021,Walter,20151021,0.8226994,True,mannelijk,volwassen,algemeen Nederlands,n/a,microfoon in laptop,48000
20151021,Walter,20151021,0.8236914,True,mannelijk,volwassen,algemeen Nederlands,n/a,microfoon in laptop,48000
20151021,Walter,20151021,0.66920483,True,mannelijk,volwassen,algemeen Nederlands,n/a,microfoon in laptop,48000
20151021,Walter,20151021,0.7551001,True,mannelijk,volwassen,algemeen Nederlands,n/a,microfoon in laptop,48000
20151021,Walter,20151021,0.74764633,True,mannelijk,volwassen,algemeen Nederlands,n/a,microfoon in laptop,48000
20151021,Walter,20151021,0.75650334,True,mannelijk,volwassen,algemeen Nederlands,n/a,microfoon in laptop,48000
20151021,Walter,20151021,0.72241616,True,mannelijk,volwassen,algemeen Nederlands,n/a,microfoon in laptop,48000
20130325,Willem,20130325,0.5918402,True,mannelijk,volwassen,algemeen Nederlands,n/a,webcam microfoon,48000
20151021,Walter,20151021,0.7869606,True,mannelijk,volwassen,algemeen Nederlands,n/a,microfoon in laptop,48000
20130325,Willem,20130325,0.6174412,True,mannelijk,volwassen,algemeen Nederlands,n/a,webcam microfoon,48000
20130325,Willem,20130325,0.6515319,True,mannelijk,volwassen,algemeen Nederlands,n/a,webcam microfoon,48000
20130325,Willem,20130325,0.70123184,True,mannelijk,volwassen,algemeen Nederlands,n/a,webcam microfoon,48000
20130325,Willem,20130325,0.7299742,True,mannelijk,volwassen,algemeen Nederlands,n/a,webcam microfoon,48000
20130325,Willem,20130325,0.5851414,True,mannelijk,volwassen,algemeen Nederlands,n/a,webcam microfoon,48000
20130325,Willem,20130325,0.56258357,True,mannelijk,volwassen,algemeen Nederlands,n/a,webcam microfoon,48000
20130325,Willem,20130325,0.60188806,True,mannelijk,volwassen,algemeen Nederlands,n/a,webcam microfoon,48000
20130325,Willem,20130325,0.5682925,True,mannelijk,volwassen,algemeen Nederlands,n/a,webcam microfoon,48000
20130325,Willem,20091123,0.40024167,False,mannelijk,volwassen,algemeen Nederlands,n/a,webcam microfoon,48000
20130325,Willem,20130325,0.51684016,True,mannelijk,volwassen,algemeen Nederlands,n/a,webcam microfoon,48000
20130325,Willem,20130325,0.6161271,True,mannelijk,volwassen,algemeen Nederlands,n/a,webcam microfoon,48000
20130325,Willem,20130325,0.62980396,True,mannelijk,volwassen,algemeen Nederlands,n/a,webcam microfoon,48000
20130325,Willem,20120329,0.5111635,False,mannelijk,volwassen,algemeen Nederlands,n/a,webcam microfoon,48000
20130325,Willem,20130325,0.57313555,True,mannelijk,volwassen,algemeen Nederlands,n/a,webcam microfoon,48000
20130325,Willem,20130325,0.5569969,True,mannelijk,volwassen,algemeen Nederlands,n/a,webcam microfoon,48000
20130325,Willem,20130325,0.62125695,True,mannelijk,volwassen,algemeen Nederlands,n/a,webcam microfoon,48000
20130325,Willem,20130325,0.5347215,True,mannelijk,volwassen,algemeen Nederlands,n/a,webcam microfoon,48000
20130325,Willem,20130325,0.45557228,True,mannelijk,volwassen,algemeen Nederlands,n/a,webcam microfoon,48000
20130325,Willem,20130325,0.6414994,True,mannelijk,volwassen,algemeen Nederlands,n/a,webcam microfoon,48000
20130325,Willem,20130325,0.4870165,True,mannelijk,volwassen,algemeen Nederlands,n/a,webcam microfoon,48000
20130325,Willem,20130325,0.6203346,True,mannelijk,volwassen,algemeen Nederlands,n/a,webcam microfoon,48000
20130325,Willem,20130325,0.61391294,True,mannelijk,volwassen,algemeen Nederlands,n/a,webcam microfoon,48000
20130325,Willem,20130325,0.6658064,True,mannelijk,volwassen,algemeen Nederlands,n/a,webcam microfoon,48000
20130325,Willem,20130325,0.57278746,True,mannelijk,volwassen,algemeen Nederlands,n/a,webcam microfoon,48000
20130325,Willem,20130325,0.5616054,True,mannelijk,volwassen,algemeen Nederlands,n/a,webcam microfoon,48000
20130325,Willem,20130325,0.51436853,True,mannelijk,volwassen,algemeen Nederlands,n/a,webcam microfoon,48000
20130325,Willem,20130325,0.64211637,True,mannelijk,volwassen,algemeen Nederlands,n/a,webcam microfoon,48000
20130325,Willem,20130325,0.65882266,True,mannelijk,volwassen,algemeen Nederlands,n/a,webcam microfoon,48000
20130325,Willem,20130325,0.6623604,True,mannelijk,volwassen,algemeen Nederlands,n/a,webcam microfoon,48000
20130325,Willem,20130325,0.4764071,True,mannelijk,volwassen,algemeen Nederlands,n/a,webcam microfoon,48000
20130325,Willem,20130325,0.52865374,True,mannelijk,volwassen,algemeen Nederlands,n/a,webcam microfoon,48000
20130325,Willem,20130325,0.5753914,True,mannelijk,volwassen,algemeen Nederlands,n/a,webcam microfoon,48000
20130325,Willem,20130325,0.47516772,True,mannelijk,volwassen,algemeen Nederlands,n/a,webcam microfoon,48000
20130325,Willem,20130325,0.5016288,True,mannelijk,volwassen,algemeen Nederlands,n/a,webcam microfoon,48000
20130325,Willem,20130325,0.45434785,True,mannelijk,volwassen,algemeen Nederlands,n/a,webcam microfoon,48000
20130325,Willem,20130325,0.7108184,True,mannelijk,volwassen,algemeen Nederlands,n/a,webcam microfoon,48000
20130325,Willem,20130325,0.40868187,True,mannelijk,volwassen,algemeen Nederlands,n/a,webcam microfoon,48000
20130325,Willem,20130325,0.4232701,True,mannelijk,volwassen,algemeen Nederlands,n/a,webcam microfoon,48000
20130326,Willem,20130325,0.63017243,False,mannelijk,volwassen,algemeen Nederlands,n/a,webcam microfoon,48000
20130326,Willem,20130325,0.6323365,False,mannelijk,volwassen,algemeen Nederlands,n/a,webcam microfoon,48000
20130326,Willem,20130325,0.7157246,False,mannelijk,volwassen,algemeen Nederlands,n/a,webcam microfoon,48000
20130326,Willem,20130325,0.6469337,False,mannelijk,volwassen,algemeen Nederlands,n/a,webcam microfoon,48000
20130326,Willem,20130325,0.44734064,False,mannelijk,volwassen,algemeen Nederlands,n/a,webcam microfoon,48000
20130326,Willem,20130325,0.6075262,False,mannelijk,volwassen,algemeen Nederlands,n/a,webcam microfoon,48000
20130326,Willem,20130325,0.66508406,False,mannelijk,volwassen,algemeen Nederlands,n/a,webcam microfoon,48000
20130326,Willem,20130325,0.6030868,False,mannelijk,volwassen,algemeen Nederlands,n/a,webcam microfoon,48000
20130326,Willem,20130325,0.55310315,False,mannelijk,volwassen,algemeen Nederlands,n/a,webcam microfoon,48000
20130326,Willem,20130325,0.53515434,False,mannelijk,volwassen,algemeen Nederlands,n/a,webcam microfoon,48000
20130326,Willem,20130325,0.5407245,False,mannelijk,volwassen,algemeen Nederlands,n/a,webcam microfoon,48000
20130326,Willem,20130325,0.7466872,False,mannelijk,volwassen,algemeen Nederlands,n/a,webcam microfoon,48000
20130326,Willem,20130325,0.59734285,False,mannelijk,volwassen,algemeen Nederlands,n/a,webcam microfoon,48000
20130326,Willem,20130325,0.5170046,False,mannelijk,volwassen,algemeen Nederlands,n/a,webcam microfoon,48000
20130326,Willem,20130325,0.58282447,False,mannelijk,volwassen,algemeen Nederlands,n/a,webcam microfoon,48000
20130326,Willem,20130325,0.6022506,False,mannelijk,volwassen,algemeen Nederlands,n/a,webcam microfoon,48000
20130326,Willem,20130325,0.55920196,False,mannelijk,volwassen,algemeen Nederlands,n/a,webcam microfoon,48000
20130326,Willem,20130325,0.5642822,False,mannelijk,volwassen,algemeen Nederlands,n/a,webcam microfoon,48000
20130326,Willem,20130325,0.45448637,False,mannelijk,volwassen,algemeen Nederlands,n/a,webcam microfoon,48000
20130326,Willem,20130325,0.4497274,False,mannelijk,volwassen,algemeen Nederlands,n/a,webcam microfoon,48000
20130326,Willem,20091123,0.45500344,False,mannelijk,volwassen,algemeen Nederlands,n/a,webcam microfoon,48000
20130326,Willem,20130325,0.5910661,False,mannelijk,volwassen,algemeen Nederlands,n/a,webcam microfoon,48000
20130326,Willem,20090826,0.430543,False,mannelijk,volwassen,algemeen Nederlands,n/a,webcam microfoon,48000
20130326,Willem,20130325,0.5869703,False,mannelijk,volwassen,algemeen Nederlands,n/a,webcam microfoon,48000
20130326,Willem,20130325,0.55248976,False,mannelijk,volwassen,algemeen Nederlands,n/a,webcam microfoon,48000
20130326,Willem,20130325,0.64922273,False,mannelijk,volwassen,algemeen Nederlands,n/a,webcam microfoon,48000
20130326,Willem,20130325,0.55304366,False,mannelijk,volwassen,algemeen Nederlands,n/a,webcam microfoon,48000
20120329,xatr,20120329,0.41093796,True,mannelijk,volwassen,algemeen Nederlands,n/a,webcam microfoon,48000
20130326,Willem,20130325,0.60115254,False,mannelijk,volwassen,algemeen Nederlands,n/a,webcam microfoon,48000
20130326,Willem,20130325,0.563633,False,mannelijk,volwassen,algemeen Nederlands,n/a,webcam microfoon,48000
20120329,xatr,20120329,0.5871621,True,mannelijk,volwassen,algemeen Nederlands,n/a,webcam microfoon,48000
20120329,xatr,20120329,0.51898545,True,mannelijk,volwassen,algemeen Nederlands,n/a,webcam microfoon,48000
20120329,xatr,20120329,0.57619274,True,mannelijk,volwassen,algemeen Nederlands,n/a,webcam microfoon,48000
20120329,xatr,20120329,0.6224321,True,mannelijk,volwassen,algemeen Nederlands,n/a,webcam microfoon,48000
20120329,xatr,20120329,0.58041525,True,mannelijk,volwassen,algemeen Nederlands,n/a,webcam microfoon,48000
20120329,xatr,20120329,0.64910865,True,mannelijk,volwassen,algemeen Nederlands,n/a,webcam microfoon,48000
20120329,xatr,20120329,0.63081384,True,mannelijk,volwassen,algemeen Nederlands,n/a,webcam microfoon,48000
20120329,xatr,20120329,0.6852989,True,mannelijk,volwassen,algemeen Nederlands,n/a,webcam microfoon,48000
20120329,xatr,20120329,0.64397246,True,mannelijk,volwassen,algemeen Nederlands,n/a,webcam microfoon,48000
20120329,xatr,20120329,0.6001967,True,mannelijk,volwassen,algemeen Nederlands,n/a,webcam microfoon,48000
20120329,xatr,20120329,0.6660577,True,mannelijk,volwassen,algemeen Nederlands,n/a,webcam microfoon,48000
20120329,xatr,20120329,0.6387629,True,mannelijk,volwassen,algemeen Nederlands,n/a,webcam microfoon,48000
20120329,xatr,20120329,0.57672423,True,mannelijk,volwassen,algemeen Nederlands,n/a,webcam microfoon,48000
20120329,xatr,20120329,0.5844668,True,mannelijk,volwassen,algemeen Nederlands,n/a,webcam microfoon,48000
20120329,xatr,20120329,0.596169,True,mannelijk,volwassen,algemeen Nederlands,n/a,webcam microfoon,48000
20120329,xatr,20120329,0.64232063,True,mannelijk,volwassen,algemeen Nederlands,n/a,webcam microfoon,48000
20120329,xatr,20120329,0.38801956,True,mannelijk,volwassen,algemeen Nederlands,n/a,webcam microfoon,48000
20120329,xatr,20120329,0.6002943,True,mannelijk,volwassen,algemeen Nederlands,n/a,webcam microfoon,48000
20120329,xatr,20120329,0.5484056,True,mannelijk,volwassen,algemeen Nederlands,n/a,webcam microfoon,48000
20120329,xatr,20120329,0.65483224,True,mannelijk,volwassen,algemeen Nederlands,n/a,webcam microfoon,48000
20120329,xatr,20120329,0.55936074,True,mannelijk,volwassen,algemeen Nederlands,n/a,webcam microfoon,48000
20120329,xatr,20120329,0.6032781,True,mannelijk,volwassen,algemeen Nederlands,n/a,webcam microfoon,48000
20120329,xatr,20120329,0.56350136,True,mannelijk,volwassen,algemeen Nederlands,n/a,webcam microfoon,48000
20120329,xatr,20120329,0.62044775,True,mannelijk,volwassen,algemeen Nederlands,n/a,webcam microfoon,48000
20120329,xatr,20120329,0.6804681,True,mannelijk,volwassen,algemeen Nederlands,n/a,webcam microfoon,48000
20120329,xatr,20120329,0.60646546,True,mannelijk,volwassen,algemeen Nederlands,n/a,webcam microfoon,48000
20120329,xatr,20120329,0.6872576,True,mannelijk,volwassen,algemeen Nederlands,n/a,webcam microfoon,48000
20120329,xatr,20120329,0.6162157,True,mannelijk,volwassen,algemeen Nederlands,n/a,webcam microfoon,48000
20120329,xatr,20120329,0.56407094,True,mannelijk,volwassen,algemeen Nederlands,n/a,webcam microfoon,48000
20120329,xatr,20120329,0.66877925,True,mannelijk,volwassen,algemeen Nederlands,n/a,webcam microfoon,48000
20120329,xatr,20120329,0.55430263,True,mannelijk,volwassen,algemeen Nederlands,n/a,webcam microfoon,48000
20120329,xatr,20120329,0.53950286,True,mannelijk,volwassen,algemeen Nederlands,n/a,webcam microfoon,48000
20120329,xatr,20120329,0.5877416,True,mannelijk,volwassen,algemeen Nederlands,n/a,webcam microfoon,48000
20120329,xatr,20120329,0.6414578,True,mannelijk,volwassen,algemeen Nederlands,n/a,webcam microfoon,48000
20120329,xatr,20170801,0.37212545,False,mannelijk,volwassen,algemeen Nederlands,n/a,webcam microfoon,48000
20120329,xatr,20120329,0.64205277,True,mannelijk,volwassen,algemeen Nederlands,n/a,webcam microfoon,48000
20120329,xatr,20120329,0.69695044,True,mannelijk,volwassen,algemeen Nederlands,n/a,webcam microfoon,48000
20120329,xatr,20120329,0.7079693,True,mannelijk,volwassen,algemeen Nederlands,n/a,webcam microfoon,48000
20120329,xatr,20120329,0.6104306,True,mannelijk,volwassen,algemeen Nederlands,n/a,webcam microfoon,48000
20120329,xatr,20120329,0.62658095,True,mannelijk,volwassen,algemeen Nederlands,n/a,webcam microfoon,48000
20120329,xatr,20120329,0.4143293,True,mannelijk,volwassen,algemeen Nederlands,n/a,webcam microfoon,48000
20120329,xatr,20120329,0.43580073,True,mannelijk,volwassen,algemeen Nederlands,n/a,webcam microfoon,48000
20120329,xatr,20120329,0.5781237,True,mannelijk,volwassen,algemeen Nederlands,n/a,webcam microfoon,48000
20120329,xatr,20120329,0.57081306,True,mannelijk,volwassen,algemeen Nederlands,n/a,webcam microfoon,48000
20120329,xatr,20120329,0.52001315,True,mannelijk,volwassen,algemeen Nederlands,n/a,webcam microfoon,48000
20120329,xatr,20120329,0.72934246,True,mannelijk,volwassen,algemeen Nederlands,n/a,webcam microfoon,48000
20120329,xatr,20120329,0.69193256,True,mannelijk,volwassen,algemeen Nederlands,n/a,webcam microfoon,48000
20120329,xatr,20120329,0.5926764,True,mannelijk,volwassen,algemeen Nederlands,n/a,webcam microfoon,48000
20120329,xatr,20120329,0.62637097,True,mannelijk,volwassen,algemeen Nederlands,n/a,webcam microfoon,48000
20120329,xatr,20120329,0.59663975,True,mannelijk,volwassen,algemeen Nederlands,n/a,webcam microfoon,48000
20120329,xatr,20090412,0.5230969,False,mannelijk,volwassen,algemeen Nederlands,n/a,webcam microfoon,48000
20120329,xatr,20120329,0.7367512,True,mannelijk,volwassen,algemeen Nederlands,n/a,webcam microfoon,48000
20120329,xatr,20120329,0.6379719,True,mannelijk,volwassen,algemeen Nederlands,n/a,webcam microfoon,48000
20120329,xatr,20120329,0.69527936,True,mannelijk,volwassen,algemeen Nederlands,n/a,webcam microfoon,48000
20120329,xatr,20120329,0.6153669,True,mannelijk,volwassen,algemeen Nederlands,n/a,webcam microfoon,48000
20120329,xatr,20120329,0.5398452,True,mannelijk,volwassen,algemeen Nederlands,n/a,webcam microfoon,48000
20120329,xatr,20120329,0.6126503,True,mannelijk,volwassen,algemeen Nederlands,n/a,webcam microfoon,48000
20120329,xatr,20120329,0.6345938,True,mannelijk,volwassen,algemeen Nederlands,n/a,webcam microfoon,48000
20120329,xatr,20120329,0.68922883,True,mannelijk,volwassen,algemeen Nederlands,n/a,webcam microfoon,48000
20120329,xatr,20120329,0.69850916,True,mannelijk,volwassen,algemeen Nederlands,n/a,webcam microfoon,48000
20120329,xatr,20170510,0.48493323,False,mannelijk,volwassen,algemeen Nederlands,n/a,webcam microfoon,48000
20120329,xatr,20120329,0.5533829,True,mannelijk,volwassen,algemeen Nederlands,n/a,webcam microfoon,48000
20120329,xatr,20120329,0.5944982,True,mannelijk,volwassen,algemeen Nederlands,n/a,webcam microfoon,48000
20120329,xatr,20120329,0.5918964,True,mannelijk,volwassen,algemeen Nederlands,n/a,webcam microfoon,48000
20120329,xatr,20120329,0.6584584,True,mannelijk,volwassen,algemeen Nederlands,n/a,webcam microfoon,48000
20120329,xatr,20120329,0.6128269,True,mannelijk,volwassen,algemeen Nederlands,n/a,webcam microfoon,48000
20120329,xatr,20120329,0.5017061,True,mannelijk,volwassen,algemeen Nederlands,n/a,webcam microfoon,48000
20120329,xatr,20120329,0.43233418,True,mannelijk,volwassen,algemeen Nederlands,n/a,webcam microfoon,48000
20120329,xatr,20120329,0.51295066,True,mannelijk,volwassen,algemeen Nederlands,n/a,webcam microfoon,48000
20120329,xatr,20120329,0.55337435,True,mannelijk,volwassen,algemeen Nederlands,n/a,webcam microfoon,48000
20120329,xatr,20120329,0.46210396,True,mannelijk,volwassen,algemeen Nederlands,n/a,webcam microfoon,48000
20120329,xatr,20120329,0.71731716,True,mannelijk,volwassen,algemeen Nederlands,n/a,webcam microfoon,48000
20120329,xatr,20120329,0.56370175,True,mannelijk,volwassen,algemeen Nederlands,n/a,webcam microfoon,48000
20120329,xatr,20120329,0.6427878,True,mannelijk,volwassen,algemeen Nederlands,n/a,webcam microfoon,48000
20120329,xatr,20120329,0.4975232,True,mannelijk,volwassen,algemeen Nederlands,n/a,webcam microfoon,48000
20120329,xatr,20120329,0.549984,True,mannelijk,volwassen,algemeen Nederlands,n/a,webcam microfoon,48000
20120329,xatr,20120329,0.5086962,True,mannelijk,volwassen,algemeen Nederlands,n/a,webcam microfoon,48000
20120329,xatr,20120329,0.5141971,True,mannelijk,volwassen,algemeen Nederlands,n/a,webcam microfoon,48000
04032016,xymedia,04032016,0.7702509,True,[male];,,[algemeen nederlands].,[(inbuilt)];,[dynamic|field recorder];,
04032016,xymedia,04032016,0.706097,True,[male];,,[algemeen nederlands].,[(inbuilt)];,[dynamic|field recorder];,
04032016,xymedia,04032016,0.6823217,True,[male];,,[algemeen nederlands].,[(inbuilt)];,[dynamic|field recorder];,
04032016,xymedia,04032016,0.6940293,True,[male];,,[algemeen nederlands].,[(inbuilt)];,[dynamic|field recorder];,
04032016,xymedia,04032016,0.70111346,True,[male];,,[algemeen nederlands].,[(inbuilt)];,[dynamic|field recorder];,
04032016,xymedia,04032016,0.7572577,True,[male];,,[algemeen nederlands].,[(inbuilt)];,[dynamic|field recorder];,
04032016,xymedia,04032016,0.7603749,True,[male];,,[algemeen nederlands].,[(inbuilt)];,[dynamic|field recorder];,
04032016,xymedia,04032016,0.71584105,True,[male];,,[algemeen nederlands].,[(inbuilt)];,[dynamic|field recorder];,
04032016,xymedia,04032016,0.6512568,True,[male];,,[algemeen nederlands].,[(inbuilt)];,[dynamic|field recorder];,
04032016,xymedia,04032016,0.53314435,True,[male];,,[algemeen nederlands].,[(inbuilt)];,[dynamic|field recorder];,
04032016,xymedia,04032016,0.787629,True,[male];,,[algemeen nederlands].,[(inbuilt)];,[dynamic|field recorder];,
04032016,xymedia,04032016,0.7844712,True,[male];,,[algemeen nederlands].,[(inbuilt)];,[dynamic|field recorder];,
04032016,xymedia,04032016,0.71011984,True,[male];,,[algemeen nederlands].,[(inbuilt)];,[dynamic|field recorder];,
04032016,xymedia,04032016,0.75052327,True,[male];,,[algemeen nederlands].,[(inbuilt)];,[dynamic|field recorder];,
04032016,xymedia,04032016,0.70108575,True,[male];,,[algemeen nederlands].,[(inbuilt)];,[dynamic|field recorder];,
04032016,xymedia,04032016,0.7345972,True,[male];,,[algemeen nederlands].,[(inbuilt)];,[dynamic|field recorder];,
04032016,xymedia,04032016,0.74069923,True,[male];,,[algemeen nederlands].,[(inbuilt)];,[dynamic|field recorder];,
04032016,xymedia,04032016,0.600984,True,[male];,,[algemeen nederlands].,[(inbuilt)];,[dynamic|field recorder];,
04032016,xymedia,04032016,0.7159418,True,[male];,,[algemeen nederlands].,[(inbuilt)];,[dynamic|field recorder];,
04032016,xymedia,04032016,0.68487346,True,[male];,,[algemeen nederlands].,[(inbuilt)];,[dynamic|field recorder];,
04032016,xymedia,04032016,0.6737783,True,[male];,,[algemeen nederlands].,[(inbuilt)];,[dynamic|field recorder];,
04032016,xymedia,04032016,0.6575565,True,[male];,,[algemeen nederlands].,[(inbuilt)];,[dynamic|field recorder];,
04032016,xymedia,04032016,0.68419075,True,[male];,,[algemeen nederlands].,[(inbuilt)];,[dynamic|field recorder];,
04032016,xymedia,04032016,0.76039624,True,[male];,,[algemeen nederlands].,[(inbuilt)];,[dynamic|field recorder];,
04032016,xymedia,04032016,0.76276994,True,[male];,,[algemeen nederlands].,[(inbuilt)];,[dynamic|field recorder];,
04032016,xymedia,04032016,0.6220248,True,[male];,,[algemeen nederlands].,[(inbuilt)];,[dynamic|field recorder];,
04032016,xymedia,04032016,0.74463314,True,[male];,,[algemeen nederlands].,[(inbuilt)];,[dynamic|field recorder];,
04032016,xymedia,04032016,0.6942421,True,[male];,,[algemeen nederlands].,[(inbuilt)];,[dynamic|field recorder];,
04032016,xymedia,04032016,0.72190607,True,[male];,,[algemeen nederlands].,[(inbuilt)];,[dynamic|field recorder];,
04032016,xymedia,04032016,0.60913944,True,[male];,,[algemeen nederlands].,[(inbuilt)];,[dynamic|field recorder];,
04032016,xymedia,04032016,0.7544554,True,[male];,,[algemeen nederlands].,[(inbuilt)];,[dynamic|field recorder];,
04032016,xymedia,04032016,0.71709657,True,[male];,,[algemeen nederlands].,[(inbuilt)];,[dynamic|field recorder];,
04032016,xymedia,04032016,0.76539403,True,[male];,,[algemeen nederlands].,[(inbuilt)];,[dynamic|field recorder];,
04032016,xymedia,04032016,0.6390121,True,[male];,,[algemeen nederlands].,[(inbuilt)];,[dynamic|field recorder];,
04032016,xymedia,04032016,0.754073,True,[male];,,[algemeen nederlands].,[(inbuilt)];,[dynamic|field recorder];,
04032016,xymedia,04032016,0.75359607,True,[male];,,[algemeen nederlands].,[(inbuilt)];,[dynamic|field recorder];,
04032016,xymedia,04032016,0.738273,True,[male];,,[algemeen nederlands].,[(inbuilt)];,[dynamic|field recorder];,
04032016,xymedia,04032016,0.7102411,True,[male];,,[algemeen nederlands].,[(inbuilt)];,[dynamic|field recorder];,
20160304,xymedia,04032016,0.55637133,False,mannelijk,volwassen,algemeen Nederlands,n/a,microfoon in laptop,48000
04032016,xymedia,04032016,0.63467014,True,[male];,,[algemeen nederlands].,[(inbuilt)];,[dynamic|field recorder];,
20160304,xymedia,04032016,0.616,False,mannelijk,volwassen,algemeen Nederlands,n/a,microfoon in laptop,48000
20160304,xymedia,04032016,0.59112346,False,mannelijk,volwassen,algemeen Nederlands,n/a,microfoon in laptop,48000
20160304,xymedia,04032016,0.6610112,False,mannelijk,volwassen,algemeen Nederlands,n/a,microfoon in laptop,48000
20160304,xymedia,04032016,0.6267749,False,mannelijk,volwassen,algemeen Nederlands,n/a,microfoon in laptop,48000
20160304,xymedia,04032016,0.5180606,False,mannelijk,volwassen,algemeen Nederlands,n/a,microfoon in laptop,48000
20160304,xymedia,04032016,0.702638,False,mannelijk,volwassen,algemeen Nederlands,n/a,microfoon in laptop,48000
20160304,xymedia,04032016,0.6625724,False,mannelijk,volwassen,algemeen Nederlands,n/a,microfoon in laptop,48000
20160304,xymedia,04032016,0.55853724,False,mannelijk,volwassen,algemeen Nederlands,n/a,microfoon in laptop,48000
20160304,xymedia,04032016,0.65382147,False,mannelijk,volwassen,algemeen Nederlands,n/a,microfoon in laptop,48000
20160304,xymedia,04032016,0.5854785,False,mannelijk,volwassen,algemeen Nederlands,n/a,microfoon in laptop,48000
20160304,xymedia,04032016,0.6545863,False,mannelijk,volwassen,algemeen Nederlands,n/a,microfoon in laptop,48000
20160304,xymedia,04032016,0.537015,False,mannelijk,volwassen,algemeen Nederlands,n/a,microfoon in laptop,48000
20160304,xymedia,04032016,0.5882678,False,mannelijk,volwassen,algemeen Nederlands,n/a,microfoon in laptop,48000
20160304,xymedia,04032016,0.7015815,False,mannelijk,volwassen,algemeen Nederlands,n/a,microfoon in laptop,48000
20160304,xymedia,04032016,0.6745274,False,mannelijk,volwassen,algemeen Nederlands,n/a,microfoon in laptop,48000
20160304,xymedia,04032016,0.679911,False,mannelijk,volwassen,algemeen Nederlands,n/a,microfoon in laptop,48000
20160304,xymedia,04032016,0.61383545,False,mannelijk,volwassen,algemeen Nederlands,n/a,microfoon in laptop,48000
20160304,xymedia,04032016,0.6544126,False,mannelijk,volwassen,algemeen Nederlands,n/a,microfoon in laptop,48000
20160304,xymedia,04032016,0.6364496,False,mannelijk,volwassen,algemeen Nederlands,n/a,microfoon in laptop,48000
20160304,xymedia,04032016,0.58150387,False,mannelijk,volwassen,algemeen Nederlands,n/a,microfoon in laptop,48000
20160304,xymedia,04032016,0.64474076,False,mannelijk,volwassen,algemeen Nederlands,n/a,microfoon in laptop,48000
20160304,xymedia,04032016,0.6891474,False,mannelijk,volwassen,algemeen Nederlands,n/a,microfoon in laptop,48000
20160304,xymedia,04032016,0.67832696,False,mannelijk,volwassen,algemeen Nederlands,n/a,microfoon in laptop,48000
20160304,xymedia,04032016,0.5379139,False,mannelijk,volwassen,algemeen Nederlands,n/a,microfoon in laptop,48000
20160304,xymedia,04032016,0.5808919,False,mannelijk,volwassen,algemeen Nederlands,n/a,microfoon in laptop,48000
20160304,xymedia,04032016,0.6563344,False,mannelijk,volwassen,algemeen Nederlands,n/a,microfoon in laptop,48000
20160304,xymedia,04032016,0.6990413,False,mannelijk,volwassen,algemeen Nederlands,n/a,microfoon in laptop,48000
20160304,xymedia,04032016,0.6343982,False,mannelijk,volwassen,algemeen Nederlands,n/a,microfoon in laptop,48000
20160304,xymedia,04032016,0.5994702,False,mannelijk,volwassen,algemeen Nederlands,n/a,microfoon in laptop,48000
20160304,xymedia,04032016,0.62482023,False,mannelijk,volwassen,algemeen Nederlands,n/a,microfoon in laptop,48000
20160304,xymedia,20130527,0.5342415,False,mannelijk,volwassen,algemeen Nederlands,n/a,microfoon in laptop,48000
20160304,xymedia,04032016,0.615767,False,mannelijk,volwassen,algemeen Nederlands,n/a,microfoon in laptop,48000
20160304,xymedia,04032016,0.46043304,False,mannelijk,volwassen,algemeen Nederlands,n/a,microfoon in laptop,48000
20160304,xymedia,04032016,0.58643264,False,mannelijk,volwassen,algemeen Nederlands,n/a,microfoon in laptop,48000
20160304,xymedia,04032016,0.6780377,False,mannelijk,volwassen,algemeen Nederlands,n/a,microfoon in laptop,48000
20160304,xymedia,20120930,0.56605303,False,mannelijk,volwassen,algemeen Nederlands,n/a,microfoon in laptop,48000
20160304,xymedia,04032016,0.6153562,False,mannelijk,volwassen,algemeen Nederlands,n/a,microfoon in laptop,48000
20160304,xymedia,04032016,0.5823019,False,mannelijk,volwassen,algemeen Nederlands,n/a,microfoon in laptop,48000
20160304,xymedia,04032016,0.52218056,False,mannelijk,volwassen,algemeen Nederlands,n/a,microfoon in laptop,48000
20160304,xymedia,04032016,0.667832,False,mannelijk,volwassen,algemeen Nederlands,n/a,microfoon in laptop,48000
20160304,xymedia,04032016,0.6515328,False,mannelijk,volwassen,algemeen Nederlands,n/a,microfoon in laptop,48000
20160304,xymedia,20080711,0.43445346,False,mannelijk,volwassen,algemeen Nederlands,n/a,microfoon in laptop,48000
20160304,xymedia,04032016,0.66014975,False,mannelijk,volwassen,algemeen Nederlands,n/a,microfoon in laptop,48000
20160304,xymedia,04032016,0.55309206,False,mannelijk,volwassen,algemeen Nederlands,n/a,microfoon in laptop,48000
20160304,xymedia,04032016,0.60629797,False,mannelijk,volwassen,algemeen Nederlands,n/a,microfoon in laptop,48000
20160304,xymedia,04032016,0.60949874,False,mannelijk,volwassen,algemeen Nederlands,n/a,microfoon in laptop,48000
20160304,xymedia,04032016,0.6283194,False,mannelijk,volwassen,algemeen Nederlands,n/a,microfoon in laptop,48000
20160304,xymedia,04032016,0.52455145,False,mannelijk,volwassen,algemeen Nederlands,n/a,microfoon in laptop,48000
20160304,xymedia,20090617,0.5706872,False,mannelijk,volwassen,algemeen Nederlands,n/a,microfoon in laptop,48000
20160304,xymedia,04032016,0.54533416,False,mannelijk,volwassen,algemeen Nederlands,n/a,microfoon in laptop,48000
20160304,xymedia,04032016,0.5683784,False,mannelijk,volwassen,algemeen Nederlands,n/a,microfoon in laptop,48000
20160304,xymedia,04032016,0.6772605,False,mannelijk,volwassen,algemeen Nederlands,n/a,microfoon in laptop,48000
20160304,xymedia,04032016,0.5008207,False,mannelijk,volwassen,algemeen Nederlands,n/a,microfoon in laptop,48000
20160304,xymedia,04032016,0.6510291,False,mannelijk,volwassen,algemeen Nederlands,n/a,microfoon in laptop,48000
20160304,xymedia,04032016,0.6472361,False,mannelijk,volwassen,algemeen Nederlands,n/a,microfoon in laptop,48000
20160304,xymedia,04032016,0.62037134,False,mannelijk,volwassen,algemeen Nederlands,n/a,microfoon in laptop,48000
20160304,xymedia,04032016,0.5889534,False,mannelijk,volwassen,algemeen Nederlands,n/a,microfoon in laptop,48000
20160304,xymedia,04032016,0.63949186,False,mannelijk,volwassen,algemeen Nederlands,n/a,microfoon in laptop,48000
20160304,xymedia,04032016,0.53735346,False,mannelijk,volwassen,algemeen Nederlands,n/a,microfoon in laptop,48000
20160304,xymedia,04032016,0.6350349,False,mannelijk,volwassen,algemeen Nederlands,n/a,microfoon in laptop,48000
20160304,xymedia,04032016,0.5817243,False,mannelijk,volwassen,algemeen Nederlands,n/a,microfoon in laptop,48000
20160304,xymedia,04032016,0.6404021,False,mannelijk,volwassen,algemeen Nederlands,n/a,microfoon in laptop,48000
20160304,xymedia,04032016,0.604355,False,mannelijk,volwassen,algemeen Nederlands,n/a,microfoon in laptop,48000
20160304,xymedia,04032016,0.6183609,False,mannelijk,volwassen,algemeen Nederlands,n/a,microfoon in laptop,48000
20160304,xymedia,04032016,0.6013416,False,mannelijk,volwassen,algemeen Nederlands,n/a,microfoon in laptop,48000
20160304,xymedia,04032016,0.506879,False,mannelijk,volwassen,algemeen Nederlands,n/a,microfoon in laptop,48000
20160304,xymedia,04032016,0.61812603,False,mannelijk,volwassen,algemeen Nederlands,n/a,microfoon in laptop,48000
20160304,xymedia,04032016,0.6348516,False,mannelijk,volwassen,algemeen Nederlands,n/a,microfoon in laptop,48000
20160304,xymedia,04032016,0.5918834,False,mannelijk,volwassen,algemeen Nederlands,n/a,microfoon in laptop,48000
20160304,xymedia,04032016,0.66272783,False,mannelijk,volwassen,algemeen Nederlands,n/a,microfoon in laptop,48000
20160304,xymedia,04032016,0.51171553,False,mannelijk,volwassen,algemeen Nederlands,n/a,microfoon in laptop,48000
20160304,xymedia,04032016,0.70402193,False,mannelijk,volwassen,algemeen Nederlands,n/a,microfoon in laptop,48000
20160304,xymedia,04032016,0.5472869,False,mannelijk,volwassen,algemeen Nederlands,n/a,microfoon in laptop,48000
20160304,xymedia,04032016,0.7069191,False,mannelijk,volwassen,algemeen Nederlands,n/a,microfoon in laptop,48000
20160304,xymedia,04032016,0.69327563,False,mannelijk,volwassen,algemeen Nederlands,n/a,microfoon in laptop,48000
20160304,xymedia,04032016,0.6489174,False,mannelijk,volwassen,algemeen Nederlands,n/a,microfoon in laptop,48000
20160304,xymedia,04032016,0.583461,False,mannelijk,volwassen,algemeen Nederlands,n/a,microfoon in laptop,48000
20160304,xymedia,04032016,0.5483403,False,mannelijk,volwassen,algemeen Nederlands,n/a,microfoon in laptop,48000
20160304,xymedia,04032016,0.574843,False,mannelijk,volwassen,algemeen Nederlands,n/a,microfoon in laptop,48000
20160304,xymedia,04032016,0.67133296,False,mannelijk,volwassen,algemeen Nederlands,n/a,microfoon in laptop,48000
20160304,xymedia,04032016,0.6172338,False,mannelijk,volwassen,algemeen Nederlands,n/a,microfoon in laptop,48000
20160304,xymedia,04032016,0.62158567,False,mannelijk,volwassen,algemeen Nederlands,n/a,microfoon in laptop,48000
20160304,xymedia,04032016,0.70495856,False,mannelijk,volwassen,algemeen Nederlands,n/a,microfoon in laptop,48000
20160304,xymedia,04032016,0.6863835,False,mannelijk,volwassen,algemeen Nederlands,n/a,microfoon in laptop,48000
20160304,xymedia,04032016,0.60806096,False,mannelijk,volwassen,algemeen Nederlands,n/a,microfoon in laptop,48000
20160304,xymedia,04032016,0.61291456,False,mannelijk,volwassen,algemeen Nederlands,n/a,microfoon in laptop,48000
20160304,xymedia,04032016,0.5912659,False,mannelijk,volwassen,algemeen Nederlands,n/a,microfoon in laptop,48000
20160304,xymedia,04032016,0.5956842,False,mannelijk,volwassen,algemeen Nederlands,n/a,microfoon in laptop,48000
20160304,xymedia,04032016,0.71270084,False,mannelijk,volwassen,algemeen Nederlands,n/a,microfoon in laptop,48000
20160304,xymedia,04032016,0.7167592,False,mannelijk,volwassen,algemeen Nederlands,n/a,microfoon in laptop,48000
20160304,xymedia,04032016,0.7041215,False,mannelijk,volwassen,algemeen Nederlands,n/a,microfoon in laptop,48000
20160304,xymedia,04032016,0.686984,False,mannelijk,volwassen,algemeen Nederlands,n/a,microfoon in laptop,48000
20160304,xymedia,04032016,0.59819317,False,mannelijk,volwassen,algemeen Nederlands,n/a,microfoon in laptop,48000
20160304,xymedia,04032016,0.60272133,False,mannelijk,volwassen,algemeen Nederlands,n/a,microfoon in laptop,48000
20160304,xymedia,04032016,0.6253587,False,mannelijk,volwassen,algemeen Nederlands,n/a,microfoon in laptop,48000
20160304,xymedia,04032016,0.6244644,False,mannelijk,volwassen,algemeen Nederlands,n/a,microfoon in laptop,48000
20160304,xymedia,04032016,0.7031828,False,mannelijk,volwassen,algemeen Nederlands,n/a,microfoon in laptop,48000
20160304,xymedia,04032016,0.6072879,False,mannelijk,volwassen,algemeen Nederlands,n/a,microfoon in laptop,48000
20140228,Yannis,20140228,0.70049655,True,mannelijk,volwassen,algemeen Nederlands,n/a,microfoon in laptop,48000
20140228,Yannis,20140228,0.685397,True,mannelijk,volwassen,algemeen Nederlands,n/a,microfoon in laptop,48000
20140228,Yannis,20140228,0.7234993,True,mannelijk,volwassen,algemeen Nederlands,n/a,microfoon in laptop,48000
20140228,Yannis,20140228,0.8018365,True,mannelijk,volwassen,algemeen Nederlands,n/a,microfoon in laptop,48000
20140228,Yannis,20140228,0.6819761,True,mannelijk,volwassen,algemeen Nederlands,n/a,microfoon in laptop,48000
20140228,Yannis,20140228,0.7649894,True,mannelijk,volwassen,algemeen Nederlands,n/a,microfoon in laptop,48000
20140228,Yannis,20140228,0.66255283,True,mannelijk,volwassen,algemeen Nederlands,n/a,microfoon in laptop,48000
20140228,Yannis,20140228,0.6575906,True,mannelijk,volwassen,algemeen Nederlands,n/a,microfoon in laptop,48000
20140228,Yannis,20140228,0.7497866,True,mannelijk,volwassen,algemeen Nederlands,n/a,microfoon in laptop,48000
20140228,Yannis,20140228,0.7065267,True,mannelijk,volwassen,algemeen Nederlands,n/a,microfoon in laptop,48000
20140228,Yannis,20140228,0.76135004,True,mannelijk,volwassen,algemeen Nederlands,n/a,microfoon in laptop,48000
20140228,Yannis,20140228,0.7653253,True,mannelijk,volwassen,algemeen Nederlands,n/a,microfoon in laptop,48000
20140228,Yannis,20140228,0.7894865,True,mannelijk,volwassen,algemeen Nederlands,n/a,microfoon in laptop,48000
20140228,Yannis,20140228,0.7661375,True,mannelijk,volwassen,algemeen Nederlands,n/a,microfoon in laptop,48000
20140228,Yannis,20140228,0.67155033,True,mannelijk,volwassen,algemeen Nederlands,n/a,microfoon in laptop,48000
20140228,Yannis,20140228,0.790838,True,mannelijk,volwassen,algemeen Nederlands,n/a,microfoon in laptop,48000
20080226,Yoox,20080226,0.6245632,True,vrouwelijk,volwassen,algemeen Nederlands,n/a,headsetmicrofoon,48000
20140228,Yannis,20140228,0.7163862,True,mannelijk,volwassen,algemeen Nederlands,n/a,microfoon in laptop,48000
20140228,Yannis,20140228,0.7649064,True,mannelijk,volwassen,algemeen Nederlands,n/a,microfoon in laptop,48000
20080226,Yoox,20080226,0.65640646,True,vrouwelijk,volwassen,algemeen Nederlands,n/a,headsetmicrofoon,48000
20140228,Yannis,20140228,0.7113243,True,mannelijk,volwassen,algemeen Nederlands,n/a,microfoon in laptop,48000
20080226,Yoox,20080226,0.58636564,True,vrouwelijk,volwassen,algemeen Nederlands,n/a,headsetmicrofoon,48000
20080226,Yoox,20080226,0.684451,True,vrouwelijk,volwassen,algemeen Nederlands,n/a,headsetmicrofoon,48000
20080226,Yoox,20080226,0.74052584,True,vrouwelijk,volwassen,algemeen Nederlands,n/a,headsetmicrofoon,48000
20080226,Yoox,20080226,0.7661191,True,vrouwelijk,volwassen,algemeen Nederlands,n/a,headsetmicrofoon,48000
20080226,Yoox,20080226,0.6005957,True,vrouwelijk,volwassen,algemeen Nederlands,n/a,headsetmicrofoon,48000
20080226,Yoox,20080226,0.65995395,True,vrouwelijk,volwassen,algemeen Nederlands,n/a,headsetmicrofoon,48000
20080226,Yoox,20080226,0.6955838,True,vrouwelijk,volwassen,algemeen Nederlands,n/a,headsetmicrofoon,48000
20081011,zusje,20081011,0.7017097,True,vrouwelijk,volwassen,Noordoostelijk,n/a,headsetmicrofoon,48000
20081011,zusje,20081011,0.640066,True,vrouwelijk,volwassen,Noordoostelijk,n/a,headsetmicrofoon,48000
20081011,zusje,20081011,0.69329,True,vrouwelijk,volwassen,Noordoostelijk,n/a,headsetmicrofoon,48000
20081011,zusje,20081011,0.5693202,True,vrouwelijk,volwassen,Noordoostelijk,n/a,headsetmicrofoon,48000
20081011,zusje,20081011,0.6696457,True,vrouwelijk,volwassen,Noordoostelijk,n/a,headsetmicrofoon,48000
20081011,zusje,20081011,0.7315051,True,vrouwelijk,volwassen,Noordoostelijk,n/a,headsetmicrofoon,48000
20081011,zusje,20081011,0.7276528,True,vrouwelijk,volwassen,Noordoostelijk,n/a,headsetmicrofoon,48000
20081011,zusje,20081011,0.616186,True,vrouwelijk,volwassen,Noordoostelijk,n/a,headsetmicrofoon,48000
20081011,zusje,20081011,0.7324004,True,vrouwelijk,volwassen,Noordoostelijk,n/a,headsetmicrofoon,48000
20081011,zusje,20081011,0.670484,True,vrouwelijk,volwassen,Noordoostelijk,n/a,headsetmicrofoon,48000
20081011,zusje,20081011,0.72923034,True,vrouwelijk,volwassen,Noordoostelijk,n/a,headsetmicrofoon,48000
20081011,zusje,20081011,0.7460934,True,vrouwelijk,volwassen,Noordoostelijk,n/a,headsetmicrofoon,48000
20081011,zusje,20081011,0.6724339,True,vrouwelijk,volwassen,Noordoostelijk,n/a,headsetmicrofoon,48000
20081011,zusje,20081011,0.7162334,True,vrouwelijk,volwassen,Noordoostelijk,n/a,headsetmicrofoon,48000
20081011,zusje,20081011,0.6977265,True,vrouwelijk,volwassen,Noordoostelijk,n/a,headsetmicrofoon,48000
20081011,zusje,20081011,0.59109986,True,vrouwelijk,volwassen,Noordoostelijk,n/a,headsetmicrofoon,48000
20081011,zusje,20081011,0.7001098,True,vrouwelijk,volwassen,Noordoostelijk,n/a,headsetmicrofoon,48000
20081011,zusje,20081011,0.61830866,True,vrouwelijk,volwassen,Noordoostelijk,n/a,headsetmicrofoon,48000
20081011,zusje,20081011,0.65472156,True,vrouwelijk,volwassen,Noordoostelijk,n/a,headsetmicrofoon,48000
20081012,zusje,20081011,0.6624246,False,vrouwelijk,volwassen,Noordoostelijk,n/a,headsetmicrofoon,48000
20081012,zusje,20081011,0.68360823,False,vrouwelijk,volwassen,Noordoostelijk,n/a,headsetmicrofoon,48000
20081012,zusje,20081011,0.5338168,False,vrouwelijk,volwassen,Noordoostelijk,n/a,headsetmicrofoon,48000
20081012,zusje,20081011,0.6546372,False,vrouwelijk,volwassen,Noordoostelijk,n/a,headsetmicrofoon,48000
20081012,zusje,20081011,0.6505717,False,vrouwelijk,volwassen,Noordoostelijk,n/a,headsetmicrofoon,48000
20081012,zusje,20081011,0.6024676,False,vrouwelijk,volwassen,Noordoostelijk,n/a,headsetmicrofoon,48000
20081012,zusje,20081011,0.61143446,False,vrouwelijk,volwassen,Noordoostelijk,n/a,headsetmicrofoon,48000
20081012,zusje,20081011,0.55408734,False,vrouwelijk,volwassen,Noordoostelijk,n/a,headsetmicrofoon,48000
20081012,zusje,20081011,0.6438093,False,vrouwelijk,volwassen,Noordoostelijk,n/a,headsetmicrofoon,48000
20081012,zusje,20081011,0.6995642,False,vrouwelijk,volwassen,Noordoostelijk,n/a,headsetmicrofoon,48000
20081012,zusje,20081011,0.71711147,False,vrouwelijk,volwassen,Noordoostelijk,n/a,headsetmicrofoon,48000
20081012,zusje,20081011,0.6693621,False,vrouwelijk,volwassen,Noordoostelijk,n/a,headsetmicrofoon,48000
20081012,zusje,20081011,0.57198673,False,vrouwelijk,volwassen,Noordoostelijk,n/a,headsetmicrofoon,48000
20081012,zusje,20081011,0.6607448,False,vrouwelijk,volwassen,Noordoostelijk,n/a,headsetmicrofoon,48000
20081012,zusje,20081011,0.7109717,False,vrouwelijk,volwassen,Noordoostelijk,n/a,headsetmicrofoon,48000
20081012,zusje,20081011,0.66509545,False,vrouwelijk,volwassen,Noordoostelijk,n/a,headsetmicrofoon,48000
20081012,zusje,20081011,0.5600441,False,vrouwelijk,volwassen,Noordoostelijk,n/a,headsetmicrofoon,48000
20081012,zusje,20081011,0.6471421,False,vrouwelijk,volwassen,Noordoostelijk,n/a,headsetmicrofoon,48000
20081012,zusje,20081011,0.6002569,False,vrouwelijk,volwassen,Noordoostelijk,n/a,headsetmicrofoon,48000
20081012,zusje,20081011,0.5192412,False,vrouwelijk,volwassen,Noordoostelijk,n/a,headsetmicrofoon,48000
20081012,zusje,20080909,0.56203586,False,vrouwelijk,volwassen,Noordoostelijk,n/a,headsetmicrofoon,48000
20081012,zusje,20081011,0.5277052,False,vrouwelijk,volwassen,Noordoostelijk,n/a,headsetmicrofoon,48000
20081012,zusje,20081011,0.675293,False,vrouwelijk,volwassen,Noordoostelijk,n/a,headsetmicrofoon,48000
20081012,zusje,20081011,0.643789,False,vrouwelijk,volwassen,Noordoostelijk,n/a,headsetmicrofoon,48000
20081012,zusje,20081011,0.5650269,False,vrouwelijk,volwassen,Noordoostelijk,n/a,headsetmicrofoon,48000
20081012,zusje,20081011,0.62423694,False,vrouwelijk,volwassen,Noordoostelijk,n/a,headsetmicrofoon,48000
20081012,zusje,20081011,0.59269804,False,vrouwelijk,volwassen,Noordoostelijk,n/a,headsetmicrofoon,48000
20081012,zusje,20081011,0.599091,False,vrouwelijk,volwassen,Noordoostelijk,n/a,headsetmicrofoon,48000
20081012,zusje,20081011,0.57296044,False,vrouwelijk,volwassen,Noordoostelijk,n/a,headsetmicrofoon,48000
20081012,zusje,20081011,0.5357809,False,vrouwelijk,volwassen,Noordoostelijk,n/a,headsetmicrofoon,48000
20081012,zusje,20081011,0.6690583,False,vrouwelijk,volwassen,Noordoostelijk,n/a,headsetmicrofoon,48000
20081012,zusje,20081011,0.56990504,False,vrouwelijk,volwassen,Noordoostelijk,n/a,headsetmicrofoon,48000
20081012,zusje,20081011,0.66658384,False,vrouwelijk,volwassen,Noordoostelijk,n/a,headsetmicrofoon,48000
20081012,zusje,20081011,0.56372046,False,vrouwelijk,volwassen,Noordoostelijk,n/a,headsetmicrofoon,48000
20081012,zusje,20081011,0.5848899,False,vrouwelijk,volwassen,Noordoostelijk,n/a,headsetmicrofoon,48000
20081012,zusje,20081011,0.55969614,False,vrouwelijk,volwassen,Noordoostelijk,n/a,headsetmicrofoon,48000
20081012,zusje,20081011,0.59633493,False,vrouwelijk,volwassen,Noordoostelijk,n/a,headsetmicrofoon,48000
20081012,zusje,20080302,0.45473063,False,vrouwelijk,volwassen,Noordoostelijk,n/a,headsetmicrofoon,48000
20081012,zusje,20081011,0.5462157,False,vrouwelijk,volwassen,Noordoostelijk,n/a,headsetmicrofoon,48000
20081012,zusje,20081011,0.65030706,False,vrouwelijk,volwassen,Noordoostelijk,n/a,headsetmicrofoon,48000
20081012,zusje,20080909,0.4675809,False,vrouwelijk,volwassen,Noordoostelijk,n/a,headsetmicrofoon,48000
20081012,zusje,20081011,0.59307665,False,vrouwelijk,volwassen,Noordoostelijk,n/a,headsetmicrofoon,48000
20081012,zusje,20081011,0.5284533,False,vrouwelijk,volwassen,Noordoostelijk,n/a,headsetmicrofoon,48000
20081012,zusje,20081011,0.6865474,False,vrouwelijk,volwassen,Noordoostelijk,n/a,headsetmicrofoon,48000
20081012,zusje,20081011,0.71073836,False,vrouwelijk,volwassen,Noordoostelijk,n/a,headsetmicrofoon,48000
20081012,zusje,20081011,0.5606086,False,vrouwelijk,volwassen,Noordoostelijk,n/a,headsetmicrofoon,48000
20081012,zusje,20081011,0.6825416,False,vrouwelijk,volwassen,Noordoostelijk,n/a,headsetmicrofoon,48000
20081012,zusje,20081011,0.59518075,False,vrouwelijk,volwassen,Noordoostelijk,n/a,headsetmicrofoon,48000
20081012,zusje,20081011,0.6784281,False,vrouwelijk,volwassen,Noordoostelijk,n/a,headsetmicrofoon,48000
20140415,zzzax,20140415,0.58671206,True,mannelijk,volwassen,Zuidoostelijk,n/a,Maak een keuze,48000
20140415,zzzax,20140415,0.49508393,True,mannelijk,volwassen,Zuidoostelijk,n/a,Maak een keuze,48000
20140415,zzzax,20140415,0.6447199,True,mannelijk,volwassen,Zuidoostelijk,n/a,Maak een keuze,48000
20140415,zzzax,20140415,0.68445015,True,mannelijk,volwassen,Zuidoostelijk,n/a,Maak een keuze,48000
20140415,zzzax,20140415,0.7046995,True,mannelijk,volwassen,Zuidoostelijk,n/a,Maak een keuze,48000
20140415,zzzax,20140415,0.6817886,True,mannelijk,volwassen,Zuidoostelijk,n/a,Maak een keuze,48000
20140415,zzzax,20140415,0.5237318,True,mannelijk,volwassen,Zuidoostelijk,n/a,Maak een keuze,48000
20140415,zzzax,20140415,0.586977,True,mannelijk,volwassen,Zuidoostelijk,n/a,Maak een keuze,48000
20140415,zzzax,20140415,0.7537089,True,mannelijk,volwassen,Zuidoostelijk,n/a,Maak een keuze,48000
