speaker_id,username,predicted_id,predicted_username,score,correct,gender,age,dialect,micro_make,micro_type,sampling_rate
Alblasco1702,Alblasco1702,20080430,Alblasco1702,0.7040005,True,mannelijk,senior,algemeen Nederlands,n/a,headsetmicrofoon,48000
Alblasco1702,Alblasco1702,20080430,Alblasco1702,0.7329187,True,mannelijk,senior,algemeen Nederlands,n/a,headsetmicrofoon,48000
Alblasco1702,Alblasco1702,20080430,Alblasco1702,0.84570074,True,mannelijk,senior,algemeen Nederlands,n/a,headsetmicrofoon,48000
Alblasco1702,Alblasco1702,20080430,Alblasco1702,0.79074347,True,mannelijk,senior,algemeen Nederlands,n/a,headsetmicrofoon,48000
Alblasco1702,Alblasco1702,20080430,Alblasco1702,0.782989,True,mannelijk,senior,algemeen Nederlands,n/a,headsetmicrofoon,48000
Alblasco1702,Alblasco1702,20080430,Alblasco1702,0.84381974,True,mannelijk,senior,algemeen Nederlands,n/a,headsetmicrofoon,48000
Alblasco1702,Alblasco1702,20080430,Alblasco1702,0.7735673,True,mannelijk,senior,algemeen Nederlands,n/a,headsetmicrofoon,48000
Alblasco1702,Alblasco1702,20080430,Alblasco1702,0.7655157,True,mannelijk,senior,algemeen Nederlands,n/a,headsetmicrofoon,48000
Alblasco1702,Alblasco1702,20080430,Alblasco1702,0.8363675,True,mannelijk,senior,algemeen Nederlands,n/a,headsetmicrofoon,48000
anneke,anneke,20071225,anneke,0.69135684,True,female;,,algemeen Nederlands.,,,
anneke,anneke,20071225,anneke,0.79167265,True,female;,,algemeen Nederlands.,,,
anneke,anneke,20071225,anneke,0.6600722,True,female;,,algemeen Nederlands.,,,
anneke,anneke,20071225,anneke,0.75474817,True,female;,,algemeen Nederlands.,,,
anneke,anneke,20071225,anneke,0.66289866,True,female;,,algemeen Nederlands.,,,
anneke,anneke,20071225,anneke,0.7368666,True,female;,,algemeen Nederlands.,,,
anneke,anneke,20071225,anneke,0.7499749,True,female;,,algemeen Nederlands.,,,
anneke,anneke,20071225,anneke,0.7317879,True,female;,,algemeen Nederlands.,,,
anneke,anneke,20071225,anneke,0.7882088,True,female;,,algemeen Nederlands.,,,
anneke,anneke,20071225,anneke,0.8013323,True,female;,,algemeen Nederlands.,,,
anneke,anneke,20071225,anneke,0.6926041,True,female;,,algemeen Nederlands.,,,
anneke,anneke,20071225,anneke,0.7579975,True,female;,,algemeen Nederlands.,,,
anneke,anneke,20071225,anneke,0.6483562,True,female;,,algemeen Nederlands.,,,
anneke,anneke,20071225,anneke,0.6975573,True,female;,,algemeen Nederlands.,,,
anneke,anneke,20071225,anneke,0.76209915,True,female;,,algemeen Nederlands.,,,
anneke,anneke,20071225,anneke,0.77792776,True,female;,,algemeen Nederlands.,,,
anneke,anneke,20071225,anneke,0.6450444,True,female;,,algemeen Nederlands.,,,
anneke,anneke,20071225,anneke,0.7902051,True,female;,,algemeen Nederlands.,,,
anneke,anneke,20071225,anneke,0.735759,True,female;,,algemeen Nederlands.,,,
anneke,anneke,20071225,anneke,0.7495583,True,female;,,algemeen Nederlands.,,,
anneke,anneke,20071225,anneke,0.67845696,True,female;,,algemeen Nederlands.,,,
anneke,anneke,20071225,anneke,0.7065027,True,female;,,algemeen Nederlands.,,,
anneke,anneke,20071225,anneke,0.7233681,True,female;,,algemeen Nederlands.,,,
anneke,anneke,20071225,anneke,0.7513137,True,female;,,algemeen Nederlands.,,,
anneke,anneke,20071225,anneke,0.77716386,True,female;,,algemeen Nederlands.,,,
anneke,anneke,20071225,anneke,0.6995451,True,female;,,algemeen Nederlands.,,,
anneke,anneke,20071225,anneke,0.7645223,True,female;,,algemeen Nederlands.,,,
anneke,anneke,20071225,anneke,0.7993854,True,female;,,algemeen Nederlands.,,,
20080120,anonymous,20080120,anonymous,0.7591295,True,mannelijk,volwassen,algemeen Nederlands,n/a,headsetmicrofoon,48000
anneke,anneke,20071225,anneke,0.744038,True,female;,,algemeen Nederlands.,,,
anneke,anneke,20071225,anneke,0.78545964,True,female;,,algemeen Nederlands.,,,
20080120,anonymous,20080120,anonymous,0.7464305,True,mannelijk,volwassen,algemeen Nederlands,n/a,headsetmicrofoon,48000
20080120,anonymous,20080120,anonymous,0.64552784,True,mannelijk,volwassen,algemeen Nederlands,n/a,headsetmicrofoon,48000
20080120,anonymous,20080120,erikapekop,0.7020266,True,mannelijk,volwassen,algemeen Nederlands,n/a,headsetmicrofoon,48000
20080120,anonymous,20080120,anonymous,0.6916604,True,mannelijk,volwassen,algemeen Nederlands,n/a,headsetmicrofoon,48000
20080120,anonymous,20080120,anonymous,0.76600564,True,mannelijk,volwassen,algemeen Nederlands,n/a,headsetmicrofoon,48000
20080120,anonymous,20080120,anonymous,0.8127904,True,mannelijk,volwassen,algemeen Nederlands,n/a,headsetmicrofoon,48000
20080120,anonymous,20080120,anonymous,0.73773897,True,mannelijk,volwassen,algemeen Nederlands,n/a,headsetmicrofoon,48000
20080210,anonymous,20080720,voicedonation,0.3585708,False,mannelijk,jeugd,Noordoostelijk,n/a,headsetmicrofoon,48000
20080210,anonymous,20080301,dano,0.39125943,False,mannelijk,jeugd,Noordoostelijk,n/a,headsetmicrofoon,48000
20080120,anonymous,20080120,anonymous,0.7667481,True,mannelijk,volwassen,algemeen Nederlands,n/a,headsetmicrofoon,48000
20080210,anonymous,20080120,anonymous,0.4308561,False,mannelijk,jeugd,Noordoostelijk,n/a,headsetmicrofoon,48000
20080210,anonymous,20080120,anonymous,0.4019856,False,mannelijk,jeugd,Noordoostelijk,n/a,headsetmicrofoon,48000
20080210,anonymous,20080120,anonymous,0.44002816,False,mannelijk,jeugd,Noordoostelijk,n/a,headsetmicrofoon,48000
20080210,anonymous,20080120,anonymous,0.41686654,False,mannelijk,jeugd,Noordoostelijk,n/a,headsetmicrofoon,48000
20080210,anonymous,20080120,anonymous,0.5366173,False,mannelijk,jeugd,Noordoostelijk,n/a,headsetmicrofoon,48000
20080210,anonymous,20080120,anonymous,0.34782457,False,mannelijk,jeugd,Noordoostelijk,n/a,headsetmicrofoon,48000
20080210,anonymous,20120315,vrielance,0.29229683,False,mannelijk,jeugd,Noordoostelijk,n/a,headsetmicrofoon,48000
20080210,anonymous,20080120,anonymous,0.4328156,False,mannelijk,jeugd,Noordoostelijk,n/a,headsetmicrofoon,48000
20080210,anonymous,20111021,bravoman,0.30982217,False,mannelijk,jeugd,Noordoostelijk,n/a,headsetmicrofoon,48000
20080210,anonymous,20080504,linforcer,0.3758785,False,mannelijk,jeugd,Noordoostelijk,n/a,headsetmicrofoon,48000
20080210,anonymous,20080302,JohanLingen,0.37499356,False,mannelijk,jeugd,Noordoostelijk,n/a,headsetmicrofoon,48000
20080210,anonymous,20080606,jan,0.3348161,False,mannelijk,jeugd,Noordoostelijk,n/a,headsetmicrofoon,48000
20080210,anonymous,20080120,anonymous,0.40708244,False,mannelijk,jeugd,Noordoostelijk,n/a,headsetmicrofoon,48000
20080210,anonymous,20080301,dano,0.26953256,False,mannelijk,jeugd,Noordoostelijk,n/a,headsetmicrofoon,48000
20080210,anonymous,20080120,anonymous,0.45226172,False,mannelijk,jeugd,Noordoostelijk,n/a,headsetmicrofoon,48000
20080210,anonymous,20120315,vrielance,0.44444427,False,mannelijk,jeugd,Noordoostelijk,n/a,headsetmicrofoon,48000
20080210,anonymous,20090719,Vrest,0.3918211,False,mannelijk,jeugd,Noordoostelijk,n/a,headsetmicrofoon,48000
20080213,anonymous,20090617,Johan,0.4390036,False,mannelijk,volwassen,algemeen Nederlands,n/a,microfoon in laptop,48000
20080213,anonymous,20080120,anonymous,0.4110561,False,mannelijk,volwassen,algemeen Nederlands,n/a,microfoon in laptop,48000
20080213,anonymous,20081022,JaricFjodorowBelarus,0.46419072,False,mannelijk,volwassen,algemeen Nederlands,n/a,microfoon in laptop,48000
20080213,anonymous,20070823_nl1,robin,0.38847017,False,mannelijk,volwassen,algemeen Nederlands,n/a,microfoon in laptop,48000
20080213,anonymous,20111119,bverhoeff,0.42606527,False,mannelijk,volwassen,algemeen Nederlands,n/a,microfoon in laptop,48000
20080213,anonymous,20070823_nl1,robin,0.4587888,False,mannelijk,volwassen,algemeen Nederlands,n/a,microfoon in laptop,48000
20080213,anonymous,20090322,rickvanderzwet,0.43060142,False,mannelijk,volwassen,algemeen Nederlands,n/a,microfoon in laptop,48000
20080213,anonymous,20070823_nl1,robin,0.4422428,False,mannelijk,volwassen,algemeen Nederlands,n/a,microfoon in laptop,48000
20080213,anonymous,20081022,JaricFjodorowBelarus,0.37169287,False,mannelijk,volwassen,algemeen Nederlands,n/a,microfoon in laptop,48000
20080220,anonymous,20080220,jonascms,0.6539279,True,male,adult,anders,n/a,unknown,48000
20080220,anonymous,20090826,jonas,0.651728,False,male,adult,anders,n/a,unknown,48000
20080220,anonymous,20080220,jonascms,0.5863296,True,male,adult,anders,n/a,unknown,48000
20080220,anonymous,20080220,jonascms,0.62038785,True,male,adult,anders,n/a,unknown,48000
20080220,anonymous,20080220,jonascms,0.62882686,True,male,adult,anders,n/a,unknown,48000
20080220,anonymous,20080220,jonascms,0.46080762,True,male,adult,anders,n/a,unknown,48000
20080220,anonymous,20080220,jonascms,0.6823239,True,male,adult,anders,n/a,unknown,48000
20080220,anonymous,20080220,jonascms,0.6239017,True,male,adult,anders,n/a,unknown,48000
20080220,anonymous,20080220,jonascms,0.56192017,True,male,adult,anders,n/a,unknown,48000
20080220,anonymous,20080220,jonascms,0.4532898,True,male,adult,anders,n/a,unknown,48000
20080220,anonymous,20080220,jonascms,0.60565764,True,male,adult,anders,n/a,unknown,48000
20080220,anonymous,20080220,jonascms,0.58036447,True,male,adult,anders,n/a,unknown,48000
20080220,anonymous,20080220,jonascms,0.6121657,True,male,adult,anders,n/a,unknown,48000
20080220,anonymous,20080220,jonascms,0.5029423,True,male,adult,anders,n/a,unknown,48000
20080220,anonymous,20080220,jonascms,0.58333933,True,male,adult,anders,n/a,unknown,48000
20080220,anonymous,20080220,jonascms,0.6009326,True,male,adult,anders,n/a,unknown,48000
20080301,anonymous,20080301,dano,0.543008,True,male,adult,anders,n/a,unknown,48000
20080220,anonymous,20080220,jonascms,0.6188284,True,male,adult,anders,n/a,unknown,48000
20080301,anonymous,20080301,dano,0.6260203,True,male,adult,anders,n/a,unknown,48000
20080301,anonymous,20080301,dano,0.68177354,True,male,adult,anders,n/a,unknown,48000
20080301,anonymous,20080301,dano,0.64115304,True,male,adult,anders,n/a,unknown,48000
20080301,anonymous,20080301,dano,0.43942386,True,male,adult,anders,n/a,unknown,48000
20080301,anonymous,20080301,dano,0.65071833,True,male,adult,anders,n/a,unknown,48000
20080301,anonymous,20080301,dano,0.6313076,True,male,adult,anders,n/a,unknown,48000
20080301,anonymous,20080301,dano,0.5476563,True,male,adult,anders,n/a,unknown,48000
20080301,anonymous,20080301,dano,0.648429,True,male,adult,anders,n/a,unknown,48000
20080301,anonymous,20080406,flake,0.44231856,False,male,adult,anders,n/a,unknown,48000
20080301,anonymous,20080301,dano,0.5909734,True,male,adult,anders,n/a,unknown,48000
20080301,anonymous,20080301,dano,0.39017862,True,male,adult,anders,n/a,unknown,48000
20080301,anonymous,20080301,dano,0.51294655,True,male,adult,anders,n/a,unknown,48000
20080301,anonymous,20081018,Dano,0.54909396,False,male,adult,anders,n/a,unknown,48000
20080301,anonymous,20080301,dano,0.6588339,True,male,adult,anders,n/a,unknown,48000
20080301,anonymous,20080301,dano,0.673284,True,male,adult,anders,n/a,unknown,48000
20080301,anonymous,20080301,dano,0.6891639,True,male,adult,anders,n/a,unknown,48000
20080301,anonymous,20080301,dano,0.5117699,True,male,adult,anders,n/a,unknown,48000
20080301,anonymous,20080301,dano,0.6703144,True,male,adult,anders,n/a,unknown,48000
20080322,anonymous,20080325,Leontje,0.61641574,False,mannelijk,volwassen,algemeen Nederlands,n/a,bureaumicrofoon,48000
20080322,anonymous,20080325,Leontje,0.5732862,False,mannelijk,volwassen,algemeen Nederlands,n/a,bureaumicrofoon,48000
20080322,anonymous,20080325,Leontje,0.7316474,False,mannelijk,volwassen,algemeen Nederlands,n/a,bureaumicrofoon,48000
20080322,anonymous,20080325,Leontje,0.6561785,False,mannelijk,volwassen,algemeen Nederlands,n/a,bureaumicrofoon,48000
20080322,anonymous,20080325,Leontje,0.709068,False,mannelijk,volwassen,algemeen Nederlands,n/a,bureaumicrofoon,48000
20080322,anonymous,20080325,Leontje,0.61364204,False,mannelijk,volwassen,algemeen Nederlands,n/a,bureaumicrofoon,48000
20080322,anonymous,20080325,Leontje,0.61365384,False,mannelijk,volwassen,algemeen Nederlands,n/a,bureaumicrofoon,48000
20080322,anonymous,20080325,Leontje,0.5837029,False,mannelijk,volwassen,algemeen Nederlands,n/a,bureaumicrofoon,48000
20080322,anonymous,20080325,Leontje,0.5821432,False,mannelijk,volwassen,algemeen Nederlands,n/a,bureaumicrofoon,48000
20080406,anonymous,20080406,flake,0.6474135,True,mannelijk,volwassen,algemeen Nederlands,n/a,headsetmicrofoon (USB),48000
20080406,anonymous,20080406,flake,0.5792044,True,mannelijk,volwassen,algemeen Nederlands,n/a,headsetmicrofoon (USB),48000
20080406,anonymous,20080406,flake,0.5393402,True,mannelijk,volwassen,algemeen Nederlands,n/a,headsetmicrofoon (USB),48000
20080406,anonymous,20080406,flake,0.55756235,True,mannelijk,volwassen,algemeen Nederlands,n/a,headsetmicrofoon (USB),48000
20080406,anonymous,20080406,flake,0.5919781,True,mannelijk,volwassen,algemeen Nederlands,n/a,headsetmicrofoon (USB),48000
20080406,anonymous,20080406,flake,0.64515734,True,mannelijk,volwassen,algemeen Nederlands,n/a,headsetmicrofoon (USB),48000
20080406,anonymous,20080406,flake,0.6372793,True,mannelijk,volwassen,algemeen Nederlands,n/a,headsetmicrofoon (USB),48000
20080406,anonymous,20080406,flake,0.6270683,True,mannelijk,volwassen,algemeen Nederlands,n/a,headsetmicrofoon (USB),48000
20080406,anonymous,20080406,flake,0.6739925,True,mannelijk,volwassen,algemeen Nederlands,n/a,headsetmicrofoon (USB),48000
20080514,anonymous,20090329,Wol,0.41070142,False,vrouwelijk,volwassen,Noordoostelijk,n/a,anders,48000
20080514,anonymous,20091123,Gurbe,0.35559392,False,vrouwelijk,volwassen,Noordoostelijk,n/a,anders,48000
20080514,anonymous,20120315,vrielance,0.42843115,False,vrouwelijk,volwassen,Noordoostelijk,n/a,anders,48000
20080514,anonymous,20130325,Willem,0.40723592,False,vrouwelijk,volwassen,Noordoostelijk,n/a,anders,48000
20080514,anonymous,20130325,Willem,0.38724327,False,vrouwelijk,volwassen,Noordoostelijk,n/a,anders,48000
20080514,anonymous,20130325,Willem,0.50291026,False,vrouwelijk,volwassen,Noordoostelijk,n/a,anders,48000
20080514,anonymous,20170510,kevin,0.39534932,False,vrouwelijk,volwassen,Noordoostelijk,n/a,anders,48000
20080514,anonymous,20160115,tomasf,0.4295762,False,vrouwelijk,volwassen,Noordoostelijk,n/a,anders,48000
20080521,anonymous,20080616,mw,0.6583829,False,vrouwelijk,volwassen,Zuidoostelijk,n/a,headsetmicrofoon,48000
20080514,anonymous,20080406,flake,0.46399775,False,vrouwelijk,volwassen,Noordoostelijk,n/a,anders,48000
20080521,anonymous,20080404,jillis,0.4808667,False,vrouwelijk,volwassen,Zuidoostelijk,n/a,headsetmicrofoon,48000
20080521,anonymous,20080616,mw,0.5114727,False,vrouwelijk,volwassen,Zuidoostelijk,n/a,headsetmicrofoon,48000
20080521,anonymous,20080616,mw,0.58569014,False,vrouwelijk,volwassen,Zuidoostelijk,n/a,headsetmicrofoon,48000
20080521,anonymous,20080616,mw,0.5975201,False,vrouwelijk,volwassen,Zuidoostelijk,n/a,headsetmicrofoon,48000
20080521,anonymous,20080616,mw,0.6533816,False,vrouwelijk,volwassen,Zuidoostelijk,n/a,headsetmicrofoon,48000
20080521,anonymous,20080616,mw,0.49609852,False,vrouwelijk,volwassen,Zuidoostelijk,n/a,headsetmicrofoon,48000
20080521,anonymous,20080616,mw,0.50476635,False,vrouwelijk,volwassen,Zuidoostelijk,n/a,headsetmicrofoon,48000
20080521,anonymous,20080616,mw,0.60711706,False,vrouwelijk,volwassen,Zuidoostelijk,n/a,headsetmicrofoon,48000
20080521,anonymous,20080616,mw,0.54564565,False,vrouwelijk,volwassen,Zuidoostelijk,n/a,headsetmicrofoon,48000
20080521,anonymous,20080616,mw,0.62976956,False,vrouwelijk,volwassen,Zuidoostelijk,n/a,headsetmicrofoon,48000
20080521,anonymous,20080616,mw,0.5636589,False,vrouwelijk,volwassen,Zuidoostelijk,n/a,headsetmicrofoon,48000
20080521,anonymous,20080616,mw,0.57586485,False,vrouwelijk,volwassen,Zuidoostelijk,n/a,headsetmicrofoon,48000
20080521,anonymous,20080616,mw,0.5290159,False,vrouwelijk,volwassen,Zuidoostelijk,n/a,headsetmicrofoon,48000
20080521,anonymous,20080616,mw,0.5184561,False,vrouwelijk,volwassen,Zuidoostelijk,n/a,headsetmicrofoon,48000
20080521,anonymous,20080616,mw,0.51581764,False,vrouwelijk,volwassen,Zuidoostelijk,n/a,headsetmicrofoon,48000
20080521,anonymous,20080616,mw,0.65082264,False,vrouwelijk,volwassen,Zuidoostelijk,n/a,headsetmicrofoon,48000
20080521,anonymous,20080616,mw,0.5204205,False,vrouwelijk,volwassen,Zuidoostelijk,n/a,headsetmicrofoon,48000
20080521,anonymous,20080616,mw,0.6345802,False,vrouwelijk,volwassen,Zuidoostelijk,n/a,headsetmicrofoon,48000
20080521,anonymous,20080404,jillis,0.4734703,False,vrouwelijk,volwassen,Zuidoostelijk,n/a,headsetmicrofoon,48000
20080521,anonymous,20080616,mw,0.6569301,False,vrouwelijk,volwassen,Zuidoostelijk,n/a,headsetmicrofoon,48000
20080521,anonymous,20080616,mw,0.5994731,False,vrouwelijk,volwassen,Zuidoostelijk,n/a,headsetmicrofoon,48000
20080521,anonymous,20080909,floor,0.46774387,False,vrouwelijk,volwassen,Zuidoostelijk,n/a,headsetmicrofoon,48000
20080521,anonymous,20080909,floor,0.58792734,False,vrouwelijk,volwassen,Zuidoostelijk,n/a,headsetmicrofoon,48000
20080521,anonymous,20080616,mw,0.58126026,False,vrouwelijk,volwassen,Zuidoostelijk,n/a,headsetmicrofoon,48000
20080521,anonymous,20080404,jillis,0.4823872,False,vrouwelijk,volwassen,Zuidoostelijk,n/a,headsetmicrofoon,48000
20080521,anonymous,20080616,mw,0.49241275,False,vrouwelijk,volwassen,Zuidoostelijk,n/a,headsetmicrofoon,48000
20080521,anonymous,20080616,mw,0.5567969,False,vrouwelijk,volwassen,Zuidoostelijk,n/a,headsetmicrofoon,48000
20080521,anonymous,20080404,jillis,0.47339126,False,vrouwelijk,volwassen,Zuidoostelijk,n/a,headsetmicrofoon,48000
20080616,anonymous,20080616,mw,0.66547644,True,vrouwelijk,volwassen,algemeen Nederlands,n/a,headsetmicrofoon,48000
20080616,anonymous,20080616,mw,0.6274215,True,vrouwelijk,volwassen,algemeen Nederlands,n/a,headsetmicrofoon,48000
20080616,anonymous,20080616,mw,0.6043726,True,vrouwelijk,volwassen,algemeen Nederlands,n/a,headsetmicrofoon,48000
20080616,anonymous,20080616,mw,0.5206636,True,vrouwelijk,volwassen,algemeen Nederlands,n/a,headsetmicrofoon,48000
20080616,anonymous,20080616,mw,0.5853266,True,vrouwelijk,volwassen,algemeen Nederlands,n/a,headsetmicrofoon,48000
20080616,anonymous,20080616,mw,0.71094424,True,vrouwelijk,volwassen,algemeen Nederlands,n/a,headsetmicrofoon,48000
20080616,anonymous,20080616,mw,0.61052436,True,vrouwelijk,volwassen,algemeen Nederlands,n/a,headsetmicrofoon,48000
20080616,anonymous,20080616,mw,0.4651169,True,vrouwelijk,volwassen,algemeen Nederlands,n/a,headsetmicrofoon,48000
20080616,anonymous,20080616,mw,0.52455735,True,vrouwelijk,volwassen,algemeen Nederlands,n/a,headsetmicrofoon,48000
20080713,anonymous,20120318,siety,0.33895585,False,mannelijk,jeugd,Noordwestelijk,n/a,headsetmicrofoon,48000
20080713,anonymous,20080708,Vistaus,0.2812727,False,mannelijk,jeugd,Noordwestelijk,n/a,headsetmicrofoon,48000
20080713,anonymous,20071225,anneke,0.402278,False,mannelijk,jeugd,Noordwestelijk,n/a,headsetmicrofoon,48000
20080713,anonymous,20080708,Vistaus,0.35380197,False,mannelijk,jeugd,Noordwestelijk,n/a,headsetmicrofoon,48000
20080713,anonymous,20071225,anneke,0.33713204,False,mannelijk,jeugd,Noordwestelijk,n/a,headsetmicrofoon,48000
20080713,anonymous,20120318,siety,0.36202124,False,mannelijk,jeugd,Noordwestelijk,n/a,headsetmicrofoon,48000
20080713,anonymous,20080708,Vistaus,0.3790622,False,mannelijk,jeugd,Noordwestelijk,n/a,headsetmicrofoon,48000
20080716,anonymous,20080301,dano,0.6575198,False,mannelijk,jeugd,Zuidoostelijk,n/a,anders,48000
20080716,anonymous,20081018,Dano,0.562899,False,mannelijk,jeugd,Zuidoostelijk,n/a,anders,48000
20080713,anonymous,20090205,StijnFrima,0.27364212,False,mannelijk,jeugd,Noordwestelijk,n/a,headsetmicrofoon,48000
20080716,anonymous,20080301,dano,0.5725894,False,mannelijk,jeugd,Zuidoostelijk,n/a,anders,48000
20080713,anonymous,20120318,siety,0.3300099,False,mannelijk,jeugd,Noordwestelijk,n/a,headsetmicrofoon,48000
20080716,anonymous,20080301,dano,0.64403474,False,mannelijk,jeugd,Zuidoostelijk,n/a,anders,48000
20080716,anonymous,20080301,dano,0.6310352,False,mannelijk,jeugd,Zuidoostelijk,n/a,anders,48000
20080716,anonymous,20080301,dano,0.6855191,False,mannelijk,jeugd,Zuidoostelijk,n/a,anders,48000
20080716,anonymous,20081018,Dano,0.6921959,False,mannelijk,jeugd,Zuidoostelijk,n/a,anders,48000
20080716,anonymous,20080301,dano,0.6575938,False,mannelijk,jeugd,Zuidoostelijk,n/a,anders,48000
20080804,anonymous,20080301,dano,0.6007894,False,mannelijk,jeugd,Zuidoostelijk,n/a,anders,48000
20080716,anonymous,20080301,dano,0.7075104,False,mannelijk,jeugd,Zuidoostelijk,n/a,anders,48000
20080804,anonymous,20080301,dano,0.59194547,False,mannelijk,jeugd,Zuidoostelijk,n/a,anders,48000
20080804,anonymous,20090617,asda,0.69849145,False,mannelijk,jeugd,Zuidoostelijk,n/a,anders,48000
20080804,anonymous,20080301,dano,0.6073593,False,mannelijk,jeugd,Zuidoostelijk,n/a,anders,48000
20080804,anonymous,20080301,dano,0.63479805,False,mannelijk,jeugd,Zuidoostelijk,n/a,anders,48000
20080804,anonymous,20090617,asda,0.62575924,False,mannelijk,jeugd,Zuidoostelijk,n/a,anders,48000
20080804,anonymous,20080301,dano,0.6494674,False,mannelijk,jeugd,Zuidoostelijk,n/a,anders,48000
20080804,anonymous,20080301,dano,0.56700146,False,mannelijk,jeugd,Zuidoostelijk,n/a,anders,48000
20080804,anonymous,20080301,dano,0.64713675,False,mannelijk,jeugd,Zuidoostelijk,n/a,anders,48000
20080805,anonymous,20090617,asda,0.69658166,False,unknown,unknown,unknown,n/a,unknown,48000
20080805,anonymous,20080301,dano,0.6584137,False,unknown,unknown,unknown,n/a,unknown,48000
20080805,anonymous,20081018,Dano,0.5241984,False,unknown,unknown,unknown,n/a,unknown,48000
20080805,anonymous,20081018,Dano,0.6746515,False,unknown,unknown,unknown,n/a,unknown,48000
20080805,anonymous,20081018,Dano,0.65639746,False,unknown,unknown,unknown,n/a,unknown,48000
20080805,anonymous,20080301,dano,0.6556014,False,unknown,unknown,unknown,n/a,unknown,48000
20080805,anonymous,20081018,Dano,0.27172127,False,unknown,unknown,unknown,n/a,unknown,48000
20080805,anonymous,20080301,dano,0.593457,False,unknown,unknown,unknown,n/a,unknown,48000
20080805,anonymous,20090617,asda,0.5944629,False,unknown,unknown,unknown,n/a,unknown,48000
20080805,anonymous,20080301,dano,0.6680747,False,unknown,unknown,unknown,n/a,unknown,48000
20080805,anonymous,20090617,asda,0.68851614,False,unknown,unknown,unknown,n/a,unknown,48000
20080805,anonymous,20080301,dano,0.6470829,False,unknown,unknown,unknown,n/a,unknown,48000
20080805,anonymous,20090617,asda,0.59295166,False,unknown,unknown,unknown,n/a,unknown,48000
20080805,anonymous,20080301,dano,0.6664964,False,unknown,unknown,unknown,n/a,unknown,48000
20080805,anonymous,20090617,asda,0.6800736,False,unknown,unknown,unknown,n/a,unknown,48000
20080805,anonymous,20090617,asda,0.6334283,False,unknown,unknown,unknown,n/a,unknown,48000
20080805,anonymous,20080301,dano,0.6557307,False,unknown,unknown,unknown,n/a,unknown,48000
20080805,anonymous,20081018,Dano,0.57431376,False,unknown,unknown,unknown,n/a,unknown,48000
20080805,anonymous,20080301,dano,0.5953126,False,unknown,unknown,unknown,n/a,unknown,48000
20080805,anonymous,20081018,Dano,0.62356526,False,unknown,unknown,unknown,n/a,unknown,48000
20080805,anonymous,20090617,asda,0.61818314,False,unknown,unknown,unknown,n/a,unknown,48000
20080805,anonymous,20090617,asda,0.6430789,False,unknown,unknown,unknown,n/a,unknown,48000
20080805,anonymous,20081018,Dano,0.6373521,False,unknown,unknown,unknown,n/a,unknown,48000
20080805,anonymous,20090617,asda,0.6594104,False,unknown,unknown,unknown,n/a,unknown,48000
20080805,anonymous,20080301,dano,0.5023911,False,unknown,unknown,unknown,n/a,unknown,48000
20080805,anonymous,20080301,dano,0.6270321,False,unknown,unknown,unknown,n/a,unknown,48000
20080805,anonymous,20080301,dano,0.59300226,False,unknown,unknown,unknown,n/a,unknown,48000
20080805,anonymous,20081018,Dano,0.64584553,False,unknown,unknown,unknown,n/a,unknown,48000
20080805,anonymous,20081018,Dano,0.7070769,False,unknown,unknown,unknown,n/a,unknown,48000
20080806,anonymous,20081018,Dano,0.5862716,False,unknown,unknown,unknown,n/a,unknown,48000
20080806,anonymous,20081018,Dano,0.65839744,False,unknown,unknown,unknown,n/a,unknown,48000
20080806,anonymous,20080301,dano,0.6152725,False,unknown,unknown,unknown,n/a,unknown,48000
20080806,anonymous,20090617,asda,0.54151726,False,unknown,unknown,unknown,n/a,unknown,48000
20080806,anonymous,20080301,dano,0.63883173,False,unknown,unknown,unknown,n/a,unknown,48000
20080806,anonymous,20080301,dano,0.68314207,False,unknown,unknown,unknown,n/a,unknown,48000
20080806,anonymous,20090617,asda,0.6050537,False,unknown,unknown,unknown,n/a,unknown,48000
20080806,anonymous,20080301,dano,0.53353775,False,unknown,unknown,unknown,n/a,unknown,48000
20080806,anonymous,20080301,dano,0.6802479,False,unknown,unknown,unknown,n/a,unknown,48000
20080821,anonymous,20080708,Vistaus,0.35336453,False,mannelijk,jeugd,algemeen Nederlands,n/a,headsetmicrofoon,48000
20080821,anonymous,20120318,siety,0.3334014,False,mannelijk,jeugd,algemeen Nederlands,n/a,headsetmicrofoon,48000
20080821,anonymous,20080708,Vistaus,0.3667766,False,mannelijk,jeugd,algemeen Nederlands,n/a,headsetmicrofoon,48000
20080821,anonymous,20080708,Vistaus,0.32559454,False,mannelijk,jeugd,algemeen Nederlands,n/a,headsetmicrofoon,48000
20080821,anonymous,20080708,Vistaus,0.32927006,False,mannelijk,jeugd,algemeen Nederlands,n/a,headsetmicrofoon,48000
20080821,anonymous,20080708,Vistaus,0.35136166,False,mannelijk,jeugd,algemeen Nederlands,n/a,headsetmicrofoon,48000
20080821,anonymous,20080708,Vistaus,0.36390352,False,mannelijk,jeugd,algemeen Nederlands,n/a,headsetmicrofoon,48000
20080821,anonymous,20080708,Vistaus,0.31641003,False,mannelijk,jeugd,algemeen Nederlands,n/a,headsetmicrofoon,48000
20080821,anonymous,20080708,Vistaus,0.31132817,False,mannelijk,jeugd,algemeen Nederlands,n/a,headsetmicrofoon,48000
20080821,anonymous,20080708,Vistaus,0.41536462,False,mannelijk,jeugd,algemeen Nederlands,n/a,headsetmicrofoon,48000
20080821,anonymous,20080708,Vistaus,0.38173103,False,mannelijk,jeugd,algemeen Nederlands,n/a,headsetmicrofoon,48000
20080821,anonymous,20080708,Vistaus,0.32207236,False,mannelijk,jeugd,algemeen Nederlands,n/a,headsetmicrofoon,48000
20080821,anonymous,20080326,Hyshinara,0.35783,False,mannelijk,jeugd,algemeen Nederlands,n/a,headsetmicrofoon,48000
20080821,anonymous,20080708,Vistaus,0.34479263,False,mannelijk,jeugd,algemeen Nederlands,n/a,headsetmicrofoon,48000
20080821,anonymous,20080708,Vistaus,0.35413462,False,mannelijk,jeugd,algemeen Nederlands,n/a,headsetmicrofoon,48000
20080821,anonymous,20080708,Vistaus,0.32223502,False,mannelijk,jeugd,algemeen Nederlands,n/a,headsetmicrofoon,48000
20080821,anonymous,20080708,Vistaus,0.41590527,False,mannelijk,jeugd,algemeen Nederlands,n/a,headsetmicrofoon,48000
20080821,anonymous,20120318,siety,0.3527065,False,mannelijk,jeugd,algemeen Nederlands,n/a,headsetmicrofoon,48000
20080821,anonymous,20080708,Vistaus,0.26686096,False,mannelijk,jeugd,algemeen Nederlands,n/a,headsetmicrofoon,48000
20080821,anonymous,20090205,StijnFrima,0.29931855,False,mannelijk,jeugd,algemeen Nederlands,n/a,headsetmicrofoon,48000
20080821,anonymous,20080404,jillis,0.25026715,False,mannelijk,jeugd,algemeen Nederlands,n/a,headsetmicrofoon,48000
20080821,anonymous,20080708,Vistaus,0.45518684,False,mannelijk,jeugd,algemeen Nederlands,n/a,headsetmicrofoon,48000
20080821,anonymous,20080708,Vistaus,0.37099665,False,mannelijk,jeugd,algemeen Nederlands,n/a,headsetmicrofoon,48000
20080821,anonymous,20071225,anneke,0.29847038,False,mannelijk,jeugd,algemeen Nederlands,n/a,headsetmicrofoon,48000
20080821,anonymous,20140212,SvenKortekaas,0.23955142,False,mannelijk,jeugd,algemeen Nederlands,n/a,headsetmicrofoon,48000
20080821,anonymous,20120318,siety,0.32157558,False,mannelijk,jeugd,algemeen Nederlands,n/a,headsetmicrofoon,48000
20080821,anonymous,20080708,Vistaus,0.32369107,False,mannelijk,jeugd,algemeen Nederlands,n/a,headsetmicrofoon,48000
20080821,anonymous,20080708,Vistaus,0.39441085,False,mannelijk,jeugd,algemeen Nederlands,n/a,headsetmicrofoon,48000
20080821,anonymous,20080708,Vistaus,0.38979405,False,mannelijk,jeugd,algemeen Nederlands,n/a,headsetmicrofoon,48000
20080821,anonymous,20080708,Vistaus,0.34378445,False,mannelijk,jeugd,algemeen Nederlands,n/a,headsetmicrofoon,48000
20080821,anonymous,20080708,Vistaus,0.3551255,False,mannelijk,jeugd,algemeen Nederlands,n/a,headsetmicrofoon,48000
20080821,anonymous,20080708,Vistaus,0.35632294,False,mannelijk,jeugd,algemeen Nederlands,n/a,headsetmicrofoon,48000
20080821,anonymous,20080326,Hyshinara,0.28949365,False,mannelijk,jeugd,algemeen Nederlands,n/a,headsetmicrofoon,48000
20080821,anonymous,20080708,Vistaus,0.34223497,False,mannelijk,jeugd,algemeen Nederlands,n/a,headsetmicrofoon,48000
20080821,anonymous,20080708,Vistaus,0.29120785,False,mannelijk,jeugd,algemeen Nederlands,n/a,headsetmicrofoon,48000
20080821,anonymous,20080708,Vistaus,0.34899086,False,mannelijk,jeugd,algemeen Nederlands,n/a,headsetmicrofoon,48000
20080821,anonymous,20080708,Vistaus,0.32375726,False,mannelijk,jeugd,algemeen Nederlands,n/a,headsetmicrofoon,48000
20080821,anonymous,20080708,Vistaus,0.3033561,False,mannelijk,jeugd,algemeen Nederlands,n/a,headsetmicrofoon,48000
20080821,anonymous,20080708,Vistaus,0.41214287,False,mannelijk,jeugd,algemeen Nederlands,n/a,headsetmicrofoon,48000
20080909,anonymous,20080909,floor,0.56858367,True,vrouwelijk,volwassen,algemeen Nederlands,n/a,headsetmicrofoon,48000
20080909,anonymous,20080909,floor,0.70226246,True,vrouwelijk,volwassen,algemeen Nederlands,n/a,headsetmicrofoon,48000
20080909,anonymous,20080909,floor,0.6383216,True,vrouwelijk,volwassen,algemeen Nederlands,n/a,headsetmicrofoon,48000
20080909,anonymous,20080909,floor,0.36835408,True,vrouwelijk,volwassen,algemeen Nederlands,n/a,headsetmicrofoon,48000
20080909,anonymous,20080909,floor,0.6295008,True,vrouwelijk,volwassen,algemeen Nederlands,n/a,headsetmicrofoon,48000
20080909,anonymous,20080909,floor,0.5951046,True,vrouwelijk,volwassen,algemeen Nederlands,n/a,headsetmicrofoon,48000
20080909,anonymous,20080909,floor,0.5776996,True,vrouwelijk,volwassen,algemeen Nederlands,n/a,headsetmicrofoon,48000
20080909,anonymous,20080909,floor,0.5569465,True,vrouwelijk,volwassen,algemeen Nederlands,n/a,headsetmicrofoon,48000
20081008,anonymous,20090423,Gerwin,0.42779887,False,mannelijk,jeugd,Noordelijk-centraal,n/a,unknown,48000
20080909,anonymous,20080909,floor,0.6315876,True,vrouwelijk,volwassen,algemeen Nederlands,n/a,headsetmicrofoon,48000
20081008,anonymous,20090423,Gerwin,0.4077176,False,mannelijk,jeugd,Noordelijk-centraal,n/a,unknown,48000
20081008,anonymous,20090423,Gerwin,0.4128188,False,mannelijk,jeugd,Noordelijk-centraal,n/a,unknown,48000
20081008,anonymous,20090423,Gerwin,0.35924453,False,mannelijk,jeugd,Noordelijk-centraal,n/a,unknown,48000
20081008,anonymous,20090423,Gerwin,0.3730647,False,mannelijk,jeugd,Noordelijk-centraal,n/a,unknown,48000
20081008,anonymous,20090423,Gerwin,0.42601964,False,mannelijk,jeugd,Noordelijk-centraal,n/a,unknown,48000
20081008,anonymous,20111021,bravoman,0.39434832,False,mannelijk,jeugd,Noordelijk-centraal,n/a,unknown,48000
20081008,anonymous,20140415,zzzax,0.35948443,False,mannelijk,jeugd,Noordelijk-centraal,n/a,unknown,48000
20081102,anonymous,20090423,Gerwin,0.33552903,False,mannelijk,volwassen,anders,n/a,microfoon in laptop,48000
20081102,anonymous,20160115,tomasf,0.3545873,False,mannelijk,volwassen,anders,n/a,microfoon in laptop,48000
20081102,anonymous,20090205,StijnFrima,0.4408318,False,mannelijk,volwassen,anders,n/a,microfoon in laptop,48000
20081102,anonymous,20090423,Gerwin,0.33400065,False,mannelijk,volwassen,anders,n/a,microfoon in laptop,48000
20081008,anonymous,20080205,Gandyman,0.39710635,False,mannelijk,jeugd,Noordelijk-centraal,n/a,unknown,48000
20081102,anonymous,20080220,jonascms,0.37965608,False,mannelijk,volwassen,anders,n/a,microfoon in laptop,48000
20081102,anonymous,20080708,Vistaus,0.3275726,False,mannelijk,volwassen,anders,n/a,microfoon in laptop,48000
20081102,anonymous,20090423,Gerwin,0.20807946,False,mannelijk,volwassen,anders,n/a,microfoon in laptop,48000
20081102,anonymous,20080220,jonascms,0.38819212,False,mannelijk,volwassen,anders,n/a,microfoon in laptop,48000
20081102,anonymous,20160115,tomasf,0.37316674,False,mannelijk,volwassen,anders,n/a,microfoon in laptop,48000
20081110,anonymous,20160115,tomasf,0.38352558,False,mannelijk,volwassen,algemeen Nederlands,n/a,headsetmicrofoon,48000
20081110,anonymous,20160115,tomasf,0.4375321,False,mannelijk,volwassen,algemeen Nederlands,n/a,headsetmicrofoon,48000
20081110,anonymous,20080406,flake,0.41525158,False,mannelijk,volwassen,algemeen Nederlands,n/a,headsetmicrofoon,48000
20081110,anonymous,20080220,jonascms,0.47792506,False,mannelijk,volwassen,algemeen Nederlands,n/a,headsetmicrofoon,48000
20081110,anonymous,20080406,flake,0.45669657,False,mannelijk,volwassen,algemeen Nederlands,n/a,headsetmicrofoon,48000
20081110,anonymous,20160115,tomasf,0.38216993,False,mannelijk,volwassen,algemeen Nederlands,n/a,headsetmicrofoon,48000
20081110,anonymous,20080326,Ronin,0.41516364,False,mannelijk,volwassen,algemeen Nederlands,n/a,headsetmicrofoon,48000
20081110,anonymous,20081018,Dano,0.38878733,False,mannelijk,volwassen,algemeen Nederlands,n/a,headsetmicrofoon,48000
20081110,anonymous,20131120,HOIHOIsuperdatjulliehiermeebezigzijn,0.40638137,False,mannelijk,volwassen,algemeen Nederlands,n/a,headsetmicrofoon,48000
20081111,anonymous,20080414,boergait,0.39224324,False,mannelijk,volwassen,algemeen Nederlands,n/a,headsetmicrofoon,48000
20081111,anonymous,20160115,tomasf,0.4707886,False,mannelijk,volwassen,algemeen Nederlands,n/a,headsetmicrofoon,48000
20081111,anonymous,20080406,flake,0.46183357,False,mannelijk,volwassen,algemeen Nederlands,n/a,headsetmicrofoon,48000
20081111,anonymous,20080326,Ronin,0.30993566,False,mannelijk,volwassen,algemeen Nederlands,n/a,headsetmicrofoon,48000
20081111,anonymous,20080326,Ronin,0.49486756,False,mannelijk,volwassen,algemeen Nederlands,n/a,headsetmicrofoon,48000
20081111,anonymous,20080220,jonascms,0.3997612,False,mannelijk,volwassen,algemeen Nederlands,n/a,headsetmicrofoon,48000
20081111,anonymous,20130527,Pattattezak,0.32963902,False,mannelijk,volwassen,algemeen Nederlands,n/a,headsetmicrofoon,48000
20081111,anonymous,20080220,jonascms,0.3778807,False,mannelijk,volwassen,algemeen Nederlands,n/a,headsetmicrofoon,48000
20081111,anonymous,20160115,tomasf,0.48805475,False,mannelijk,volwassen,algemeen Nederlands,n/a,headsetmicrofoon,48000
20081111,anonymous,20090125,jeroen,0.41402733,False,mannelijk,volwassen,algemeen Nederlands,n/a,headsetmicrofoon,48000
20081111,anonymous,20080205,dekeijzer,0.30445963,False,mannelijk,volwassen,algemeen Nederlands,n/a,headsetmicrofoon,48000
20081111,anonymous,20080406,flake,0.36723548,False,mannelijk,volwassen,algemeen Nederlands,n/a,headsetmicrofoon,48000
20081111,anonymous,20080326,Ronin,0.34209174,False,mannelijk,volwassen,algemeen Nederlands,n/a,headsetmicrofoon,48000
20081111,anonymous,20080326,Ronin,0.3734607,False,mannelijk,volwassen,algemeen Nederlands,n/a,headsetmicrofoon,48000
20081111,anonymous,20110422,bakeds,0.3472786,False,mannelijk,volwassen,algemeen Nederlands,n/a,headsetmicrofoon,48000
20081111,anonymous,20120930,Pleytos,0.34455478,False,mannelijk,volwassen,algemeen Nederlands,n/a,headsetmicrofoon,48000
20081111,anonymous,20080326,Ronin,0.3027584,False,mannelijk,volwassen,algemeen Nederlands,n/a,headsetmicrofoon,48000
20081111,anonymous,20080711,Robin,0.3751529,False,mannelijk,volwassen,algemeen Nederlands,n/a,headsetmicrofoon,48000
20081111,anonymous,20080326,Ronin,0.34887353,False,mannelijk,volwassen,algemeen Nederlands,n/a,headsetmicrofoon,48000
20090108,anonymous,20090108,peterbeter,0.73433304,True,male,adult,unknown,n/a,unknown,48000
20090108,anonymous,20090108,peterbeter,0.69389945,True,male,adult,unknown,n/a,unknown,48000
20090108,anonymous,20090108,peterbeter,0.567218,True,male,adult,unknown,n/a,unknown,48000
20090108,anonymous,20090108,peterbeter,0.72664857,True,male,adult,unknown,n/a,unknown,48000
20090108,anonymous,20090108,peterbeter,0.76171833,True,male,adult,unknown,n/a,unknown,48000
20090108,anonymous,20090108,peterbeter,0.75120336,True,male,adult,unknown,n/a,unknown,48000
20090108,anonymous,20090108,peterbeter,0.72170186,True,male,adult,unknown,n/a,unknown,48000
20090203,anonymous,20120318,siety,0.32046795,False,mannelijk,jeugd,algemeen Nederlands,n/a,headsetmicrofoon,48000
20090108,anonymous,20090108,peterbeter,0.7186104,True,male,adult,unknown,n/a,unknown,48000
20090203,anonymous,20080909,floor,0.392968,False,mannelijk,jeugd,algemeen Nederlands,n/a,headsetmicrofoon,48000
20090203,anonymous,20080404,jillis,0.29331714,False,mannelijk,jeugd,algemeen Nederlands,n/a,headsetmicrofoon,48000
20090108,anonymous,20090108,peterbeter,0.7275115,True,male,adult,unknown,n/a,unknown,48000
20090203,anonymous,20080404,jillis,0.4415775,False,mannelijk,jeugd,algemeen Nederlands,n/a,headsetmicrofoon,48000
20090203,anonymous,20080404,jillis,0.35221326,False,mannelijk,jeugd,algemeen Nederlands,n/a,headsetmicrofoon,48000
20090203,anonymous,20080302,ruth,0.38171637,False,mannelijk,jeugd,algemeen Nederlands,n/a,headsetmicrofoon,48000
20090203,anonymous,20080302,ruth,0.3472115,False,mannelijk,jeugd,algemeen Nederlands,n/a,headsetmicrofoon,48000
20090203,anonymous,20080404,jillis,0.47206742,False,mannelijk,jeugd,algemeen Nederlands,n/a,headsetmicrofoon,48000
20090203,anonymous,20080909,floor,0.4755335,False,mannelijk,jeugd,algemeen Nederlands,n/a,headsetmicrofoon,48000
20090206,anonymous,20080302,ruth,0.5003897,False,mannelijk,jeugd,anders,n/a,microfoon in laptop,48000
20090206,anonymous,20080404,jillis,0.45777264,False,mannelijk,jeugd,anders,n/a,microfoon in laptop,48000
20090206,anonymous,20080909,floor,0.42784268,False,mannelijk,jeugd,anders,n/a,microfoon in laptop,48000
20090206,anonymous,20080302,ruth,0.50048304,False,mannelijk,jeugd,anders,n/a,microfoon in laptop,48000
20090206,anonymous,20080616,mw,0.4721804,False,mannelijk,jeugd,anders,n/a,microfoon in laptop,48000
20090206,anonymous,20081011,zusje,0.4021505,False,mannelijk,jeugd,anders,n/a,microfoon in laptop,48000
20090206,anonymous,20080909,floor,0.4434634,False,mannelijk,jeugd,anders,n/a,microfoon in laptop,48000
20090206,anonymous,20080302,ruth,0.5137172,False,mannelijk,jeugd,anders,n/a,microfoon in laptop,48000
20090206,anonymous,20080302,ruth,0.41363588,False,mannelijk,jeugd,anders,n/a,microfoon in laptop,48000
20090224,anonymous,20080301,dano,0.2942745,False,mannelijk,volwassen,Noordelijk-centraal,n/a,microfoon in laptop,48000
20090224,anonymous,20170801,darend,0.35034987,False,mannelijk,volwassen,Noordelijk-centraal,n/a,microfoon in laptop,48000
20090224,anonymous,20080301,dano,0.39129692,False,mannelijk,volwassen,Noordelijk-centraal,n/a,microfoon in laptop,48000
20090224,anonymous,20090108,peterbeter,0.39287865,False,mannelijk,volwassen,Noordelijk-centraal,n/a,microfoon in laptop,48000
20090224,anonymous,20080301,dano,0.39198214,False,mannelijk,volwassen,Noordelijk-centraal,n/a,microfoon in laptop,48000
20090224,anonymous,20160115,tomasf,0.38002688,False,mannelijk,volwassen,Noordelijk-centraal,n/a,microfoon in laptop,48000
20090224,anonymous,20090108,peterbeter,0.29723194,False,mannelijk,volwassen,Noordelijk-centraal,n/a,microfoon in laptop,48000
20090224,anonymous,20110422,bakeds,0.31244844,False,mannelijk,volwassen,Noordelijk-centraal,n/a,microfoon in laptop,48000
20090224,anonymous,20080301,dano,0.36520648,False,mannelijk,volwassen,Noordelijk-centraal,n/a,microfoon in laptop,48000
20090326,anonymous,20141218,Harm,0.54972625,False,mannelijk,volwassen,Zuidoostelijk,n/a,bureaumicrofoon,48000
20090326,anonymous,20111119,bverhoeff,0.4682197,False,mannelijk,volwassen,Zuidoostelijk,n/a,bureaumicrofoon,48000
20090326,anonymous,20141218,Harm,0.40024084,False,mannelijk,volwassen,Zuidoostelijk,n/a,bureaumicrofoon,48000
20090326,anonymous,20081128,Hansje1980,0.4712811,False,mannelijk,volwassen,Zuidoostelijk,n/a,bureaumicrofoon,48000
20090326,anonymous,20090617,Johan,0.49619105,False,mannelijk,volwassen,Zuidoostelijk,n/a,bureaumicrofoon,48000
20090326,anonymous,20141218,Harm,0.44725257,False,mannelijk,volwassen,Zuidoostelijk,n/a,bureaumicrofoon,48000
20090326,anonymous,20111119,bverhoeff,0.52918756,False,mannelijk,volwassen,Zuidoostelijk,n/a,bureaumicrofoon,48000
20090326,anonymous,20090617,Johan,0.47618663,False,mannelijk,volwassen,Zuidoostelijk,n/a,bureaumicrofoon,48000
20090326,anonymous,20141218,Harm,0.5123876,False,mannelijk,volwassen,Zuidoostelijk,n/a,bureaumicrofoon,48000
20090401,anonymous,20070823_nl1,robin,0.5381645,False,mannelijk,volwassen,Zuidwestelijk,n/a,headsetmicrofoon (USB),48000
20090401,anonymous,20120930,Pleytos,0.43247196,False,mannelijk,volwassen,Zuidwestelijk,n/a,headsetmicrofoon (USB),48000
20090401,anonymous,20120930,Pleytos,0.48119602,False,mannelijk,volwassen,Zuidwestelijk,n/a,headsetmicrofoon (USB),48000
20090401,anonymous,20120315,vrielance,0.42941082,False,mannelijk,volwassen,Zuidwestelijk,n/a,headsetmicrofoon (USB),48000
20090401,anonymous,20070823_nl1,robin,0.44861227,False,mannelijk,volwassen,Zuidwestelijk,n/a,headsetmicrofoon (USB),48000
20090401,anonymous,20120930,Pleytos,0.31599557,False,mannelijk,volwassen,Zuidwestelijk,n/a,headsetmicrofoon (USB),48000
20090401,anonymous,20080912,fvdbeek,0.44483817,False,mannelijk,volwassen,Zuidwestelijk,n/a,headsetmicrofoon (USB),48000
20090401,anonymous,20080912,fvdbeek,0.48082912,False,mannelijk,volwassen,Zuidwestelijk,n/a,headsetmicrofoon (USB),48000
20090509,anonymous,20080616,mw,0.31566507,False,vrouwelijk,jeugd,Zuidwestelijk,n/a,webcam microfoon,48000
20090401,anonymous,20110311,GJSUU,0.44083345,False,mannelijk,volwassen,Zuidwestelijk,n/a,headsetmicrofoon (USB),48000
20090509,anonymous,20080226,Yoox,0.26576477,False,vrouwelijk,jeugd,Zuidwestelijk,n/a,webcam microfoon,48000
20090509,anonymous,20080226,Yoox,0.31787705,False,vrouwelijk,jeugd,Zuidwestelijk,n/a,webcam microfoon,48000
20090509,anonymous,20080326,Ronin,0.24462734,False,vrouwelijk,jeugd,Zuidwestelijk,n/a,webcam microfoon,48000
20090509,anonymous,20090629,Sjiel1,0.2923864,False,vrouwelijk,jeugd,Zuidwestelijk,n/a,webcam microfoon,48000
20090509,anonymous,20080302,ruth,0.33299923,False,vrouwelijk,jeugd,Zuidwestelijk,n/a,webcam microfoon,48000
20090509,anonymous,20080226,Yoox,0.37091857,False,vrouwelijk,jeugd,Zuidwestelijk,n/a,webcam microfoon,48000
20090509,anonymous,20080708,Vistaus,0.2947479,False,vrouwelijk,jeugd,Zuidwestelijk,n/a,webcam microfoon,48000
20090509,anonymous,20081011,zusje,0.26646057,False,vrouwelijk,jeugd,Zuidwestelijk,n/a,webcam microfoon,48000
20090512,anonymous,20080909,floor,0.4995734,False,mannelijk,jeugd,algemeen Nederlands,n/a,headsetmicrofoon (USB),48000
20090512,anonymous,20080909,floor,0.32219508,False,mannelijk,jeugd,algemeen Nederlands,n/a,headsetmicrofoon (USB),48000
20090512,anonymous,20080909,floor,0.52056026,False,mannelijk,jeugd,algemeen Nederlands,n/a,headsetmicrofoon (USB),48000
20090512,anonymous,20080909,floor,0.5420089,False,mannelijk,jeugd,algemeen Nederlands,n/a,headsetmicrofoon (USB),48000
20090512,anonymous,20080909,floor,0.4529152,False,mannelijk,jeugd,algemeen Nederlands,n/a,headsetmicrofoon (USB),48000
20090512,anonymous,20080909,floor,0.48544157,False,mannelijk,jeugd,algemeen Nederlands,n/a,headsetmicrofoon (USB),48000
20090512,anonymous,20080909,floor,0.4714977,False,mannelijk,jeugd,algemeen Nederlands,n/a,headsetmicrofoon (USB),48000
20090512,anonymous,20080909,floor,0.40185004,False,mannelijk,jeugd,algemeen Nederlands,n/a,headsetmicrofoon (USB),48000
20090512,anonymous,20080909,floor,0.51186705,False,mannelijk,jeugd,algemeen Nederlands,n/a,headsetmicrofoon (USB),48000
20090813,anonymous,20090813,Mivalo,0.6459977,True,mannelijk,volwassen,algemeen Nederlands,n/a,studiomicrofoon,48000
20090813,anonymous,20090813,Mivalo,0.69657063,True,mannelijk,volwassen,algemeen Nederlands,n/a,studiomicrofoon,48000
20090813,anonymous,20090813,Mivalo,0.6600102,True,mannelijk,volwassen,algemeen Nederlands,n/a,studiomicrofoon,48000
20090813,anonymous,20090813,Mivalo,0.5923692,True,mannelijk,volwassen,algemeen Nederlands,n/a,studiomicrofoon,48000
20090813,anonymous,20090813,Mivalo,0.70222056,True,mannelijk,volwassen,algemeen Nederlands,n/a,studiomicrofoon,48000
20090813,anonymous,20090813,Mivalo,0.665611,True,mannelijk,volwassen,algemeen Nederlands,n/a,studiomicrofoon,48000
20090813,anonymous,20090813,Mivalo,0.5940425,True,mannelijk,volwassen,algemeen Nederlands,n/a,studiomicrofoon,48000
20090813,anonymous,20090813,Mivalo,0.5798461,True,mannelijk,volwassen,algemeen Nederlands,n/a,studiomicrofoon,48000
20090813,anonymous,20090813,Mivalo,0.68867576,True,mannelijk,volwassen,algemeen Nederlands,n/a,studiomicrofoon,48000
20090826,anonymous,20090826,jonas,0.5622103,True,mannelijk,jeugd,algemeen Nederlands,n/a,bureaumicrofoon,48000
20090826,anonymous,20090826,jonas,0.6540344,True,mannelijk,jeugd,algemeen Nederlands,n/a,bureaumicrofoon,48000
20090826,anonymous,20090826,jonas,0.59052587,True,mannelijk,jeugd,algemeen Nederlands,n/a,bureaumicrofoon,48000
20090826,anonymous,20090826,jonas,0.56863815,True,mannelijk,jeugd,algemeen Nederlands,n/a,bureaumicrofoon,48000
20090826,anonymous,20090826,jonas,0.7048898,True,mannelijk,jeugd,algemeen Nederlands,n/a,bureaumicrofoon,48000
20090826,anonymous,20090826,jonas,0.5766032,True,mannelijk,jeugd,algemeen Nederlands,n/a,bureaumicrofoon,48000
20090826,anonymous,20080220,jonascms,0.51165694,False,mannelijk,jeugd,algemeen Nederlands,n/a,bureaumicrofoon,48000
20090826,anonymous,20090826,jonas,0.65968233,True,mannelijk,jeugd,algemeen Nederlands,n/a,bureaumicrofoon,48000
20090826,anonymous,20090826,jonas,0.68410337,True,mannelijk,jeugd,algemeen Nederlands,n/a,bureaumicrofoon,48000
20091001,anonymous,20080220,jonascms,0.44984797,False,mannelijk,jeugd,Noordoostelijk,n/a,headsetmicrofoon,48000
20091001,anonymous,20170801,darend,0.5483665,False,mannelijk,jeugd,Noordoostelijk,n/a,headsetmicrofoon,48000
20091001,anonymous,20090412,john332,0.462891,False,mannelijk,jeugd,Noordoostelijk,n/a,headsetmicrofoon,48000
20091001,anonymous,20080325,Leontje,0.4128263,False,mannelijk,jeugd,Noordoostelijk,n/a,headsetmicrofoon,48000
20091001,anonymous,20151021,Walter,0.49183995,False,mannelijk,jeugd,Noordoostelijk,n/a,headsetmicrofoon,48000
20091001,anonymous,20120329,xatr,0.5078089,False,mannelijk,jeugd,Noordoostelijk,n/a,headsetmicrofoon,48000
20091001,anonymous,20120930,Pleytos,0.4756864,False,mannelijk,jeugd,Noordoostelijk,n/a,headsetmicrofoon,48000
20091001,anonymous,20090412,john332,0.41994864,False,mannelijk,jeugd,Noordoostelijk,n/a,headsetmicrofoon,48000
20091018,anonymous,20091018,Duckie,0.6524165,True,male,adult,anders,n/a,unknown,48000
20091001,anonymous,20091123,Gurbe,0.41242334,False,mannelijk,jeugd,Noordoostelijk,n/a,headsetmicrofoon,48000
20091018,anonymous,20091018,Duckie,0.73590165,True,male,adult,anders,n/a,unknown,48000
20091018,anonymous,20091018,Duckie,0.64841187,True,male,adult,anders,n/a,unknown,48000
20091018,anonymous,20091018,Duckie,0.73018557,True,male,adult,anders,n/a,unknown,48000
20091018,anonymous,20091018,Duckie,0.6949998,True,male,adult,anders,n/a,unknown,48000
20091018,anonymous,20091018,Duckie,0.7836757,True,male,adult,anders,n/a,unknown,48000
20091018,anonymous,20091018,Duckie,0.5975776,True,male,adult,anders,n/a,unknown,48000
20091018,anonymous,20091018,Duckie,0.7000069,True,male,adult,anders,n/a,unknown,48000
20091018,anonymous,20091018,Duckie,0.665099,True,male,adult,anders,n/a,unknown,48000
20091018,anonymous,20091018,Duckie,0.7078624,True,male,adult,anders,n/a,unknown,48000
20091018,anonymous,20091018,Duckie,0.6823861,True,male,adult,anders,n/a,unknown,48000
20091018,anonymous,20091018,Duckie,0.64247394,True,male,adult,anders,n/a,unknown,48000
20091018,anonymous,20091018,Duckie,0.6925227,True,male,adult,anders,n/a,unknown,48000
20091018,anonymous,20091018,Duckie,0.7384889,True,male,adult,anders,n/a,unknown,48000
20091018,anonymous,20091018,Duckie,0.7215789,True,male,adult,anders,n/a,unknown,48000
20091018,anonymous,20091018,Duckie,0.63590586,True,male,adult,anders,n/a,unknown,48000
20091018,anonymous,20091018,Duckie,0.6204074,True,male,adult,anders,n/a,unknown,48000
20091018,anonymous,20091018,Duckie,0.6902064,True,male,adult,anders,n/a,unknown,48000
20091109,anonymous,20090719,Vrest,0.36313543,False,mannelijk,volwassen,algemeen Nederlands,n/a,headsetmicrofoon,48000
20091109,anonymous,20080504,linforcer,0.4324764,False,mannelijk,volwassen,algemeen Nederlands,n/a,headsetmicrofoon,48000
20091109,anonymous,20130619,gosiemople,0.4297243,False,mannelijk,volwassen,algemeen Nederlands,n/a,headsetmicrofoon,48000
20091018,anonymous,20091018,Duckie,0.7159271,True,male,adult,anders,n/a,unknown,48000
20091109,anonymous,20150731,Eelco,0.38115257,False,mannelijk,volwassen,algemeen Nederlands,n/a,headsetmicrofoon,48000
20091109,anonymous,20080504,linforcer,0.4039268,False,mannelijk,volwassen,algemeen Nederlands,n/a,headsetmicrofoon,48000
20091109,anonymous,20080120,erikapekop,0.3397627,False,mannelijk,volwassen,algemeen Nederlands,n/a,headsetmicrofoon,48000
20091109,anonymous,20080504,linforcer,0.45211974,False,mannelijk,volwassen,algemeen Nederlands,n/a,headsetmicrofoon,48000
20091109,anonymous,20130619,gosiemople,0.4244901,False,mannelijk,volwassen,algemeen Nederlands,n/a,headsetmicrofoon,48000
20091109,anonymous,20091018,Duckie,0.41786534,False,mannelijk,volwassen,algemeen Nederlands,n/a,headsetmicrofoon,48000
20091117,anonymous,20080605,Blackdrive,0.4337014,False,made,adult,anders,n/a,unknown,48000
20091117,anonymous,20081128,Hansje1980,0.45649207,False,made,adult,anders,n/a,unknown,48000
20091117,anonymous,20080802,MSypkensSmit,0.40178862,False,made,adult,anders,n/a,unknown,48000
20091117,anonymous,20081128,Hansje1980,0.41644216,False,made,adult,anders,n/a,unknown,48000
20091117,anonymous,20080605,Blackdrive,0.52688396,False,made,adult,anders,n/a,unknown,48000
20091117,anonymous,20080605,Blackdrive,0.42989853,False,made,adult,anders,n/a,unknown,48000
20091117,anonymous,20170510,kevin,0.4936924,False,made,adult,anders,n/a,unknown,48000
20091117,anonymous,20090423,Gerwin,0.35244077,False,made,adult,anders,n/a,unknown,48000
20091130,anonymous,20150731,Eelco,0.40121225,False,mannelijk,jeugd,anders,n/a,microfoon in laptop,48000
20091117,anonymous,20081128,Hansje1980,0.45201296,False,made,adult,anders,n/a,unknown,48000
20091130,anonymous,20090826,jonas,0.26496595,False,mannelijk,jeugd,anders,n/a,microfoon in laptop,48000
20091130,anonymous,20080802,MSypkensSmit,0.35255924,False,mannelijk,jeugd,anders,n/a,microfoon in laptop,48000
20091130,anonymous,20150731,Eelco,0.38464892,False,mannelijk,jeugd,anders,n/a,microfoon in laptop,48000
20091130,anonymous,20080325,Leontje,0.42493105,False,mannelijk,jeugd,anders,n/a,microfoon in laptop,48000
20091130,anonymous,20150731,Eelco,0.39230198,False,mannelijk,jeugd,anders,n/a,microfoon in laptop,48000
20091130,anonymous,20080325,Leontje,0.39954656,False,mannelijk,jeugd,anders,n/a,microfoon in laptop,48000
20091130,anonymous,20090826,jonas,0.31421313,False,mannelijk,jeugd,anders,n/a,microfoon in laptop,48000
20091130,anonymous,20150731,Eelco,0.3926748,False,mannelijk,jeugd,anders,n/a,microfoon in laptop,48000
20091130,anonymous,20090205,StijnFrima,0.31195003,False,mannelijk,jeugd,anders,n/a,microfoon in laptop,48000
20091130,anonymous,20080708,Vistaus,0.3958546,False,mannelijk,jeugd,anders,n/a,microfoon in laptop,48000
20091130,anonymous,20090205,StijnFrima,0.36484843,False,mannelijk,jeugd,anders,n/a,microfoon in laptop,48000
20091130,anonymous,20150731,Eelco,0.34301716,False,mannelijk,jeugd,anders,n/a,microfoon in laptop,48000
20091130,anonymous,20150731,Eelco,0.35121527,False,mannelijk,jeugd,anders,n/a,microfoon in laptop,48000
20091130,anonymous,20090205,StijnFrima,0.39965057,False,mannelijk,jeugd,anders,n/a,microfoon in laptop,48000
20091130,anonymous,20150731,Eelco,0.43805218,False,mannelijk,jeugd,anders,n/a,microfoon in laptop,48000
20091130,anonymous,20150731,Eelco,0.41581088,False,mannelijk,jeugd,anders,n/a,microfoon in laptop,48000
20100304,anonymous,20080220,jonascms,0.3193419,False,mannelijk,volwassen,algemeen Nederlands,n/a,headsetmicrofoon,48000
20091130,anonymous,20150731,Eelco,0.45129937,False,mannelijk,jeugd,anders,n/a,microfoon in laptop,48000
20091130,anonymous,20150731,Eelco,0.47830868,False,mannelijk,jeugd,anders,n/a,microfoon in laptop,48000
20100304,anonymous,20090826,jonas,0.28076017,False,mannelijk,volwassen,algemeen Nederlands,n/a,headsetmicrofoon,48000
20100304,anonymous,20140228,Yannis,0.32617262,False,mannelijk,volwassen,algemeen Nederlands,n/a,headsetmicrofoon,48000
20100304,anonymous,20090629,Sjiel2,0.4537933,False,mannelijk,volwassen,algemeen Nederlands,n/a,headsetmicrofoon,48000
20100304,anonymous,20090629,Sjiel2,0.34268588,False,mannelijk,volwassen,algemeen Nederlands,n/a,headsetmicrofoon,48000
20100304,anonymous,20140228,Yannis,0.35475618,False,mannelijk,volwassen,algemeen Nederlands,n/a,headsetmicrofoon,48000
20100304,anonymous,20090629,Sjiel1,0.3189767,False,mannelijk,volwassen,algemeen Nederlands,n/a,headsetmicrofoon,48000
20100304,anonymous,20170510,kevin,0.31896827,False,mannelijk,volwassen,algemeen Nederlands,n/a,headsetmicrofoon,48000
20100304,anonymous,20081203,jokohoko,0.34713364,False,mannelijk,volwassen,algemeen Nederlands,n/a,headsetmicrofoon,48000
20100308,anonymous,20170510,kevin,0.47572204,False,mannelijk,volwassen,algemeen Nederlands,n/a,headsetmicrofoon,48000
20100308,anonymous,20170510,kevin,0.47358146,False,mannelijk,volwassen,algemeen Nederlands,n/a,headsetmicrofoon,48000
20100308,anonymous,20131120,HOIHOIsuperdatjulliehiermeebezigzijn,0.5223347,False,mannelijk,volwassen,algemeen Nederlands,n/a,headsetmicrofoon,48000
20100308,anonymous,20131120,HOIHOIsuperdatjulliehiermeebezigzijn,0.46808547,False,mannelijk,volwassen,algemeen Nederlands,n/a,headsetmicrofoon,48000
20100308,anonymous,20131120,HOIHOIsuperdatjulliehiermeebezigzijn,0.54301417,False,mannelijk,volwassen,algemeen Nederlands,n/a,headsetmicrofoon,48000
20100308,anonymous,20111119,bverhoeff,0.5230349,False,mannelijk,volwassen,algemeen Nederlands,n/a,headsetmicrofoon,48000
20100308,anonymous,20150518,bearhugNL,0.491906,False,mannelijk,volwassen,algemeen Nederlands,n/a,headsetmicrofoon,48000
20100308,anonymous,20080720,voicedonation,0.496727,False,mannelijk,volwassen,algemeen Nederlands,n/a,headsetmicrofoon,48000
20100308,anonymous,20150518,bearhugNL,0.5182358,False,mannelijk,volwassen,algemeen Nederlands,n/a,headsetmicrofoon,48000
20101227,anonymous,20080414,boergait,0.34406796,False,mannelijk,volwassen,Noordwestelijk,n/a,microfoon in laptop,48000
20101227,anonymous,20120329,xatr,0.5416185,False,mannelijk,volwassen,Noordwestelijk,n/a,microfoon in laptop,48000
20101227,anonymous,20120930,Pleytos,0.42646742,False,mannelijk,volwassen,Noordwestelijk,n/a,microfoon in laptop,48000
20101227,anonymous,20180724,pcmill,0.3673281,False,mannelijk,volwassen,Noordwestelijk,n/a,microfoon in laptop,48000
20101227,anonymous,20140702,rhpv,0.36519128,False,mannelijk,volwassen,Noordwestelijk,n/a,microfoon in laptop,48000
20101227,anonymous,20120329,xatr,0.4187593,False,mannelijk,volwassen,Noordwestelijk,n/a,microfoon in laptop,48000
20101227,anonymous,20120329,xatr,0.3759418,False,mannelijk,volwassen,Noordwestelijk,n/a,microfoon in laptop,48000
20101227,anonymous,20140702,rhpv,0.33157834,False,mannelijk,volwassen,Noordwestelijk,n/a,microfoon in laptop,48000
20101227,anonymous,20120329,xatr,0.40100408,False,mannelijk,volwassen,Noordwestelijk,n/a,microfoon in laptop,48000
20110215,anonymous,20090423,Gerwin,0.37471843,False,mannelijk,jeugd,Noordelijk-centraal,n/a,microfoon in laptop,48000
20110215,anonymous,20081022,JaricFjodorowBelarus,0.3256259,False,mannelijk,jeugd,Noordelijk-centraal,n/a,microfoon in laptop,48000
20110215,anonymous,20080120,erikapekop,0.3420004,False,mannelijk,jeugd,Noordelijk-centraal,n/a,microfoon in laptop,48000
20110215,anonymous,20080504,linforcer,0.3789034,False,mannelijk,jeugd,Noordelijk-centraal,n/a,microfoon in laptop,48000
20110215,anonymous,20090423,Gerwin,0.36795437,False,mannelijk,jeugd,Noordelijk-centraal,n/a,microfoon in laptop,48000
20110215,anonymous,20080120,erikapekop,0.35048008,False,mannelijk,jeugd,Noordelijk-centraal,n/a,microfoon in laptop,48000
20110215,anonymous,20080802,MSypkensSmit,0.38343233,False,mannelijk,jeugd,Noordelijk-centraal,n/a,microfoon in laptop,48000
20110215,anonymous,20090719,Vrest,0.41717798,False,mannelijk,jeugd,Noordelijk-centraal,n/a,microfoon in laptop,48000
20110215,anonymous,20150731,Eelco,0.44996387,False,mannelijk,jeugd,Noordelijk-centraal,n/a,microfoon in laptop,48000
20110416,anonymous,20080909,floor,0.44118053,False,vrouwelijk,volwassen,algemeen Nederlands,n/a,headsetmicrofoon (USB),48000
20110416,anonymous,20081011,zusje,0.42278904,False,vrouwelijk,volwassen,algemeen Nederlands,n/a,headsetmicrofoon (USB),48000
20110416,anonymous,20080909,floor,0.42034778,False,vrouwelijk,volwassen,algemeen Nederlands,n/a,headsetmicrofoon (USB),48000
20110416,anonymous,20090423,Gerwin,0.24976179,False,vrouwelijk,volwassen,algemeen Nederlands,n/a,headsetmicrofoon (USB),48000
20110416,anonymous,20080909,floor,0.45894492,False,vrouwelijk,volwassen,algemeen Nederlands,n/a,headsetmicrofoon (USB),48000
20110416,anonymous,20080909,floor,0.40695438,False,vrouwelijk,volwassen,algemeen Nederlands,n/a,headsetmicrofoon (USB),48000
20110416,anonymous,20080909,floor,0.37521225,False,vrouwelijk,volwassen,algemeen Nederlands,n/a,headsetmicrofoon (USB),48000
20110416,anonymous,20080909,floor,0.40174258,False,vrouwelijk,volwassen,algemeen Nederlands,n/a,headsetmicrofoon (USB),48000
20110416,anonymous,20080909,floor,0.41308627,False,vrouwelijk,volwassen,algemeen Nederlands,n/a,headsetmicrofoon (USB),48000
20111108,anonymous,20090617,Johan,0.55713075,False,mannelijk,volwassen,algemeen Nederlands,n/a,headsetmicrofoon (USB),48000
20111108,anonymous,20080219,Bas,0.4058742,False,mannelijk,volwassen,algemeen Nederlands,n/a,headsetmicrofoon (USB),48000
20111108,anonymous,20090629,Sjiel3,0.53545296,False,mannelijk,volwassen,algemeen Nederlands,n/a,headsetmicrofoon (USB),48000
20111108,anonymous,20090629,Sjiel3,0.4323214,False,mannelijk,volwassen,algemeen Nederlands,n/a,headsetmicrofoon (USB),48000
20111108,anonymous,20090629,Sjiel3,0.5519819,False,mannelijk,volwassen,algemeen Nederlands,n/a,headsetmicrofoon (USB),48000
20111108,anonymous,20090629,Sjiel3,0.52301073,False,mannelijk,volwassen,algemeen Nederlands,n/a,headsetmicrofoon (USB),48000
20111108,anonymous,20090629,Sjiel3,0.5090389,False,mannelijk,volwassen,algemeen Nederlands,n/a,headsetmicrofoon (USB),48000
20111108,anonymous,20090617,Johan,0.4350872,False,mannelijk,volwassen,algemeen Nederlands,n/a,headsetmicrofoon (USB),48000
20111108,anonymous,20081128,Hansje1980,0.4096135,False,mannelijk,volwassen,algemeen Nederlands,n/a,headsetmicrofoon (USB),48000
20111122,anonymous,20090629,Sjiel2,0.5588379,False,mannelijk,volwassen,Zuidwestelijk,n/a,microfoon in laptop,48000
20111122,anonymous,20090629,Sjiel3,0.44548464,False,mannelijk,volwassen,Zuidwestelijk,n/a,microfoon in laptop,48000
20111122,anonymous,20120318,roelof,0.49313176,False,mannelijk,volwassen,Zuidwestelijk,n/a,microfoon in laptop,48000
20111122,anonymous,20090629,Sjiel3,0.50207335,False,mannelijk,volwassen,Zuidwestelijk,n/a,microfoon in laptop,48000
20111122,anonymous,20090629,Sjiel2,0.5619377,False,mannelijk,volwassen,Zuidwestelijk,n/a,microfoon in laptop,48000
20111122,anonymous,20090629,Sjiel3,0.49890193,False,mannelijk,volwassen,Zuidwestelijk,n/a,microfoon in laptop,48000
20111122,anonymous,20090629,Sjiel3,0.5576166,False,mannelijk,volwassen,Zuidwestelijk,n/a,microfoon in laptop,48000
20111122,anonymous,20090629,Sjiel2,0.5490998,False,mannelijk,volwassen,Zuidwestelijk,n/a,microfoon in laptop,48000
20111122,anonymous,20090629,Sjiel3,0.58364916,False,mannelijk,volwassen,Zuidwestelijk,n/a,microfoon in laptop,48000
20111122,anonymous,20090719,Vrest,0.48961893,False,mannelijk,volwassen,Zuidwestelijk,n/a,microfoon in laptop,48000
20111122,anonymous,20120318,roelof,0.51300305,False,mannelijk,volwassen,Zuidwestelijk,n/a,microfoon in laptop,48000
20111122,anonymous,20130527,Pattattezak,0.4740343,False,mannelijk,volwassen,Zuidwestelijk,n/a,microfoon in laptop,48000
20111122,anonymous,20130527,Pattattezak,0.4291185,False,mannelijk,volwassen,Zuidwestelijk,n/a,microfoon in laptop,48000
20111122,anonymous,20090629,Sjiel3,0.43379793,False,mannelijk,volwassen,Zuidwestelijk,n/a,microfoon in laptop,48000
20111122,anonymous,20090719,Vrest,0.48159638,False,mannelijk,volwassen,Zuidwestelijk,n/a,microfoon in laptop,48000
20111122,anonymous,20090629,Sjiel3,0.4900455,False,mannelijk,volwassen,Zuidwestelijk,n/a,microfoon in laptop,48000
20111122,anonymous,20090629,Sjiel3,0.5286627,False,mannelijk,volwassen,Zuidwestelijk,n/a,microfoon in laptop,48000
20111124,anonymous,20111210,bekr,0.5791745,False,mannelijk,volwassen,algemeen Nederlands,n/a,microfoon in laptop,48000
20111122,anonymous,20130527,Pattattezak,0.45892593,False,mannelijk,volwassen,Zuidwestelijk,n/a,microfoon in laptop,48000
20111124,anonymous,20111210,bekr,0.503799,False,mannelijk,volwassen,algemeen Nederlands,n/a,microfoon in laptop,48000
20111124,anonymous,20111210,bekr,0.47976145,False,mannelijk,volwassen,algemeen Nederlands,n/a,microfoon in laptop,48000
20111124,anonymous,20111210,bekr,0.44361407,False,mannelijk,volwassen,algemeen Nederlands,n/a,microfoon in laptop,48000
20111124,anonymous,20111210,bekr,0.5679802,False,mannelijk,volwassen,algemeen Nederlands,n/a,microfoon in laptop,48000
20111124,anonymous,20111210,bekr,0.5013007,False,mannelijk,volwassen,algemeen Nederlands,n/a,microfoon in laptop,48000
20111124,anonymous,20111210,bekr,0.49074787,False,mannelijk,volwassen,algemeen Nederlands,n/a,microfoon in laptop,48000
20111124,anonymous,20111210,bekr,0.42562416,False,mannelijk,volwassen,algemeen Nederlands,n/a,microfoon in laptop,48000
20111124,anonymous,20111210,bekr,0.5262262,False,mannelijk,volwassen,algemeen Nederlands,n/a,microfoon in laptop,48000
20111210,anonymous,20111210,bekr,0.6478714,True,mannelijk,volwassen,algemeen Nederlands,n/a,microfoon in laptop,48000
20111210,anonymous,20111210,bekr,0.53569794,True,mannelijk,volwassen,algemeen Nederlands,n/a,microfoon in laptop,48000
20111210,anonymous,20111210,bekr,0.6286825,True,mannelijk,volwassen,algemeen Nederlands,n/a,microfoon in laptop,48000
20111210,anonymous,20111210,bekr,0.604514,True,mannelijk,volwassen,algemeen Nederlands,n/a,microfoon in laptop,48000
20111210,anonymous,20111210,bekr,0.67338973,True,mannelijk,volwassen,algemeen Nederlands,n/a,microfoon in laptop,48000
20111210,anonymous,20111210,bekr,0.6864537,True,mannelijk,volwassen,algemeen Nederlands,n/a,microfoon in laptop,48000
20111210,anonymous,20111210,bekr,0.6437591,True,mannelijk,volwassen,algemeen Nederlands,n/a,microfoon in laptop,48000
20111210,anonymous,20111210,bekr,0.56274486,True,mannelijk,volwassen,algemeen Nederlands,n/a,microfoon in laptop,48000
20120104,anonymous,20130619,gosiemople,0.5112337,False,mannelijk,jeugd,algemeen Nederlands,n/a,bureaumicrofoon (USB),48000
20111210,anonymous,20111210,bekr,0.67945516,True,mannelijk,volwassen,algemeen Nederlands,n/a,microfoon in laptop,48000
20120104,anonymous,20091123,Gurbe,0.37288418,False,mannelijk,jeugd,algemeen Nederlands,n/a,bureaumicrofoon (USB),48000
20120104,anonymous,20130619,gosiemople,0.40539622,False,mannelijk,jeugd,algemeen Nederlands,n/a,bureaumicrofoon (USB),48000
20120104,anonymous,20130619,gosiemople,0.5022548,False,mannelijk,jeugd,algemeen Nederlands,n/a,bureaumicrofoon (USB),48000
20120104,anonymous,20130619,gosiemople,0.44860005,False,mannelijk,jeugd,algemeen Nederlands,n/a,bureaumicrofoon (USB),48000
20120104,anonymous,20080720,voicedonation,0.38642877,False,mannelijk,jeugd,algemeen Nederlands,n/a,bureaumicrofoon (USB),48000
20120104,anonymous,20130619,gosiemople,0.4811379,False,mannelijk,jeugd,algemeen Nederlands,n/a,bureaumicrofoon (USB),48000
20120104,anonymous,20090412,john332,0.40645432,False,mannelijk,jeugd,algemeen Nederlands,n/a,bureaumicrofoon (USB),48000
20120104,anonymous,20130619,gosiemople,0.48330182,False,mannelijk,jeugd,algemeen Nederlands,n/a,bureaumicrofoon (USB),48000
20120203,anonymous,20120203,jopie282,0.54554987,True,mannelijk,volwassen,algemeen Nederlands,n/a,headsetmicrofoon,48000
20120203,anonymous,20120203,jopie282,0.68703467,True,mannelijk,volwassen,algemeen Nederlands,n/a,headsetmicrofoon,48000
20120203,anonymous,20120203,jopie282,0.5506214,True,mannelijk,volwassen,algemeen Nederlands,n/a,headsetmicrofoon,48000
20120203,anonymous,20120203,jopie282,0.6171906,True,mannelijk,volwassen,algemeen Nederlands,n/a,headsetmicrofoon,48000
20120203,anonymous,20120203,jopie282,0.5942886,True,mannelijk,volwassen,algemeen Nederlands,n/a,headsetmicrofoon,48000
20120203,anonymous,20120203,jopie282,0.61720806,True,mannelijk,volwassen,algemeen Nederlands,n/a,headsetmicrofoon,48000
20120203,anonymous,20120203,jopie282,0.61158323,True,mannelijk,volwassen,algemeen Nederlands,n/a,headsetmicrofoon,48000
20120203,anonymous,20120203,jopie282,0.6156336,True,mannelijk,volwassen,algemeen Nederlands,n/a,headsetmicrofoon,48000
20120203,anonymous,20120203,jopie282,0.5819572,True,mannelijk,volwassen,algemeen Nederlands,n/a,headsetmicrofoon,48000
20120204,anonymous,20080909,floor,0.3785985,False,mannelijk,jeugd,algemeen Nederlands,n/a,headsetmicrofoon,48000
20120204,anonymous,20080404,jillis,0.3685426,False,mannelijk,jeugd,algemeen Nederlands,n/a,headsetmicrofoon,48000
20120204,anonymous,20080404,jillis,0.38501382,False,mannelijk,jeugd,algemeen Nederlands,n/a,headsetmicrofoon,48000
20120204,anonymous,20080404,jillis,0.46167397,False,mannelijk,jeugd,algemeen Nederlands,n/a,headsetmicrofoon,48000
20120204,anonymous,20080909,floor,0.44412854,False,mannelijk,jeugd,algemeen Nederlands,n/a,headsetmicrofoon,48000
20120204,anonymous,20080404,jillis,0.4674852,False,mannelijk,jeugd,algemeen Nederlands,n/a,headsetmicrofoon,48000
20120326,anonymous,20080220,jonascms,0.33225217,False,mannelijk,volwassen,algemeen Nederlands,n/a,webcam microfoon,48000
20120204,anonymous,20080909,floor,0.4594528,False,mannelijk,jeugd,algemeen Nederlands,n/a,headsetmicrofoon,48000
20120204,anonymous,20080909,floor,0.43086398,False,mannelijk,jeugd,algemeen Nederlands,n/a,headsetmicrofoon,48000
20120326,anonymous,20120329,xatr,0.34866184,False,mannelijk,volwassen,algemeen Nederlands,n/a,webcam microfoon,48000
20120326,anonymous,04032016,xymedia,0.31306922,False,mannelijk,volwassen,algemeen Nederlands,n/a,webcam microfoon,48000
20120326,anonymous,04032016,xymedia,0.51092076,False,mannelijk,volwassen,algemeen Nederlands,n/a,webcam microfoon,48000
20120326,anonymous,20140702,rhpv,0.2510135,False,mannelijk,volwassen,algemeen Nederlands,n/a,webcam microfoon,48000
20120326,anonymous,20130325,Willem,0.29339576,False,mannelijk,volwassen,algemeen Nederlands,n/a,webcam microfoon,48000
20120326,anonymous,20110422,bakeds,0.25989947,False,mannelijk,volwassen,algemeen Nederlands,n/a,webcam microfoon,48000
20120326,anonymous,04032016,xymedia,0.30475557,False,mannelijk,volwassen,algemeen Nederlands,n/a,webcam microfoon,48000
20120326,anonymous,20111210,bekr,0.24748898,False,mannelijk,volwassen,algemeen Nederlands,n/a,webcam microfoon,48000
20121219,anonymous,20121219,JensVerwaerde,0.5688213,True,male,adult,other,n/a,unknown,48000
20121219,anonymous,20121219,JensVerwaerde,0.6125765,True,male,adult,other,n/a,unknown,48000
20121219,anonymous,20121219,JensVerwaerde,0.5633799,True,male,adult,other,n/a,unknown,48000
20121219,anonymous,20121219,JensVerwaerde,0.64173687,True,male,adult,other,n/a,unknown,48000
20121219,anonymous,20121219,JensVerwaerde,0.5758296,True,male,adult,other,n/a,unknown,48000
20121219,anonymous,20121219,JensVerwaerde,0.576607,True,male,adult,other,n/a,unknown,48000
20121219,anonymous,20121219,JensVerwaerde,0.5362295,True,male,adult,other,n/a,unknown,48000
20121219,anonymous,20121219,JensVerwaerde,0.7185316,True,male,adult,other,n/a,unknown,48000
20130527,anonymous,20130527,Pattattezak,0.6078801,True,mannelijk,volwassen,anders,n/a,headsetmicrofoon,48000
20121219,anonymous,20121219,JensVerwaerde,0.60194516,True,male,adult,other,n/a,unknown,48000
20130527,anonymous,20130527,Pattattezak,0.77827317,True,mannelijk,volwassen,anders,n/a,headsetmicrofoon,48000
20130527,anonymous,20130527,Pattattezak,0.7210895,True,mannelijk,volwassen,anders,n/a,headsetmicrofoon,48000
20130527,anonymous,20130527,Pattattezak,0.800208,True,mannelijk,volwassen,anders,n/a,headsetmicrofoon,48000
20130527,anonymous,20130527,Pattattezak,0.65094775,True,mannelijk,volwassen,anders,n/a,headsetmicrofoon,48000
20130527,anonymous,20130527,Pattattezak,0.72544074,True,mannelijk,volwassen,anders,n/a,headsetmicrofoon,48000
20130527,anonymous,20130527,Pattattezak,0.6839983,True,mannelijk,volwassen,anders,n/a,headsetmicrofoon,48000
20130527,anonymous,20130527,Pattattezak,0.5193198,True,mannelijk,volwassen,anders,n/a,headsetmicrofoon,48000
20130527,anonymous,20130527,Pattattezak,0.74681914,True,mannelijk,volwassen,anders,n/a,headsetmicrofoon,48000
20130629,anonymous,20150731,Eelco,0.28542593,False,mannelijk,volwassen,anders,n/a,unknown,48000
20130629,anonymous,20080708,Vistaus,0.33061558,False,mannelijk,volwassen,anders,n/a,unknown,48000
20130629,anonymous,20080806,VIstaus,0.39986885,False,mannelijk,volwassen,anders,n/a,unknown,48000
20130629,anonymous,20080301,dano,0.32802984,False,mannelijk,volwassen,anders,n/a,unknown,48000
20130629,anonymous,20150731,Eelco,0.30803075,False,mannelijk,volwassen,anders,n/a,unknown,48000
20130629,anonymous,20080301,dano,0.3722167,False,mannelijk,volwassen,anders,n/a,unknown,48000
20130629,anonymous,20090826,jonas,0.29153246,False,mannelijk,volwassen,anders,n/a,unknown,48000
20130629,anonymous,20150731,Eelco,0.29415154,False,mannelijk,volwassen,anders,n/a,unknown,48000
20130708,anonymous,20090401,funco,0.47413245,False,mannelijk,volwassen,algemeen Nederlands,n/a,headsetmicrofoon (USB),48000
20130629,anonymous,20080301,dano,0.35187787,False,mannelijk,volwassen,anders,n/a,unknown,48000
20130708,anonymous,20070823_nl1,robin,0.51923466,False,mannelijk,volwassen,algemeen Nederlands,n/a,headsetmicrofoon (USB),48000
20130708,anonymous,20120930,Pleytos,0.39800674,False,mannelijk,volwassen,algemeen Nederlands,n/a,headsetmicrofoon (USB),48000
20130708,anonymous,20070823_nl1,robin,0.58429784,False,mannelijk,volwassen,algemeen Nederlands,n/a,headsetmicrofoon (USB),48000
20130708,anonymous,20070823_nl1,robin,0.48994315,False,mannelijk,volwassen,algemeen Nederlands,n/a,headsetmicrofoon (USB),48000
20130708,anonymous,20070823_nl1,robin,0.5587941,False,mannelijk,volwassen,algemeen Nederlands,n/a,headsetmicrofoon (USB),48000
20130708,anonymous,20070823_nl1,robin,0.44398946,False,mannelijk,volwassen,algemeen Nederlands,n/a,headsetmicrofoon (USB),48000
20130708,anonymous,20070823_nl1,robin,0.518765,False,mannelijk,volwassen,algemeen Nederlands,n/a,headsetmicrofoon (USB),48000
20130708,anonymous,20070823_nl1,robin,0.4836256,False,mannelijk,volwassen,algemeen Nederlands,n/a,headsetmicrofoon (USB),48000
20130708,anonymous,20070823_nl1,robin,0.4815213,False,mannelijk,volwassen,algemeen Nederlands,n/a,headsetmicrofoon (USB),48000
20130708,anonymous,20070823_nl1,robin,0.46220553,False,mannelijk,volwassen,algemeen Nederlands,n/a,headsetmicrofoon (USB),48000
20130708,anonymous,20090401,funco,0.47648963,False,mannelijk,volwassen,algemeen Nederlands,n/a,headsetmicrofoon (USB),48000
20130708,anonymous,20160115,tomasf,0.4110806,False,mannelijk,volwassen,algemeen Nederlands,n/a,headsetmicrofoon (USB),48000
20130708,anonymous,20070823_nl1,robin,0.47092324,False,mannelijk,volwassen,algemeen Nederlands,n/a,headsetmicrofoon (USB),48000
20130708,anonymous,20070823_nl1,robin,0.5215255,False,mannelijk,volwassen,algemeen Nederlands,n/a,headsetmicrofoon (USB),48000
20130708,anonymous,20090401,funco,0.4781093,False,mannelijk,volwassen,algemeen Nederlands,n/a,headsetmicrofoon (USB),48000
20130708,anonymous,20080120,anonymous,0.5178784,False,mannelijk,volwassen,algemeen Nederlands,n/a,headsetmicrofoon (USB),48000
20130708,anonymous,20070823_nl1,robin,0.54312485,False,mannelijk,volwassen,algemeen Nederlands,n/a,headsetmicrofoon (USB),48000
20130708,anonymous,20070823_nl1,robin,0.4327363,False,mannelijk,volwassen,algemeen Nederlands,n/a,headsetmicrofoon (USB),48000
20130708,anonymous,20130619,gosiemople,0.48148575,False,mannelijk,volwassen,algemeen Nederlands,n/a,headsetmicrofoon (USB),48000
20130708,anonymous,20070823_nl1,robin,0.4489135,False,mannelijk,volwassen,algemeen Nederlands,n/a,headsetmicrofoon (USB),48000
20130708,anonymous,20090401,funco,0.38570672,False,mannelijk,volwassen,algemeen Nederlands,n/a,headsetmicrofoon (USB),48000
20130708,anonymous,20130619,gosiemople,0.46861982,False,mannelijk,volwassen,algemeen Nederlands,n/a,headsetmicrofoon (USB),48000
20130708,anonymous,20070823_nl1,robin,0.529861,False,mannelijk,volwassen,algemeen Nederlands,n/a,headsetmicrofoon (USB),48000
20130708,anonymous,20070823_nl1,robin,0.49270782,False,mannelijk,volwassen,algemeen Nederlands,n/a,headsetmicrofoon (USB),48000
20130708,anonymous,20090813,Mivalo,0.4106057,False,mannelijk,volwassen,algemeen Nederlands,n/a,headsetmicrofoon (USB),48000
20130708,anonymous,20130619,gosiemople,0.5029603,False,mannelijk,volwassen,algemeen Nederlands,n/a,headsetmicrofoon (USB),48000
20130708,anonymous,20090401,funco,0.42123735,False,mannelijk,volwassen,algemeen Nederlands,n/a,headsetmicrofoon (USB),48000
20130708,anonymous,20090401,funco,0.41344357,False,mannelijk,volwassen,algemeen Nederlands,n/a,headsetmicrofoon (USB),48000
20130902,anonymous,20130819,lennarthuizing,0.71187216,False,mannelijk,volwassen,algemeen Nederlands,n/a,headsetmicrofoon,48000
20130902,anonymous,20130819,lennarthuizing,0.66766214,False,mannelijk,volwassen,algemeen Nederlands,n/a,headsetmicrofoon,48000
20130902,anonymous,20130819,lennarthuizing,0.6977018,False,mannelijk,volwassen,algemeen Nederlands,n/a,headsetmicrofoon,48000
20130902,anonymous,20130819,lennarthuizing,0.68365276,False,mannelijk,volwassen,algemeen Nederlands,n/a,headsetmicrofoon,48000
20130902,anonymous,20130819,lennarthuizing,0.6156816,False,mannelijk,volwassen,algemeen Nederlands,n/a,headsetmicrofoon,48000
20130902,anonymous,20130819,lennarthuizing,0.54701144,False,mannelijk,volwassen,algemeen Nederlands,n/a,headsetmicrofoon,48000
20130902,anonymous,20130819,lennarthuizing,0.59623814,False,mannelijk,volwassen,algemeen Nederlands,n/a,headsetmicrofoon,48000
20130902,anonymous,20130819,lennarthuizing,0.48636,False,mannelijk,volwassen,algemeen Nederlands,n/a,headsetmicrofoon,48000
20130902,anonymous,20130819,lennarthuizing,0.60111386,False,mannelijk,volwassen,algemeen Nederlands,n/a,headsetmicrofoon,48000
20130912,anonymous,20130913,nvthielen,0.40494993,False,mannelijk,volwassen,algemeen Nederlands,n/a,webcam microfoon,48000
20130912,anonymous,20130913,nvthielen,0.44143063,False,mannelijk,volwassen,algemeen Nederlands,n/a,webcam microfoon,48000
20130912,anonymous,20130913,nvthielen,0.44547892,False,mannelijk,volwassen,algemeen Nederlands,n/a,webcam microfoon,48000
20130912,anonymous,20130913,nvthielen,0.4712314,False,mannelijk,volwassen,algemeen Nederlands,n/a,webcam microfoon,48000
20130912,anonymous,20130913,nvthielen,0.63034505,False,mannelijk,volwassen,algemeen Nederlands,n/a,webcam microfoon,48000
20130912,anonymous,20130913,nvthielen,0.48838174,False,mannelijk,volwassen,algemeen Nederlands,n/a,webcam microfoon,48000
20130912,anonymous,20130913,nvthielen,0.61391175,False,mannelijk,volwassen,algemeen Nederlands,n/a,webcam microfoon,48000
20130912,anonymous,20130913,nvthielen,0.44759065,False,mannelijk,volwassen,algemeen Nederlands,n/a,webcam microfoon,48000
20131118,anonymous,20151021,Walter,0.47481287,False,mannelijk,volwassen,algemeen Nederlands,n/a,microfoon in laptop,48000
20130912,anonymous,04032016,xymedia,0.4043709,False,mannelijk,volwassen,algemeen Nederlands,n/a,webcam microfoon,48000
20131118,anonymous,20140528,geniekort,0.4640629,False,mannelijk,volwassen,algemeen Nederlands,n/a,microfoon in laptop,48000
20131118,anonymous,20130527,Pattattezak,0.3361765,False,mannelijk,volwassen,algemeen Nederlands,n/a,microfoon in laptop,48000
20131118,anonymous,20130527,Pattattezak,0.38076162,False,mannelijk,volwassen,algemeen Nederlands,n/a,microfoon in laptop,48000
20131118,anonymous,20151021,Walter,0.42599744,False,mannelijk,volwassen,algemeen Nederlands,n/a,microfoon in laptop,48000
20131118,anonymous,20140228,Yannis,0.48009664,False,mannelijk,volwassen,algemeen Nederlands,n/a,microfoon in laptop,48000
20131118,anonymous,20120930,Pleytos,0.33726192,False,mannelijk,volwassen,algemeen Nederlands,n/a,microfoon in laptop,48000
20131118,anonymous,20090617,Johan,0.47297788,False,mannelijk,volwassen,algemeen Nederlands,n/a,microfoon in laptop,48000
20131118,anonymous,20150731,Eelco,0.36159462,False,mannelijk,volwassen,algemeen Nederlands,n/a,microfoon in laptop,48000
20131118,anonymous,20090617,Johan,0.3937856,False,mannelijk,volwassen,algemeen Nederlands,n/a,microfoon in laptop,48000
20131118,anonymous,20140228,Yannis,0.3390742,False,mannelijk,volwassen,algemeen Nederlands,n/a,microfoon in laptop,48000
20131118,anonymous,20090617,Johan,0.43511254,False,mannelijk,volwassen,algemeen Nederlands,n/a,microfoon in laptop,48000
20131118,anonymous,20090617,Johan,0.48226693,False,mannelijk,volwassen,algemeen Nederlands,n/a,microfoon in laptop,48000
20131118,anonymous,20151021,Walter,0.44154233,False,mannelijk,volwassen,algemeen Nederlands,n/a,microfoon in laptop,48000
20131118,anonymous,20090617,Johan,0.47736827,False,mannelijk,volwassen,algemeen Nederlands,n/a,microfoon in laptop,48000
20131118,anonymous,20090617,Johan,0.53024876,False,mannelijk,volwassen,algemeen Nederlands,n/a,microfoon in laptop,48000
20131118,anonymous,20090719,Vrest,0.4400167,False,mannelijk,volwassen,algemeen Nederlands,n/a,microfoon in laptop,48000
20131118,anonymous,04032016,xymedia,0.4311851,False,mannelijk,volwassen,algemeen Nederlands,n/a,microfoon in laptop,48000
20131118,anonymous,20130527,Pattattezak,0.3063147,False,mannelijk,volwassen,algemeen Nederlands,n/a,microfoon in laptop,48000
20131221,anonymous,20091018,Duckie,0.37424862,False,mannelijk,volwassen,algemeen Nederlands,n/a,webcam microfoon,48000
20131221,anonymous,20090617,Johan,0.3629573,False,mannelijk,volwassen,algemeen Nederlands,n/a,webcam microfoon,48000
20131221,anonymous,20091018,Duckie,0.3645583,False,mannelijk,volwassen,algemeen Nederlands,n/a,webcam microfoon,48000
20131221,anonymous,20091018,Duckie,0.42404217,False,mannelijk,volwassen,algemeen Nederlands,n/a,webcam microfoon,48000
20131221,anonymous,20080120,anonymous,0.45838654,False,mannelijk,volwassen,algemeen Nederlands,n/a,webcam microfoon,48000
20131221,anonymous,20090617,asda,0.4115758,False,mannelijk,volwassen,algemeen Nederlands,n/a,webcam microfoon,48000
20131221,anonymous,20070823_nl1,robin,0.45548216,False,mannelijk,volwassen,algemeen Nederlands,n/a,webcam microfoon,48000
20131221,anonymous,20080205,dekeijzer,0.4192122,False,mannelijk,volwassen,algemeen Nederlands,n/a,webcam microfoon,48000
20131221,anonymous,20181202,jwvl,0.41194338,False,mannelijk,volwassen,algemeen Nederlands,n/a,webcam microfoon,48000
20131221,anonymous,20120203,jopie282,0.36948192,False,mannelijk,volwassen,algemeen Nederlands,n/a,webcam microfoon,48000
20131221,anonymous,20090617,Johan,0.4349176,False,mannelijk,volwassen,algemeen Nederlands,n/a,webcam microfoon,48000
20131221,anonymous,20091018,Duckie,0.42410633,False,mannelijk,volwassen,algemeen Nederlands,n/a,webcam microfoon,48000
20131221,anonymous,20091018,Duckie,0.4443655,False,mannelijk,volwassen,algemeen Nederlands,n/a,webcam microfoon,48000
20131221,anonymous,20091018,Duckie,0.38538226,False,mannelijk,volwassen,algemeen Nederlands,n/a,webcam microfoon,48000
20131221,anonymous,20080120,anonymous,0.3681934,False,mannelijk,volwassen,algemeen Nederlands,n/a,webcam microfoon,48000
20131221,anonymous,20091018,Duckie,0.44175595,False,mannelijk,volwassen,algemeen Nederlands,n/a,webcam microfoon,48000
20131221,anonymous,20181202,jwvl,0.35123825,False,mannelijk,volwassen,algemeen Nederlands,n/a,webcam microfoon,48000
20131221,anonymous,20091018,Duckie,0.46996772,False,mannelijk,volwassen,algemeen Nederlands,n/a,webcam microfoon,48000
20131221,anonymous,20080205,dekeijzer,0.3694407,False,mannelijk,volwassen,algemeen Nederlands,n/a,webcam microfoon,48000
20131221,anonymous,20080120,anonymous,0.42341027,False,mannelijk,volwassen,algemeen Nederlands,n/a,webcam microfoon,48000
20131221,anonymous,20090617,asda,0.40936354,False,mannelijk,volwassen,algemeen Nederlands,n/a,webcam microfoon,48000
20131221,anonymous,20140323,fin,0.27195415,False,mannelijk,volwassen,algemeen Nederlands,n/a,webcam microfoon,48000
20131221,anonymous,20090617,asda,0.24104294,False,mannelijk,volwassen,algemeen Nederlands,n/a,webcam microfoon,48000
20131221,anonymous,20091018,Duckie,0.3319493,False,mannelijk,volwassen,algemeen Nederlands,n/a,webcam microfoon,48000
20131221,anonymous,20081018,Dano,0.38781053,False,mannelijk,volwassen,algemeen Nederlands,n/a,webcam microfoon,48000
20131221,anonymous,20070823_nl1,robin,0.4594612,False,mannelijk,volwassen,algemeen Nederlands,n/a,webcam microfoon,48000
20131221,anonymous,20080120,anonymous,0.36034495,False,mannelijk,volwassen,algemeen Nederlands,n/a,webcam microfoon,48000
20131221,anonymous,20091018,Duckie,0.35715353,False,mannelijk,volwassen,algemeen Nederlands,n/a,webcam microfoon,48000
20131221,anonymous,20080205,dekeijzer,0.28155953,False,mannelijk,volwassen,algemeen Nederlands,n/a,webcam microfoon,48000
20131221,anonymous,20091018,Duckie,0.35313445,False,mannelijk,volwassen,algemeen Nederlands,n/a,webcam microfoon,48000
20131221,anonymous,20080120,anonymous,0.33556825,False,mannelijk,volwassen,algemeen Nederlands,n/a,webcam microfoon,48000
20131221,anonymous,20140323,fin,0.38533697,False,mannelijk,volwassen,algemeen Nederlands,n/a,webcam microfoon,48000
20131221,anonymous,20090322,rickvanderzwet,0.33465382,False,mannelijk,volwassen,algemeen Nederlands,n/a,webcam microfoon,48000
20131221,anonymous,20090322,rickvanderzwet,0.34075528,False,mannelijk,volwassen,algemeen Nederlands,n/a,webcam microfoon,48000
20131221,anonymous,20091018,Duckie,0.41908488,False,mannelijk,volwassen,algemeen Nederlands,n/a,webcam microfoon,48000
20131221,anonymous,20080606,jan,0.30821776,False,mannelijk,volwassen,algemeen Nederlands,n/a,webcam microfoon,48000
20131221,anonymous,20080414,boergait,0.3476739,False,mannelijk,volwassen,algemeen Nederlands,n/a,webcam microfoon,48000
20131221,anonymous,20181202,jwvl,0.38631052,False,mannelijk,volwassen,algemeen Nederlands,n/a,webcam microfoon,48000
20131221,anonymous,20091018,Duckie,0.4499461,False,mannelijk,volwassen,algemeen Nederlands,n/a,webcam microfoon,48000
20140328,anonymous,20080404,jillis,0.27550972,False,Maak een keuze,Maak een keuze,Maak een keuze,n/a,Maak een keuze,48000
20140328,anonymous,20080404,jillis,0.32784617,False,Maak een keuze,Maak een keuze,Maak een keuze,n/a,Maak een keuze,48000
20140328,anonymous,20080404,jillis,0.2434895,False,Maak een keuze,Maak een keuze,Maak een keuze,n/a,Maak een keuze,48000
20140328,anonymous,20091123,Gurbe,0.26454836,False,Maak een keuze,Maak een keuze,Maak een keuze,n/a,Maak een keuze,48000
20140328,anonymous,20080404,jillis,0.2929261,False,Maak een keuze,Maak een keuze,Maak een keuze,n/a,Maak een keuze,48000
20140328,anonymous,20080711,Robin,0.28565,False,Maak een keuze,Maak een keuze,Maak een keuze,n/a,Maak een keuze,48000
20140328,anonymous,20120318,siety,0.24813311,False,Maak een keuze,Maak een keuze,Maak een keuze,n/a,Maak een keuze,48000
20140328,anonymous,20091123,Gurbe,0.28485012,False,Maak een keuze,Maak een keuze,Maak een keuze,n/a,Maak een keuze,48000
20140515,anonymous,20141218,Harm,0.51774156,False,mannelijk,volwassen,algemeen Nederlands,n/a,webcam microfoon,48000
20140328,anonymous,20120318,siety,0.35083228,False,Maak een keuze,Maak een keuze,Maak een keuze,n/a,Maak een keuze,48000
20140515,anonymous,20141218,Harm,0.4481869,False,mannelijk,volwassen,algemeen Nederlands,n/a,webcam microfoon,48000
20140515,anonymous,20141218,Harm,0.51926666,False,mannelijk,volwassen,algemeen Nederlands,n/a,webcam microfoon,48000
20140515,anonymous,20170510,kevin,0.534657,False,mannelijk,volwassen,algemeen Nederlands,n/a,webcam microfoon,48000
20140515,anonymous,20090629,Sjiel3,0.41658032,False,mannelijk,volwassen,algemeen Nederlands,n/a,webcam microfoon,48000
20140515,anonymous,20141218,Harm,0.46673495,False,mannelijk,volwassen,algemeen Nederlands,n/a,webcam microfoon,48000
20140515,anonymous,20110305,gjsuu,0.46523574,False,mannelijk,volwassen,algemeen Nederlands,n/a,webcam microfoon,48000
20140515,anonymous,20110305,gjsuu,0.51085496,False,mannelijk,volwassen,algemeen Nederlands,n/a,webcam microfoon,48000
20140515,anonymous,20141218,Harm,0.54467726,False,mannelijk,volwassen,algemeen Nederlands,n/a,webcam microfoon,48000
20140617,anonymous,20140415,zzzax,0.33878767,False,mannelijk,volwassen,algemeen Nederlands,n/a,studiomicrofoon,48000
20140617,anonymous,20120315,vrielance,0.42065346,False,mannelijk,volwassen,algemeen Nederlands,n/a,studiomicrofoon,48000
20140617,anonymous,20120315,vrielance,0.44709757,False,mannelijk,volwassen,algemeen Nederlands,n/a,studiomicrofoon,48000
20140617,anonymous,20120315,vrielance,0.40951926,False,mannelijk,volwassen,algemeen Nederlands,n/a,studiomicrofoon,48000
20140617,anonymous,20110305,gjsuu,0.33823812,False,mannelijk,volwassen,algemeen Nederlands,n/a,studiomicrofoon,48000
20140617,anonymous,20120315,vrielance,0.3968297,False,mannelijk,volwassen,algemeen Nederlands,n/a,studiomicrofoon,48000
20140617,anonymous,20140415,zzzax,0.41816592,False,mannelijk,volwassen,algemeen Nederlands,n/a,studiomicrofoon,48000
20140617,anonymous,20100110,Dantheman,0.39466506,False,mannelijk,volwassen,algemeen Nederlands,n/a,studiomicrofoon,48000
20140617,anonymous,20100110,Dantheman,0.4118302,False,mannelijk,volwassen,algemeen Nederlands,n/a,studiomicrofoon,48000
20140617,anonymous,20120315,vrielance,0.4342132,False,mannelijk,volwassen,algemeen Nederlands,n/a,studiomicrofoon,48000
20140617,anonymous,20080326,Hyshinara,0.36296412,False,mannelijk,volwassen,algemeen Nederlands,n/a,studiomicrofoon,48000
20140617,anonymous,20120315,vrielance,0.34447694,False,mannelijk,volwassen,algemeen Nederlands,n/a,studiomicrofoon,48000
20140617,anonymous,20120315,vrielance,0.40142792,False,mannelijk,volwassen,algemeen Nederlands,n/a,studiomicrofoon,48000
20140617,anonymous,20080720,voicedonation,0.31991962,False,mannelijk,volwassen,algemeen Nederlands,n/a,studiomicrofoon,48000
20140617,anonymous,20111210,bekr,0.46580684,False,mannelijk,volwassen,algemeen Nederlands,n/a,studiomicrofoon,48000
20140617,anonymous,20120315,vrielance,0.4037062,False,mannelijk,volwassen,algemeen Nederlands,n/a,studiomicrofoon,48000
20140617,anonymous,20090108,peterbeter,0.33624315,False,mannelijk,volwassen,algemeen Nederlands,n/a,studiomicrofoon,48000
20140617,anonymous,20120315,vrielance,0.42321315,False,mannelijk,volwassen,algemeen Nederlands,n/a,studiomicrofoon,48000
20140617,anonymous,20140415,zzzax,0.48157454,False,mannelijk,volwassen,algemeen Nederlands,n/a,studiomicrofoon,48000
20140617,anonymous,20140415,zzzax,0.35196048,False,mannelijk,volwassen,algemeen Nederlands,n/a,studiomicrofoon,48000
20140617,anonymous,20111210,bekr,0.39251304,False,mannelijk,volwassen,algemeen Nederlands,n/a,studiomicrofoon,48000
20140617,anonymous,20080325,Leontje,0.4093873,False,mannelijk,volwassen,algemeen Nederlands,n/a,studiomicrofoon,48000
20140617,anonymous,20080802,MSypkensSmit,0.33386415,False,mannelijk,volwassen,algemeen Nederlands,n/a,studiomicrofoon,48000
20140617,anonymous,20080802,MSypkensSmit,0.31361228,False,mannelijk,volwassen,algemeen Nederlands,n/a,studiomicrofoon,48000
20140617,anonymous,20120315,vrielance,0.49666312,False,mannelijk,volwassen,algemeen Nederlands,n/a,studiomicrofoon,48000
20140617,anonymous,20080325,Leontje,0.3626186,False,mannelijk,volwassen,algemeen Nederlands,n/a,studiomicrofoon,48000
20140617,anonymous,20100110,Dantheman,0.40883523,False,mannelijk,volwassen,algemeen Nederlands,n/a,studiomicrofoon,48000
20140617,anonymous,20120315,vrielance,0.41328737,False,mannelijk,volwassen,algemeen Nederlands,n/a,studiomicrofoon,48000
20140617,anonymous,20100110,Dantheman,0.44580358,False,mannelijk,volwassen,algemeen Nederlands,n/a,studiomicrofoon,48000
20140617,anonymous,20140415,zzzax,0.43954673,False,mannelijk,volwassen,algemeen Nederlands,n/a,studiomicrofoon,48000
20140617,anonymous,20120315,vrielance,0.40071693,False,mannelijk,volwassen,algemeen Nederlands,n/a,studiomicrofoon,48000
20140617,anonymous,20080802,MSypkensSmit,0.3306756,False,mannelijk,volwassen,algemeen Nederlands,n/a,studiomicrofoon,48000
20140617,anonymous,20120315,vrielance,0.3740455,False,mannelijk,volwassen,algemeen Nederlands,n/a,studiomicrofoon,48000
20140617,anonymous,20140415,zzzax,0.43327993,False,mannelijk,volwassen,algemeen Nederlands,n/a,studiomicrofoon,48000
20140617,anonymous,20120315,vrielance,0.4667303,False,mannelijk,volwassen,algemeen Nederlands,n/a,studiomicrofoon,48000
20140617,anonymous,20080720,voicedonation,0.45004696,False,mannelijk,volwassen,algemeen Nederlands,n/a,studiomicrofoon,48000
20140617,anonymous,20120315,vrielance,0.40349272,False,mannelijk,volwassen,algemeen Nederlands,n/a,studiomicrofoon,48000
20140617,anonymous,20120315,vrielance,0.37615943,False,mannelijk,volwassen,algemeen Nederlands,n/a,studiomicrofoon,48000
20140617,anonymous,20120315,vrielance,0.4351556,False,mannelijk,volwassen,algemeen Nederlands,n/a,studiomicrofoon,48000
20140617,anonymous,20120315,vrielance,0.46558324,False,mannelijk,volwassen,algemeen Nederlands,n/a,studiomicrofoon,48000
20140617,anonymous,20120315,vrielance,0.41648346,False,mannelijk,volwassen,algemeen Nederlands,n/a,studiomicrofoon,48000
20140617,anonymous,20100110,Dantheman,0.4247874,False,mannelijk,volwassen,algemeen Nederlands,n/a,studiomicrofoon,48000
20140617,anonymous,20120315,vrielance,0.45697227,False,mannelijk,volwassen,algemeen Nederlands,n/a,studiomicrofoon,48000
20140617,anonymous,20080720,voicedonation,0.44943544,False,mannelijk,volwassen,algemeen Nederlands,n/a,studiomicrofoon,48000
20140617,anonymous,20120315,vrielance,0.39836392,False,mannelijk,volwassen,algemeen Nederlands,n/a,studiomicrofoon,48000
20140617,anonymous,20140415,zzzax,0.45882306,False,mannelijk,volwassen,algemeen Nederlands,n/a,studiomicrofoon,48000
20140617,anonymous,20120315,vrielance,0.4741941,False,mannelijk,volwassen,algemeen Nederlands,n/a,studiomicrofoon,48000
20140617,anonymous,20080802,MSypkensSmit,0.4051516,False,mannelijk,volwassen,algemeen Nederlands,n/a,studiomicrofoon,48000
20140617,anonymous,20140415,zzzax,0.38459048,False,mannelijk,volwassen,algemeen Nederlands,n/a,studiomicrofoon,48000
20140617,anonymous,20120315,vrielance,0.43354642,False,mannelijk,volwassen,algemeen Nederlands,n/a,studiomicrofoon,48000
20140617,anonymous,20080720,voicedonation,0.34323302,False,mannelijk,volwassen,algemeen Nederlands,n/a,studiomicrofoon,48000
20140617,anonymous,20120315,vrielance,0.42750937,False,mannelijk,volwassen,algemeen Nederlands,n/a,studiomicrofoon,48000
20140617,anonymous,20100110,Dantheman,0.40212682,False,mannelijk,volwassen,algemeen Nederlands,n/a,studiomicrofoon,48000
20140617,anonymous,20120315,vrielance,0.38015717,False,mannelijk,volwassen,algemeen Nederlands,n/a,studiomicrofoon,48000
20140617,anonymous,20120315,vrielance,0.40540075,False,mannelijk,volwassen,algemeen Nederlands,n/a,studiomicrofoon,48000
20140617,anonymous,20080326,Hyshinara,0.42892998,False,mannelijk,volwassen,algemeen Nederlands,n/a,studiomicrofoon,48000
20140617,anonymous,20120315,vrielance,0.34368438,False,mannelijk,volwassen,algemeen Nederlands,n/a,studiomicrofoon,48000
20140617,anonymous,20120315,vrielance,0.50003886,False,mannelijk,volwassen,algemeen Nederlands,n/a,studiomicrofoon,48000
20140617,anonymous,20100110,Dantheman,0.38260514,False,mannelijk,volwassen,algemeen Nederlands,n/a,studiomicrofoon,48000
20150608,anonymous,20120930,Pleytos,0.48819846,False,mannelijk,senior,algemeen Nederlands,n/a,bureaumicrofoon (USB),48000
20150608,anonymous,20070823_nl1,robin,0.30097765,False,mannelijk,senior,algemeen Nederlands,n/a,bureaumicrofoon (USB),48000
20150608,anonymous,20120326,heinbali,0.49255523,False,mannelijk,senior,algemeen Nederlands,n/a,bureaumicrofoon (USB),48000
20150608,anonymous,20110311,GJSUU,0.4539381,False,mannelijk,senior,algemeen Nederlands,n/a,bureaumicrofoon (USB),48000
20150608,anonymous,20120326,heinbali,0.41849905,False,mannelijk,senior,algemeen Nederlands,n/a,bureaumicrofoon (USB),48000
20150608,anonymous,20120326,heinbali,0.47750944,False,mannelijk,senior,algemeen Nederlands,n/a,bureaumicrofoon (USB),48000
20150608,anonymous,20120930,Pleytos,0.40612167,False,mannelijk,senior,algemeen Nederlands,n/a,bureaumicrofoon (USB),48000
asda,asda,20090617,asda,0.61607426,True,mannelijk,jeugd,algemeen Nederlands,n/a,headsetmicrofoon,48000
asda,asda,20081018,Dano,0.5568521,False,mannelijk,jeugd,algemeen Nederlands,n/a,headsetmicrofoon,48000
20150608,anonymous,20120326,heinbali,0.47167847,False,mannelijk,senior,algemeen Nederlands,n/a,bureaumicrofoon (USB),48000
asda,asda,20090617,asda,0.7168553,True,mannelijk,jeugd,algemeen Nederlands,n/a,headsetmicrofoon,48000
asda,asda,20090617,asda,0.7558842,True,mannelijk,jeugd,algemeen Nederlands,n/a,headsetmicrofoon,48000
asda,asda,20090617,asda,0.69787157,True,mannelijk,jeugd,algemeen Nederlands,n/a,headsetmicrofoon,48000
asda,asda,20090617,asda,0.74125373,True,mannelijk,jeugd,algemeen Nederlands,n/a,headsetmicrofoon,48000
asda,asda,20090617,asda,0.69087327,True,mannelijk,jeugd,algemeen Nederlands,n/a,headsetmicrofoon,48000
asda,asda,20090617,asda,0.6823983,True,mannelijk,jeugd,algemeen Nederlands,n/a,headsetmicrofoon,48000
asda,asda,20090617,asda,0.7320633,True,mannelijk,jeugd,algemeen Nederlands,n/a,headsetmicrofoon,48000
asda,asda,20090617,asda,0.81400543,True,mannelijk,jeugd,algemeen Nederlands,n/a,headsetmicrofoon,48000
asda,asda,20090617,asda,0.7515017,True,mannelijk,jeugd,algemeen Nederlands,n/a,headsetmicrofoon,48000
asda,asda,20090617,asda,0.67714,True,mannelijk,jeugd,algemeen Nederlands,n/a,headsetmicrofoon,48000
asda,asda,20090617,asda,0.69530016,True,mannelijk,jeugd,algemeen Nederlands,n/a,headsetmicrofoon,48000
asda,asda,20090617,asda,0.7183669,True,mannelijk,jeugd,algemeen Nederlands,n/a,headsetmicrofoon,48000
asda,asda,20090617,asda,0.82413846,True,mannelijk,jeugd,algemeen Nederlands,n/a,headsetmicrofoon,48000
asda,asda,20090617,asda,0.7319706,True,mannelijk,jeugd,algemeen Nederlands,n/a,headsetmicrofoon,48000
asda,asda,20090617,asda,0.607618,True,mannelijk,jeugd,algemeen Nederlands,n/a,headsetmicrofoon,48000
asda,asda,20090617,asda,0.706573,True,mannelijk,jeugd,algemeen Nederlands,n/a,headsetmicrofoon,48000
asda,asda,20090617,asda,0.75521094,True,mannelijk,jeugd,algemeen Nederlands,n/a,headsetmicrofoon,48000
bakeds,bakeds,20110422,bakeds,0.7692976,True,mannelijk,jeugd,algemeen Nederlands,n/a,headsetmicrofoon,48000
bakeds,bakeds,20110422,bakeds,0.74737763,True,mannelijk,jeugd,algemeen Nederlands,n/a,headsetmicrofoon,48000
bakeds,bakeds,20110422,bakeds,0.7422603,True,mannelijk,jeugd,algemeen Nederlands,n/a,headsetmicrofoon,48000
bakeds,bakeds,20110422,bakeds,0.79033023,True,mannelijk,jeugd,algemeen Nederlands,n/a,headsetmicrofoon,48000
bakeds,bakeds,20110422,bakeds,0.72521263,True,mannelijk,jeugd,algemeen Nederlands,n/a,headsetmicrofoon,48000
bakeds,bakeds,20110422,bakeds,0.69275886,True,mannelijk,jeugd,algemeen Nederlands,n/a,headsetmicrofoon,48000
bakeds,bakeds,20110422,bakeds,0.68672526,True,mannelijk,jeugd,algemeen Nederlands,n/a,headsetmicrofoon,48000
bakeds,bakeds,20110422,bakeds,0.7669778,True,mannelijk,jeugd,algemeen Nederlands,n/a,headsetmicrofoon,48000
bakeds,bakeds,20110422,bakeds,0.69172,True,mannelijk,jeugd,algemeen Nederlands,n/a,headsetmicrofoon,48000
bakeds,bakeds,20110422,bakeds,0.69993114,True,mannelijk,jeugd,algemeen Nederlands,n/a,headsetmicrofoon,48000
bakeds,bakeds,20110422,bakeds,0.7092392,True,mannelijk,jeugd,algemeen Nederlands,n/a,headsetmicrofoon,48000
bakeds,bakeds,20110422,bakeds,0.7488646,True,mannelijk,jeugd,algemeen Nederlands,n/a,headsetmicrofoon,48000
bakeds,bakeds,20110422,bakeds,0.7487365,True,mannelijk,jeugd,algemeen Nederlands,n/a,headsetmicrofoon,48000
bakeds,bakeds,20110422,bakeds,0.6232796,True,mannelijk,jeugd,algemeen Nederlands,n/a,headsetmicrofoon,48000
bakeds,bakeds,20110422,bakeds,0.69493586,True,mannelijk,jeugd,algemeen Nederlands,n/a,headsetmicrofoon,48000
bakeds,bakeds,20110422,bakeds,0.66652346,True,mannelijk,jeugd,algemeen Nederlands,n/a,headsetmicrofoon,48000
bakeds,bakeds,20110422,bakeds,0.74588454,True,mannelijk,jeugd,algemeen Nederlands,n/a,headsetmicrofoon,48000
bakeds,bakeds,20110422,bakeds,0.74486184,True,mannelijk,jeugd,algemeen Nederlands,n/a,headsetmicrofoon,48000
Bas,Bas,20080219,Bas,0.732373,True,mannelijk,volwassen,algemeen Nederlands,n/a,studiomicrofoon,48000
Bas,Bas,20080219,Bas,0.7191975,True,mannelijk,volwassen,algemeen Nederlands,n/a,studiomicrofoon,48000
Bas,Bas,20080219,Bas,0.6436695,True,mannelijk,volwassen,algemeen Nederlands,n/a,studiomicrofoon,48000
Bas,Bas,20080219,Bas,0.6306888,True,mannelijk,volwassen,algemeen Nederlands,n/a,studiomicrofoon,48000
Bas,Bas,20080219,Bas,0.6954222,True,mannelijk,volwassen,algemeen Nederlands,n/a,studiomicrofoon,48000
Bas,Bas,20080219,Bas,0.6840874,True,mannelijk,volwassen,algemeen Nederlands,n/a,studiomicrofoon,48000
Bas,Bas,20080219,Bas,0.73233366,True,mannelijk,volwassen,algemeen Nederlands,n/a,studiomicrofoon,48000
Bas,Bas,20080219,Bas,0.6450864,True,mannelijk,volwassen,algemeen Nederlands,n/a,studiomicrofoon,48000
Bas,Bas,20080219,Bas,0.6823662,True,mannelijk,volwassen,algemeen Nederlands,n/a,studiomicrofoon,48000
Bas,Bas,20080219,Bas,0.7045335,True,mannelijk,volwassen,algemeen Nederlands,n/a,studiomicrofoon,48000
Bas,Bas,20080219,Bas,0.6497557,True,mannelijk,volwassen,algemeen Nederlands,n/a,studiomicrofoon,48000
Bas,Bas,20080219,Bas,0.66805696,True,mannelijk,volwassen,algemeen Nederlands,n/a,studiomicrofoon,48000
Bas,Bas,20080219,Bas,0.6846586,True,mannelijk,volwassen,algemeen Nederlands,n/a,studiomicrofoon,48000
Bas,Bas,20080219,Bas,0.68683314,True,mannelijk,volwassen,algemeen Nederlands,n/a,studiomicrofoon,48000
Bas,Bas,20080219,Bas,0.58889997,True,mannelijk,volwassen,algemeen Nederlands,n/a,studiomicrofoon,48000
Bas,Bas,20080219,Bas,0.6957995,True,mannelijk,volwassen,algemeen Nederlands,n/a,studiomicrofoon,48000
Bas,Bas,20080219,Bas,0.6957177,True,mannelijk,volwassen,algemeen Nederlands,n/a,studiomicrofoon,48000
Bas,Bas,20080219,Bas,0.69351035,True,mannelijk,volwassen,algemeen Nederlands,n/a,studiomicrofoon,48000
Bas,Bas,20080219,Bas,0.72554755,True,mannelijk,volwassen,algemeen Nederlands,n/a,studiomicrofoon,48000
bearhugNL,bearhugNL,20150518,bearhugNL,0.72089565,True,mannelijk,senior,algemeen Nederlands,n/a,headsetmicrofoon,48000
bearhugNL,bearhugNL,20150518,bearhugNL,0.65666944,True,mannelijk,senior,algemeen Nederlands,n/a,headsetmicrofoon,48000
bearhugNL,bearhugNL,20150518,bearhugNL,0.70344615,True,mannelijk,senior,algemeen Nederlands,n/a,headsetmicrofoon,48000
bearhugNL,bearhugNL,20150518,bearhugNL,0.7361468,True,mannelijk,senior,algemeen Nederlands,n/a,headsetmicrofoon,48000
bearhugNL,bearhugNL,20150518,bearhugNL,0.5950342,True,mannelijk,senior,algemeen Nederlands,n/a,headsetmicrofoon,48000
bearhugNL,bearhugNL,20150518,bearhugNL,0.7558805,True,mannelijk,senior,algemeen Nederlands,n/a,headsetmicrofoon,48000
bearhugNL,bearhugNL,20150518,bearhugNL,0.69312793,True,mannelijk,senior,algemeen Nederlands,n/a,headsetmicrofoon,48000
bearhugNL,bearhugNL,20150518,bearhugNL,0.7189243,True,mannelijk,senior,algemeen Nederlands,n/a,headsetmicrofoon,48000
bearhugNL,bearhugNL,20150518,bearhugNL,0.5415056,True,mannelijk,senior,algemeen Nederlands,n/a,headsetmicrofoon,48000
bearhugNL,bearhugNL,20150518,bearhugNL,0.7180688,True,mannelijk,senior,algemeen Nederlands,n/a,headsetmicrofoon,48000
bearhugNL,bearhugNL,20150518,bearhugNL,0.5549382,True,mannelijk,senior,algemeen Nederlands,n/a,headsetmicrofoon,48000
bearhugNL,bearhugNL,20150518,bearhugNL,0.6721003,True,mannelijk,senior,algemeen Nederlands,n/a,headsetmicrofoon,48000
bearhugNL,bearhugNL,20150518,bearhugNL,0.6732493,True,mannelijk,senior,algemeen Nederlands,n/a,headsetmicrofoon,48000
bearhugNL,bearhugNL,20150518,bearhugNL,0.62123466,True,mannelijk,senior,algemeen Nederlands,n/a,headsetmicrofoon,48000
bearhugNL,bearhugNL,20150518,bearhugNL,0.6329938,True,mannelijk,senior,algemeen Nederlands,n/a,headsetmicrofoon,48000
bearhugNL,bearhugNL,20150518,bearhugNL,0.70900357,True,mannelijk,senior,algemeen Nederlands,n/a,headsetmicrofoon,48000
bearhugNL,bearhugNL,20150518,bearhugNL,0.7017093,True,mannelijk,senior,algemeen Nederlands,n/a,headsetmicrofoon,48000
bearhugNL,bearhugNL,20150518,bearhugNL,0.58562815,True,mannelijk,senior,algemeen Nederlands,n/a,headsetmicrofoon,48000
bearhugNL,bearhugNL,20150518,bearhugNL,0.715249,True,mannelijk,senior,algemeen Nederlands,n/a,headsetmicrofoon,48000
bearhugNL,bearhugNL,20150518,bearhugNL,0.65066826,True,mannelijk,senior,algemeen Nederlands,n/a,headsetmicrofoon,48000
bearhugNL,bearhugNL,20150518,bearhugNL,0.61638814,True,mannelijk,senior,algemeen Nederlands,n/a,headsetmicrofoon,48000
bearhugNL,bearhugNL,20150518,bearhugNL,0.6831854,True,mannelijk,senior,algemeen Nederlands,n/a,headsetmicrofoon,48000
bearhugNL,bearhugNL,20150518,bearhugNL,0.63945186,True,mannelijk,senior,algemeen Nederlands,n/a,headsetmicrofoon,48000
bearhugNL,bearhugNL,20150518,bearhugNL,0.6711143,True,mannelijk,senior,algemeen Nederlands,n/a,headsetmicrofoon,48000
bearhugNL,bearhugNL,20150518,bearhugNL,0.6812068,True,mannelijk,senior,algemeen Nederlands,n/a,headsetmicrofoon,48000
bearhugNL,bearhugNL,20150518,bearhugNL,0.64801466,True,mannelijk,senior,algemeen Nederlands,n/a,headsetmicrofoon,48000
bearhugNL,bearhugNL,20150518,bearhugNL,0.65637565,True,mannelijk,senior,algemeen Nederlands,n/a,headsetmicrofoon,48000
bearhugNL,bearhugNL,20150518,bearhugNL,0.66634345,True,mannelijk,senior,algemeen Nederlands,n/a,headsetmicrofoon,48000
bearhugNL,bearhugNL,20150518,bearhugNL,0.6296716,True,mannelijk,senior,algemeen Nederlands,n/a,headsetmicrofoon,48000
bearhugNL,bearhugNL,20150518,bearhugNL,0.6400447,True,mannelijk,senior,algemeen Nederlands,n/a,headsetmicrofoon,48000
bearhugNL,bearhugNL,20150518,bearhugNL,0.74246395,True,mannelijk,senior,algemeen Nederlands,n/a,headsetmicrofoon,48000
bearhugNL,bearhugNL,20150518,bearhugNL,0.69554913,True,mannelijk,senior,algemeen Nederlands,n/a,headsetmicrofoon,48000
bearhugNL,bearhugNL,20150518,bearhugNL,0.74391735,True,mannelijk,senior,algemeen Nederlands,n/a,headsetmicrofoon,48000
bearhugNL,bearhugNL,20150518,bearhugNL,0.7074277,True,mannelijk,senior,algemeen Nederlands,n/a,headsetmicrofoon,48000
bearhugNL,bearhugNL,20150518,bearhugNL,0.68874884,True,mannelijk,senior,algemeen Nederlands,n/a,headsetmicrofoon,48000
bearhugNL,bearhugNL,20150518,bearhugNL,0.69692016,True,mannelijk,senior,algemeen Nederlands,n/a,headsetmicrofoon,48000
bearhugNL,bearhugNL,20150518,bearhugNL,0.6070432,True,mannelijk,senior,algemeen Nederlands,n/a,headsetmicrofoon,48000
bearhugNL,bearhugNL,20150518,bearhugNL,0.6858499,True,mannelijk,senior,algemeen Nederlands,n/a,headsetmicrofoon,48000
bearhugNL,bearhugNL,20150518,bearhugNL,0.6206989,True,mannelijk,senior,algemeen Nederlands,n/a,headsetmicrofoon,48000
bearhugNL,bearhugNL,20150518,bearhugNL,0.7177713,True,mannelijk,senior,algemeen Nederlands,n/a,headsetmicrofoon,48000
bearhugNL,bearhugNL,20150518,bearhugNL,0.69612813,True,mannelijk,senior,algemeen Nederlands,n/a,headsetmicrofoon,48000
bearhugNL,bearhugNL,20150518,bearhugNL,0.7131511,True,mannelijk,senior,algemeen Nederlands,n/a,headsetmicrofoon,48000
bearhugNL,bearhugNL,20150518,bearhugNL,0.68819046,True,mannelijk,senior,algemeen Nederlands,n/a,headsetmicrofoon,48000
bearhugNL,bearhugNL,20150518,bearhugNL,0.6997352,True,mannelijk,senior,algemeen Nederlands,n/a,headsetmicrofoon,48000
bearhugNL,bearhugNL,20150518,bearhugNL,0.62325394,True,mannelijk,senior,algemeen Nederlands,n/a,headsetmicrofoon,48000
bearhugNL,bearhugNL,20150518,bearhugNL,0.65750897,True,mannelijk,senior,algemeen Nederlands,n/a,headsetmicrofoon,48000
bearhugNL,bearhugNL,20150518,bearhugNL,0.6188868,True,mannelijk,senior,algemeen Nederlands,n/a,headsetmicrofoon,48000
bearhugNL,bearhugNL,20150518,bearhugNL,0.702344,True,mannelijk,senior,algemeen Nederlands,n/a,headsetmicrofoon,48000
bearhugNL,bearhugNL,20150518,bearhugNL,0.6382084,True,mannelijk,senior,algemeen Nederlands,n/a,headsetmicrofoon,48000
bekr,bekr,20111210,bekr,0.5533978,True,mannelijk,volwassen,algemeen Nederlands,n/a,microfoon in laptop,48000
bekr,bekr,20111210,bekr,0.6460407,True,mannelijk,volwassen,algemeen Nederlands,n/a,microfoon in laptop,48000
bekr,bekr,20111210,bekr,0.61416113,True,mannelijk,volwassen,algemeen Nederlands,n/a,microfoon in laptop,48000
bekr,bekr,20111210,bekr,0.5539997,True,mannelijk,volwassen,algemeen Nederlands,n/a,microfoon in laptop,48000
bekr,bekr,20111210,bekr,0.4562116,True,mannelijk,volwassen,algemeen Nederlands,n/a,microfoon in laptop,48000
bekr,bekr,20111210,bekr,0.66972435,True,mannelijk,volwassen,algemeen Nederlands,n/a,microfoon in laptop,48000
bekr,bekr,20111210,bekr,0.4862893,True,mannelijk,volwassen,algemeen Nederlands,n/a,microfoon in laptop,48000
bekr,bekr,20111210,bekr,0.5417403,True,mannelijk,volwassen,algemeen Nederlands,n/a,microfoon in laptop,48000
Blackdrive,Blackdrive,20160115,tomasf,0.46466085,False,mannelijk,volwassen,anders,n/a,microfoon in laptop,48000
Blackdrive,Blackdrive,20080605,Blackdrive,0.28094718,True,mannelijk,volwassen,anders,n/a,microfoon in laptop,48000
bekr,bekr,20111210,bekr,0.56700313,True,mannelijk,volwassen,algemeen Nederlands,n/a,microfoon in laptop,48000
Blackdrive,Blackdrive,20080605,Blackdrive,0.48095235,True,mannelijk,volwassen,anders,n/a,microfoon in laptop,48000
Blackdrive,Blackdrive,20160115,tomasf,0.51275873,False,mannelijk,volwassen,anders,n/a,microfoon in laptop,48000
Blackdrive,Blackdrive,20080605,Blackdrive,0.5776757,True,mannelijk,volwassen,anders,n/a,microfoon in laptop,48000
Blackdrive,Blackdrive,20080605,Blackdrive,0.3688304,True,mannelijk,volwassen,anders,n/a,microfoon in laptop,48000
Blackdrive,Blackdrive,20080605,Blackdrive,0.46429497,True,mannelijk,volwassen,anders,n/a,microfoon in laptop,48000
Blackdrive,Blackdrive,20080605,Blackdrive,0.46492088,True,mannelijk,volwassen,anders,n/a,microfoon in laptop,48000
Blackdrive,Blackdrive,20080605,Blackdrive,0.5119256,True,mannelijk,volwassen,anders,n/a,microfoon in laptop,48000
Blackdrive,Blackdrive,20081128,Hansje1980,0.3544931,False,mannelijk,volwassen,anders,n/a,microfoon in laptop,48000
Blackdrive,Blackdrive,20080605,Blackdrive,0.35669118,True,mannelijk,volwassen,anders,n/a,microfoon in laptop,48000
Blackdrive,Blackdrive,20160115,tomasf,0.48238552,False,mannelijk,volwassen,anders,n/a,microfoon in laptop,48000
Blackdrive,Blackdrive,20080605,Blackdrive,0.44543213,True,mannelijk,volwassen,anders,n/a,microfoon in laptop,48000
Blackdrive,Blackdrive,20080605,Blackdrive,0.42763302,True,mannelijk,volwassen,anders,n/a,microfoon in laptop,48000
Blackdrive,Blackdrive,20080605,Blackdrive,0.5912448,True,mannelijk,volwassen,anders,n/a,microfoon in laptop,48000
Blackdrive,Blackdrive,20080605,Blackdrive,0.65194833,True,mannelijk,volwassen,anders,n/a,microfoon in laptop,48000
Blackdrive,Blackdrive,20080605,Blackdrive,0.46861896,True,mannelijk,volwassen,anders,n/a,microfoon in laptop,48000
Blackdrive,Blackdrive,20080605,Blackdrive,0.5446008,True,mannelijk,volwassen,anders,n/a,microfoon in laptop,48000
boergait,boergait,20080414,boergait,0.7164835,True,mannelijk,volwassen,Noordoostelijk,n/a,headsetmicrofoon,48000
Blackdrive,Blackdrive,20080605,Blackdrive,0.47424123,True,mannelijk,volwassen,anders,n/a,microfoon in laptop,48000
boergait,boergait,20080414,boergait,0.7461708,True,mannelijk,volwassen,Noordoostelijk,n/a,headsetmicrofoon,48000
boergait,boergait,20080414,boergait,0.70161116,True,mannelijk,volwassen,Noordoostelijk,n/a,headsetmicrofoon,48000
boergait,boergait,20080414,boergait,0.73412514,True,mannelijk,volwassen,Noordoostelijk,n/a,headsetmicrofoon,48000
boergait,boergait,20080418,boergerrit,0.63239276,False,mannelijk,volwassen,Noordoostelijk,n/a,headsetmicrofoon,48000
boergait,boergait,20080414,boergait,0.7728486,True,mannelijk,volwassen,Noordoostelijk,n/a,headsetmicrofoon,48000
boergait,boergait,20080414,boergait,0.85219026,True,mannelijk,volwassen,Noordoostelijk,n/a,headsetmicrofoon,48000
boergait,boergait,20080414,boergait,0.81437814,True,mannelijk,volwassen,Noordoostelijk,n/a,headsetmicrofoon,48000
boergait,boergait,20080414,boergait,0.7589741,True,mannelijk,volwassen,Noordoostelijk,n/a,headsetmicrofoon,48000
boergait,boergait,20080414,boergait,0.64547443,True,mannelijk,volwassen,Noordoostelijk,n/a,headsetmicrofoon,48000
boergait,boergait,20080414,boergait,0.63674057,True,mannelijk,volwassen,Noordoostelijk,n/a,headsetmicrofoon,48000
boergait,boergait,20080414,boergait,0.67693806,True,mannelijk,volwassen,Noordoostelijk,n/a,headsetmicrofoon,48000
boergait,boergait,20080414,boergait,0.63840425,True,mannelijk,volwassen,Noordoostelijk,n/a,headsetmicrofoon,48000
boergait,boergait,20080414,boergait,0.7156985,True,mannelijk,volwassen,Noordoostelijk,n/a,headsetmicrofoon,48000
boergait,boergait,20080414,boergait,0.72995913,True,mannelijk,volwassen,Noordoostelijk,n/a,headsetmicrofoon,48000
boergait,boergait,20080418,boergerrit,0.6804483,False,mannelijk,volwassen,Noordoostelijk,n/a,headsetmicrofoon,48000
boergait,boergait,20080414,boergait,0.6626909,True,mannelijk,volwassen,Noordoostelijk,n/a,headsetmicrofoon,48000
boergait,boergait,20080414,boergait,0.64207673,True,mannelijk,volwassen,Noordoostelijk,n/a,headsetmicrofoon,48000
boergait,boergait,20080414,boergait,0.70288837,True,mannelijk,volwassen,Noordoostelijk,n/a,headsetmicrofoon,48000
boergait,boergait,20080418,boergerrit,0.62808645,False,mannelijk,volwassen,Noordoostelijk,n/a,headsetmicrofoon,48000
boergait,boergait,20080414,boergait,0.69659126,True,mannelijk,volwassen,Noordoostelijk,n/a,headsetmicrofoon,48000
boergait,boergait,20080414,boergait,0.65040594,True,mannelijk,volwassen,Noordoostelijk,n/a,headsetmicrofoon,48000
boergait,boergait,20080418,boergerrit,0.7382026,False,mannelijk,volwassen,Noordoostelijk,n/a,headsetmicrofoon,48000
boergait,boergait,20080414,boergait,0.70947194,True,mannelijk,volwassen,Noordoostelijk,n/a,headsetmicrofoon,48000
boergait,boergait,20080414,boergait,0.59873354,True,mannelijk,volwassen,Noordoostelijk,n/a,headsetmicrofoon,48000
boergait,boergait,20080414,boergait,0.6885212,True,mannelijk,volwassen,Noordoostelijk,n/a,headsetmicrofoon,48000
boergait,boergait,20080418,boergerrit,0.6916635,False,mannelijk,volwassen,Noordoostelijk,n/a,headsetmicrofoon,48000
boergait,boergait,20080414,boergait,0.6472621,True,mannelijk,volwassen,Noordoostelijk,n/a,headsetmicrofoon,48000
boergait,boergait,20080418,boergerrit,0.67686033,False,mannelijk,volwassen,Noordoostelijk,n/a,headsetmicrofoon,48000
boergait,boergait,20080414,boergait,0.79736745,True,mannelijk,volwassen,Noordoostelijk,n/a,headsetmicrofoon,48000
boergait,boergait,20080414,boergait,0.71273327,True,mannelijk,volwassen,Noordoostelijk,n/a,headsetmicrofoon,48000
boergait,boergait,20080414,boergait,0.6918894,True,mannelijk,volwassen,Noordoostelijk,n/a,headsetmicrofoon,48000
boergait,boergait,20080414,boergait,0.73184645,True,mannelijk,volwassen,Noordoostelijk,n/a,headsetmicrofoon,48000
boergait,boergait,20080414,boergait,0.7595022,True,mannelijk,volwassen,Noordoostelijk,n/a,headsetmicrofoon,48000
boergait,boergait,20080414,boergait,0.75334835,True,mannelijk,volwassen,Noordoostelijk,n/a,headsetmicrofoon,48000
boergait,boergait,20080414,boergait,0.7109101,True,mannelijk,volwassen,Noordoostelijk,n/a,headsetmicrofoon,48000
boergait,boergait,20080414,boergait,0.6387111,True,mannelijk,volwassen,Noordoostelijk,n/a,headsetmicrofoon,48000
boergait,boergait,20080414,boergait,0.73774683,True,mannelijk,volwassen,Noordoostelijk,n/a,headsetmicrofoon,48000
boergait,boergait,20080414,boergait,0.79005253,True,mannelijk,volwassen,Noordoostelijk,n/a,headsetmicrofoon,48000
boergait,boergait,20080414,boergait,0.5963079,True,mannelijk,volwassen,Noordoostelijk,n/a,headsetmicrofoon,48000
boergait,boergait,20080414,boergait,0.6835927,True,mannelijk,volwassen,Noordoostelijk,n/a,headsetmicrofoon,48000
boergait,boergait,20080414,boergait,0.6605428,True,mannelijk,volwassen,Noordoostelijk,n/a,headsetmicrofoon,48000
boergait,boergait,20080414,boergait,0.79525185,True,mannelijk,volwassen,Noordoostelijk,n/a,headsetmicrofoon,48000
boergait,boergait,20080414,boergait,0.816768,True,mannelijk,volwassen,Noordoostelijk,n/a,headsetmicrofoon,48000
boergait,boergait,20080414,boergait,0.7681696,True,mannelijk,volwassen,Noordoostelijk,n/a,headsetmicrofoon,48000
boergait,boergait,20080414,boergait,0.7918506,True,mannelijk,volwassen,Noordoostelijk,n/a,headsetmicrofoon,48000
boergait,boergait,20080414,boergait,0.7714447,True,mannelijk,volwassen,Noordoostelijk,n/a,headsetmicrofoon,48000
boergait,boergait,20080414,boergait,0.60659075,True,mannelijk,volwassen,Noordoostelijk,n/a,headsetmicrofoon,48000
boergait,boergait,20080414,boergait,0.62720823,True,mannelijk,volwassen,Noordoostelijk,n/a,headsetmicrofoon,48000
boergait,boergait,20080414,boergait,0.6524853,True,mannelijk,volwassen,Noordoostelijk,n/a,headsetmicrofoon,48000
boergait,boergait,20080414,boergait,0.65936846,True,mannelijk,volwassen,Noordoostelijk,n/a,headsetmicrofoon,48000
boergait,boergait,20080414,boergait,0.768801,True,mannelijk,volwassen,Noordoostelijk,n/a,headsetmicrofoon,48000
boergait,boergait,20080414,boergait,0.75204945,True,mannelijk,volwassen,Noordoostelijk,n/a,headsetmicrofoon,48000
boergait,boergait,20080414,boergait,0.693357,True,mannelijk,volwassen,Noordoostelijk,n/a,headsetmicrofoon,48000
boergait,boergait,20080414,boergait,0.57001287,True,mannelijk,volwassen,Noordoostelijk,n/a,headsetmicrofoon,48000
boergait,boergait,20080414,boergait,0.6347225,True,mannelijk,volwassen,Noordoostelijk,n/a,headsetmicrofoon,48000
boergait,boergait,20080418,boergerrit,0.43693206,False,mannelijk,volwassen,Noordoostelijk,n/a,headsetmicrofoon,48000
boergait,boergait,20080414,boergait,0.8099021,True,mannelijk,volwassen,Noordoostelijk,n/a,headsetmicrofoon,48000
boergait,boergait,20080414,boergait,0.694929,True,mannelijk,volwassen,Noordoostelijk,n/a,headsetmicrofoon,48000
boergait,boergait,20080414,boergait,0.6038526,True,mannelijk,volwassen,Noordoostelijk,n/a,headsetmicrofoon,48000
boergait,boergait,20080414,boergait,0.77619565,True,mannelijk,volwassen,Noordoostelijk,n/a,headsetmicrofoon,48000
boergait,boergait,20080418,boergerrit,0.6974484,False,mannelijk,volwassen,Noordoostelijk,n/a,headsetmicrofoon,48000
boergait,boergait,20080418,boergerrit,0.55930305,False,mannelijk,volwassen,Noordoostelijk,n/a,headsetmicrofoon,48000
boergait,boergait,20080414,boergait,0.62682545,True,mannelijk,volwassen,Noordoostelijk,n/a,headsetmicrofoon,48000
boergait,boergait,20080414,boergait,0.662398,True,mannelijk,volwassen,Noordoostelijk,n/a,headsetmicrofoon,48000
boergait,boergait,20080414,boergait,0.7576921,True,mannelijk,volwassen,Noordoostelijk,n/a,headsetmicrofoon,48000
boergait,boergait,20080414,boergait,0.78067267,True,mannelijk,volwassen,Noordoostelijk,n/a,headsetmicrofoon,48000
boergait,boergait,20080414,boergait,0.65264285,True,mannelijk,volwassen,Noordoostelijk,n/a,headsetmicrofoon,48000
boergait,boergait,20080414,boergait,0.796453,True,mannelijk,volwassen,Noordoostelijk,n/a,headsetmicrofoon,48000
boergait,boergait,20080414,boergait,0.6660802,True,mannelijk,volwassen,Noordoostelijk,n/a,headsetmicrofoon,48000
boergait,boergait,20080414,boergait,0.80205023,True,mannelijk,volwassen,Noordoostelijk,n/a,headsetmicrofoon,48000
boergait,boergait,20080414,boergait,0.73468256,True,mannelijk,volwassen,Noordoostelijk,n/a,headsetmicrofoon,48000
boergait,boergait,20080414,boergait,0.7772767,True,mannelijk,volwassen,Noordoostelijk,n/a,headsetmicrofoon,48000
boergait,boergait,20080414,boergait,0.81541085,True,mannelijk,volwassen,Noordoostelijk,n/a,headsetmicrofoon,48000
boergait,boergait,20080414,boergait,0.7514939,True,mannelijk,volwassen,Noordoostelijk,n/a,headsetmicrofoon,48000
boergait,boergait,20080414,boergait,0.69982946,True,mannelijk,volwassen,Noordoostelijk,n/a,headsetmicrofoon,48000
boergait,boergait,20080414,boergait,0.7676314,True,mannelijk,volwassen,Noordoostelijk,n/a,headsetmicrofoon,48000
boergait,boergait,20080414,boergait,0.7707604,True,mannelijk,volwassen,Noordoostelijk,n/a,headsetmicrofoon,48000
boergait,boergait,20080414,boergait,0.6951298,True,mannelijk,volwassen,Noordoostelijk,n/a,headsetmicrofoon,48000
boergait,boergait,20080414,boergait,0.71323675,True,mannelijk,volwassen,Noordoostelijk,n/a,headsetmicrofoon,48000
boergait,boergait,20080414,boergait,0.7778959,True,mannelijk,volwassen,Noordoostelijk,n/a,headsetmicrofoon,48000
boergait,boergait,20080414,boergait,0.66930526,True,mannelijk,volwassen,Noordoostelijk,n/a,headsetmicrofoon,48000
boergait,boergait,20080414,boergait,0.8181007,True,mannelijk,volwassen,Noordoostelijk,n/a,headsetmicrofoon,48000
boergait,boergait,20080414,boergait,0.68173736,True,mannelijk,volwassen,Noordoostelijk,n/a,headsetmicrofoon,48000
boergait,boergait,20080414,boergait,0.79004014,True,mannelijk,volwassen,Noordoostelijk,n/a,headsetmicrofoon,48000
boergait,boergait,20080414,boergait,0.71252173,True,mannelijk,volwassen,Noordoostelijk,n/a,headsetmicrofoon,48000
boergait,boergait,20080414,boergait,0.7253977,True,mannelijk,volwassen,Noordoostelijk,n/a,headsetmicrofoon,48000
boergait,boergait,20080414,boergait,0.71506,True,mannelijk,volwassen,Noordoostelijk,n/a,headsetmicrofoon,48000
boergait,boergait,20080414,boergait,0.6961332,True,mannelijk,volwassen,Noordoostelijk,n/a,headsetmicrofoon,48000
boergait,boergait,20080414,boergait,0.69011825,True,mannelijk,volwassen,Noordoostelijk,n/a,headsetmicrofoon,48000
boergait,boergait,20080414,boergait,0.6981802,True,mannelijk,volwassen,Noordoostelijk,n/a,headsetmicrofoon,48000
boergait,boergait,20080414,boergait,0.73943436,True,mannelijk,volwassen,Noordoostelijk,n/a,headsetmicrofoon,48000
boergait,boergait,20080414,boergait,0.6890507,True,mannelijk,volwassen,Noordoostelijk,n/a,headsetmicrofoon,48000
boergait,boergait,20080414,boergait,0.76802087,True,mannelijk,volwassen,Noordoostelijk,n/a,headsetmicrofoon,48000
boergait,boergait,20080418,boergerrit,0.66351914,False,mannelijk,volwassen,Noordoostelijk,n/a,headsetmicrofoon,48000
boergait,boergait,20080414,boergait,0.74841505,True,mannelijk,volwassen,Noordoostelijk,n/a,headsetmicrofoon,48000
boergait,boergait,20080418,boergerrit,0.7352007,False,mannelijk,volwassen,Noordoostelijk,n/a,headsetmicrofoon,48000
boergait,boergait,20080414,boergait,0.7230127,True,mannelijk,volwassen,Noordoostelijk,n/a,headsetmicrofoon,48000
boergait,boergait,20080418,boergerrit,0.7013481,False,mannelijk,volwassen,Noordoostelijk,n/a,headsetmicrofoon,48000
boergait,boergait,20080414,boergait,0.80483913,True,mannelijk,volwassen,Noordoostelijk,n/a,headsetmicrofoon,48000
boergait,boergait,20080418,boergerrit,0.74791205,False,mannelijk,volwassen,Noordoostelijk,n/a,headsetmicrofoon,48000
boergait,boergait,20080414,boergait,0.67599964,True,mannelijk,volwassen,Noordoostelijk,n/a,headsetmicrofoon,48000
boergait,boergait,20080414,boergait,0.72623175,True,mannelijk,volwassen,Noordoostelijk,n/a,headsetmicrofoon,48000
boergait,boergait,20080414,boergait,0.7182559,True,mannelijk,volwassen,Noordoostelijk,n/a,headsetmicrofoon,48000
boergait,boergait,20080414,boergait,0.7157649,True,mannelijk,volwassen,Noordoostelijk,n/a,headsetmicrofoon,48000
boergait,boergait,20080414,boergait,0.77777505,True,mannelijk,volwassen,Noordoostelijk,n/a,headsetmicrofoon,48000
boergait,boergait,20080414,boergait,0.7640882,True,mannelijk,volwassen,Noordoostelijk,n/a,headsetmicrofoon,48000
boergait,boergait,20080414,boergait,0.593081,True,mannelijk,volwassen,Noordoostelijk,n/a,headsetmicrofoon,48000
boergait,boergait,20080414,boergait,0.741346,True,mannelijk,volwassen,Noordoostelijk,n/a,headsetmicrofoon,48000
boergait,boergait,20080414,boergait,0.81571126,True,mannelijk,volwassen,Noordoostelijk,n/a,headsetmicrofoon,48000
boergait,boergait,20080414,boergait,0.7532736,True,mannelijk,volwassen,Noordoostelijk,n/a,headsetmicrofoon,48000
boergait,boergait,20080414,boergait,0.7424213,True,mannelijk,volwassen,Noordoostelijk,n/a,headsetmicrofoon,48000
boergait,boergait,20080414,boergait,0.66063905,True,mannelijk,volwassen,Noordoostelijk,n/a,headsetmicrofoon,48000
boergait,boergait,20080414,boergait,0.739991,True,mannelijk,volwassen,Noordoostelijk,n/a,headsetmicrofoon,48000
boergait,boergait,20080414,boergait,0.8045236,True,mannelijk,volwassen,Noordoostelijk,n/a,headsetmicrofoon,48000
boergait,boergait,20080414,boergait,0.70792484,True,mannelijk,volwassen,Noordoostelijk,n/a,headsetmicrofoon,48000
boergait,boergait,20080414,boergait,0.74957204,True,mannelijk,volwassen,Noordoostelijk,n/a,headsetmicrofoon,48000
boergait,boergait,20080414,boergait,0.75163674,True,mannelijk,volwassen,Noordoostelijk,n/a,headsetmicrofoon,48000
boergait,boergait,20080414,boergait,0.77308065,True,mannelijk,volwassen,Noordoostelijk,n/a,headsetmicrofoon,48000
boergait,boergait,20080418,boergerrit,0.6882885,False,mannelijk,volwassen,Noordoostelijk,n/a,headsetmicrofoon,48000
boergait,boergait,20080418,boergerrit,0.6735116,False,mannelijk,volwassen,Noordoostelijk,n/a,headsetmicrofoon,48000
boergait,boergait,20080414,boergait,0.654916,True,mannelijk,volwassen,Noordoostelijk,n/a,headsetmicrofoon,48000
boergait,boergait,20080414,boergait,0.6948466,True,mannelijk,volwassen,Noordoostelijk,n/a,headsetmicrofoon,48000
boergait,boergait,20080414,boergait,0.71095,True,mannelijk,volwassen,Noordoostelijk,n/a,headsetmicrofoon,48000
boergait,boergait,20080414,boergait,0.7095752,True,mannelijk,volwassen,Noordoostelijk,n/a,headsetmicrofoon,48000
boergait,boergait,20080414,boergait,0.6688695,True,mannelijk,volwassen,Noordoostelijk,n/a,headsetmicrofoon,48000
boergait,boergait,20080414,boergait,0.66430676,True,mannelijk,volwassen,Noordoostelijk,n/a,headsetmicrofoon,48000
boergait,boergait,20080414,boergait,0.6476883,True,mannelijk,volwassen,Noordoostelijk,n/a,headsetmicrofoon,48000
boergait,boergait,20080414,boergait,0.6978782,True,mannelijk,volwassen,Noordoostelijk,n/a,headsetmicrofoon,48000
boergait,boergait,20080414,boergait,0.81761754,True,mannelijk,volwassen,Noordoostelijk,n/a,headsetmicrofoon,48000
boergait,boergait,20080418,boergerrit,0.67270947,False,mannelijk,volwassen,Noordoostelijk,n/a,headsetmicrofoon,48000
boergait,boergait,20080414,boergait,0.7488551,True,mannelijk,volwassen,Noordoostelijk,n/a,headsetmicrofoon,48000
boergait,boergait,20080418,boergerrit,0.726279,False,mannelijk,volwassen,Noordoostelijk,n/a,headsetmicrofoon,48000
boergait,boergait,20080414,boergait,0.7064134,True,mannelijk,volwassen,Noordoostelijk,n/a,headsetmicrofoon,48000
boergait,boergait,20080418,boergerrit,0.47863704,False,mannelijk,volwassen,Noordoostelijk,n/a,headsetmicrofoon,48000
boergait,boergait,20080414,boergait,0.7478719,True,mannelijk,volwassen,Noordoostelijk,n/a,headsetmicrofoon,48000
boergait,boergait,20080414,boergait,0.68566227,True,mannelijk,volwassen,Noordoostelijk,n/a,headsetmicrofoon,48000
boergait,boergait,20080414,boergait,0.73712146,True,mannelijk,volwassen,Noordoostelijk,n/a,headsetmicrofoon,48000
boergait,boergait,20080414,boergait,0.7694073,True,mannelijk,volwassen,Noordoostelijk,n/a,headsetmicrofoon,48000
boergait,boergait,20080414,boergait,0.6058316,True,mannelijk,volwassen,Noordoostelijk,n/a,headsetmicrofoon,48000
boergait,boergait,20080414,boergait,0.7071814,True,mannelijk,volwassen,Noordoostelijk,n/a,headsetmicrofoon,48000
boergait,boergait,20080418,boergerrit,0.69626796,False,mannelijk,volwassen,Noordoostelijk,n/a,headsetmicrofoon,48000
boergait,boergait,20080418,boergerrit,0.6451719,False,mannelijk,volwassen,Noordoostelijk,n/a,headsetmicrofoon,48000
boergait,boergait,20080414,boergait,0.73330045,True,mannelijk,volwassen,Noordoostelijk,n/a,headsetmicrofoon,48000
boergait,boergait,20080414,boergait,0.75942326,True,mannelijk,volwassen,Noordoostelijk,n/a,headsetmicrofoon,48000
boergait,boergait,20080414,boergait,0.6573425,True,mannelijk,volwassen,Noordoostelijk,n/a,headsetmicrofoon,48000
boergait,boergait,20080414,boergait,0.7460878,True,mannelijk,volwassen,Noordoostelijk,n/a,headsetmicrofoon,48000
boergait,boergait,20080414,boergait,0.6663698,True,mannelijk,volwassen,Noordoostelijk,n/a,headsetmicrofoon,48000
boergait,boergait,20080414,boergait,0.7105646,True,mannelijk,volwassen,Noordoostelijk,n/a,headsetmicrofoon,48000
boergait,boergait,20080418,boergerrit,0.7179149,False,mannelijk,volwassen,Noordoostelijk,n/a,headsetmicrofoon,48000
boergait,boergait,20080414,boergait,0.60475695,True,mannelijk,volwassen,Noordoostelijk,n/a,headsetmicrofoon,48000
boergait,boergait,20120930,Pleytos,0.5319611,False,mannelijk,volwassen,Noordoostelijk,n/a,headsetmicrofoon,48000
boergait,boergait,20080414,boergait,0.7281495,True,mannelijk,volwassen,Noordoostelijk,n/a,headsetmicrofoon,48000
boergait,boergait,20080414,boergait,0.5722858,True,mannelijk,volwassen,Noordoostelijk,n/a,headsetmicrofoon,48000
boergait,boergait,20080414,boergait,0.7127228,True,mannelijk,volwassen,Noordoostelijk,n/a,headsetmicrofoon,48000
boergait,boergait,20080414,boergait,0.69318414,True,mannelijk,volwassen,Noordoostelijk,n/a,headsetmicrofoon,48000
boergait,boergait,20080414,boergait,0.54673064,True,mannelijk,volwassen,Noordoostelijk,n/a,headsetmicrofoon,48000
boergait,boergait,20080414,boergait,0.6795616,True,mannelijk,volwassen,Noordoostelijk,n/a,headsetmicrofoon,48000
boergait,boergait,20080414,boergait,0.6599381,True,mannelijk,volwassen,Noordoostelijk,n/a,headsetmicrofoon,48000
boergait,boergait,20080414,boergait,0.7762128,True,mannelijk,volwassen,Noordoostelijk,n/a,headsetmicrofoon,48000
boergait,boergait,20080414,boergait,0.7138088,True,mannelijk,volwassen,Noordoostelijk,n/a,headsetmicrofoon,48000
boergait,boergait,20080414,boergait,0.7224053,True,mannelijk,volwassen,Noordoostelijk,n/a,headsetmicrofoon,48000
boergait,boergait,20080414,boergait,0.75388056,True,mannelijk,volwassen,Noordoostelijk,n/a,headsetmicrofoon,48000
boergait,boergait,20080414,boergait,0.7838132,True,mannelijk,volwassen,Noordoostelijk,n/a,headsetmicrofoon,48000
boergait,boergait,20080414,boergait,0.73282754,True,mannelijk,volwassen,Noordoostelijk,n/a,headsetmicrofoon,48000
boergait,boergait,20080418,boergerrit,0.6083661,False,mannelijk,volwassen,Noordoostelijk,n/a,headsetmicrofoon,48000
boergait,boergait,20080414,boergait,0.7553711,True,mannelijk,volwassen,Noordoostelijk,n/a,headsetmicrofoon,48000
boergait,boergait,20080414,boergait,0.8132324,True,mannelijk,volwassen,Noordoostelijk,n/a,headsetmicrofoon,48000
boergait,boergait,20080414,boergait,0.7802783,True,mannelijk,volwassen,Noordoostelijk,n/a,headsetmicrofoon,48000
boergait,boergait,20080414,boergait,0.76142347,True,mannelijk,volwassen,Noordoostelijk,n/a,headsetmicrofoon,48000
boergait,boergait,20080414,boergait,0.5748096,True,mannelijk,volwassen,Noordoostelijk,n/a,headsetmicrofoon,48000
boergait,boergait,20080414,boergait,0.7954588,True,mannelijk,volwassen,Noordoostelijk,n/a,headsetmicrofoon,48000
boergait,boergait,20080414,boergait,0.6896119,True,mannelijk,volwassen,Noordoostelijk,n/a,headsetmicrofoon,48000
boergait,boergait,20080418,boergerrit,0.78008205,False,mannelijk,volwassen,Noordoostelijk,n/a,headsetmicrofoon,48000
boergait,boergait,20080414,boergait,0.67160076,True,mannelijk,volwassen,Noordoostelijk,n/a,headsetmicrofoon,48000
boergait,boergait,20080418,boergerrit,0.68565494,False,mannelijk,volwassen,Noordoostelijk,n/a,headsetmicrofoon,48000
boergait,boergait,20080414,boergait,0.65727365,True,mannelijk,volwassen,Noordoostelijk,n/a,headsetmicrofoon,48000
boergait,boergait,20080414,boergait,0.7189232,True,mannelijk,volwassen,Noordoostelijk,n/a,headsetmicrofoon,48000
boergait,boergait,20080414,boergait,0.7026595,True,mannelijk,volwassen,Noordoostelijk,n/a,headsetmicrofoon,48000
boergait,boergait,20080414,boergait,0.7484094,True,mannelijk,volwassen,Noordoostelijk,n/a,headsetmicrofoon,48000
boergait,boergait,20080414,boergait,0.7004113,True,mannelijk,volwassen,Noordoostelijk,n/a,headsetmicrofoon,48000
boergait,boergait,20080414,boergait,0.7425126,True,mannelijk,volwassen,Noordoostelijk,n/a,headsetmicrofoon,48000
boergait,boergait,20080414,boergait,0.68751,True,mannelijk,volwassen,Noordoostelijk,n/a,headsetmicrofoon,48000
boergait,boergait,20080414,boergait,0.77168655,True,mannelijk,volwassen,Noordoostelijk,n/a,headsetmicrofoon,48000
boergait,boergait,20080414,boergait,0.7234234,True,mannelijk,volwassen,Noordoostelijk,n/a,headsetmicrofoon,48000
boergait,boergait,20080414,boergait,0.72455484,True,mannelijk,volwassen,Noordoostelijk,n/a,headsetmicrofoon,48000
boergait,boergait,20080414,boergait,0.56219894,True,mannelijk,volwassen,Noordoostelijk,n/a,headsetmicrofoon,48000
boergait,boergait,20080414,boergait,0.62797475,True,mannelijk,volwassen,Noordoostelijk,n/a,headsetmicrofoon,48000
boergait,boergait,20080414,boergait,0.62769765,True,mannelijk,volwassen,Noordoostelijk,n/a,headsetmicrofoon,48000
boergait,boergait,20080414,boergait,0.72256505,True,mannelijk,volwassen,Noordoostelijk,n/a,headsetmicrofoon,48000
boergait,boergait,20080418,boergerrit,0.67615354,False,mannelijk,volwassen,Noordoostelijk,n/a,headsetmicrofoon,48000
boergait,boergait,20080414,boergait,0.74213994,True,mannelijk,volwassen,Noordoostelijk,n/a,headsetmicrofoon,48000
boergait,boergait,20080414,boergait,0.7328496,True,mannelijk,volwassen,Noordoostelijk,n/a,headsetmicrofoon,48000
boergait,boergait,20080414,boergait,0.69691676,True,mannelijk,volwassen,Noordoostelijk,n/a,headsetmicrofoon,48000
boergait,boergait,20080414,boergait,0.75209296,True,mannelijk,volwassen,Noordoostelijk,n/a,headsetmicrofoon,48000
boergait,boergait,20080414,boergait,0.6850507,True,mannelijk,volwassen,Noordoostelijk,n/a,headsetmicrofoon,48000
boergait,boergait,20080414,boergait,0.669482,True,mannelijk,volwassen,Noordoostelijk,n/a,headsetmicrofoon,48000
boergait,boergait,20080414,boergait,0.7356889,True,mannelijk,volwassen,Noordoostelijk,n/a,headsetmicrofoon,48000
boergait,boergait,20080414,boergait,0.7220106,True,mannelijk,volwassen,Noordoostelijk,n/a,headsetmicrofoon,48000
boergait,boergait,20080414,boergait,0.7782308,True,mannelijk,volwassen,Noordoostelijk,n/a,headsetmicrofoon,48000
boergait,boergait,20080414,boergait,0.6737168,True,mannelijk,volwassen,Noordoostelijk,n/a,headsetmicrofoon,48000
boergait,boergait,20080414,boergait,0.7196124,True,mannelijk,volwassen,Noordoostelijk,n/a,headsetmicrofoon,48000
boergait,boergait,20080414,boergait,0.69446236,True,mannelijk,volwassen,Noordoostelijk,n/a,headsetmicrofoon,48000
boergait,boergait,20080414,boergait,0.67580175,True,mannelijk,volwassen,Noordoostelijk,n/a,headsetmicrofoon,48000
boergait,boergait,20080414,boergait,0.83382237,True,mannelijk,volwassen,Noordoostelijk,n/a,headsetmicrofoon,48000
boergait,boergait,20080414,boergait,0.7648767,True,mannelijk,volwassen,Noordoostelijk,n/a,headsetmicrofoon,48000
boergait,boergait,20080414,boergait,0.76120603,True,mannelijk,volwassen,Noordoostelijk,n/a,headsetmicrofoon,48000
boergait,boergait,20080414,boergait,0.6644167,True,mannelijk,volwassen,Noordoostelijk,n/a,headsetmicrofoon,48000
boergait,boergait,20080414,boergait,0.6663641,True,mannelijk,volwassen,Noordoostelijk,n/a,headsetmicrofoon,48000
boergait,boergait,20080414,boergait,0.7802242,True,mannelijk,volwassen,Noordoostelijk,n/a,headsetmicrofoon,48000
boergait,boergait,20080414,boergait,0.72047114,True,mannelijk,volwassen,Noordoostelijk,n/a,headsetmicrofoon,48000
boergait,boergait,20080414,boergait,0.725161,True,mannelijk,volwassen,Noordoostelijk,n/a,headsetmicrofoon,48000
boergait,boergait,20080414,boergait,0.7828882,True,mannelijk,volwassen,Noordoostelijk,n/a,headsetmicrofoon,48000
boergait,boergait,20080414,boergait,0.7260562,True,mannelijk,volwassen,Noordoostelijk,n/a,headsetmicrofoon,48000
boergait,boergait,20080414,boergait,0.6841608,True,mannelijk,volwassen,Noordoostelijk,n/a,headsetmicrofoon,48000
boergait,boergait,20080414,boergait,0.7408792,True,mannelijk,volwassen,Noordoostelijk,n/a,headsetmicrofoon,48000
boergait,boergait,20080414,boergait,0.744156,True,mannelijk,volwassen,Noordoostelijk,n/a,headsetmicrofoon,48000
boergait,boergait,20080414,boergait,0.79965365,True,mannelijk,volwassen,Noordoostelijk,n/a,headsetmicrofoon,48000
boergait,boergait,20080414,boergait,0.616963,True,mannelijk,volwassen,Noordoostelijk,n/a,headsetmicrofoon,48000
boergait,boergait,20080414,boergait,0.6739805,True,mannelijk,volwassen,Noordoostelijk,n/a,headsetmicrofoon,48000
boergait,boergait,20080414,boergait,0.76733005,True,mannelijk,volwassen,Noordoostelijk,n/a,headsetmicrofoon,48000
boergait,boergait,20080414,boergait,0.7225522,True,mannelijk,volwassen,Noordoostelijk,n/a,headsetmicrofoon,48000
boergait,boergait,20080414,boergait,0.74999535,True,mannelijk,volwassen,Noordoostelijk,n/a,headsetmicrofoon,48000
boergait,boergait,20080414,boergait,0.6850395,True,mannelijk,volwassen,Noordoostelijk,n/a,headsetmicrofoon,48000
boergait,boergait,20080414,boergait,0.77753764,True,mannelijk,volwassen,Noordoostelijk,n/a,headsetmicrofoon,48000
boergait,boergait,20080414,boergait,0.73107487,True,mannelijk,volwassen,Noordoostelijk,n/a,headsetmicrofoon,48000
boergait,boergait,20080414,boergait,0.7354258,True,mannelijk,volwassen,Noordoostelijk,n/a,headsetmicrofoon,48000
boergait,boergait,20080414,boergait,0.6912606,True,mannelijk,volwassen,Noordoostelijk,n/a,headsetmicrofoon,48000
boergait,boergait,20080414,boergait,0.70155525,True,mannelijk,volwassen,Noordoostelijk,n/a,headsetmicrofoon,48000
boergait,boergait,20080414,boergait,0.7530406,True,mannelijk,volwassen,Noordoostelijk,n/a,headsetmicrofoon,48000
boergait,boergait,20080418,boergerrit,0.6233895,False,mannelijk,volwassen,Noordoostelijk,n/a,headsetmicrofoon,48000
boergait,boergait,20080414,boergait,0.7627244,True,mannelijk,volwassen,Noordoostelijk,n/a,headsetmicrofoon,48000
boergait,boergait,20080414,boergait,0.76455647,True,mannelijk,volwassen,Noordoostelijk,n/a,headsetmicrofoon,48000
boergait,boergait,20080414,boergait,0.7710391,True,mannelijk,volwassen,Noordoostelijk,n/a,headsetmicrofoon,48000
boergait,boergait,20080414,boergait,0.72210324,True,mannelijk,volwassen,Noordoostelijk,n/a,headsetmicrofoon,48000
boergait,boergait,20080414,boergait,0.7428125,True,mannelijk,volwassen,Noordoostelijk,n/a,headsetmicrofoon,48000
boergait,boergait,20080414,boergait,0.7163614,True,mannelijk,volwassen,Noordoostelijk,n/a,headsetmicrofoon,48000
boergait,boergait,20080414,boergait,0.66816926,True,mannelijk,volwassen,Noordoostelijk,n/a,headsetmicrofoon,48000
boergait,boergait,20080414,boergait,0.6342475,True,mannelijk,volwassen,Noordoostelijk,n/a,headsetmicrofoon,48000
boergait,boergait,20080414,boergait,0.6930313,True,mannelijk,volwassen,Noordoostelijk,n/a,headsetmicrofoon,48000
boergait,boergait,20080414,boergait,0.6914772,True,mannelijk,volwassen,Noordoostelijk,n/a,headsetmicrofoon,48000
boergait,boergait,20080414,boergait,0.7174936,True,mannelijk,volwassen,Noordoostelijk,n/a,headsetmicrofoon,48000
boergait,boergait,20080414,boergait,0.7604451,True,mannelijk,volwassen,Noordoostelijk,n/a,headsetmicrofoon,48000
boergait,boergait,20080414,boergait,0.62928134,True,mannelijk,volwassen,Noordoostelijk,n/a,headsetmicrofoon,48000
boergait,boergait,20080414,boergait,0.7601094,True,mannelijk,volwassen,Noordoostelijk,n/a,headsetmicrofoon,48000
boergait,boergait,20080414,boergait,0.5776857,True,mannelijk,volwassen,Noordoostelijk,n/a,headsetmicrofoon,48000
boergait,boergait,20080414,boergait,0.7616074,True,mannelijk,volwassen,Noordoostelijk,n/a,headsetmicrofoon,48000
boergait,boergait,20080414,boergait,0.63831884,True,mannelijk,volwassen,Noordoostelijk,n/a,headsetmicrofoon,48000
boergait,boergait,20080414,boergait,0.70893043,True,mannelijk,volwassen,Noordoostelijk,n/a,headsetmicrofoon,48000
boergait,boergait,20080414,boergait,0.7350024,True,mannelijk,volwassen,Noordoostelijk,n/a,headsetmicrofoon,48000
boergait,boergait,20080414,boergait,0.8141309,True,mannelijk,volwassen,Noordoostelijk,n/a,headsetmicrofoon,48000
boergait,boergait,20080414,boergait,0.71546936,True,mannelijk,volwassen,Noordoostelijk,n/a,headsetmicrofoon,48000
boergait,boergait,20080414,boergait,0.7813691,True,mannelijk,volwassen,Noordoostelijk,n/a,headsetmicrofoon,48000
boergait,boergait,20080414,boergait,0.80496544,True,mannelijk,volwassen,Noordoostelijk,n/a,headsetmicrofoon,48000
boergait,boergait,20080414,boergait,0.78768426,True,mannelijk,volwassen,Noordoostelijk,n/a,headsetmicrofoon,48000
boergait,boergait,20080414,boergait,0.72825253,True,mannelijk,volwassen,Noordoostelijk,n/a,headsetmicrofoon,48000
boergait,boergait,20080414,boergait,0.77686995,True,mannelijk,volwassen,Noordoostelijk,n/a,headsetmicrofoon,48000
boergait,boergait,20080414,boergait,0.75720483,True,mannelijk,volwassen,Noordoostelijk,n/a,headsetmicrofoon,48000
boergait,boergait,20080414,boergait,0.6477233,True,mannelijk,volwassen,Noordoostelijk,n/a,headsetmicrofoon,48000
boergait,boergait,20080414,boergait,0.77739275,True,mannelijk,volwassen,Noordoostelijk,n/a,headsetmicrofoon,48000
boergait,boergait,20080414,boergait,0.6364161,True,mannelijk,volwassen,Noordoostelijk,n/a,headsetmicrofoon,48000
boergait,boergait,20080414,boergait,0.7670349,True,mannelijk,volwassen,Noordoostelijk,n/a,headsetmicrofoon,48000
boergait,boergait,20080414,boergait,0.68564755,True,mannelijk,volwassen,Noordoostelijk,n/a,headsetmicrofoon,48000
boergait,boergait,20080414,boergait,0.45465484,True,mannelijk,volwassen,Noordoostelijk,n/a,headsetmicrofoon,48000
boergait,boergait,20080414,boergait,0.781133,True,mannelijk,volwassen,Noordoostelijk,n/a,headsetmicrofoon,48000
boergait,boergait,20080414,boergait,0.6647922,True,mannelijk,volwassen,Noordoostelijk,n/a,headsetmicrofoon,48000
boergait,boergait,20080414,boergait,0.75947213,True,mannelijk,volwassen,Noordoostelijk,n/a,headsetmicrofoon,48000
boergait,boergait,20080414,boergait,0.70570505,True,mannelijk,volwassen,Noordoostelijk,n/a,headsetmicrofoon,48000
boergait,boergait,20080414,boergait,0.76501286,True,mannelijk,volwassen,Noordoostelijk,n/a,headsetmicrofoon,48000
boergait,boergait,20080414,boergait,0.63152415,True,mannelijk,volwassen,Noordoostelijk,n/a,headsetmicrofoon,48000
boergait,boergait,20080912,fvdbeek,0.5843271,False,mannelijk,volwassen,Noordoostelijk,n/a,headsetmicrofoon,48000
boergait,boergait,20080414,boergait,0.6011187,True,mannelijk,volwassen,Noordoostelijk,n/a,headsetmicrofoon,48000
boergait,boergait,20080414,boergait,0.6138015,True,mannelijk,volwassen,Noordoostelijk,n/a,headsetmicrofoon,48000
boergait,boergait,20080414,boergait,0.6717311,True,mannelijk,volwassen,Noordoostelijk,n/a,headsetmicrofoon,48000
boergait,boergait,20080414,boergait,0.73920155,True,mannelijk,volwassen,Noordoostelijk,n/a,headsetmicrofoon,48000
boergait,boergait,20080414,boergait,0.69639415,True,mannelijk,volwassen,Noordoostelijk,n/a,headsetmicrofoon,48000
boergait,boergait,20080414,boergait,0.7601488,True,mannelijk,volwassen,Noordoostelijk,n/a,headsetmicrofoon,48000
boergait,boergait,20080414,boergait,0.6672072,True,mannelijk,volwassen,Noordoostelijk,n/a,headsetmicrofoon,48000
boergait,boergait,20080414,boergait,0.7177439,True,mannelijk,volwassen,Noordoostelijk,n/a,headsetmicrofoon,48000
boergait,boergait,20080414,boergait,0.6432806,True,mannelijk,volwassen,Noordoostelijk,n/a,headsetmicrofoon,48000
boergait,boergait,20080414,boergait,0.7233555,True,mannelijk,volwassen,Noordoostelijk,n/a,headsetmicrofoon,48000
boergait,boergait,20080414,boergait,0.73172796,True,mannelijk,volwassen,Noordoostelijk,n/a,headsetmicrofoon,48000
boergait,boergait,20080414,boergait,0.63148415,True,mannelijk,volwassen,Noordoostelijk,n/a,headsetmicrofoon,48000
boergait,boergait,20080414,boergait,0.7589641,True,mannelijk,volwassen,Noordoostelijk,n/a,headsetmicrofoon,48000
boergait,boergait,20080414,boergait,0.74045396,True,mannelijk,volwassen,Noordoostelijk,n/a,headsetmicrofoon,48000
boergait,boergait,20080414,boergait,0.75895244,True,mannelijk,volwassen,Noordoostelijk,n/a,headsetmicrofoon,48000
boergait,boergait,20080414,boergait,0.76845217,True,mannelijk,volwassen,Noordoostelijk,n/a,headsetmicrofoon,48000
boergait,boergait,20080414,boergait,0.749169,True,mannelijk,volwassen,Noordoostelijk,n/a,headsetmicrofoon,48000
boergait,boergait,20080414,boergait,0.7096262,True,mannelijk,volwassen,Noordoostelijk,n/a,headsetmicrofoon,48000
boergait,boergait,20080414,boergait,0.7176738,True,mannelijk,volwassen,Noordoostelijk,n/a,headsetmicrofoon,48000
boergait,boergait,20080414,boergait,0.70007044,True,mannelijk,volwassen,Noordoostelijk,n/a,headsetmicrofoon,48000
boergait,boergait,20080414,boergait,0.74769235,True,mannelijk,volwassen,Noordoostelijk,n/a,headsetmicrofoon,48000
boergait,boergait,20080414,boergait,0.77125657,True,mannelijk,volwassen,Noordoostelijk,n/a,headsetmicrofoon,48000
boergait,boergait,20080414,boergait,0.69253933,True,mannelijk,volwassen,Noordoostelijk,n/a,headsetmicrofoon,48000
boergait,boergait,20080414,boergait,0.7844019,True,mannelijk,volwassen,Noordoostelijk,n/a,headsetmicrofoon,48000
boergait,boergait,20080414,boergait,0.7256248,True,mannelijk,volwassen,Noordoostelijk,n/a,headsetmicrofoon,48000
boergait,boergait,20080414,boergait,0.6759914,True,mannelijk,volwassen,Noordoostelijk,n/a,headsetmicrofoon,48000
boergait,boergait,20080414,boergait,0.82338893,True,mannelijk,volwassen,Noordoostelijk,n/a,headsetmicrofoon,48000
boergait,boergait,20080414,boergait,0.7553292,True,mannelijk,volwassen,Noordoostelijk,n/a,headsetmicrofoon,48000
boergait,boergait,20080418,boergerrit,0.54957104,False,mannelijk,volwassen,Noordoostelijk,n/a,headsetmicrofoon,48000
boergait,boergait,20080418,boergerrit,0.7162253,False,mannelijk,volwassen,Noordoostelijk,n/a,headsetmicrofoon,48000
boergait,boergait,20080414,boergait,0.7904819,True,mannelijk,volwassen,Noordoostelijk,n/a,headsetmicrofoon,48000
boergait,boergait,20080414,boergait,0.84006345,True,mannelijk,volwassen,Noordoostelijk,n/a,headsetmicrofoon,48000
boergait,boergait,20080414,boergait,0.75882643,True,mannelijk,volwassen,Noordoostelijk,n/a,headsetmicrofoon,48000
boergait,boergait,20080414,boergait,0.75433517,True,mannelijk,volwassen,Noordoostelijk,n/a,headsetmicrofoon,48000
boergait,boergait,20080414,boergait,0.72271794,True,mannelijk,volwassen,Noordoostelijk,n/a,headsetmicrofoon,48000
boergait,boergait,20080414,boergait,0.733046,True,mannelijk,volwassen,Noordoostelijk,n/a,headsetmicrofoon,48000
boergait,boergait,20080414,boergait,0.80124116,True,mannelijk,volwassen,Noordoostelijk,n/a,headsetmicrofoon,48000
boergait,boergait,20080414,boergait,0.8147963,True,mannelijk,volwassen,Noordoostelijk,n/a,headsetmicrofoon,48000
boergait,boergait,20080414,boergait,0.7831358,True,mannelijk,volwassen,Noordoostelijk,n/a,headsetmicrofoon,48000
boergait,boergait,20080414,boergait,0.7456337,True,mannelijk,volwassen,Noordoostelijk,n/a,headsetmicrofoon,48000
boergait,boergait,20080414,boergait,0.6915933,True,mannelijk,volwassen,Noordoostelijk,n/a,headsetmicrofoon,48000
boergait,boergait,20080414,boergait,0.6396573,True,mannelijk,volwassen,Noordoostelijk,n/a,headsetmicrofoon,48000
boergait,boergait,20080414,boergait,0.7476516,True,mannelijk,volwassen,Noordoostelijk,n/a,headsetmicrofoon,48000
boergait,boergait,20080414,boergait,0.70743096,True,mannelijk,volwassen,Noordoostelijk,n/a,headsetmicrofoon,48000
boergait,boergait,20080414,boergait,0.69941676,True,mannelijk,volwassen,Noordoostelijk,n/a,headsetmicrofoon,48000
boergait,boergait,20080414,boergait,0.7294791,True,mannelijk,volwassen,Noordoostelijk,n/a,headsetmicrofoon,48000
boergait,boergait,20080414,boergait,0.74364704,True,mannelijk,volwassen,Noordoostelijk,n/a,headsetmicrofoon,48000
boergait,boergait,20080414,boergait,0.7565846,True,mannelijk,volwassen,Noordoostelijk,n/a,headsetmicrofoon,48000
boergait,boergait,20080418,boergerrit,0.7693893,False,mannelijk,volwassen,Noordoostelijk,n/a,headsetmicrofoon,48000
boergait,boergait,20080414,boergait,0.76222104,True,mannelijk,volwassen,Noordoostelijk,n/a,headsetmicrofoon,48000
boergait,boergait,20080414,boergait,0.735464,True,mannelijk,volwassen,Noordoostelijk,n/a,headsetmicrofoon,48000
boergait,boergait,20080414,boergait,0.7004738,True,mannelijk,volwassen,Noordoostelijk,n/a,headsetmicrofoon,48000
boergait,boergait,20080414,boergait,0.77645373,True,mannelijk,volwassen,Noordoostelijk,n/a,headsetmicrofoon,48000
boergait,boergait,20080414,boergait,0.7803645,True,mannelijk,volwassen,Noordoostelijk,n/a,headsetmicrofoon,48000
boergait,boergait,20080414,boergait,0.73164207,True,mannelijk,volwassen,Noordoostelijk,n/a,headsetmicrofoon,48000
boergait,boergait,20080414,boergait,0.69848436,True,mannelijk,volwassen,Noordoostelijk,n/a,headsetmicrofoon,48000
boergait,boergait,20080414,boergait,0.710227,True,mannelijk,volwassen,Noordoostelijk,n/a,headsetmicrofoon,48000
boergait,boergait,20080414,boergait,0.67460084,True,mannelijk,volwassen,Noordoostelijk,n/a,headsetmicrofoon,48000
boergait,boergait,20080418,boergerrit,0.54980576,False,mannelijk,volwassen,Noordoostelijk,n/a,headsetmicrofoon,48000
boergait,boergait,20080414,boergait,0.7346936,True,mannelijk,volwassen,Noordoostelijk,n/a,headsetmicrofoon,48000
boergait,boergait,20080912,fvdbeek,0.5234663,False,mannelijk,volwassen,Noordoostelijk,n/a,headsetmicrofoon,48000
boergait,boergait,20080418,boergerrit,0.62015784,False,mannelijk,volwassen,Noordoostelijk,n/a,headsetmicrofoon,48000
boergait,boergait,20080414,boergait,0.70383096,True,mannelijk,volwassen,Noordoostelijk,n/a,headsetmicrofoon,48000
boergait,boergait,20080414,boergait,0.5956539,True,mannelijk,volwassen,Noordoostelijk,n/a,headsetmicrofoon,48000
boergait,boergait,20080414,boergait,0.6900967,True,mannelijk,volwassen,Noordoostelijk,n/a,headsetmicrofoon,48000
boergait,boergait,20080414,boergait,0.67658913,True,mannelijk,volwassen,Noordoostelijk,n/a,headsetmicrofoon,48000
boergait,boergait,20080414,boergait,0.7188926,True,mannelijk,volwassen,Noordoostelijk,n/a,headsetmicrofoon,48000
boergait,boergait,20080414,boergait,0.7684562,True,mannelijk,volwassen,Noordoostelijk,n/a,headsetmicrofoon,48000
boergait,boergait,20080414,boergait,0.6841059,True,mannelijk,volwassen,Noordoostelijk,n/a,headsetmicrofoon,48000
boergait,boergait,20080414,boergait,0.70230234,True,mannelijk,volwassen,Noordoostelijk,n/a,headsetmicrofoon,48000
boergait,boergait,20080414,boergait,0.7536835,True,mannelijk,volwassen,Noordoostelijk,n/a,headsetmicrofoon,48000
boergait,boergait,20080414,boergait,0.7437929,True,mannelijk,volwassen,Noordoostelijk,n/a,headsetmicrofoon,48000
boergait,boergait,20080418,boergerrit,0.6671855,False,mannelijk,volwassen,Noordoostelijk,n/a,headsetmicrofoon,48000
boergait,boergait,20080414,boergait,0.7089377,True,mannelijk,volwassen,Noordoostelijk,n/a,headsetmicrofoon,48000
boergait,boergait,20080414,boergait,0.6539911,True,mannelijk,volwassen,Noordoostelijk,n/a,headsetmicrofoon,48000
boergait,boergait,20080418,boergerrit,0.5349466,False,mannelijk,volwassen,Noordoostelijk,n/a,headsetmicrofoon,48000
boergait,boergait,20080414,boergait,0.70970917,True,mannelijk,volwassen,Noordoostelijk,n/a,headsetmicrofoon,48000
boergait,boergait,20080414,boergait,0.7361734,True,mannelijk,volwassen,Noordoostelijk,n/a,headsetmicrofoon,48000
boergait,boergait,20080414,boergait,0.7535456,True,mannelijk,volwassen,Noordoostelijk,n/a,headsetmicrofoon,48000
boergait,boergait,20080414,boergait,0.76734185,True,mannelijk,volwassen,Noordoostelijk,n/a,headsetmicrofoon,48000
boergait,boergait,20080414,boergait,0.63464355,True,mannelijk,volwassen,Noordoostelijk,n/a,headsetmicrofoon,48000
boergait,boergait,20080414,boergait,0.7425063,True,mannelijk,volwassen,Noordoostelijk,n/a,headsetmicrofoon,48000
boergait,boergait,20080414,boergait,0.6431222,True,mannelijk,volwassen,Noordoostelijk,n/a,headsetmicrofoon,48000
boergait,boergait,20080414,boergait,0.78197813,True,mannelijk,volwassen,Noordoostelijk,n/a,headsetmicrofoon,48000
boergait,boergait,20080414,boergait,0.7379327,True,mannelijk,volwassen,Noordoostelijk,n/a,headsetmicrofoon,48000
boergait,boergait,20080414,boergait,0.7017897,True,mannelijk,volwassen,Noordoostelijk,n/a,headsetmicrofoon,48000
boergait,boergait,20080414,boergait,0.6946554,True,mannelijk,volwassen,Noordoostelijk,n/a,headsetmicrofoon,48000
boergait,boergait,20080414,boergait,0.5154841,True,mannelijk,volwassen,Noordoostelijk,n/a,headsetmicrofoon,48000
boergait,boergait,20080414,boergait,0.5674328,True,mannelijk,volwassen,Noordoostelijk,n/a,headsetmicrofoon,48000
boergait,boergait,20080414,boergait,0.74679935,True,mannelijk,volwassen,Noordoostelijk,n/a,headsetmicrofoon,48000
boergait,boergait,20080414,boergait,0.6722282,True,mannelijk,volwassen,Noordoostelijk,n/a,headsetmicrofoon,48000
boergait,boergait,20080414,boergait,0.6052519,True,mannelijk,volwassen,Noordoostelijk,n/a,headsetmicrofoon,48000
boergait,boergait,20080414,boergait,0.63795733,True,mannelijk,volwassen,Noordoostelijk,n/a,headsetmicrofoon,48000
boergait,boergait,20080414,boergait,0.61399126,True,mannelijk,volwassen,Noordoostelijk,n/a,headsetmicrofoon,48000
boergait,boergait,20080414,boergait,0.6377044,True,mannelijk,volwassen,Noordoostelijk,n/a,headsetmicrofoon,48000
boergait,boergait,20080414,boergait,0.6685681,True,mannelijk,volwassen,Noordoostelijk,n/a,headsetmicrofoon,48000
boergait,boergait,20080418,boergerrit,0.5979861,False,mannelijk,volwassen,Noordoostelijk,n/a,headsetmicrofoon,48000
boergait,boergait,20080414,boergait,0.6423591,True,mannelijk,volwassen,Noordoostelijk,n/a,headsetmicrofoon,48000
boergait,boergait,20080414,boergait,0.7334523,True,mannelijk,volwassen,Noordoostelijk,n/a,headsetmicrofoon,48000
boergait,boergait,20080414,boergait,0.79099613,True,mannelijk,volwassen,Noordoostelijk,n/a,headsetmicrofoon,48000
boergait,boergait,20080418,boergerrit,0.75474143,False,mannelijk,volwassen,Noordoostelijk,n/a,headsetmicrofoon,48000
boergait,boergait,20080414,boergait,0.74786574,True,mannelijk,volwassen,Noordoostelijk,n/a,headsetmicrofoon,48000
boergait,boergait,20080414,boergait,0.68416214,True,mannelijk,volwassen,Noordoostelijk,n/a,headsetmicrofoon,48000
boergait,boergait,20080414,boergait,0.7724479,True,mannelijk,volwassen,Noordoostelijk,n/a,headsetmicrofoon,48000
boergait,boergait,20080418,boergerrit,0.6824248,False,mannelijk,volwassen,Noordoostelijk,n/a,headsetmicrofoon,48000
boergait,boergait,20080414,boergait,0.71765256,True,mannelijk,volwassen,Noordoostelijk,n/a,headsetmicrofoon,48000
boergait,boergait,20080418,boergerrit,0.6998228,False,mannelijk,volwassen,Noordoostelijk,n/a,headsetmicrofoon,48000
boergait,boergait,20080418,boergerrit,0.70207715,False,mannelijk,volwassen,Noordoostelijk,n/a,headsetmicrofoon,48000
boergait,boergait,20080414,boergait,0.53499985,True,mannelijk,volwassen,Noordoostelijk,n/a,headsetmicrofoon,48000
boergait,boergait,20080414,boergait,0.70999086,True,mannelijk,volwassen,Noordoostelijk,n/a,headsetmicrofoon,48000
boergait,boergait,20080414,boergait,0.6615895,True,mannelijk,volwassen,Noordoostelijk,n/a,headsetmicrofoon,48000
boergait,boergait,20080414,boergait,0.5668419,True,mannelijk,volwassen,Noordoostelijk,n/a,headsetmicrofoon,48000
boergait,boergait,20080414,boergait,0.6110089,True,mannelijk,volwassen,Noordoostelijk,n/a,headsetmicrofoon,48000
boergait,boergait,20080414,boergait,0.6249397,True,mannelijk,volwassen,Noordoostelijk,n/a,headsetmicrofoon,48000
boergait,boergait,20080414,boergait,0.584514,True,mannelijk,volwassen,Noordoostelijk,n/a,headsetmicrofoon,48000
boergait,boergait,20080418,boergerrit,0.6081061,False,mannelijk,volwassen,Noordoostelijk,n/a,headsetmicrofoon,48000
boergait,boergait,20080414,boergait,0.6356473,True,mannelijk,volwassen,Noordoostelijk,n/a,headsetmicrofoon,48000
boergait,boergait,20080414,boergait,0.6342386,True,mannelijk,volwassen,Noordoostelijk,n/a,headsetmicrofoon,48000
boergait,boergait,20080414,boergait,0.67669356,True,mannelijk,volwassen,Noordoostelijk,n/a,headsetmicrofoon,48000
boergait,boergait,20080418,boergerrit,0.65418625,False,mannelijk,volwassen,Noordoostelijk,n/a,headsetmicrofoon,48000
boergait,boergait,20080418,boergerrit,0.5448203,False,mannelijk,volwassen,Noordoostelijk,n/a,headsetmicrofoon,48000
boergait,boergait,20080418,boergerrit,0.5334501,False,mannelijk,volwassen,Noordoostelijk,n/a,headsetmicrofoon,48000
boergait,boergait,20080414,boergait,0.6722703,True,mannelijk,volwassen,Noordoostelijk,n/a,headsetmicrofoon,48000
boergait,boergait,20080414,boergait,0.6341287,True,mannelijk,volwassen,Noordoostelijk,n/a,headsetmicrofoon,48000
boergait,boergait,20080414,boergait,0.637661,True,mannelijk,volwassen,Noordoostelijk,n/a,headsetmicrofoon,48000
boergait,boergait,20080418,boergerrit,0.49661893,False,mannelijk,volwassen,Noordoostelijk,n/a,headsetmicrofoon,48000
boergait,boergait,20080418,boergerrit,0.5285221,False,mannelijk,volwassen,Noordoostelijk,n/a,headsetmicrofoon,48000
boergait,boergait,20080414,boergait,0.6151415,True,mannelijk,volwassen,Noordoostelijk,n/a,headsetmicrofoon,48000
boergait,boergait,20080414,boergait,0.6046307,True,mannelijk,volwassen,Noordoostelijk,n/a,headsetmicrofoon,48000
boergait,boergait,20080414,boergait,0.71149427,True,mannelijk,volwassen,Noordoostelijk,n/a,headsetmicrofoon,48000
boergait,boergait,20080414,boergait,0.6821796,True,mannelijk,volwassen,Noordoostelijk,n/a,headsetmicrofoon,48000
boergait,boergait,20080414,boergait,0.67616665,True,mannelijk,volwassen,Noordoostelijk,n/a,headsetmicrofoon,48000
boergait,boergait,20080414,boergait,0.70587915,True,mannelijk,volwassen,Noordoostelijk,n/a,headsetmicrofoon,48000
boergait,boergait,20080414,boergait,0.6857091,True,mannelijk,volwassen,Noordoostelijk,n/a,headsetmicrofoon,48000
boergait,boergait,20080414,boergait,0.7351099,True,mannelijk,volwassen,Noordoostelijk,n/a,headsetmicrofoon,48000
boergait,boergait,20080414,boergait,0.75822747,True,mannelijk,volwassen,Noordoostelijk,n/a,headsetmicrofoon,48000
boergait,boergait,20080414,boergait,0.679791,True,mannelijk,volwassen,Noordoostelijk,n/a,headsetmicrofoon,48000
boergait,boergait,20080414,boergait,0.63840497,True,mannelijk,volwassen,Noordoostelijk,n/a,headsetmicrofoon,48000
boergait,boergait,20080414,boergait,0.6560102,True,mannelijk,volwassen,Noordoostelijk,n/a,headsetmicrofoon,48000
boergait,boergait,20080414,boergait,0.64035606,True,mannelijk,volwassen,Noordoostelijk,n/a,headsetmicrofoon,48000
boergait,boergait,20080414,boergait,0.6613064,True,mannelijk,volwassen,Noordoostelijk,n/a,headsetmicrofoon,48000
boergait,boergait,20080414,boergait,0.64727277,True,mannelijk,volwassen,Noordoostelijk,n/a,headsetmicrofoon,48000
boergait,boergait,20080414,boergait,0.666355,True,mannelijk,volwassen,Noordoostelijk,n/a,headsetmicrofoon,48000
boergait,boergait,20080414,boergait,0.6379268,True,mannelijk,volwassen,Noordoostelijk,n/a,headsetmicrofoon,48000
boergait,boergait,20080414,boergait,0.656533,True,mannelijk,volwassen,Noordoostelijk,n/a,headsetmicrofoon,48000
boergait,boergait,20080414,boergait,0.61443913,True,mannelijk,volwassen,Noordoostelijk,n/a,headsetmicrofoon,48000
boergait,boergait,20080414,boergait,0.573593,True,mannelijk,volwassen,Noordoostelijk,n/a,headsetmicrofoon,48000
boergait,boergait,20080414,boergait,0.64653444,True,mannelijk,volwassen,Noordoostelijk,n/a,headsetmicrofoon,48000
boergait,boergait,20080414,boergait,0.59739023,True,mannelijk,volwassen,Noordoostelijk,n/a,headsetmicrofoon,48000
boergait,boergait,20080414,boergait,0.65493417,True,mannelijk,volwassen,Noordoostelijk,n/a,headsetmicrofoon,48000
boergait,boergait,20080414,boergait,0.6060189,True,mannelijk,volwassen,Noordoostelijk,n/a,headsetmicrofoon,48000
boergait,boergait,20080414,boergait,0.593959,True,mannelijk,volwassen,Noordoostelijk,n/a,headsetmicrofoon,48000
boergait,boergait,20080414,boergait,0.62731254,True,mannelijk,volwassen,Noordoostelijk,n/a,headsetmicrofoon,48000
boergait,boergait,20080414,boergait,0.5873316,True,mannelijk,volwassen,Noordoostelijk,n/a,headsetmicrofoon,48000
boergait,boergait,20080418,boergerrit,0.57530165,False,mannelijk,volwassen,Noordoostelijk,n/a,headsetmicrofoon,48000
boergait,boergait,20080414,boergait,0.6099799,True,mannelijk,volwassen,Noordoostelijk,n/a,headsetmicrofoon,48000
boergait,boergait,20080414,boergait,0.6423418,True,mannelijk,volwassen,Noordoostelijk,n/a,headsetmicrofoon,48000
boergait,boergait,20080414,boergait,0.6522776,True,mannelijk,volwassen,Noordoostelijk,n/a,headsetmicrofoon,48000
boergait,boergait,20080414,boergait,0.68333715,True,mannelijk,volwassen,Noordoostelijk,n/a,headsetmicrofoon,48000
boergait,boergait,20080414,boergait,0.76577616,True,mannelijk,volwassen,Noordoostelijk,n/a,headsetmicrofoon,48000
boergait,boergait,20080414,boergait,0.7083401,True,mannelijk,volwassen,Noordoostelijk,n/a,headsetmicrofoon,48000
boergait,boergait,20080414,boergait,0.59548783,True,mannelijk,volwassen,Noordoostelijk,n/a,headsetmicrofoon,48000
boergait,boergait,20080414,boergait,0.6417448,True,mannelijk,volwassen,Noordoostelijk,n/a,headsetmicrofoon,48000
boergait,boergait,20080414,boergait,0.691571,True,mannelijk,volwassen,Noordoostelijk,n/a,headsetmicrofoon,48000
boergait,boergait,20080414,boergait,0.65939283,True,mannelijk,volwassen,Noordoostelijk,n/a,headsetmicrofoon,48000
boergait,boergait,20080414,boergait,0.64361596,True,mannelijk,volwassen,Noordoostelijk,n/a,headsetmicrofoon,48000
boergait,boergait,20080414,boergait,0.7153734,True,mannelijk,volwassen,Noordoostelijk,n/a,headsetmicrofoon,48000
boergait,boergait,20080414,boergait,0.80726945,True,mannelijk,volwassen,Noordoostelijk,n/a,headsetmicrofoon,48000
boergait,boergait,20080418,boergerrit,0.7389276,False,mannelijk,volwassen,Noordoostelijk,n/a,headsetmicrofoon,48000
boergait,boergait,20080414,boergait,0.6751754,True,mannelijk,volwassen,Noordoostelijk,n/a,headsetmicrofoon,48000
boergait,boergait,20080414,boergait,0.70873904,True,mannelijk,volwassen,Noordoostelijk,n/a,headsetmicrofoon,48000
boergait,boergait,20080414,boergait,0.7868675,True,mannelijk,volwassen,Noordoostelijk,n/a,headsetmicrofoon,48000
boergait,boergait,20080414,boergait,0.65191996,True,mannelijk,volwassen,Noordoostelijk,n/a,headsetmicrofoon,48000
boergait,boergait,20080414,boergait,0.7081114,True,mannelijk,volwassen,Noordoostelijk,n/a,headsetmicrofoon,48000
boergait,boergait,20080414,boergait,0.7639828,True,mannelijk,volwassen,Noordoostelijk,n/a,headsetmicrofoon,48000
boergait,boergait,20080414,boergait,0.7350812,True,mannelijk,volwassen,Noordoostelijk,n/a,headsetmicrofoon,48000
boergait,boergait,20080414,boergait,0.775993,True,mannelijk,volwassen,Noordoostelijk,n/a,headsetmicrofoon,48000
boergait,boergait,20080414,boergait,0.71536684,True,mannelijk,volwassen,Noordoostelijk,n/a,headsetmicrofoon,48000
boergait,boergait,20080414,boergait,0.71374136,True,mannelijk,volwassen,Noordoostelijk,n/a,headsetmicrofoon,48000
boergait,boergait,20080414,boergait,0.54783,True,mannelijk,volwassen,Noordoostelijk,n/a,headsetmicrofoon,48000
boergait,boergait,20080414,boergait,0.7495457,True,mannelijk,volwassen,Noordoostelijk,n/a,headsetmicrofoon,48000
boergait,boergait,20080414,boergait,0.6740073,True,mannelijk,volwassen,Noordoostelijk,n/a,headsetmicrofoon,48000
boergait,boergait,20080414,boergait,0.6350022,True,mannelijk,volwassen,Noordoostelijk,n/a,headsetmicrofoon,48000
boergait,boergait,20080414,boergait,0.60477674,True,mannelijk,volwassen,Noordoostelijk,n/a,headsetmicrofoon,48000
boergait,boergait,20080414,boergait,0.6576107,True,mannelijk,volwassen,Noordoostelijk,n/a,headsetmicrofoon,48000
boergait,boergait,20080414,boergait,0.6698363,True,mannelijk,volwassen,Noordoostelijk,n/a,headsetmicrofoon,48000
boergait,boergait,20080414,boergait,0.69787496,True,mannelijk,volwassen,Noordoostelijk,n/a,headsetmicrofoon,48000
boergait,boergait,20080414,boergait,0.64698726,True,mannelijk,volwassen,Noordoostelijk,n/a,headsetmicrofoon,48000
boergait,boergait,20080414,boergait,0.7432128,True,mannelijk,volwassen,Noordoostelijk,n/a,headsetmicrofoon,48000
boergait,boergait,20080418,boergerrit,0.67018765,False,mannelijk,volwassen,Noordoostelijk,n/a,headsetmicrofoon,48000
boergait,boergait,20080414,boergait,0.6975765,True,mannelijk,volwassen,Noordoostelijk,n/a,headsetmicrofoon,48000
boergait,boergait,20080414,boergait,0.73695534,True,mannelijk,volwassen,Noordoostelijk,n/a,headsetmicrofoon,48000
boergait,boergait,20080414,boergait,0.7720044,True,mannelijk,volwassen,Noordoostelijk,n/a,headsetmicrofoon,48000
boergait,boergait,20080418,boergerrit,0.7613627,False,mannelijk,volwassen,Noordoostelijk,n/a,headsetmicrofoon,48000
boergait,boergait,20080414,boergait,0.7601025,True,mannelijk,volwassen,Noordoostelijk,n/a,headsetmicrofoon,48000
boergait,boergait,20080414,boergait,0.74482036,True,mannelijk,volwassen,Noordoostelijk,n/a,headsetmicrofoon,48000
boergait,boergait,20080414,boergait,0.69204277,True,mannelijk,volwassen,Noordoostelijk,n/a,headsetmicrofoon,48000
boergait,boergait,20080414,boergait,0.7538446,True,mannelijk,volwassen,Noordoostelijk,n/a,headsetmicrofoon,48000
boergait,boergait,20080418,boergerrit,0.66008735,False,mannelijk,volwassen,Noordoostelijk,n/a,headsetmicrofoon,48000
boergait,boergait,20080418,boergerrit,0.6710225,False,mannelijk,volwassen,Noordoostelijk,n/a,headsetmicrofoon,48000
boergait,boergait,20080414,boergait,0.5947598,True,mannelijk,volwassen,Noordoostelijk,n/a,headsetmicrofoon,48000
boergait,boergait,20080414,boergait,0.6823225,True,mannelijk,volwassen,Noordoostelijk,n/a,headsetmicrofoon,48000
boergait,boergait,20080414,boergait,0.68691516,True,mannelijk,volwassen,Noordoostelijk,n/a,headsetmicrofoon,48000
boergait,boergait,20080414,boergait,0.5164622,True,mannelijk,volwassen,Noordoostelijk,n/a,headsetmicrofoon,48000
boergait,boergait,20080418,boergerrit,0.6390708,False,mannelijk,volwassen,Noordoostelijk,n/a,headsetmicrofoon,48000
boergait,boergait,20080414,boergait,0.58449554,True,mannelijk,volwassen,Noordoostelijk,n/a,headsetmicrofoon,48000
boergait,boergait,20080414,boergait,0.690987,True,mannelijk,volwassen,Noordoostelijk,n/a,headsetmicrofoon,48000
boergait,boergait,20080414,boergait,0.7066537,True,mannelijk,volwassen,Noordoostelijk,n/a,headsetmicrofoon,48000
boergait,boergait,20080414,boergait,0.6596779,True,mannelijk,volwassen,Noordoostelijk,n/a,headsetmicrofoon,48000
boergait,boergait,20080414,boergait,0.62390095,True,mannelijk,volwassen,Noordoostelijk,n/a,headsetmicrofoon,48000
boergait,boergait,20080418,boergerrit,0.5480429,False,mannelijk,volwassen,Noordoostelijk,n/a,headsetmicrofoon,48000
boergait,boergait,20080414,boergait,0.44897896,True,mannelijk,volwassen,Noordoostelijk,n/a,headsetmicrofoon,48000
boergait,boergait,20080414,boergait,0.6492562,True,mannelijk,volwassen,Noordoostelijk,n/a,headsetmicrofoon,48000
boergait,boergait,20080418,boergerrit,0.5905149,False,mannelijk,volwassen,Noordoostelijk,n/a,headsetmicrofoon,48000
boergait,boergait,20080414,boergait,0.655457,True,mannelijk,volwassen,Noordoostelijk,n/a,headsetmicrofoon,48000
boergait,boergait,20080414,boergait,0.6587689,True,mannelijk,volwassen,Noordoostelijk,n/a,headsetmicrofoon,48000
boergait,boergait,20080414,boergait,0.69256604,True,mannelijk,volwassen,Noordoostelijk,n/a,headsetmicrofoon,48000
boergait,boergait,20080414,boergait,0.76224005,True,mannelijk,volwassen,Noordoostelijk,n/a,headsetmicrofoon,48000
boergait,boergait,20080414,boergait,0.7042086,True,mannelijk,volwassen,Noordoostelijk,n/a,headsetmicrofoon,48000
boergait,boergait,20080418,boergerrit,0.67307,False,mannelijk,volwassen,Noordoostelijk,n/a,headsetmicrofoon,48000
boergait,boergait,20080414,boergait,0.66772795,True,mannelijk,volwassen,Noordoostelijk,n/a,headsetmicrofoon,48000
boergait,boergait,20080418,boergerrit,0.72750413,False,mannelijk,volwassen,Noordoostelijk,n/a,headsetmicrofoon,48000
boergait,boergait,20080414,boergait,0.6463158,True,mannelijk,volwassen,Noordoostelijk,n/a,headsetmicrofoon,48000
boergait,boergait,20080414,boergait,0.6472562,True,mannelijk,volwassen,Noordoostelijk,n/a,headsetmicrofoon,48000
boergait,boergait,20080414,boergait,0.72724116,True,mannelijk,volwassen,Noordoostelijk,n/a,headsetmicrofoon,48000
boergait,boergait,20080414,boergait,0.59545904,True,mannelijk,volwassen,Noordoostelijk,n/a,headsetmicrofoon,48000
boergait,boergait,20080414,boergait,0.7476214,True,mannelijk,volwassen,Noordoostelijk,n/a,headsetmicrofoon,48000
boergait,boergait,20080414,boergait,0.7469382,True,mannelijk,volwassen,Noordoostelijk,n/a,headsetmicrofoon,48000
boergait,boergait,20080414,boergait,0.7192068,True,mannelijk,volwassen,Noordoostelijk,n/a,headsetmicrofoon,48000
boergait,boergait,20080414,boergait,0.6290518,True,mannelijk,volwassen,Noordoostelijk,n/a,headsetmicrofoon,48000
boergait,boergait,20080418,boergerrit,0.6964749,False,mannelijk,volwassen,Noordoostelijk,n/a,headsetmicrofoon,48000
boergait,boergait,20080418,boergerrit,0.61657,False,mannelijk,volwassen,Noordoostelijk,n/a,headsetmicrofoon,48000
boergait,boergait,20080414,boergait,0.74014485,True,mannelijk,volwassen,Noordoostelijk,n/a,headsetmicrofoon,48000
boergait,boergait,20080414,boergait,0.74180955,True,mannelijk,volwassen,Noordoostelijk,n/a,headsetmicrofoon,48000
boergait,boergait,20080414,boergait,0.72665334,True,mannelijk,volwassen,Noordoostelijk,n/a,headsetmicrofoon,48000
boergait,boergait,20080414,boergait,0.6512741,True,mannelijk,volwassen,Noordoostelijk,n/a,headsetmicrofoon,48000
boergait,boergait,20080414,boergait,0.71608126,True,mannelijk,volwassen,Noordoostelijk,n/a,headsetmicrofoon,48000
boergait,boergait,20080414,boergait,0.66659284,True,mannelijk,volwassen,Noordoostelijk,n/a,headsetmicrofoon,48000
boergait,boergait,20080414,boergait,0.71742463,True,mannelijk,volwassen,Noordoostelijk,n/a,headsetmicrofoon,48000
boergait,boergait,20080414,boergait,0.6836493,True,mannelijk,volwassen,Noordoostelijk,n/a,headsetmicrofoon,48000
boergait,boergait,20080414,boergait,0.6590137,True,mannelijk,volwassen,Noordoostelijk,n/a,headsetmicrofoon,48000
boergait,boergait,20080414,boergait,0.6966008,True,mannelijk,volwassen,Noordoostelijk,n/a,headsetmicrofoon,48000
boergait,boergait,20080414,boergait,0.6846641,True,mannelijk,volwassen,Noordoostelijk,n/a,headsetmicrofoon,48000
boergait,boergait,20080414,boergait,0.7273077,True,mannelijk,volwassen,Noordoostelijk,n/a,headsetmicrofoon,48000
boergait,boergait,20080414,boergait,0.68655777,True,mannelijk,volwassen,Noordoostelijk,n/a,headsetmicrofoon,48000
boergait,boergait,20080414,boergait,0.7287221,True,mannelijk,volwassen,Noordoostelijk,n/a,headsetmicrofoon,48000
boergait,boergait,20080414,boergait,0.71979284,True,mannelijk,volwassen,Noordoostelijk,n/a,headsetmicrofoon,48000
boergait,boergait,20080414,boergait,0.6164584,True,mannelijk,volwassen,Noordoostelijk,n/a,headsetmicrofoon,48000
boergait,boergait,20080414,boergait,0.6673746,True,mannelijk,volwassen,Noordoostelijk,n/a,headsetmicrofoon,48000
boergait,boergait,20080414,boergait,0.6357807,True,mannelijk,volwassen,Noordoostelijk,n/a,headsetmicrofoon,48000
boergait,boergait,20080414,boergait,0.6883751,True,mannelijk,volwassen,Noordoostelijk,n/a,headsetmicrofoon,48000
boergait,boergait,20080414,boergait,0.6774908,True,mannelijk,volwassen,Noordoostelijk,n/a,headsetmicrofoon,48000
boergait,boergait,20080418,boergerrit,0.6329033,False,mannelijk,volwassen,Noordoostelijk,n/a,headsetmicrofoon,48000
boergait,boergait,20080414,boergait,0.69848126,True,mannelijk,volwassen,Noordoostelijk,n/a,headsetmicrofoon,48000
boergait,boergait,20080414,boergait,0.5771928,True,mannelijk,volwassen,Noordoostelijk,n/a,headsetmicrofoon,48000
boergait,boergait,20080219,Bas,0.39406228,False,mannelijk,volwassen,Noordoostelijk,n/a,headsetmicrofoon,48000
boergait,boergait,20080418,boergerrit,0.61438787,False,mannelijk,volwassen,Noordoostelijk,n/a,headsetmicrofoon,48000
boergait,boergait,20080418,boergerrit,0.5562695,False,mannelijk,volwassen,Noordoostelijk,n/a,headsetmicrofoon,48000
boergait,boergait,20080418,boergerrit,0.701882,False,mannelijk,volwassen,Noordoostelijk,n/a,headsetmicrofoon,48000
boergait,boergait,20080414,boergait,0.64225084,True,mannelijk,volwassen,Noordoostelijk,n/a,headsetmicrofoon,48000
boergait,boergait,20080414,boergait,0.6631205,True,mannelijk,volwassen,Noordoostelijk,n/a,headsetmicrofoon,48000
boergait,boergait,20080414,boergait,0.72214043,True,mannelijk,volwassen,Noordoostelijk,n/a,headsetmicrofoon,48000
boergait,boergait,20080414,boergait,0.6998451,True,mannelijk,volwassen,Noordoostelijk,n/a,headsetmicrofoon,48000
boergait,boergait,20080414,boergait,0.7108575,True,mannelijk,volwassen,Noordoostelijk,n/a,headsetmicrofoon,48000
boergait,boergait,20080414,boergait,0.6035925,True,mannelijk,volwassen,Noordoostelijk,n/a,headsetmicrofoon,48000
boergait,boergait,20080414,boergait,0.6332943,True,mannelijk,volwassen,Noordoostelijk,n/a,headsetmicrofoon,48000
boergait,boergait,20080418,boergerrit,0.59507215,False,mannelijk,volwassen,Noordoostelijk,n/a,headsetmicrofoon,48000
boergait,boergait,20080414,boergait,0.6899721,True,mannelijk,volwassen,Noordoostelijk,n/a,headsetmicrofoon,48000
boergait,boergait,20080414,boergait,0.6348417,True,mannelijk,volwassen,Noordoostelijk,n/a,headsetmicrofoon,48000
boergait,boergait,20080414,boergait,0.7063983,True,mannelijk,volwassen,Noordoostelijk,n/a,headsetmicrofoon,48000
boergait,boergait,20080414,boergait,0.63789886,True,mannelijk,volwassen,Noordoostelijk,n/a,headsetmicrofoon,48000
boergait,boergait,20080414,boergait,0.6750356,True,mannelijk,volwassen,Noordoostelijk,n/a,headsetmicrofoon,48000
boergait,boergait,20080414,boergait,0.67996144,True,mannelijk,volwassen,Noordoostelijk,n/a,headsetmicrofoon,48000
boergait,boergait,20080414,boergait,0.6695277,True,mannelijk,volwassen,Noordoostelijk,n/a,headsetmicrofoon,48000
boergait,boergait,20080414,boergait,0.7124597,True,mannelijk,volwassen,Noordoostelijk,n/a,headsetmicrofoon,48000
boergait,boergait,20080414,boergait,0.6877472,True,mannelijk,volwassen,Noordoostelijk,n/a,headsetmicrofoon,48000
boergait,boergait,20080414,boergait,0.6561014,True,mannelijk,volwassen,Noordoostelijk,n/a,headsetmicrofoon,48000
boergait,boergait,20080414,boergait,0.6712989,True,mannelijk,volwassen,Noordoostelijk,n/a,headsetmicrofoon,48000
boergait,boergait,20080414,boergait,0.6907519,True,mannelijk,volwassen,Noordoostelijk,n/a,headsetmicrofoon,48000
boergait,boergait,20080414,boergait,0.53194946,True,mannelijk,volwassen,Noordoostelijk,n/a,headsetmicrofoon,48000
boergait,boergait,20080414,boergait,0.6957637,True,mannelijk,volwassen,Noordoostelijk,n/a,headsetmicrofoon,48000
boergait,boergait,20080414,boergait,0.56122506,True,mannelijk,volwassen,Noordoostelijk,n/a,headsetmicrofoon,48000
boergait,boergait,20080414,boergait,0.67135584,True,mannelijk,volwassen,Noordoostelijk,n/a,headsetmicrofoon,48000
boergait,boergait,20080414,boergait,0.6719459,True,mannelijk,volwassen,Noordoostelijk,n/a,headsetmicrofoon,48000
boergait,boergait,20080414,boergait,0.7393981,True,mannelijk,volwassen,Noordoostelijk,n/a,headsetmicrofoon,48000
boergait,boergait,20080414,boergait,0.63206065,True,mannelijk,volwassen,Noordoostelijk,n/a,headsetmicrofoon,48000
boergait,boergait,20080414,boergait,0.6277282,True,mannelijk,volwassen,Noordoostelijk,n/a,headsetmicrofoon,48000
boergait,boergait,20080414,boergait,0.6857529,True,mannelijk,volwassen,Noordoostelijk,n/a,headsetmicrofoon,48000
boergait,boergait,20080414,boergait,0.6454067,True,mannelijk,volwassen,Noordoostelijk,n/a,headsetmicrofoon,48000
boergait,boergait,20080414,boergait,0.62706757,True,mannelijk,volwassen,Noordoostelijk,n/a,headsetmicrofoon,48000
boergait,boergait,20080414,boergait,0.65435857,True,mannelijk,volwassen,Noordoostelijk,n/a,headsetmicrofoon,48000
boergait,boergait,20080418,boergerrit,0.4750412,False,mannelijk,volwassen,Noordoostelijk,n/a,headsetmicrofoon,48000
boergait,boergait,20080414,boergait,0.6725918,True,mannelijk,volwassen,Noordoostelijk,n/a,headsetmicrofoon,48000
boergait,boergait,20080414,boergait,0.60138476,True,mannelijk,volwassen,Noordoostelijk,n/a,headsetmicrofoon,48000
boergait,boergait,20080414,boergait,0.5871386,True,mannelijk,volwassen,Noordoostelijk,n/a,headsetmicrofoon,48000
boergait,boergait,20080418,boergerrit,0.5953066,False,mannelijk,volwassen,Noordoostelijk,n/a,headsetmicrofoon,48000
boergait,boergait,20080414,boergait,0.67525697,True,mannelijk,volwassen,Noordoostelijk,n/a,headsetmicrofoon,48000
boergait,boergait,20080414,boergait,0.67926395,True,mannelijk,volwassen,Noordoostelijk,n/a,headsetmicrofoon,48000
boergait,boergait,20080414,boergait,0.65917087,True,mannelijk,volwassen,Noordoostelijk,n/a,headsetmicrofoon,48000
boergait,boergait,20080414,boergait,0.6462661,True,mannelijk,volwassen,Noordoostelijk,n/a,headsetmicrofoon,48000
boergait,boergait,20080414,boergait,0.70469975,True,mannelijk,volwassen,Noordoostelijk,n/a,headsetmicrofoon,48000
boergait,boergait,20080414,boergait,0.760003,True,mannelijk,volwassen,Noordoostelijk,n/a,headsetmicrofoon,48000
boergait,boergait,20080414,boergait,0.75854015,True,mannelijk,volwassen,Noordoostelijk,n/a,headsetmicrofoon,48000
boergait,boergait,20080414,boergait,0.51429284,True,mannelijk,volwassen,Noordoostelijk,n/a,headsetmicrofoon,48000
boergait,boergait,20080414,boergait,0.59564114,True,mannelijk,volwassen,Noordoostelijk,n/a,headsetmicrofoon,48000
boergait,boergait,20080414,boergait,0.73387015,True,mannelijk,volwassen,Noordoostelijk,n/a,headsetmicrofoon,48000
boergait,boergait,20080414,boergait,0.6390499,True,mannelijk,volwassen,Noordoostelijk,n/a,headsetmicrofoon,48000
boergait,boergait,20080414,boergait,0.76096183,True,mannelijk,volwassen,Noordoostelijk,n/a,headsetmicrofoon,48000
boergait,boergait,20080414,boergait,0.6045259,True,mannelijk,volwassen,Noordoostelijk,n/a,headsetmicrofoon,48000
boergait,boergait,20080414,boergait,0.723217,True,mannelijk,volwassen,Noordoostelijk,n/a,headsetmicrofoon,48000
boergait,boergait,20080418,boergerrit,0.56114006,False,mannelijk,volwassen,Noordoostelijk,n/a,headsetmicrofoon,48000
boergait,boergait,20080414,boergait,0.5978037,True,mannelijk,volwassen,Noordoostelijk,n/a,headsetmicrofoon,48000
boergait,boergait,20080418,boergerrit,0.59815216,False,mannelijk,volwassen,Noordoostelijk,n/a,headsetmicrofoon,48000
boergait,boergait,20080414,boergait,0.525676,True,mannelijk,volwassen,Noordoostelijk,n/a,headsetmicrofoon,48000
boergait,boergait,20080414,boergait,0.74570197,True,mannelijk,volwassen,Noordoostelijk,n/a,headsetmicrofoon,48000
boergait,boergait,20080418,boergerrit,0.6000098,False,mannelijk,volwassen,Noordoostelijk,n/a,headsetmicrofoon,48000
boergait,boergait,20080414,boergait,0.6542279,True,mannelijk,volwassen,Noordoostelijk,n/a,headsetmicrofoon,48000
boergait,boergait,20080414,boergait,0.6115315,True,mannelijk,volwassen,Noordoostelijk,n/a,headsetmicrofoon,48000
boergait,boergait,20080414,boergait,0.77859557,True,mannelijk,volwassen,Noordoostelijk,n/a,headsetmicrofoon,48000
boergait,boergait,20080414,boergait,0.83213365,True,mannelijk,volwassen,Noordoostelijk,n/a,headsetmicrofoon,48000
boergait,boergait,20080414,boergait,0.75837195,True,mannelijk,volwassen,Noordoostelijk,n/a,headsetmicrofoon,48000
boergait,boergait,20080414,boergait,0.70843124,True,mannelijk,volwassen,Noordoostelijk,n/a,headsetmicrofoon,48000
boergait,boergait,20080414,boergait,0.7227,True,mannelijk,volwassen,Noordoostelijk,n/a,headsetmicrofoon,48000
boergait,boergait,20080418,boergerrit,0.72921,False,mannelijk,volwassen,Noordoostelijk,n/a,headsetmicrofoon,48000
boergait,boergait,20080414,boergait,0.64954764,True,mannelijk,volwassen,Noordoostelijk,n/a,headsetmicrofoon,48000
boergait,boergait,20080414,boergait,0.7191622,True,mannelijk,volwassen,Noordoostelijk,n/a,headsetmicrofoon,48000
boergait,boergait,20080414,boergait,0.7212217,True,mannelijk,volwassen,Noordoostelijk,n/a,headsetmicrofoon,48000
boergait,boergait,20080418,boergerrit,0.64338374,False,mannelijk,volwassen,Noordoostelijk,n/a,headsetmicrofoon,48000
boergait,boergait,20080414,boergait,0.75717723,True,mannelijk,volwassen,Noordoostelijk,n/a,headsetmicrofoon,48000
boergait,boergait,20080414,boergait,0.61757195,True,mannelijk,volwassen,Noordoostelijk,n/a,headsetmicrofoon,48000
boergait,boergait,20080418,boergerrit,0.6212174,False,mannelijk,volwassen,Noordoostelijk,n/a,headsetmicrofoon,48000
boergait,boergait,20080414,boergait,0.51445264,True,mannelijk,volwassen,Noordoostelijk,n/a,headsetmicrofoon,48000
boergait,boergait,20080418,boergerrit,0.6304269,False,mannelijk,volwassen,Noordoostelijk,n/a,headsetmicrofoon,48000
boergait,boergait,20080418,boergerrit,0.61103857,False,mannelijk,volwassen,Noordoostelijk,n/a,headsetmicrofoon,48000
boergait,boergait,20080414,boergait,0.66813457,True,mannelijk,volwassen,Noordoostelijk,n/a,headsetmicrofoon,48000
boergait,boergait,20080414,boergait,0.64499086,True,mannelijk,volwassen,Noordoostelijk,n/a,headsetmicrofoon,48000
boergait,boergait,20080414,boergait,0.7007213,True,mannelijk,volwassen,Noordoostelijk,n/a,headsetmicrofoon,48000
boergait,boergait,20080414,boergait,0.72808945,True,mannelijk,volwassen,Noordoostelijk,n/a,headsetmicrofoon,48000
boergait,boergait,20080414,boergait,0.75118214,True,mannelijk,volwassen,Noordoostelijk,n/a,headsetmicrofoon,48000
boergait,boergait,20080414,boergait,0.6641116,True,mannelijk,volwassen,Noordoostelijk,n/a,headsetmicrofoon,48000
boergait,boergait,20080414,boergait,0.6971468,True,mannelijk,volwassen,Noordoostelijk,n/a,headsetmicrofoon,48000
boergait,boergait,20080414,boergait,0.6855068,True,mannelijk,volwassen,Noordoostelijk,n/a,headsetmicrofoon,48000
boergait,boergait,20080414,boergait,0.75771654,True,mannelijk,volwassen,Noordoostelijk,n/a,headsetmicrofoon,48000
boergait,boergait,20080414,boergait,0.7063612,True,mannelijk,volwassen,Noordoostelijk,n/a,headsetmicrofoon,48000
boergait,boergait,20080414,boergait,0.45468146,True,mannelijk,volwassen,Noordoostelijk,n/a,headsetmicrofoon,48000
boergait,boergait,20080414,boergait,0.68693274,True,mannelijk,volwassen,Noordoostelijk,n/a,headsetmicrofoon,48000
boergait,boergait,20080414,boergait,0.5691208,True,mannelijk,volwassen,Noordoostelijk,n/a,headsetmicrofoon,48000
boergait,boergait,20080414,boergait,0.71454024,True,mannelijk,volwassen,Noordoostelijk,n/a,headsetmicrofoon,48000
boergait,boergait,20080414,boergait,0.7711923,True,mannelijk,volwassen,Noordoostelijk,n/a,headsetmicrofoon,48000
boergait,boergait,20080414,boergait,0.701068,True,mannelijk,volwassen,Noordoostelijk,n/a,headsetmicrofoon,48000
boergait,boergait,20080414,boergait,0.674767,True,mannelijk,volwassen,Noordoostelijk,n/a,headsetmicrofoon,48000
boergait,boergait,20080414,boergait,0.70954883,True,mannelijk,volwassen,Noordoostelijk,n/a,headsetmicrofoon,48000
boergait,boergait,20080414,boergait,0.695854,True,mannelijk,volwassen,Noordoostelijk,n/a,headsetmicrofoon,48000
boergait,boergait,20080414,boergait,0.73908454,True,mannelijk,volwassen,Noordoostelijk,n/a,headsetmicrofoon,48000
boergait,boergait,20080414,boergait,0.67468786,True,mannelijk,volwassen,Noordoostelijk,n/a,headsetmicrofoon,48000
boergait,boergait,20080414,boergait,0.6732384,True,mannelijk,volwassen,Noordoostelijk,n/a,headsetmicrofoon,48000
boergait,boergait,20080414,boergait,0.42699474,True,mannelijk,volwassen,Noordoostelijk,n/a,headsetmicrofoon,48000
boergait,boergait,20080418,boergerrit,0.63836664,False,mannelijk,volwassen,Noordoostelijk,n/a,headsetmicrofoon,48000
boergait,boergait,20080414,boergait,0.647475,True,mannelijk,volwassen,Noordoostelijk,n/a,headsetmicrofoon,48000
boergait,boergait,20080414,boergait,0.7357735,True,mannelijk,volwassen,Noordoostelijk,n/a,headsetmicrofoon,48000
boergait,boergait,20080414,boergait,0.688076,True,mannelijk,volwassen,Noordoostelijk,n/a,headsetmicrofoon,48000
boergait,boergait,20080414,boergait,0.8113898,True,mannelijk,volwassen,Noordoostelijk,n/a,headsetmicrofoon,48000
boergait,boergait,20080418,boergerrit,0.6797386,False,mannelijk,volwassen,Noordoostelijk,n/a,headsetmicrofoon,48000
boergait,boergait,20080414,boergait,0.75558996,True,mannelijk,volwassen,Noordoostelijk,n/a,headsetmicrofoon,48000
boergait,boergait,20080414,boergait,0.72160304,True,mannelijk,volwassen,Noordoostelijk,n/a,headsetmicrofoon,48000
boergait,boergait,20080414,boergait,0.7531104,True,mannelijk,volwassen,Noordoostelijk,n/a,headsetmicrofoon,48000
boergait,boergait,20080414,boergait,0.78727365,True,mannelijk,volwassen,Noordoostelijk,n/a,headsetmicrofoon,48000
boergait,boergait,20080414,boergait,0.7317538,True,mannelijk,volwassen,Noordoostelijk,n/a,headsetmicrofoon,48000
boergait,boergait,20080414,boergait,0.6257357,True,mannelijk,volwassen,Noordoostelijk,n/a,headsetmicrofoon,48000
boergait,boergait,20080414,boergait,0.7065266,True,mannelijk,volwassen,Noordoostelijk,n/a,headsetmicrofoon,48000
boergait,boergait,20080418,boergerrit,0.6956781,False,mannelijk,volwassen,Noordoostelijk,n/a,headsetmicrofoon,48000
boergait,boergait,20080414,boergait,0.7252375,True,mannelijk,volwassen,Noordoostelijk,n/a,headsetmicrofoon,48000
boergait,boergait,20080414,boergait,0.7103374,True,mannelijk,volwassen,Noordoostelijk,n/a,headsetmicrofoon,48000
boergait,boergait,20080414,boergait,0.74537945,True,mannelijk,volwassen,Noordoostelijk,n/a,headsetmicrofoon,48000
boergait,boergait,20080414,boergait,0.66306496,True,mannelijk,volwassen,Noordoostelijk,n/a,headsetmicrofoon,48000
boergait,boergait,20080414,boergait,0.7361274,True,mannelijk,volwassen,Noordoostelijk,n/a,headsetmicrofoon,48000
boergait,boergait,20080414,boergait,0.6236588,True,mannelijk,volwassen,Noordoostelijk,n/a,headsetmicrofoon,48000
boergait,boergait,20080418,boergerrit,0.7518444,False,mannelijk,volwassen,Noordoostelijk,n/a,headsetmicrofoon,48000
boergait,boergait,20080414,boergait,0.69458777,True,mannelijk,volwassen,Noordoostelijk,n/a,headsetmicrofoon,48000
boergait,boergait,20080418,boergerrit,0.47495902,False,mannelijk,volwassen,Noordoostelijk,n/a,headsetmicrofoon,48000
boergait,boergait,20080418,boergerrit,0.6892271,False,mannelijk,volwassen,Noordoostelijk,n/a,headsetmicrofoon,48000
boergait,boergait,20080414,boergait,0.668854,True,mannelijk,volwassen,Noordoostelijk,n/a,headsetmicrofoon,48000
boergait,boergait,20080414,boergait,0.6565923,True,mannelijk,volwassen,Noordoostelijk,n/a,headsetmicrofoon,48000
boergait,boergait,20080414,boergait,0.7403553,True,mannelijk,volwassen,Noordoostelijk,n/a,headsetmicrofoon,48000
boergait,boergait,20080414,boergait,0.78949475,True,mannelijk,volwassen,Noordoostelijk,n/a,headsetmicrofoon,48000
boergait,boergait,20080414,boergait,0.6287247,True,mannelijk,volwassen,Noordoostelijk,n/a,headsetmicrofoon,48000
boergait,boergait,20080414,boergait,0.75187784,True,mannelijk,volwassen,Noordoostelijk,n/a,headsetmicrofoon,48000
boergait,boergait,20080414,boergait,0.7162217,True,mannelijk,volwassen,Noordoostelijk,n/a,headsetmicrofoon,48000
boergait,boergait,20080414,boergait,0.6798585,True,mannelijk,volwassen,Noordoostelijk,n/a,headsetmicrofoon,48000
boergait,boergait,20080414,boergait,0.65868783,True,mannelijk,volwassen,Noordoostelijk,n/a,headsetmicrofoon,48000
boergait,boergait,20080414,boergait,0.78372,True,mannelijk,volwassen,Noordoostelijk,n/a,headsetmicrofoon,48000
boergait,boergait,20080418,boergerrit,0.6782758,False,mannelijk,volwassen,Noordoostelijk,n/a,headsetmicrofoon,48000
boergait,boergait,20080414,boergait,0.6947465,True,mannelijk,volwassen,Noordoostelijk,n/a,headsetmicrofoon,48000
boergait,boergait,20080414,boergait,0.636061,True,mannelijk,volwassen,Noordoostelijk,n/a,headsetmicrofoon,48000
boergait,boergait,20080414,boergait,0.67290646,True,mannelijk,volwassen,Noordoostelijk,n/a,headsetmicrofoon,48000
boergait,boergait,20080414,boergait,0.68281096,True,mannelijk,volwassen,Noordoostelijk,n/a,headsetmicrofoon,48000
boergait,boergait,20080414,boergait,0.6755332,True,mannelijk,volwassen,Noordoostelijk,n/a,headsetmicrofoon,48000
boergait,boergait,20080414,boergait,0.7009921,True,mannelijk,volwassen,Noordoostelijk,n/a,headsetmicrofoon,48000
boergait,boergait,20080414,boergait,0.68258286,True,mannelijk,volwassen,Noordoostelijk,n/a,headsetmicrofoon,48000
boergait,boergait,20080414,boergait,0.69641167,True,mannelijk,volwassen,Noordoostelijk,n/a,headsetmicrofoon,48000
boergait,boergait,20080418,boergerrit,0.6264693,False,mannelijk,volwassen,Noordoostelijk,n/a,headsetmicrofoon,48000
boergait,boergait,20080414,boergait,0.6797075,True,mannelijk,volwassen,Noordoostelijk,n/a,headsetmicrofoon,48000
boergait,boergait,20080414,boergait,0.67016244,True,mannelijk,volwassen,Noordoostelijk,n/a,headsetmicrofoon,48000
boergait,boergait,20080414,boergait,0.7278943,True,mannelijk,volwassen,Noordoostelijk,n/a,headsetmicrofoon,48000
boergait,boergait,20080414,boergait,0.69389355,True,mannelijk,volwassen,Noordoostelijk,n/a,headsetmicrofoon,48000
boergait,boergait,20080418,boergerrit,0.6142817,False,mannelijk,volwassen,Noordoostelijk,n/a,headsetmicrofoon,48000
boergait,boergait,20080418,boergerrit,0.6608306,False,mannelijk,volwassen,Noordoostelijk,n/a,headsetmicrofoon,48000
boergait,boergait,20080414,boergait,0.7165135,True,mannelijk,volwassen,Noordoostelijk,n/a,headsetmicrofoon,48000
boergait,boergait,20080418,boergerrit,0.56722844,False,mannelijk,volwassen,Noordoostelijk,n/a,headsetmicrofoon,48000
boergait,boergait,20080414,boergait,0.6937416,True,mannelijk,volwassen,Noordoostelijk,n/a,headsetmicrofoon,48000
boergait,boergait,20080414,boergait,0.6552298,True,mannelijk,volwassen,Noordoostelijk,n/a,headsetmicrofoon,48000
boergait,boergait,20080414,boergait,0.6186819,True,mannelijk,volwassen,Noordoostelijk,n/a,headsetmicrofoon,48000
boergait,boergait,20080414,boergait,0.65958166,True,mannelijk,volwassen,Noordoostelijk,n/a,headsetmicrofoon,48000
boergait,boergait,20080414,boergait,0.72160417,True,mannelijk,volwassen,Noordoostelijk,n/a,headsetmicrofoon,48000
boergait,boergait,20080414,boergait,0.72907925,True,mannelijk,volwassen,Noordoostelijk,n/a,headsetmicrofoon,48000
boergait,boergait,20080414,boergait,0.7422401,True,mannelijk,volwassen,Noordoostelijk,n/a,headsetmicrofoon,48000
boergait,boergait,20080414,boergait,0.7506107,True,mannelijk,volwassen,Noordoostelijk,n/a,headsetmicrofoon,48000
boergait,boergait,20080414,boergait,0.66844785,True,mannelijk,volwassen,Noordoostelijk,n/a,headsetmicrofoon,48000
boergait,boergait,20080414,boergait,0.70848924,True,mannelijk,volwassen,Noordoostelijk,n/a,headsetmicrofoon,48000
boergait,boergait,20080414,boergait,0.60707045,True,mannelijk,volwassen,Noordoostelijk,n/a,headsetmicrofoon,48000
boergait,boergait,20080414,boergait,0.6484467,True,mannelijk,volwassen,Noordoostelijk,n/a,headsetmicrofoon,48000
boergait,boergait,20080414,boergait,0.6067184,True,mannelijk,volwassen,Noordoostelijk,n/a,headsetmicrofoon,48000
boergait,boergait,20080414,boergait,0.6732394,True,mannelijk,volwassen,Noordoostelijk,n/a,headsetmicrofoon,48000
boergait,boergait,20080414,boergait,0.7474507,True,mannelijk,volwassen,Noordoostelijk,n/a,headsetmicrofoon,48000
boergait,boergait,20080418,boergerrit,0.7273965,False,mannelijk,volwassen,Noordoostelijk,n/a,headsetmicrofoon,48000
boergait,boergait,20080418,boergerrit,0.64291054,False,mannelijk,volwassen,Noordoostelijk,n/a,headsetmicrofoon,48000
boergait,boergait,20080414,boergait,0.7469009,True,mannelijk,volwassen,Noordoostelijk,n/a,headsetmicrofoon,48000
boergait,boergait,20080414,boergait,0.73453736,True,mannelijk,volwassen,Noordoostelijk,n/a,headsetmicrofoon,48000
boergait,boergait,20080414,boergait,0.62808096,True,mannelijk,volwassen,Noordoostelijk,n/a,headsetmicrofoon,48000
boergait,boergait,20080414,boergait,0.5087352,True,mannelijk,volwassen,Noordoostelijk,n/a,headsetmicrofoon,48000
boergait,boergait,20080414,boergait,0.6722746,True,mannelijk,volwassen,Noordoostelijk,n/a,headsetmicrofoon,48000
boergait,boergait,20080414,boergait,0.5814484,True,mannelijk,volwassen,Noordoostelijk,n/a,headsetmicrofoon,48000
boergait,boergait,20080414,boergait,0.66901505,True,mannelijk,volwassen,Noordoostelijk,n/a,headsetmicrofoon,48000
boergait,boergait,20080414,boergait,0.5670949,True,mannelijk,volwassen,Noordoostelijk,n/a,headsetmicrofoon,48000
boergait,boergait,20080414,boergait,0.6148444,True,mannelijk,volwassen,Noordoostelijk,n/a,headsetmicrofoon,48000
boergait,boergait,20080414,boergait,0.6249775,True,mannelijk,volwassen,Noordoostelijk,n/a,headsetmicrofoon,48000
boergait,boergait,20080414,boergait,0.6728515,True,mannelijk,volwassen,Noordoostelijk,n/a,headsetmicrofoon,48000
boergait,boergait,20080414,boergait,0.6396386,True,mannelijk,volwassen,Noordoostelijk,n/a,headsetmicrofoon,48000
boergait,boergait,20080414,boergait,0.57701874,True,mannelijk,volwassen,Noordoostelijk,n/a,headsetmicrofoon,48000
boergait,boergait,20080414,boergait,0.7387773,True,mannelijk,volwassen,Noordoostelijk,n/a,headsetmicrofoon,48000
boergait,boergait,20080414,boergait,0.7108388,True,mannelijk,volwassen,Noordoostelijk,n/a,headsetmicrofoon,48000
boergait,boergait,20080414,boergait,0.77230155,True,mannelijk,volwassen,Noordoostelijk,n/a,headsetmicrofoon,48000
boergait,boergait,20080414,boergait,0.7443844,True,mannelijk,volwassen,Noordoostelijk,n/a,headsetmicrofoon,48000
boergait,boergait,20080414,boergait,0.81945264,True,mannelijk,volwassen,Noordoostelijk,n/a,headsetmicrofoon,48000
boergait,boergait,20080414,boergait,0.70007724,True,mannelijk,volwassen,Noordoostelijk,n/a,headsetmicrofoon,48000
boergait,boergait,20080418,boergerrit,0.6265956,False,mannelijk,volwassen,Noordoostelijk,n/a,headsetmicrofoon,48000
boergait,boergait,20080414,boergait,0.6969681,True,mannelijk,volwassen,Noordoostelijk,n/a,headsetmicrofoon,48000
boergait,boergait,20080414,boergait,0.71502626,True,mannelijk,volwassen,Noordoostelijk,n/a,headsetmicrofoon,48000
boergait,boergait,20080414,boergait,0.6763066,True,mannelijk,volwassen,Noordoostelijk,n/a,headsetmicrofoon,48000
boergait,boergait,20080414,boergait,0.7169187,True,mannelijk,volwassen,Noordoostelijk,n/a,headsetmicrofoon,48000
boergait,boergait,20080418,boergerrit,0.5339891,False,mannelijk,volwassen,Noordoostelijk,n/a,headsetmicrofoon,48000
boergait,boergait,20080414,boergait,0.7273683,True,mannelijk,volwassen,Noordoostelijk,n/a,headsetmicrofoon,48000
boergait,boergait,20080418,boergerrit,0.7508709,False,mannelijk,volwassen,Noordoostelijk,n/a,headsetmicrofoon,48000
boergait,boergait,20080414,boergait,0.6310005,True,mannelijk,volwassen,Noordoostelijk,n/a,headsetmicrofoon,48000
boergait,boergait,20080414,boergait,0.72523904,True,mannelijk,volwassen,Noordoostelijk,n/a,headsetmicrofoon,48000
boergait,boergait,20080414,boergait,0.73115826,True,mannelijk,volwassen,Noordoostelijk,n/a,headsetmicrofoon,48000
boergait,boergait,20080414,boergait,0.75672793,True,mannelijk,volwassen,Noordoostelijk,n/a,headsetmicrofoon,48000
boergait,boergait,20080414,boergait,0.6715481,True,mannelijk,volwassen,Noordoostelijk,n/a,headsetmicrofoon,48000
boergait,boergait,20080414,boergait,0.69559884,True,mannelijk,volwassen,Noordoostelijk,n/a,headsetmicrofoon,48000
boergait,boergait,20080414,boergait,0.6909454,True,mannelijk,volwassen,Noordoostelijk,n/a,headsetmicrofoon,48000
boergait,boergait,20080414,boergait,0.75068796,True,mannelijk,volwassen,Noordoostelijk,n/a,headsetmicrofoon,48000
boergait,boergait,20080414,boergait,0.7862094,True,mannelijk,volwassen,Noordoostelijk,n/a,headsetmicrofoon,48000
boergait,boergait,20080414,boergait,0.69626975,True,mannelijk,volwassen,Noordoostelijk,n/a,headsetmicrofoon,48000
boergait,boergait,20080414,boergait,0.6977677,True,mannelijk,volwassen,Noordoostelijk,n/a,headsetmicrofoon,48000
boergait,boergait,20080414,boergait,0.823267,True,mannelijk,volwassen,Noordoostelijk,n/a,headsetmicrofoon,48000
boergait,boergait,20080414,boergait,0.64172584,True,mannelijk,volwassen,Noordoostelijk,n/a,headsetmicrofoon,48000
boergait,boergait,20080414,boergait,0.6445877,True,mannelijk,volwassen,Noordoostelijk,n/a,headsetmicrofoon,48000
boergait,boergait,20080414,boergait,0.72526234,True,mannelijk,volwassen,Noordoostelijk,n/a,headsetmicrofoon,48000
boergait,boergait,20080414,boergait,0.71308255,True,mannelijk,volwassen,Noordoostelijk,n/a,headsetmicrofoon,48000
boergait,boergait,20080414,boergait,0.7223371,True,mannelijk,volwassen,Noordoostelijk,n/a,headsetmicrofoon,48000
boergait,boergait,20080418,boergerrit,0.6080764,False,mannelijk,volwassen,Noordoostelijk,n/a,headsetmicrofoon,48000
boergait,boergait,20080414,boergait,0.43727955,True,mannelijk,volwassen,Noordoostelijk,n/a,headsetmicrofoon,48000
boergait,boergait,20080414,boergait,0.5865861,True,mannelijk,volwassen,Noordoostelijk,n/a,headsetmicrofoon,48000
boergait,boergait,20080414,boergait,0.6360239,True,mannelijk,volwassen,Noordoostelijk,n/a,headsetmicrofoon,48000
boergait,boergait,20080414,boergait,0.6982235,True,mannelijk,volwassen,Noordoostelijk,n/a,headsetmicrofoon,48000
boergait,boergait,20080414,boergait,0.7199988,True,mannelijk,volwassen,Noordoostelijk,n/a,headsetmicrofoon,48000
boergait,boergait,20080414,boergait,0.6347219,True,mannelijk,volwassen,Noordoostelijk,n/a,headsetmicrofoon,48000
boergait,boergait,20080414,boergait,0.66693515,True,mannelijk,volwassen,Noordoostelijk,n/a,headsetmicrofoon,48000
boergait,boergait,20080414,boergait,0.65942013,True,mannelijk,volwassen,Noordoostelijk,n/a,headsetmicrofoon,48000
boergait,boergait,20080414,boergait,0.65607655,True,mannelijk,volwassen,Noordoostelijk,n/a,headsetmicrofoon,48000
boergait,boergait,20080414,boergait,0.6315005,True,mannelijk,volwassen,Noordoostelijk,n/a,headsetmicrofoon,48000
boergait,boergait,20080414,boergait,0.75346565,True,mannelijk,volwassen,Noordoostelijk,n/a,headsetmicrofoon,48000
boergait,boergait,20080414,boergait,0.71851814,True,mannelijk,volwassen,Noordoostelijk,n/a,headsetmicrofoon,48000
boergait,boergait,20080414,boergait,0.6627469,True,mannelijk,volwassen,Noordoostelijk,n/a,headsetmicrofoon,48000
boergait,boergait,20080414,boergait,0.7800083,True,mannelijk,volwassen,Noordoostelijk,n/a,headsetmicrofoon,48000
boergait,boergait,20080414,boergait,0.75138915,True,mannelijk,volwassen,Noordoostelijk,n/a,headsetmicrofoon,48000
boergait,boergait,20080414,boergait,0.5974926,True,mannelijk,volwassen,Noordoostelijk,n/a,headsetmicrofoon,48000
boergait,boergait,20080414,boergait,0.71519446,True,mannelijk,volwassen,Noordoostelijk,n/a,headsetmicrofoon,48000
boergait,boergait,20080414,boergait,0.7702959,True,mannelijk,volwassen,Noordoostelijk,n/a,headsetmicrofoon,48000
boergait,boergait,20080414,boergait,0.68102425,True,mannelijk,volwassen,Noordoostelijk,n/a,headsetmicrofoon,48000
boergait,boergait,20080414,boergait,0.7445072,True,mannelijk,volwassen,Noordoostelijk,n/a,headsetmicrofoon,48000
boergait,boergait,20080414,boergait,0.7313912,True,mannelijk,volwassen,Noordoostelijk,n/a,headsetmicrofoon,48000
boergait,boergait,20080414,boergait,0.66651905,True,mannelijk,volwassen,Noordoostelijk,n/a,headsetmicrofoon,48000
boergait,boergait,20080414,boergait,0.7518562,True,mannelijk,volwassen,Noordoostelijk,n/a,headsetmicrofoon,48000
boergait,boergait,20080414,boergait,0.63466215,True,mannelijk,volwassen,Noordoostelijk,n/a,headsetmicrofoon,48000
boergait,boergait,20080414,boergait,0.6960844,True,mannelijk,volwassen,Noordoostelijk,n/a,headsetmicrofoon,48000
boergait,boergait,20080414,boergait,0.7335185,True,mannelijk,volwassen,Noordoostelijk,n/a,headsetmicrofoon,48000
boergait,boergait,20080414,boergait,0.65662944,True,mannelijk,volwassen,Noordoostelijk,n/a,headsetmicrofoon,48000
boergait,boergait,20080414,boergait,0.68480396,True,mannelijk,volwassen,Noordoostelijk,n/a,headsetmicrofoon,48000
boergait,boergait,20080414,boergait,0.63861924,True,mannelijk,volwassen,Noordoostelijk,n/a,headsetmicrofoon,48000
boergait,boergait,20080414,boergait,0.7347336,True,mannelijk,volwassen,Noordoostelijk,n/a,headsetmicrofoon,48000
boergait,boergait,20080414,boergait,0.69506526,True,mannelijk,volwassen,Noordoostelijk,n/a,headsetmicrofoon,48000
boergait,boergait,20080414,boergait,0.725086,True,mannelijk,volwassen,Noordoostelijk,n/a,headsetmicrofoon,48000
boergait,boergait,20080414,boergait,0.66704726,True,mannelijk,volwassen,Noordoostelijk,n/a,headsetmicrofoon,48000
boergait,boergait,20080414,boergait,0.53219664,True,mannelijk,volwassen,Noordoostelijk,n/a,headsetmicrofoon,48000
boergait,boergait,20080418,boergerrit,0.52499986,False,mannelijk,volwassen,Noordoostelijk,n/a,headsetmicrofoon,48000
boergait,boergait,20080414,boergait,0.6770212,True,mannelijk,volwassen,Noordoostelijk,n/a,headsetmicrofoon,48000
boergait,boergait,20080414,boergait,0.6384244,True,mannelijk,volwassen,Noordoostelijk,n/a,headsetmicrofoon,48000
boergait,boergait,20080414,boergait,0.73653686,True,mannelijk,volwassen,Noordoostelijk,n/a,headsetmicrofoon,48000
boergait,boergait,20080414,boergait,0.7050916,True,mannelijk,volwassen,Noordoostelijk,n/a,headsetmicrofoon,48000
boergait,boergait,20080414,boergait,0.71099865,True,mannelijk,volwassen,Noordoostelijk,n/a,headsetmicrofoon,48000
boergait,boergait,20080414,boergait,0.56789637,True,mannelijk,volwassen,Noordoostelijk,n/a,headsetmicrofoon,48000
boergait,boergait,20080414,boergait,0.7291408,True,mannelijk,volwassen,Noordoostelijk,n/a,headsetmicrofoon,48000
boergait,boergait,20080414,boergait,0.719651,True,mannelijk,volwassen,Noordoostelijk,n/a,headsetmicrofoon,48000
boergait,boergait,20080414,boergait,0.73324203,True,mannelijk,volwassen,Noordoostelijk,n/a,headsetmicrofoon,48000
boergait,boergait,20080414,boergait,0.7023164,True,mannelijk,volwassen,Noordoostelijk,n/a,headsetmicrofoon,48000
boergait,boergait,20080414,boergait,0.73130953,True,mannelijk,volwassen,Noordoostelijk,n/a,headsetmicrofoon,48000
boergait,boergait,20080418,boergerrit,0.5657153,False,mannelijk,volwassen,Noordoostelijk,n/a,headsetmicrofoon,48000
boergait,boergait,20080414,boergait,0.75959814,True,mannelijk,volwassen,Noordoostelijk,n/a,headsetmicrofoon,48000
boergait,boergait,20080414,boergait,0.700645,True,mannelijk,volwassen,Noordoostelijk,n/a,headsetmicrofoon,48000
boergait,boergait,20080414,boergait,0.730036,True,mannelijk,volwassen,Noordoostelijk,n/a,headsetmicrofoon,48000
boergait,boergait,20080414,boergait,0.77121973,True,mannelijk,volwassen,Noordoostelijk,n/a,headsetmicrofoon,48000
boergait,boergait,20080414,boergait,0.6761527,True,mannelijk,volwassen,Noordoostelijk,n/a,headsetmicrofoon,48000
boergait,boergait,20080414,boergait,0.68051505,True,mannelijk,volwassen,Noordoostelijk,n/a,headsetmicrofoon,48000
boergait,boergait,20080414,boergait,0.64484876,True,mannelijk,volwassen,Noordoostelijk,n/a,headsetmicrofoon,48000
boergait,boergait,20080414,boergait,0.6452806,True,mannelijk,volwassen,Noordoostelijk,n/a,headsetmicrofoon,48000
boergait,boergait,20080414,boergait,0.6305065,True,mannelijk,volwassen,Noordoostelijk,n/a,headsetmicrofoon,48000
boergait,boergait,20080414,boergait,0.6861937,True,mannelijk,volwassen,Noordoostelijk,n/a,headsetmicrofoon,48000
boergait,boergait,20080414,boergait,0.66194546,True,mannelijk,volwassen,Noordoostelijk,n/a,headsetmicrofoon,48000
boergait,boergait,20080414,boergait,0.6756644,True,mannelijk,volwassen,Noordoostelijk,n/a,headsetmicrofoon,48000
boergait,boergait,20080414,boergait,0.75690025,True,mannelijk,volwassen,Noordoostelijk,n/a,headsetmicrofoon,48000
boergait,boergait,20080414,boergait,0.7438845,True,mannelijk,volwassen,Noordoostelijk,n/a,headsetmicrofoon,48000
boergait,boergait,20080414,boergait,0.7767753,True,mannelijk,volwassen,Noordoostelijk,n/a,headsetmicrofoon,48000
boergait,boergait,20080414,boergait,0.70581514,True,mannelijk,volwassen,Noordoostelijk,n/a,headsetmicrofoon,48000
boergait,boergait,20080414,boergait,0.7254021,True,mannelijk,volwassen,Noordoostelijk,n/a,headsetmicrofoon,48000
boergait,boergait,20080414,boergait,0.708598,True,mannelijk,volwassen,Noordoostelijk,n/a,headsetmicrofoon,48000
boergait,boergait,20080418,boergerrit,0.6985364,False,mannelijk,volwassen,Noordoostelijk,n/a,headsetmicrofoon,48000
boergait,boergait,20080414,boergait,0.6282879,True,mannelijk,volwassen,Noordoostelijk,n/a,headsetmicrofoon,48000
boergait,boergait,20080418,boergerrit,0.68599284,False,mannelijk,volwassen,Noordoostelijk,n/a,headsetmicrofoon,48000
boergait,boergait,20080414,boergait,0.7818009,True,mannelijk,volwassen,Noordoostelijk,n/a,headsetmicrofoon,48000
boergait,boergait,20080414,boergait,0.59008193,True,mannelijk,volwassen,Noordoostelijk,n/a,headsetmicrofoon,48000
boergait,boergait,20080414,boergait,0.7317009,True,mannelijk,volwassen,Noordoostelijk,n/a,headsetmicrofoon,48000
boergait,boergait,20080414,boergait,0.7276018,True,mannelijk,volwassen,Noordoostelijk,n/a,headsetmicrofoon,48000
boergait,boergait,20080414,boergait,0.744812,True,mannelijk,volwassen,Noordoostelijk,n/a,headsetmicrofoon,48000
boergait,boergait,20080414,boergait,0.65266794,True,mannelijk,volwassen,Noordoostelijk,n/a,headsetmicrofoon,48000
boergait,boergait,20080414,boergait,0.63872623,True,mannelijk,volwassen,Noordoostelijk,n/a,headsetmicrofoon,48000
boergait,boergait,20080414,boergait,0.6615776,True,mannelijk,volwassen,Noordoostelijk,n/a,headsetmicrofoon,48000
boergait,boergait,20080414,boergait,0.6500452,True,mannelijk,volwassen,Noordoostelijk,n/a,headsetmicrofoon,48000
boergait,boergait,20080414,boergait,0.6920186,True,mannelijk,volwassen,Noordoostelijk,n/a,headsetmicrofoon,48000
boergait,boergait,20080414,boergait,0.6791673,True,mannelijk,volwassen,Noordoostelijk,n/a,headsetmicrofoon,48000
boergait,boergait,20080414,boergait,0.75370014,True,mannelijk,volwassen,Noordoostelijk,n/a,headsetmicrofoon,48000
boergait,boergait,20080414,boergait,0.81683475,True,mannelijk,volwassen,Noordoostelijk,n/a,headsetmicrofoon,48000
boergait,boergait,20080414,boergait,0.75237286,True,mannelijk,volwassen,Noordoostelijk,n/a,headsetmicrofoon,48000
boergait,boergait,20080414,boergait,0.71862006,True,mannelijk,volwassen,Noordoostelijk,n/a,headsetmicrofoon,48000
boergait,boergait,20080414,boergait,0.72287434,True,mannelijk,volwassen,Noordoostelijk,n/a,headsetmicrofoon,48000
boergait,boergait,20080414,boergait,0.75553584,True,mannelijk,volwassen,Noordoostelijk,n/a,headsetmicrofoon,48000
boergait,boergait,20080414,boergait,0.7000134,True,mannelijk,volwassen,Noordoostelijk,n/a,headsetmicrofoon,48000
boergait,boergait,20080414,boergait,0.78140867,True,mannelijk,volwassen,Noordoostelijk,n/a,headsetmicrofoon,48000
boergait,boergait,20080418,boergerrit,0.56924605,False,mannelijk,volwassen,Noordoostelijk,n/a,headsetmicrofoon,48000
boergait,boergait,20080219,Bas,0.49869537,False,mannelijk,volwassen,Noordoostelijk,n/a,headsetmicrofoon,48000
boergait,boergait,20080414,boergait,0.5863981,True,mannelijk,volwassen,Noordoostelijk,n/a,headsetmicrofoon,48000
boergait,boergait,20080414,boergait,0.63249916,True,mannelijk,volwassen,Noordoostelijk,n/a,headsetmicrofoon,48000
boergait,boergait,20080414,boergait,0.56606334,True,mannelijk,volwassen,Noordoostelijk,n/a,headsetmicrofoon,48000
boergait,boergait,20080418,boergerrit,0.6003361,False,mannelijk,volwassen,Noordoostelijk,n/a,headsetmicrofoon,48000
boergait,boergait,20080414,boergait,0.65245736,True,mannelijk,volwassen,Noordoostelijk,n/a,headsetmicrofoon,48000
boergait,boergait,20080414,boergait,0.567782,True,mannelijk,volwassen,Noordoostelijk,n/a,headsetmicrofoon,48000
boergait,boergait,20080414,boergait,0.6315285,True,mannelijk,volwassen,Noordoostelijk,n/a,headsetmicrofoon,48000
boergait,boergait,20080414,boergait,0.679772,True,mannelijk,volwassen,Noordoostelijk,n/a,headsetmicrofoon,48000
boergait,boergait,20080418,boergerrit,0.686827,False,mannelijk,volwassen,Noordoostelijk,n/a,headsetmicrofoon,48000
boergait,boergait,20080414,boergait,0.55844235,True,mannelijk,volwassen,Noordoostelijk,n/a,headsetmicrofoon,48000
boergait,boergait,20080414,boergait,0.641864,True,mannelijk,volwassen,Noordoostelijk,n/a,headsetmicrofoon,48000
boergait,boergait,20080414,boergait,0.6389058,True,mannelijk,volwassen,Noordoostelijk,n/a,headsetmicrofoon,48000
boergait,boergait,20080414,boergait,0.52510273,True,mannelijk,volwassen,Noordoostelijk,n/a,headsetmicrofoon,48000
boergait,boergait,20080414,boergait,0.5879417,True,mannelijk,volwassen,Noordoostelijk,n/a,headsetmicrofoon,48000
boergait,boergait,20080414,boergait,0.6572969,True,mannelijk,volwassen,Noordoostelijk,n/a,headsetmicrofoon,48000
boergait,boergait,20080414,boergait,0.6327615,True,mannelijk,volwassen,Noordoostelijk,n/a,headsetmicrofoon,48000
boergait,boergait,20080414,boergait,0.6180307,True,mannelijk,volwassen,Noordoostelijk,n/a,headsetmicrofoon,48000
boergait,boergait,20080414,boergait,0.64866257,True,mannelijk,volwassen,Noordoostelijk,n/a,headsetmicrofoon,48000
boergait,boergait,20080414,boergait,0.72170794,True,mannelijk,volwassen,Noordoostelijk,n/a,headsetmicrofoon,48000
boergait,boergait,20080414,boergait,0.7152013,True,mannelijk,volwassen,Noordoostelijk,n/a,headsetmicrofoon,48000
boergait,boergait,20080418,boergerrit,0.6241462,False,mannelijk,volwassen,Noordoostelijk,n/a,headsetmicrofoon,48000
boergait,boergait,20080414,boergait,0.7570652,True,mannelijk,volwassen,Noordoostelijk,n/a,headsetmicrofoon,48000
boergait,boergait,20080414,boergait,0.7769518,True,mannelijk,volwassen,Noordoostelijk,n/a,headsetmicrofoon,48000
boergait,boergait,20080414,boergait,0.68244207,True,mannelijk,volwassen,Noordoostelijk,n/a,headsetmicrofoon,48000
boergait,boergait,20080414,boergait,0.7330695,True,mannelijk,volwassen,Noordoostelijk,n/a,headsetmicrofoon,48000
boergait,boergait,20080414,boergait,0.7587965,True,mannelijk,volwassen,Noordoostelijk,n/a,headsetmicrofoon,48000
boergait,boergait,20080414,boergait,0.7598384,True,mannelijk,volwassen,Noordoostelijk,n/a,headsetmicrofoon,48000
boergait,boergait,20080414,boergait,0.68620527,True,mannelijk,volwassen,Noordoostelijk,n/a,headsetmicrofoon,48000
boergait,boergait,20080414,boergait,0.7007206,True,mannelijk,volwassen,Noordoostelijk,n/a,headsetmicrofoon,48000
boergait,boergait,20080414,boergait,0.6306255,True,mannelijk,volwassen,Noordoostelijk,n/a,headsetmicrofoon,48000
boergait,boergait,20080414,boergait,0.78151035,True,mannelijk,volwassen,Noordoostelijk,n/a,headsetmicrofoon,48000
boergait,boergait,20080414,boergait,0.69419765,True,mannelijk,volwassen,Noordoostelijk,n/a,headsetmicrofoon,48000
boergait,boergait,20080414,boergait,0.5746616,True,mannelijk,volwassen,Noordoostelijk,n/a,headsetmicrofoon,48000
boergait,boergait,20080414,boergait,0.6828426,True,mannelijk,volwassen,Noordoostelijk,n/a,headsetmicrofoon,48000
boergait,boergait,20080414,boergait,0.6878008,True,mannelijk,volwassen,Noordoostelijk,n/a,headsetmicrofoon,48000
boergait,boergait,20080414,boergait,0.7163665,True,mannelijk,volwassen,Noordoostelijk,n/a,headsetmicrofoon,48000
boergait,boergait,20080414,boergait,0.63764083,True,mannelijk,volwassen,Noordoostelijk,n/a,headsetmicrofoon,48000
boergait,boergait,20080414,boergait,0.6862563,True,mannelijk,volwassen,Noordoostelijk,n/a,headsetmicrofoon,48000
boergait,boergait,20080418,boergerrit,0.5685551,False,mannelijk,volwassen,Noordoostelijk,n/a,headsetmicrofoon,48000
boergait,boergait,20080414,boergait,0.7507049,True,mannelijk,volwassen,Noordoostelijk,n/a,headsetmicrofoon,48000
boergait,boergait,20080418,boergerrit,0.6957376,False,mannelijk,volwassen,Noordoostelijk,n/a,headsetmicrofoon,48000
boergait,boergait,20080414,boergait,0.68601537,True,mannelijk,volwassen,Noordoostelijk,n/a,headsetmicrofoon,48000
boergait,boergait,20080414,boergait,0.77104956,True,mannelijk,volwassen,Noordoostelijk,n/a,headsetmicrofoon,48000
boergait,boergait,20080414,boergait,0.6870196,True,mannelijk,volwassen,Noordoostelijk,n/a,headsetmicrofoon,48000
boergait,boergait,20080414,boergait,0.76348287,True,mannelijk,volwassen,Noordoostelijk,n/a,headsetmicrofoon,48000
boergait,boergait,20080414,boergait,0.7469162,True,mannelijk,volwassen,Noordoostelijk,n/a,headsetmicrofoon,48000
boergait,boergait,20080414,boergait,0.633368,True,mannelijk,volwassen,Noordoostelijk,n/a,headsetmicrofoon,48000
boergait,boergait,20080414,boergait,0.64945686,True,mannelijk,volwassen,Noordoostelijk,n/a,headsetmicrofoon,48000
boergait,boergait,20080414,boergait,0.5932598,True,mannelijk,volwassen,Noordoostelijk,n/a,headsetmicrofoon,48000
boergait,boergait,20080418,boergerrit,0.5816478,False,mannelijk,volwassen,Noordoostelijk,n/a,headsetmicrofoon,48000
boergait,boergait,20080414,boergait,0.7028213,True,mannelijk,volwassen,Noordoostelijk,n/a,headsetmicrofoon,48000
boergait,boergait,20080414,boergait,0.72231376,True,mannelijk,volwassen,Noordoostelijk,n/a,headsetmicrofoon,48000
boergait,boergait,20080414,boergait,0.66317064,True,mannelijk,volwassen,Noordoostelijk,n/a,headsetmicrofoon,48000
boergait,boergait,20080414,boergait,0.6987158,True,mannelijk,volwassen,Noordoostelijk,n/a,headsetmicrofoon,48000
boergait,boergait,20080414,boergait,0.7111842,True,mannelijk,volwassen,Noordoostelijk,n/a,headsetmicrofoon,48000
boergait,boergait,20080414,boergait,0.6718426,True,mannelijk,volwassen,Noordoostelijk,n/a,headsetmicrofoon,48000
boergait,boergait,20080414,boergait,0.65627,True,mannelijk,volwassen,Noordoostelijk,n/a,headsetmicrofoon,48000
boergait,boergait,20080414,boergait,0.6880402,True,mannelijk,volwassen,Noordoostelijk,n/a,headsetmicrofoon,48000
boergait,boergait,20080414,boergait,0.597819,True,mannelijk,volwassen,Noordoostelijk,n/a,headsetmicrofoon,48000
boergait,boergait,20080414,boergait,0.8216384,True,mannelijk,volwassen,Noordoostelijk,n/a,headsetmicrofoon,48000
boergait,boergait,20080414,boergait,0.664528,True,mannelijk,volwassen,Noordoostelijk,n/a,headsetmicrofoon,48000
boergait,boergait,20080414,boergait,0.71133184,True,mannelijk,volwassen,Noordoostelijk,n/a,headsetmicrofoon,48000
boergait,boergait,20080414,boergait,0.7197245,True,mannelijk,volwassen,Noordoostelijk,n/a,headsetmicrofoon,48000
boergait,boergait,20080414,boergait,0.7294396,True,mannelijk,volwassen,Noordoostelijk,n/a,headsetmicrofoon,48000
boergait,boergait,20080414,boergait,0.75065506,True,mannelijk,volwassen,Noordoostelijk,n/a,headsetmicrofoon,48000
boergait,boergait,20080414,boergait,0.7903301,True,mannelijk,volwassen,Noordoostelijk,n/a,headsetmicrofoon,48000
boergait,boergait,20080414,boergait,0.6524892,True,mannelijk,volwassen,Noordoostelijk,n/a,headsetmicrofoon,48000
boergait,boergait,20080414,boergait,0.7549721,True,mannelijk,volwassen,Noordoostelijk,n/a,headsetmicrofoon,48000
boergait,boergait,20080414,boergait,0.69242346,True,mannelijk,volwassen,Noordoostelijk,n/a,headsetmicrofoon,48000
boergait,boergait,20080414,boergait,0.5956422,True,mannelijk,volwassen,Noordoostelijk,n/a,headsetmicrofoon,48000
boergait,boergait,20080414,boergait,0.6933675,True,mannelijk,volwassen,Noordoostelijk,n/a,headsetmicrofoon,48000
boergait,boergait,20080414,boergait,0.7498328,True,mannelijk,volwassen,Noordoostelijk,n/a,headsetmicrofoon,48000
boergait,boergait,20080414,boergait,0.7592957,True,mannelijk,volwassen,Noordoostelijk,n/a,headsetmicrofoon,48000
boergait,boergait,20080414,boergait,0.71398443,True,mannelijk,volwassen,Noordoostelijk,n/a,headsetmicrofoon,48000
boergait,boergait,20080414,boergait,0.73543787,True,mannelijk,volwassen,Noordoostelijk,n/a,headsetmicrofoon,48000
boergait,boergait,20080414,boergait,0.63762987,True,mannelijk,volwassen,Noordoostelijk,n/a,headsetmicrofoon,48000
boergait,boergait,20080414,boergait,0.67287064,True,mannelijk,volwassen,Noordoostelijk,n/a,headsetmicrofoon,48000
boergait,boergait,20080414,boergait,0.6832418,True,mannelijk,volwassen,Noordoostelijk,n/a,headsetmicrofoon,48000
boergait,boergait,20080414,boergait,0.48754466,True,mannelijk,volwassen,Noordoostelijk,n/a,headsetmicrofoon,48000
boergait,boergait,20080414,boergait,0.7046947,True,mannelijk,volwassen,Noordoostelijk,n/a,headsetmicrofoon,48000
boergait,boergait,20080414,boergait,0.6435175,True,mannelijk,volwassen,Noordoostelijk,n/a,headsetmicrofoon,48000
boergait,boergait,20080414,boergait,0.7340629,True,mannelijk,volwassen,Noordoostelijk,n/a,headsetmicrofoon,48000
boergait,boergait,20080414,boergait,0.64140093,True,mannelijk,volwassen,Noordoostelijk,n/a,headsetmicrofoon,48000
boergait,boergait,20080414,boergait,0.67127645,True,mannelijk,volwassen,Noordoostelijk,n/a,headsetmicrofoon,48000
boergait,boergait,20080414,boergait,0.63976246,True,mannelijk,volwassen,Noordoostelijk,n/a,headsetmicrofoon,48000
boergait,boergait,20080414,boergait,0.694254,True,mannelijk,volwassen,Noordoostelijk,n/a,headsetmicrofoon,48000
boergait,boergait,20080414,boergait,0.6956093,True,mannelijk,volwassen,Noordoostelijk,n/a,headsetmicrofoon,48000
boergait,boergait,20080414,boergait,0.6316262,True,mannelijk,volwassen,Noordoostelijk,n/a,headsetmicrofoon,48000
boergait,boergait,20080414,boergait,0.68606734,True,mannelijk,volwassen,Noordoostelijk,n/a,headsetmicrofoon,48000
boergait,boergait,20080414,boergait,0.74174905,True,mannelijk,volwassen,Noordoostelijk,n/a,headsetmicrofoon,48000
boergait,boergait,20080418,boergerrit,0.6847775,False,mannelijk,volwassen,Noordoostelijk,n/a,headsetmicrofoon,48000
boergait,boergait,20080414,boergait,0.73985267,True,mannelijk,volwassen,Noordoostelijk,n/a,headsetmicrofoon,48000
boergait,boergait,20080414,boergait,0.73600256,True,mannelijk,volwassen,Noordoostelijk,n/a,headsetmicrofoon,48000
boergait,boergait,20080414,boergait,0.70441276,True,mannelijk,volwassen,Noordoostelijk,n/a,headsetmicrofoon,48000
boergait,boergait,20080414,boergait,0.710438,True,mannelijk,volwassen,Noordoostelijk,n/a,headsetmicrofoon,48000
boergait,boergait,20080414,boergait,0.6526237,True,mannelijk,volwassen,Noordoostelijk,n/a,headsetmicrofoon,48000
boergait,boergait,20080414,boergait,0.6426741,True,mannelijk,volwassen,Noordoostelijk,n/a,headsetmicrofoon,48000
boergait,boergait,20080414,boergait,0.76598203,True,mannelijk,volwassen,Noordoostelijk,n/a,headsetmicrofoon,48000
boergait,boergait,20080414,boergait,0.72628796,True,mannelijk,volwassen,Noordoostelijk,n/a,headsetmicrofoon,48000
boergait,boergait,20080414,boergait,0.69327706,True,mannelijk,volwassen,Noordoostelijk,n/a,headsetmicrofoon,48000
boergait,boergait,20080414,boergait,0.6904275,True,mannelijk,volwassen,Noordoostelijk,n/a,headsetmicrofoon,48000
boergait,boergait,20080414,boergait,0.75023067,True,mannelijk,volwassen,Noordoostelijk,n/a,headsetmicrofoon,48000
boergait,boergait,20080414,boergait,0.77149343,True,mannelijk,volwassen,Noordoostelijk,n/a,headsetmicrofoon,48000
boergait,boergait,20080414,boergait,0.7230253,True,mannelijk,volwassen,Noordoostelijk,n/a,headsetmicrofoon,48000
boergait,boergait,20080414,boergait,0.69170773,True,mannelijk,volwassen,Noordoostelijk,n/a,headsetmicrofoon,48000
boergait,boergait,20080414,boergait,0.6914846,True,mannelijk,volwassen,Noordoostelijk,n/a,headsetmicrofoon,48000
boergait,boergait,20080414,boergait,0.7432829,True,mannelijk,volwassen,Noordoostelijk,n/a,headsetmicrofoon,48000
boergait,boergait,20080414,boergait,0.770053,True,mannelijk,volwassen,Noordoostelijk,n/a,headsetmicrofoon,48000
boergait,boergait,20080414,boergait,0.6698069,True,mannelijk,volwassen,Noordoostelijk,n/a,headsetmicrofoon,48000
boergait,boergait,20080414,boergait,0.6649364,True,mannelijk,volwassen,Noordoostelijk,n/a,headsetmicrofoon,48000
boergait,boergait,20080414,boergait,0.6445495,True,mannelijk,volwassen,Noordoostelijk,n/a,headsetmicrofoon,48000
boergait,boergait,20080414,boergait,0.7188873,True,mannelijk,volwassen,Noordoostelijk,n/a,headsetmicrofoon,48000
boergait,boergait,20080414,boergait,0.7211512,True,mannelijk,volwassen,Noordoostelijk,n/a,headsetmicrofoon,48000
boergait,boergait,20080414,boergait,0.5354179,True,mannelijk,volwassen,Noordoostelijk,n/a,headsetmicrofoon,48000
boergait,boergait,20080414,boergait,0.6914636,True,mannelijk,volwassen,Noordoostelijk,n/a,headsetmicrofoon,48000
boergait,boergait,20080414,boergait,0.64993584,True,mannelijk,volwassen,Noordoostelijk,n/a,headsetmicrofoon,48000
boergait,boergait,20080414,boergait,0.72797644,True,mannelijk,volwassen,Noordoostelijk,n/a,headsetmicrofoon,48000
boergait,boergait,20080414,boergait,0.6483879,True,mannelijk,volwassen,Noordoostelijk,n/a,headsetmicrofoon,48000
boergait,boergait,20080414,boergait,0.7036896,True,mannelijk,volwassen,Noordoostelijk,n/a,headsetmicrofoon,48000
boergait,boergait,20080414,boergait,0.5930738,True,mannelijk,volwassen,Noordoostelijk,n/a,headsetmicrofoon,48000
boergait,boergait,20080414,boergait,0.77450716,True,mannelijk,volwassen,Noordoostelijk,n/a,headsetmicrofoon,48000
boergait,boergait,20080418,boergerrit,0.6798558,False,mannelijk,volwassen,Noordoostelijk,n/a,headsetmicrofoon,48000
boergait,boergait,20080414,boergait,0.7919977,True,mannelijk,volwassen,Noordoostelijk,n/a,headsetmicrofoon,48000
boergait,boergait,20080414,boergait,0.71227974,True,mannelijk,volwassen,Noordoostelijk,n/a,headsetmicrofoon,48000
boergait,boergait,20080414,boergait,0.66628534,True,mannelijk,volwassen,Noordoostelijk,n/a,headsetmicrofoon,48000
boergait,boergait,20080414,boergait,0.68913126,True,mannelijk,volwassen,Noordoostelijk,n/a,headsetmicrofoon,48000
boergait,boergait,20080414,boergait,0.67728376,True,mannelijk,volwassen,Noordoostelijk,n/a,headsetmicrofoon,48000
boergait,boergait,20080414,boergait,0.72804344,True,mannelijk,volwassen,Noordoostelijk,n/a,headsetmicrofoon,48000
boergait,boergait,20080414,boergait,0.7445321,True,mannelijk,volwassen,Noordoostelijk,n/a,headsetmicrofoon,48000
boergait,boergait,20080414,boergait,0.65707684,True,mannelijk,volwassen,Noordoostelijk,n/a,headsetmicrofoon,48000
boergait,boergait,20080418,boergerrit,0.49200255,False,mannelijk,volwassen,Noordoostelijk,n/a,headsetmicrofoon,48000
boergait,boergait,20080414,boergait,0.6477866,True,mannelijk,volwassen,Noordoostelijk,n/a,headsetmicrofoon,48000
boergait,boergait,20080414,boergait,0.5177484,True,mannelijk,volwassen,Noordoostelijk,n/a,headsetmicrofoon,48000
boergait,boergait,20080414,boergait,0.6334806,True,mannelijk,volwassen,Noordoostelijk,n/a,headsetmicrofoon,48000
boergait,boergait,20080414,boergait,0.6434642,True,mannelijk,volwassen,Noordoostelijk,n/a,headsetmicrofoon,48000
boergait,boergait,20080414,boergait,0.61952865,True,mannelijk,volwassen,Noordoostelijk,n/a,headsetmicrofoon,48000
boergait,boergait,20080912,fvdbeek,0.4800182,False,mannelijk,volwassen,Noordoostelijk,n/a,headsetmicrofoon,48000
boergait,boergait,20080414,boergait,0.62468493,True,mannelijk,volwassen,Noordoostelijk,n/a,headsetmicrofoon,48000
boergait,boergait,20080414,boergait,0.74375343,True,mannelijk,volwassen,Noordoostelijk,n/a,headsetmicrofoon,48000
boergait,boergait,20080414,boergait,0.76151514,True,mannelijk,volwassen,Noordoostelijk,n/a,headsetmicrofoon,48000
boergait,boergait,20080414,boergait,0.76494205,True,mannelijk,volwassen,Noordoostelijk,n/a,headsetmicrofoon,48000
boergait,boergait,20080414,boergait,0.7469517,True,mannelijk,volwassen,Noordoostelijk,n/a,headsetmicrofoon,48000
boergait,boergait,20080414,boergait,0.74989223,True,mannelijk,volwassen,Noordoostelijk,n/a,headsetmicrofoon,48000
boergait,boergait,20080414,boergait,0.6301151,True,mannelijk,volwassen,Noordoostelijk,n/a,headsetmicrofoon,48000
boergait,boergait,20080414,boergait,0.63578343,True,mannelijk,volwassen,Noordoostelijk,n/a,headsetmicrofoon,48000
boergait,boergait,20080414,boergait,0.73110926,True,mannelijk,volwassen,Noordoostelijk,n/a,headsetmicrofoon,48000
boergait,boergait,20080418,boergerrit,0.6547893,False,mannelijk,volwassen,Noordoostelijk,n/a,headsetmicrofoon,48000
boergait,boergait,20080414,boergait,0.7128168,True,mannelijk,volwassen,Noordoostelijk,n/a,headsetmicrofoon,48000
boergait,boergait,20080414,boergait,0.72280955,True,mannelijk,volwassen,Noordoostelijk,n/a,headsetmicrofoon,48000
boergait,boergait,20080414,boergait,0.8059155,True,mannelijk,volwassen,Noordoostelijk,n/a,headsetmicrofoon,48000
boergait,boergait,20080414,boergait,0.66483796,True,mannelijk,volwassen,Noordoostelijk,n/a,headsetmicrofoon,48000
boergait,boergait,20080414,boergait,0.80002415,True,mannelijk,volwassen,Noordoostelijk,n/a,headsetmicrofoon,48000
boergait,boergait,20080414,boergait,0.74096924,True,mannelijk,volwassen,Noordoostelijk,n/a,headsetmicrofoon,48000
boergait,boergait,20080414,boergait,0.7375704,True,mannelijk,volwassen,Noordoostelijk,n/a,headsetmicrofoon,48000
boergait,boergait,20080414,boergait,0.613472,True,mannelijk,volwassen,Noordoostelijk,n/a,headsetmicrofoon,48000
boergait,boergait,20080414,boergait,0.70158774,True,mannelijk,volwassen,Noordoostelijk,n/a,headsetmicrofoon,48000
boergait,boergait,20080414,boergait,0.7989623,True,mannelijk,volwassen,Noordoostelijk,n/a,headsetmicrofoon,48000
boergait,boergait,20080414,boergait,0.70648783,True,mannelijk,volwassen,Noordoostelijk,n/a,headsetmicrofoon,48000
boergait,boergait,20080414,boergait,0.6736836,True,mannelijk,volwassen,Noordoostelijk,n/a,headsetmicrofoon,48000
boergait,boergait,20080414,boergait,0.68718016,True,mannelijk,volwassen,Noordoostelijk,n/a,headsetmicrofoon,48000
boergait,boergait,20080414,boergait,0.81242996,True,mannelijk,volwassen,Noordoostelijk,n/a,headsetmicrofoon,48000
boergait,boergait,20080414,boergait,0.6943444,True,mannelijk,volwassen,Noordoostelijk,n/a,headsetmicrofoon,48000
boergait,boergait,20080414,boergait,0.7444181,True,mannelijk,volwassen,Noordoostelijk,n/a,headsetmicrofoon,48000
boergait,boergait,20080414,boergait,0.6739466,True,mannelijk,volwassen,Noordoostelijk,n/a,headsetmicrofoon,48000
boergait,boergait,20080414,boergait,0.75442904,True,mannelijk,volwassen,Noordoostelijk,n/a,headsetmicrofoon,48000
boergait,boergait,20080414,boergait,0.699586,True,mannelijk,volwassen,Noordoostelijk,n/a,headsetmicrofoon,48000
boergait,boergait,20080414,boergait,0.745908,True,mannelijk,volwassen,Noordoostelijk,n/a,headsetmicrofoon,48000
boergait,boergait,20080414,boergait,0.6806606,True,mannelijk,volwassen,Noordoostelijk,n/a,headsetmicrofoon,48000
boergait,boergait,20080414,boergait,0.6412628,True,mannelijk,volwassen,Noordoostelijk,n/a,headsetmicrofoon,48000
boergait,boergait,20080414,boergait,0.74339885,True,mannelijk,volwassen,Noordoostelijk,n/a,headsetmicrofoon,48000
boergait,boergait,20080414,boergait,0.71878487,True,mannelijk,volwassen,Noordoostelijk,n/a,headsetmicrofoon,48000
boergait,boergait,20080414,boergait,0.70084083,True,mannelijk,volwassen,Noordoostelijk,n/a,headsetmicrofoon,48000
boergait,boergait,20080414,boergait,0.5902592,True,mannelijk,volwassen,Noordoostelijk,n/a,headsetmicrofoon,48000
boergait,boergait,20080414,boergait,0.76994026,True,mannelijk,volwassen,Noordoostelijk,n/a,headsetmicrofoon,48000
boergait,boergait,20080414,boergait,0.72794354,True,mannelijk,volwassen,Noordoostelijk,n/a,headsetmicrofoon,48000
boergait,boergait,20080414,boergait,0.74962115,True,mannelijk,volwassen,Noordoostelijk,n/a,headsetmicrofoon,48000
boergait,boergait,20080414,boergait,0.73130774,True,mannelijk,volwassen,Noordoostelijk,n/a,headsetmicrofoon,48000
boergait,boergait,20080414,boergait,0.77418506,True,mannelijk,volwassen,Noordoostelijk,n/a,headsetmicrofoon,48000
boergait,boergait,20080414,boergait,0.7419343,True,mannelijk,volwassen,Noordoostelijk,n/a,headsetmicrofoon,48000
boergait,boergait,20080414,boergait,0.65884817,True,mannelijk,volwassen,Noordoostelijk,n/a,headsetmicrofoon,48000
boergait,boergait,20080414,boergait,0.72807944,True,mannelijk,volwassen,Noordoostelijk,n/a,headsetmicrofoon,48000
boergait,boergait,20080414,boergait,0.7446261,True,mannelijk,volwassen,Noordoostelijk,n/a,headsetmicrofoon,48000
boergait,boergait,20080414,boergait,0.6526907,True,mannelijk,volwassen,Noordoostelijk,n/a,headsetmicrofoon,48000
boergait,boergait,20080414,boergait,0.6815084,True,mannelijk,volwassen,Noordoostelijk,n/a,headsetmicrofoon,48000
boergait,boergait,20080414,boergait,0.6727011,True,mannelijk,volwassen,Noordoostelijk,n/a,headsetmicrofoon,48000
boergait,boergait,20080414,boergait,0.69060767,True,mannelijk,volwassen,Noordoostelijk,n/a,headsetmicrofoon,48000
boergait,boergait,20080418,boergerrit,0.6963188,False,mannelijk,volwassen,Noordoostelijk,n/a,headsetmicrofoon,48000
boergait,boergait,20080414,boergait,0.57043314,True,mannelijk,volwassen,Noordoostelijk,n/a,headsetmicrofoon,48000
boergait,boergait,20080414,boergait,0.64462924,True,mannelijk,volwassen,Noordoostelijk,n/a,headsetmicrofoon,48000
boergait,boergait,20080414,boergait,0.77039146,True,mannelijk,volwassen,Noordoostelijk,n/a,headsetmicrofoon,48000
boergait,boergait,20080414,boergait,0.76368535,True,mannelijk,volwassen,Noordoostelijk,n/a,headsetmicrofoon,48000
boergait,boergait,20080414,boergait,0.7362199,True,mannelijk,volwassen,Noordoostelijk,n/a,headsetmicrofoon,48000
boergait,boergait,20080414,boergait,0.7244118,True,mannelijk,volwassen,Noordoostelijk,n/a,headsetmicrofoon,48000
boergait,boergait,20080418,boergerrit,0.608936,False,mannelijk,volwassen,Noordoostelijk,n/a,headsetmicrofoon,48000
boergait,boergait,20080414,boergait,0.65889597,True,mannelijk,volwassen,Noordoostelijk,n/a,headsetmicrofoon,48000
boergait,boergait,20080414,boergait,0.7351172,True,mannelijk,volwassen,Noordoostelijk,n/a,headsetmicrofoon,48000
boergait,boergait,20080414,boergait,0.77737355,True,mannelijk,volwassen,Noordoostelijk,n/a,headsetmicrofoon,48000
boergait,boergait,20080414,boergait,0.658069,True,mannelijk,volwassen,Noordoostelijk,n/a,headsetmicrofoon,48000
boergait,boergait,20080414,boergait,0.56762993,True,mannelijk,volwassen,Noordoostelijk,n/a,headsetmicrofoon,48000
boergait,boergait,20080414,boergait,0.6733693,True,mannelijk,volwassen,Noordoostelijk,n/a,headsetmicrofoon,48000
boergait,boergait,20080414,boergait,0.59158856,True,mannelijk,volwassen,Noordoostelijk,n/a,headsetmicrofoon,48000
boergait,boergait,20080414,boergait,0.7048857,True,mannelijk,volwassen,Noordoostelijk,n/a,headsetmicrofoon,48000
boergait,boergait,20080414,boergait,0.6529156,True,mannelijk,volwassen,Noordoostelijk,n/a,headsetmicrofoon,48000
boergait,boergait,20080414,boergait,0.73261833,True,mannelijk,volwassen,Noordoostelijk,n/a,headsetmicrofoon,48000
boergait,boergait,20080414,boergait,0.6402475,True,mannelijk,volwassen,Noordoostelijk,n/a,headsetmicrofoon,48000
boergait,boergait,20080414,boergait,0.6076205,True,mannelijk,volwassen,Noordoostelijk,n/a,headsetmicrofoon,48000
boergait,boergait,20080414,boergait,0.76824766,True,mannelijk,volwassen,Noordoostelijk,n/a,headsetmicrofoon,48000
boergait,boergait,20080414,boergait,0.764909,True,mannelijk,volwassen,Noordoostelijk,n/a,headsetmicrofoon,48000
boergait,boergait,20080414,boergait,0.6204214,True,mannelijk,volwassen,Noordoostelijk,n/a,headsetmicrofoon,48000
boergait,boergait,20080414,boergait,0.6979102,True,mannelijk,volwassen,Noordoostelijk,n/a,headsetmicrofoon,48000
boergait,boergait,20080418,boergerrit,0.618904,False,mannelijk,volwassen,Noordoostelijk,n/a,headsetmicrofoon,48000
boergait,boergait,20080414,boergait,0.7112011,True,mannelijk,volwassen,Noordoostelijk,n/a,headsetmicrofoon,48000
boergait,boergait,20080414,boergait,0.7555236,True,mannelijk,volwassen,Noordoostelijk,n/a,headsetmicrofoon,48000
boergait,boergait,20080414,boergait,0.69845057,True,mannelijk,volwassen,Noordoostelijk,n/a,headsetmicrofoon,48000
boergait,boergait,20080418,boergerrit,0.6840298,False,mannelijk,volwassen,Noordoostelijk,n/a,headsetmicrofoon,48000
boergait,boergait,20080414,boergait,0.6089635,True,mannelijk,volwassen,Noordoostelijk,n/a,headsetmicrofoon,48000
boergait,boergait,20080414,boergait,0.67217803,True,mannelijk,volwassen,Noordoostelijk,n/a,headsetmicrofoon,48000
boergait,boergait,20080414,boergait,0.7072733,True,mannelijk,volwassen,Noordoostelijk,n/a,headsetmicrofoon,48000
boergait,boergait,20080418,boergerrit,0.7251294,False,mannelijk,volwassen,Noordoostelijk,n/a,headsetmicrofoon,48000
boergait,boergait,20080418,boergerrit,0.67716116,False,mannelijk,volwassen,Noordoostelijk,n/a,headsetmicrofoon,48000
boergait,boergait,20080414,boergait,0.66978174,True,mannelijk,volwassen,Noordoostelijk,n/a,headsetmicrofoon,48000
boergait,boergait,20080414,boergait,0.7026324,True,mannelijk,volwassen,Noordoostelijk,n/a,headsetmicrofoon,48000
boergait,boergait,20080414,boergait,0.7510507,True,mannelijk,volwassen,Noordoostelijk,n/a,headsetmicrofoon,48000
boergait,boergait,20080414,boergait,0.71899587,True,mannelijk,volwassen,Noordoostelijk,n/a,headsetmicrofoon,48000
boergait,boergait,20080414,boergait,0.77207816,True,mannelijk,volwassen,Noordoostelijk,n/a,headsetmicrofoon,48000
boergait,boergait,20080414,boergait,0.7747962,True,mannelijk,volwassen,Noordoostelijk,n/a,headsetmicrofoon,48000
boergait,boergait,20080414,boergait,0.73729265,True,mannelijk,volwassen,Noordoostelijk,n/a,headsetmicrofoon,48000
boergait,boergait,20080414,boergait,0.74858594,True,mannelijk,volwassen,Noordoostelijk,n/a,headsetmicrofoon,48000
boergait,boergait,20080414,boergait,0.7623832,True,mannelijk,volwassen,Noordoostelijk,n/a,headsetmicrofoon,48000
boergait,boergait,20080414,boergait,0.5485777,True,mannelijk,volwassen,Noordoostelijk,n/a,headsetmicrofoon,48000
boergait,boergait,20080414,boergait,0.66512275,True,mannelijk,volwassen,Noordoostelijk,n/a,headsetmicrofoon,48000
boergait,boergait,20080414,boergait,0.6143273,True,mannelijk,volwassen,Noordoostelijk,n/a,headsetmicrofoon,48000
boergait,boergait,20080414,boergait,0.59619355,True,mannelijk,volwassen,Noordoostelijk,n/a,headsetmicrofoon,48000
boergait,boergait,20080414,boergait,0.71784455,True,mannelijk,volwassen,Noordoostelijk,n/a,headsetmicrofoon,48000
boergait,boergait,20080414,boergait,0.5351926,True,mannelijk,volwassen,Noordoostelijk,n/a,headsetmicrofoon,48000
boergait,boergait,20080414,boergait,0.61453736,True,mannelijk,volwassen,Noordoostelijk,n/a,headsetmicrofoon,48000
boergait,boergait,20080414,boergait,0.56049335,True,mannelijk,volwassen,Noordoostelijk,n/a,headsetmicrofoon,48000
boergait,boergait,20080418,boergerrit,0.64896923,False,mannelijk,volwassen,Noordoostelijk,n/a,headsetmicrofoon,48000
boergait,boergait,20080414,boergait,0.7069428,True,mannelijk,volwassen,Noordoostelijk,n/a,headsetmicrofoon,48000
boergait,boergait,20080414,boergait,0.70241964,True,mannelijk,volwassen,Noordoostelijk,n/a,headsetmicrofoon,48000
boergait,boergait,20080414,boergait,0.6435044,True,mannelijk,volwassen,Noordoostelijk,n/a,headsetmicrofoon,48000
boergait,boergait,20080414,boergait,0.77741134,True,mannelijk,volwassen,Noordoostelijk,n/a,headsetmicrofoon,48000
boergait,boergait,20080414,boergait,0.63729715,True,mannelijk,volwassen,Noordoostelijk,n/a,headsetmicrofoon,48000
boergait,boergait,20080414,boergait,0.68787587,True,mannelijk,volwassen,Noordoostelijk,n/a,headsetmicrofoon,48000
boergait,boergait,20080414,boergait,0.7402227,True,mannelijk,volwassen,Noordoostelijk,n/a,headsetmicrofoon,48000
boergait,boergait,20080414,boergait,0.6385532,True,mannelijk,volwassen,Noordoostelijk,n/a,headsetmicrofoon,48000
boergait,boergait,20080414,boergait,0.5913258,True,mannelijk,volwassen,Noordoostelijk,n/a,headsetmicrofoon,48000
boergait,boergait,20080414,boergait,0.7050807,True,mannelijk,volwassen,Noordoostelijk,n/a,headsetmicrofoon,48000
boergait,boergait,20080414,boergait,0.5424276,True,mannelijk,volwassen,Noordoostelijk,n/a,headsetmicrofoon,48000
boergait,boergait,20080414,boergait,0.76152384,True,mannelijk,volwassen,Noordoostelijk,n/a,headsetmicrofoon,48000
boergait,boergait,20080414,boergait,0.5610738,True,mannelijk,volwassen,Noordoostelijk,n/a,headsetmicrofoon,48000
boergait,boergait,20080414,boergait,0.69784904,True,mannelijk,volwassen,Noordoostelijk,n/a,headsetmicrofoon,48000
boergait,boergait,20080414,boergait,0.691676,True,mannelijk,volwassen,Noordoostelijk,n/a,headsetmicrofoon,48000
boergait,boergait,20080414,boergait,0.57316196,True,mannelijk,volwassen,Noordoostelijk,n/a,headsetmicrofoon,48000
boergait,boergait,20080414,boergait,0.63203394,True,mannelijk,volwassen,Noordoostelijk,n/a,headsetmicrofoon,48000
boergait,boergait,20080414,boergait,0.72278285,True,mannelijk,volwassen,Noordoostelijk,n/a,headsetmicrofoon,48000
boergait,boergait,20080414,boergait,0.71352345,True,mannelijk,volwassen,Noordoostelijk,n/a,headsetmicrofoon,48000
boergait,boergait,20080418,boergerrit,0.5904257,False,mannelijk,volwassen,Noordoostelijk,n/a,headsetmicrofoon,48000
boergait,boergait,20080414,boergait,0.6266789,True,mannelijk,volwassen,Noordoostelijk,n/a,headsetmicrofoon,48000
boergait,boergait,20080414,boergait,0.6236948,True,mannelijk,volwassen,Noordoostelijk,n/a,headsetmicrofoon,48000
boergait,boergait,20080414,boergait,0.60023,True,mannelijk,volwassen,Noordoostelijk,n/a,headsetmicrofoon,48000
boergait,boergait,20080414,boergait,0.64101565,True,mannelijk,volwassen,Noordoostelijk,n/a,headsetmicrofoon,48000
boergait,boergait,20080414,boergait,0.71046567,True,mannelijk,volwassen,Noordoostelijk,n/a,headsetmicrofoon,48000
boergait,boergait,20080414,boergait,0.62634957,True,mannelijk,volwassen,Noordoostelijk,n/a,headsetmicrofoon,48000
boergait,boergait,20080414,boergait,0.56677765,True,mannelijk,volwassen,Noordoostelijk,n/a,headsetmicrofoon,48000
boergait,boergait,20080414,boergait,0.80904734,True,mannelijk,volwassen,Noordoostelijk,n/a,headsetmicrofoon,48000
boergait,boergait,20080414,boergait,0.73944426,True,mannelijk,volwassen,Noordoostelijk,n/a,headsetmicrofoon,48000
boergait,boergait,20080418,boergerrit,0.6216254,False,mannelijk,volwassen,Noordoostelijk,n/a,headsetmicrofoon,48000
boergait,boergait,20080414,boergait,0.53770936,True,mannelijk,volwassen,Noordoostelijk,n/a,headsetmicrofoon,48000
boergait,boergait,20080414,boergait,0.6790664,True,mannelijk,volwassen,Noordoostelijk,n/a,headsetmicrofoon,48000
boergait,boergait,20080414,boergait,0.7152144,True,mannelijk,volwassen,Noordoostelijk,n/a,headsetmicrofoon,48000
boergait,boergait,20080414,boergait,0.70938945,True,mannelijk,volwassen,Noordoostelijk,n/a,headsetmicrofoon,48000
boergait,boergait,20080414,boergait,0.6294554,True,mannelijk,volwassen,Noordoostelijk,n/a,headsetmicrofoon,48000
boergait,boergait,20080414,boergait,0.66072404,True,mannelijk,volwassen,Noordoostelijk,n/a,headsetmicrofoon,48000
boergait,boergait,20080414,boergait,0.61329246,True,mannelijk,volwassen,Noordoostelijk,n/a,headsetmicrofoon,48000
boergait,boergait,20080414,boergait,0.58830655,True,mannelijk,volwassen,Noordoostelijk,n/a,headsetmicrofoon,48000
boergait,boergait,20080414,boergait,0.621583,True,mannelijk,volwassen,Noordoostelijk,n/a,headsetmicrofoon,48000
boergait,boergait,20080418,boergerrit,0.6159074,False,mannelijk,volwassen,Noordoostelijk,n/a,headsetmicrofoon,48000
boergait,boergait,20080414,boergait,0.70528495,True,mannelijk,volwassen,Noordoostelijk,n/a,headsetmicrofoon,48000
boergait,boergait,20080414,boergait,0.6562214,True,mannelijk,volwassen,Noordoostelijk,n/a,headsetmicrofoon,48000
boergait,boergait,20080414,boergait,0.60290354,True,mannelijk,volwassen,Noordoostelijk,n/a,headsetmicrofoon,48000
boergait,boergait,20080414,boergait,0.6428616,True,mannelijk,volwassen,Noordoostelijk,n/a,headsetmicrofoon,48000
boergait,boergait,20080414,boergait,0.7579298,True,mannelijk,volwassen,Noordoostelijk,n/a,headsetmicrofoon,48000
boergait,boergait,20080414,boergait,0.67593944,True,mannelijk,volwassen,Noordoostelijk,n/a,headsetmicrofoon,48000
boergait,boergait,20080414,boergait,0.68617487,True,mannelijk,volwassen,Noordoostelijk,n/a,headsetmicrofoon,48000
boergait,boergait,20080414,boergait,0.666155,True,mannelijk,volwassen,Noordoostelijk,n/a,headsetmicrofoon,48000
boergait,boergait,20080414,boergait,0.66671765,True,mannelijk,volwassen,Noordoostelijk,n/a,headsetmicrofoon,48000
boergait,boergait,20080414,boergait,0.7238126,True,mannelijk,volwassen,Noordoostelijk,n/a,headsetmicrofoon,48000
boergait,boergait,20080418,boergerrit,0.5715234,False,mannelijk,volwassen,Noordoostelijk,n/a,headsetmicrofoon,48000
boergait,boergait,20080414,boergait,0.6800277,True,mannelijk,volwassen,Noordoostelijk,n/a,headsetmicrofoon,48000
boergait,boergait,20080414,boergait,0.5307238,True,mannelijk,volwassen,Noordoostelijk,n/a,headsetmicrofoon,48000
boergait,boergait,20080414,boergait,0.69499886,True,mannelijk,volwassen,Noordoostelijk,n/a,headsetmicrofoon,48000
boergait,boergait,20080414,boergait,0.6522575,True,mannelijk,volwassen,Noordoostelijk,n/a,headsetmicrofoon,48000
boergait,boergait,20080418,boergerrit,0.53115153,False,mannelijk,volwassen,Noordoostelijk,n/a,headsetmicrofoon,48000
boergait,boergait,20080414,boergait,0.7493706,True,mannelijk,volwassen,Noordoostelijk,n/a,headsetmicrofoon,48000
boergait,boergait,20080414,boergait,0.7358413,True,mannelijk,volwassen,Noordoostelijk,n/a,headsetmicrofoon,48000
boergait,boergait,20080418,boergerrit,0.64158815,False,mannelijk,volwassen,Noordoostelijk,n/a,headsetmicrofoon,48000
boergait,boergait,20080414,boergait,0.66472626,True,mannelijk,volwassen,Noordoostelijk,n/a,headsetmicrofoon,48000
boergait,boergait,20080414,boergait,0.7163217,True,mannelijk,volwassen,Noordoostelijk,n/a,headsetmicrofoon,48000
boergait,boergait,20080414,boergait,0.6765393,True,mannelijk,volwassen,Noordoostelijk,n/a,headsetmicrofoon,48000
boergait,boergait,20080414,boergait,0.66463023,True,mannelijk,volwassen,Noordoostelijk,n/a,headsetmicrofoon,48000
boergait,boergait,20080414,boergait,0.59080714,True,mannelijk,volwassen,Noordoostelijk,n/a,headsetmicrofoon,48000
boergait,boergait,20080414,boergait,0.68956006,True,mannelijk,volwassen,Noordoostelijk,n/a,headsetmicrofoon,48000
boergait,boergait,20080414,boergait,0.73891854,True,mannelijk,volwassen,Noordoostelijk,n/a,headsetmicrofoon,48000
boergait,boergait,20080414,boergait,0.7665535,True,mannelijk,volwassen,Noordoostelijk,n/a,headsetmicrofoon,48000
boergait,boergait,20080414,boergait,0.58759475,True,mannelijk,volwassen,Noordoostelijk,n/a,headsetmicrofoon,48000
boergait,boergait,20080414,boergait,0.5695361,True,mannelijk,volwassen,Noordoostelijk,n/a,headsetmicrofoon,48000
boergait,boergait,20080414,boergait,0.7318567,True,mannelijk,volwassen,Noordoostelijk,n/a,headsetmicrofoon,48000
boergait,boergait,20080414,boergait,0.7043924,True,mannelijk,volwassen,Noordoostelijk,n/a,headsetmicrofoon,48000
boergait,boergait,20080414,boergait,0.7030765,True,mannelijk,volwassen,Noordoostelijk,n/a,headsetmicrofoon,48000
boergait,boergait,20080414,boergait,0.7529502,True,mannelijk,volwassen,Noordoostelijk,n/a,headsetmicrofoon,48000
boergait,boergait,20080414,boergait,0.6771538,True,mannelijk,volwassen,Noordoostelijk,n/a,headsetmicrofoon,48000
boergait,boergait,20080414,boergait,0.580617,True,mannelijk,volwassen,Noordoostelijk,n/a,headsetmicrofoon,48000
boergait,boergait,20080418,boergerrit,0.6791872,False,mannelijk,volwassen,Noordoostelijk,n/a,headsetmicrofoon,48000
boergait,boergait,20080414,boergait,0.6672145,True,mannelijk,volwassen,Noordoostelijk,n/a,headsetmicrofoon,48000
boergait,boergait,20080414,boergait,0.78513086,True,mannelijk,volwassen,Noordoostelijk,n/a,headsetmicrofoon,48000
boergait,boergait,20080414,boergait,0.78455806,True,mannelijk,volwassen,Noordoostelijk,n/a,headsetmicrofoon,48000
boergait,boergait,20080414,boergait,0.7596548,True,mannelijk,volwassen,Noordoostelijk,n/a,headsetmicrofoon,48000
boergait,boergait,20080414,boergait,0.7309736,True,mannelijk,volwassen,Noordoostelijk,n/a,headsetmicrofoon,48000
boergait,boergait,20080414,boergait,0.6546171,True,mannelijk,volwassen,Noordoostelijk,n/a,headsetmicrofoon,48000
boergait,boergait,20080418,boergerrit,0.7260432,False,mannelijk,volwassen,Noordoostelijk,n/a,headsetmicrofoon,48000
boergait,boergait,20080414,boergait,0.7324742,True,mannelijk,volwassen,Noordoostelijk,n/a,headsetmicrofoon,48000
boergait,boergait,20080414,boergait,0.73572826,True,mannelijk,volwassen,Noordoostelijk,n/a,headsetmicrofoon,48000
boergait,boergait,20080414,boergait,0.7161911,True,mannelijk,volwassen,Noordoostelijk,n/a,headsetmicrofoon,48000
boergait,boergait,20080414,boergait,0.74099183,True,mannelijk,volwassen,Noordoostelijk,n/a,headsetmicrofoon,48000
boergait,boergait,20080414,boergait,0.76910985,True,mannelijk,volwassen,Noordoostelijk,n/a,headsetmicrofoon,48000
boergait,boergait,20080414,boergait,0.7530654,True,mannelijk,volwassen,Noordoostelijk,n/a,headsetmicrofoon,48000
boergait,boergait,20080418,boergerrit,0.625998,False,mannelijk,volwassen,Noordoostelijk,n/a,headsetmicrofoon,48000
boergait,boergait,20080414,boergait,0.5719528,True,mannelijk,volwassen,Noordoostelijk,n/a,headsetmicrofoon,48000
boergait,boergait,20080414,boergait,0.6634543,True,mannelijk,volwassen,Noordoostelijk,n/a,headsetmicrofoon,48000
boergait,boergait,20080414,boergait,0.6609887,True,mannelijk,volwassen,Noordoostelijk,n/a,headsetmicrofoon,48000
boergait,boergait,20080414,boergait,0.7372968,True,mannelijk,volwassen,Noordoostelijk,n/a,headsetmicrofoon,48000
boergait,boergait,20080414,boergait,0.59619,True,mannelijk,volwassen,Noordoostelijk,n/a,headsetmicrofoon,48000
boergait,boergait,20080414,boergait,0.7087802,True,mannelijk,volwassen,Noordoostelijk,n/a,headsetmicrofoon,48000
boergait,boergait,20080418,boergerrit,0.5928479,False,mannelijk,volwassen,Noordoostelijk,n/a,headsetmicrofoon,48000
boergait,boergait,20080414,boergait,0.5528196,True,mannelijk,volwassen,Noordoostelijk,n/a,headsetmicrofoon,48000
boergait,boergait,20080414,boergait,0.64920694,True,mannelijk,volwassen,Noordoostelijk,n/a,headsetmicrofoon,48000
boergait,boergait,20080414,boergait,0.63447785,True,mannelijk,volwassen,Noordoostelijk,n/a,headsetmicrofoon,48000
boergait,boergait,20080414,boergait,0.7706469,True,mannelijk,volwassen,Noordoostelijk,n/a,headsetmicrofoon,48000
boergait,boergait,20080414,boergait,0.7364901,True,mannelijk,volwassen,Noordoostelijk,n/a,headsetmicrofoon,48000
boergait,boergait,20080414,boergait,0.7464559,True,mannelijk,volwassen,Noordoostelijk,n/a,headsetmicrofoon,48000
boergait,boergait,20080414,boergait,0.75947493,True,mannelijk,volwassen,Noordoostelijk,n/a,headsetmicrofoon,48000
boergait,boergait,20080414,boergait,0.78966075,True,mannelijk,volwassen,Noordoostelijk,n/a,headsetmicrofoon,48000
boergait,boergait,20080414,boergait,0.8008477,True,mannelijk,volwassen,Noordoostelijk,n/a,headsetmicrofoon,48000
boergait,boergait,20080414,boergait,0.7613095,True,mannelijk,volwassen,Noordoostelijk,n/a,headsetmicrofoon,48000
boergait,boergait,20080414,boergait,0.6781961,True,mannelijk,volwassen,Noordoostelijk,n/a,headsetmicrofoon,48000
boergait,boergait,20080414,boergait,0.76545703,True,mannelijk,volwassen,Noordoostelijk,n/a,headsetmicrofoon,48000
boergait,boergait,20080414,boergait,0.65743995,True,mannelijk,volwassen,Noordoostelijk,n/a,headsetmicrofoon,48000
boergait,boergait,20080414,boergait,0.71926713,True,mannelijk,volwassen,Noordoostelijk,n/a,headsetmicrofoon,48000
boergait,boergait,20080414,boergait,0.5043676,True,mannelijk,volwassen,Noordoostelijk,n/a,headsetmicrofoon,48000
boergait,boergait,20080414,boergait,0.74352175,True,mannelijk,volwassen,Noordoostelijk,n/a,headsetmicrofoon,48000
boergait,boergait,20080414,boergait,0.6218799,True,mannelijk,volwassen,Noordoostelijk,n/a,headsetmicrofoon,48000
boergait,boergait,20080414,boergait,0.5619105,True,mannelijk,volwassen,Noordoostelijk,n/a,headsetmicrofoon,48000
boergait,boergait,20080414,boergait,0.73399496,True,mannelijk,volwassen,Noordoostelijk,n/a,headsetmicrofoon,48000
boergait,boergait,20080414,boergait,0.5646211,True,mannelijk,volwassen,Noordoostelijk,n/a,headsetmicrofoon,48000
boergait,boergait,20080414,boergait,0.61960196,True,mannelijk,volwassen,Noordoostelijk,n/a,headsetmicrofoon,48000
boergait,boergait,20080414,boergait,0.6919523,True,mannelijk,volwassen,Noordoostelijk,n/a,headsetmicrofoon,48000
boergait,boergait,20080414,boergait,0.67160124,True,mannelijk,volwassen,Noordoostelijk,n/a,headsetmicrofoon,48000
boergait,boergait,20080414,boergait,0.7795267,True,mannelijk,volwassen,Noordoostelijk,n/a,headsetmicrofoon,48000
boergait,boergait,20080414,boergait,0.6341754,True,mannelijk,volwassen,Noordoostelijk,n/a,headsetmicrofoon,48000
boergait,boergait,20080414,boergait,0.67028433,True,mannelijk,volwassen,Noordoostelijk,n/a,headsetmicrofoon,48000
boergait,boergait,20080414,boergait,0.69811267,True,mannelijk,volwassen,Noordoostelijk,n/a,headsetmicrofoon,48000
boergait,boergait,20080414,boergait,0.65850294,True,mannelijk,volwassen,Noordoostelijk,n/a,headsetmicrofoon,48000
boergait,boergait,20080414,boergait,0.7342241,True,mannelijk,volwassen,Noordoostelijk,n/a,headsetmicrofoon,48000
boergait,boergait,20080414,boergait,0.6728645,True,mannelijk,volwassen,Noordoostelijk,n/a,headsetmicrofoon,48000
boergait,boergait,20080414,boergait,0.6770412,True,mannelijk,volwassen,Noordoostelijk,n/a,headsetmicrofoon,48000
boergait,boergait,20080414,boergait,0.6489639,True,mannelijk,volwassen,Noordoostelijk,n/a,headsetmicrofoon,48000
boergait,boergait,20080414,boergait,0.75636005,True,mannelijk,volwassen,Noordoostelijk,n/a,headsetmicrofoon,48000
boergait,boergait,20080414,boergait,0.77782434,True,mannelijk,volwassen,Noordoostelijk,n/a,headsetmicrofoon,48000
boergait,boergait,20080414,boergait,0.69851816,True,mannelijk,volwassen,Noordoostelijk,n/a,headsetmicrofoon,48000
boergait,boergait,20080414,boergait,0.7664222,True,mannelijk,volwassen,Noordoostelijk,n/a,headsetmicrofoon,48000
boergait,boergait,20080414,boergait,0.7383431,True,mannelijk,volwassen,Noordoostelijk,n/a,headsetmicrofoon,48000
boergait,boergait,20080414,boergait,0.6423068,True,mannelijk,volwassen,Noordoostelijk,n/a,headsetmicrofoon,48000
boergait,boergait,20080414,boergait,0.7784231,True,mannelijk,volwassen,Noordoostelijk,n/a,headsetmicrofoon,48000
boergait,boergait,20080414,boergait,0.7250838,True,mannelijk,volwassen,Noordoostelijk,n/a,headsetmicrofoon,48000
boergait,boergait,20080414,boergait,0.8025845,True,mannelijk,volwassen,Noordoostelijk,n/a,headsetmicrofoon,48000
boergait,boergait,20080414,boergait,0.7349497,True,mannelijk,volwassen,Noordoostelijk,n/a,headsetmicrofoon,48000
boergait,boergait,20080414,boergait,0.7136893,True,mannelijk,volwassen,Noordoostelijk,n/a,headsetmicrofoon,48000
boergait,boergait,20080414,boergait,0.6756686,True,mannelijk,volwassen,Noordoostelijk,n/a,headsetmicrofoon,48000
boergait,boergait,20080414,boergait,0.79656804,True,mannelijk,volwassen,Noordoostelijk,n/a,headsetmicrofoon,48000
boergait,boergait,20080414,boergait,0.82808673,True,mannelijk,volwassen,Noordoostelijk,n/a,headsetmicrofoon,48000
boergait,boergait,20080414,boergait,0.8118857,True,mannelijk,volwassen,Noordoostelijk,n/a,headsetmicrofoon,48000
boergait,boergait,20080414,boergait,0.71344626,True,mannelijk,volwassen,Noordoostelijk,n/a,headsetmicrofoon,48000
boergait,boergait,20080414,boergait,0.7163582,True,mannelijk,volwassen,Noordoostelijk,n/a,headsetmicrofoon,48000
boergait,boergait,20080414,boergait,0.62795246,True,mannelijk,volwassen,Noordoostelijk,n/a,headsetmicrofoon,48000
boergait,boergait,20080414,boergait,0.6813458,True,mannelijk,volwassen,Noordoostelijk,n/a,headsetmicrofoon,48000
boergait,boergait,20080414,boergait,0.7738435,True,mannelijk,volwassen,Noordoostelijk,n/a,headsetmicrofoon,48000
boergait,boergait,20080414,boergait,0.7299199,True,mannelijk,volwassen,Noordoostelijk,n/a,headsetmicrofoon,48000
boergait,boergait,20080414,boergait,0.7149497,True,mannelijk,volwassen,Noordoostelijk,n/a,headsetmicrofoon,48000
boergait,boergait,20080414,boergait,0.6235788,True,mannelijk,volwassen,Noordoostelijk,n/a,headsetmicrofoon,48000
boergait,boergait,20080414,boergait,0.6555157,True,mannelijk,volwassen,Noordoostelijk,n/a,headsetmicrofoon,48000
boergait,boergait,20080414,boergait,0.6623026,True,mannelijk,volwassen,Noordoostelijk,n/a,headsetmicrofoon,48000
boergait,boergait,20080414,boergait,0.66215765,True,mannelijk,volwassen,Noordoostelijk,n/a,headsetmicrofoon,48000
boergait,boergait,20080414,boergait,0.6968764,True,mannelijk,volwassen,Noordoostelijk,n/a,headsetmicrofoon,48000
boergait,boergait,20080414,boergait,0.70439863,True,mannelijk,volwassen,Noordoostelijk,n/a,headsetmicrofoon,48000
boergait,boergait,20080414,boergait,0.7358876,True,mannelijk,volwassen,Noordoostelijk,n/a,headsetmicrofoon,48000
boergait,boergait,20080414,boergait,0.6675136,True,mannelijk,volwassen,Noordoostelijk,n/a,headsetmicrofoon,48000
boergait,boergait,20080414,boergait,0.6580569,True,mannelijk,volwassen,Noordoostelijk,n/a,headsetmicrofoon,48000
boergait,boergait,20080414,boergait,0.7749583,True,mannelijk,volwassen,Noordoostelijk,n/a,headsetmicrofoon,48000
boergait,boergait,20080414,boergait,0.6890839,True,mannelijk,volwassen,Noordoostelijk,n/a,headsetmicrofoon,48000
boergait,boergait,20080414,boergait,0.68425846,True,mannelijk,volwassen,Noordoostelijk,n/a,headsetmicrofoon,48000
boergait,boergait,20080414,boergait,0.71598256,True,mannelijk,volwassen,Noordoostelijk,n/a,headsetmicrofoon,48000
boergait,boergait,20080414,boergait,0.74688137,True,mannelijk,volwassen,Noordoostelijk,n/a,headsetmicrofoon,48000
boergait,boergait,20080414,boergait,0.73585606,True,mannelijk,volwassen,Noordoostelijk,n/a,headsetmicrofoon,48000
boergait,boergait,20080418,boergerrit,0.62215316,False,mannelijk,volwassen,Noordoostelijk,n/a,headsetmicrofoon,48000
boergait,boergait,20080418,boergerrit,0.70242447,False,mannelijk,volwassen,Noordoostelijk,n/a,headsetmicrofoon,48000
boergait,boergait,20080414,boergait,0.65810674,True,mannelijk,volwassen,Noordoostelijk,n/a,headsetmicrofoon,48000
boergait,boergait,20080414,boergait,0.7500031,True,mannelijk,volwassen,Noordoostelijk,n/a,headsetmicrofoon,48000
boergait,boergait,20080414,boergait,0.7649588,True,mannelijk,volwassen,Noordoostelijk,n/a,headsetmicrofoon,48000
boergait,boergait,20080414,boergait,0.6635231,True,mannelijk,volwassen,Noordoostelijk,n/a,headsetmicrofoon,48000
boergait,boergait,20080414,boergait,0.7291863,True,mannelijk,volwassen,Noordoostelijk,n/a,headsetmicrofoon,48000
boergait,boergait,20080414,boergait,0.7236753,True,mannelijk,volwassen,Noordoostelijk,n/a,headsetmicrofoon,48000
boergait,boergait,20080414,boergait,0.66461027,True,mannelijk,volwassen,Noordoostelijk,n/a,headsetmicrofoon,48000
boergait,boergait,20080414,boergait,0.7488173,True,mannelijk,volwassen,Noordoostelijk,n/a,headsetmicrofoon,48000
boergait,boergait,20080418,boergerrit,0.568215,False,mannelijk,volwassen,Noordoostelijk,n/a,headsetmicrofoon,48000
boergait,boergait,20080414,boergait,0.62377614,True,mannelijk,volwassen,Noordoostelijk,n/a,headsetmicrofoon,48000
boergait,boergait,20080414,boergait,0.6897793,True,mannelijk,volwassen,Noordoostelijk,n/a,headsetmicrofoon,48000
boergait,boergait,20080414,boergait,0.73261845,True,mannelijk,volwassen,Noordoostelijk,n/a,headsetmicrofoon,48000
boergait,boergait,20080414,boergait,0.5872319,True,mannelijk,volwassen,Noordoostelijk,n/a,headsetmicrofoon,48000
boergait,boergait,20080414,boergait,0.71528786,True,mannelijk,volwassen,Noordoostelijk,n/a,headsetmicrofoon,48000
boergait,boergait,20080414,boergait,0.5596658,True,mannelijk,volwassen,Noordoostelijk,n/a,headsetmicrofoon,48000
boergait,boergait,20080414,boergait,0.6955447,True,mannelijk,volwassen,Noordoostelijk,n/a,headsetmicrofoon,48000
boergait,boergait,20080414,boergait,0.72449046,True,mannelijk,volwassen,Noordoostelijk,n/a,headsetmicrofoon,48000
boergait,boergait,20080414,boergait,0.6844909,True,mannelijk,volwassen,Noordoostelijk,n/a,headsetmicrofoon,48000
boergait,boergait,20080414,boergait,0.5657722,True,mannelijk,volwassen,Noordoostelijk,n/a,headsetmicrofoon,48000
boergait,boergait,20080414,boergait,0.7491565,True,mannelijk,volwassen,Noordoostelijk,n/a,headsetmicrofoon,48000
boergait,boergait,20080414,boergait,0.54498094,True,mannelijk,volwassen,Noordoostelijk,n/a,headsetmicrofoon,48000
boergait,boergait,20080418,boergerrit,0.6806139,False,mannelijk,volwassen,Noordoostelijk,n/a,headsetmicrofoon,48000
boergait,boergait,20080414,boergait,0.72853136,True,mannelijk,volwassen,Noordoostelijk,n/a,headsetmicrofoon,48000
boergait,boergait,20080414,boergait,0.60494137,True,mannelijk,volwassen,Noordoostelijk,n/a,headsetmicrofoon,48000
boergait,boergait,20080414,boergait,0.72113985,True,mannelijk,volwassen,Noordoostelijk,n/a,headsetmicrofoon,48000
boergait,boergait,20080414,boergait,0.6193162,True,mannelijk,volwassen,Noordoostelijk,n/a,headsetmicrofoon,48000
boergait,boergait,20080414,boergait,0.74492323,True,mannelijk,volwassen,Noordoostelijk,n/a,headsetmicrofoon,48000
boergait,boergait,20080414,boergait,0.7334274,True,mannelijk,volwassen,Noordoostelijk,n/a,headsetmicrofoon,48000
boergait,boergait,20080414,boergait,0.66012084,True,mannelijk,volwassen,Noordoostelijk,n/a,headsetmicrofoon,48000
boergait,boergait,20080414,boergait,0.6358449,True,mannelijk,volwassen,Noordoostelijk,n/a,headsetmicrofoon,48000
boergait,boergait,20080414,boergait,0.72981924,True,mannelijk,volwassen,Noordoostelijk,n/a,headsetmicrofoon,48000
boergait,boergait,20080414,boergait,0.68235624,True,mannelijk,volwassen,Noordoostelijk,n/a,headsetmicrofoon,48000
boergait,boergait,20080414,boergait,0.68067086,True,mannelijk,volwassen,Noordoostelijk,n/a,headsetmicrofoon,48000
boergait,boergait,20080414,boergait,0.72523177,True,mannelijk,volwassen,Noordoostelijk,n/a,headsetmicrofoon,48000
boergait,boergait,20080414,boergait,0.7317289,True,mannelijk,volwassen,Noordoostelijk,n/a,headsetmicrofoon,48000
boergait,boergait,20080414,boergait,0.7317951,True,mannelijk,volwassen,Noordoostelijk,n/a,headsetmicrofoon,48000
boergait,boergait,20080414,boergait,0.7088951,True,mannelijk,volwassen,Noordoostelijk,n/a,headsetmicrofoon,48000
boergait,boergait,20080414,boergait,0.73172116,True,mannelijk,volwassen,Noordoostelijk,n/a,headsetmicrofoon,48000
boergait,boergait,20080414,boergait,0.6847514,True,mannelijk,volwassen,Noordoostelijk,n/a,headsetmicrofoon,48000
boergait,boergait,20080414,boergait,0.7501384,True,mannelijk,volwassen,Noordoostelijk,n/a,headsetmicrofoon,48000
boergait,boergait,20080414,boergait,0.7565815,True,mannelijk,volwassen,Noordoostelijk,n/a,headsetmicrofoon,48000
boergait,boergait,20080414,boergait,0.68533444,True,mannelijk,volwassen,Noordoostelijk,n/a,headsetmicrofoon,48000
boergait,boergait,20080414,boergait,0.7814796,True,mannelijk,volwassen,Noordoostelijk,n/a,headsetmicrofoon,48000
boergait,boergait,20080414,boergait,0.760054,True,mannelijk,volwassen,Noordoostelijk,n/a,headsetmicrofoon,48000
boergait,boergait,20080414,boergait,0.6686789,True,mannelijk,volwassen,Noordoostelijk,n/a,headsetmicrofoon,48000
boergait,boergait,20080414,boergait,0.6230262,True,mannelijk,volwassen,Noordoostelijk,n/a,headsetmicrofoon,48000
boergait,boergait,20080414,boergait,0.6976595,True,mannelijk,volwassen,Noordoostelijk,n/a,headsetmicrofoon,48000
boergait,boergait,20080414,boergait,0.7244418,True,mannelijk,volwassen,Noordoostelijk,n/a,headsetmicrofoon,48000
boergait,boergait,20080414,boergait,0.6603541,True,mannelijk,volwassen,Noordoostelijk,n/a,headsetmicrofoon,48000
boergait,boergait,20080414,boergait,0.5779442,True,mannelijk,volwassen,Noordoostelijk,n/a,headsetmicrofoon,48000
boergait,boergait,20080414,boergait,0.6471496,True,mannelijk,volwassen,Noordoostelijk,n/a,headsetmicrofoon,48000
boergait,boergait,20080414,boergait,0.6113298,True,mannelijk,volwassen,Noordoostelijk,n/a,headsetmicrofoon,48000
boergait,boergait,20080414,boergait,0.6527387,True,mannelijk,volwassen,Noordoostelijk,n/a,headsetmicrofoon,48000
boergait,boergait,20080414,boergait,0.6374266,True,mannelijk,volwassen,Noordoostelijk,n/a,headsetmicrofoon,48000
boergait,boergait,20080414,boergait,0.6046214,True,mannelijk,volwassen,Noordoostelijk,n/a,headsetmicrofoon,48000
boergait,boergait,20080414,boergait,0.6304772,True,mannelijk,volwassen,Noordoostelijk,n/a,headsetmicrofoon,48000
boergait,boergait,20080414,boergait,0.6274508,True,mannelijk,volwassen,Noordoostelijk,n/a,headsetmicrofoon,48000
boergait,boergait,20080414,boergait,0.67025936,True,mannelijk,volwassen,Noordoostelijk,n/a,headsetmicrofoon,48000
boergait,boergait,20080414,boergait,0.71772087,True,mannelijk,volwassen,Noordoostelijk,n/a,headsetmicrofoon,48000
boergait,boergait,20080414,boergait,0.6524608,True,mannelijk,volwassen,Noordoostelijk,n/a,headsetmicrofoon,48000
boergait,boergait,20080414,boergait,0.58824515,True,mannelijk,volwassen,Noordoostelijk,n/a,headsetmicrofoon,48000
boergait,boergait,20080418,boergerrit,0.41858482,False,mannelijk,volwassen,Noordoostelijk,n/a,headsetmicrofoon,48000
boergait,boergait,20080414,boergait,0.7594998,True,mannelijk,volwassen,Noordoostelijk,n/a,headsetmicrofoon,48000
boergait,boergait,20080414,boergait,0.69933045,True,mannelijk,volwassen,Noordoostelijk,n/a,headsetmicrofoon,48000
boergait,boergait,20080414,boergait,0.7787415,True,mannelijk,volwassen,Noordoostelijk,n/a,headsetmicrofoon,48000
boergait,boergait,20080414,boergait,0.74903077,True,mannelijk,volwassen,Noordoostelijk,n/a,headsetmicrofoon,48000
boergait,boergait,20080414,boergait,0.72046685,True,mannelijk,volwassen,Noordoostelijk,n/a,headsetmicrofoon,48000
boergait,boergait,20080414,boergait,0.7005604,True,mannelijk,volwassen,Noordoostelijk,n/a,headsetmicrofoon,48000
boergait,boergait,20080414,boergait,0.79027957,True,mannelijk,volwassen,Noordoostelijk,n/a,headsetmicrofoon,48000
boergait,boergait,20080414,boergait,0.69813657,True,mannelijk,volwassen,Noordoostelijk,n/a,headsetmicrofoon,48000
boergait,boergait,20080414,boergait,0.7979647,True,mannelijk,volwassen,Noordoostelijk,n/a,headsetmicrofoon,48000
boergait,boergait,20080414,boergait,0.77984,True,mannelijk,volwassen,Noordoostelijk,n/a,headsetmicrofoon,48000
boergait,boergait,20080414,boergait,0.6560296,True,mannelijk,volwassen,Noordoostelijk,n/a,headsetmicrofoon,48000
boergait,boergait,20080414,boergait,0.69435275,True,mannelijk,volwassen,Noordoostelijk,n/a,headsetmicrofoon,48000
boergait,boergait,20080418,boergerrit,0.6176688,False,mannelijk,volwassen,Noordoostelijk,n/a,headsetmicrofoon,48000
boergait,boergait,20080414,boergait,0.6367552,True,mannelijk,volwassen,Noordoostelijk,n/a,headsetmicrofoon,48000
boergait,boergait,20080414,boergait,0.621995,True,mannelijk,volwassen,Noordoostelijk,n/a,headsetmicrofoon,48000
boergait,boergait,20080418,boergerrit,0.62897205,False,mannelijk,volwassen,Noordoostelijk,n/a,headsetmicrofoon,48000
boergait,boergait,20080414,boergait,0.6650855,True,mannelijk,volwassen,Noordoostelijk,n/a,headsetmicrofoon,48000
boergait,boergait,20080414,boergait,0.70846057,True,mannelijk,volwassen,Noordoostelijk,n/a,headsetmicrofoon,48000
boergait,boergait,20080414,boergait,0.7279007,True,mannelijk,volwassen,Noordoostelijk,n/a,headsetmicrofoon,48000
boergait,boergait,20080414,boergait,0.64479065,True,mannelijk,volwassen,Noordoostelijk,n/a,headsetmicrofoon,48000
boergait,boergait,20080414,boergait,0.741943,True,mannelijk,volwassen,Noordoostelijk,n/a,headsetmicrofoon,48000
boergait,boergait,20080414,boergait,0.76749974,True,mannelijk,volwassen,Noordoostelijk,n/a,headsetmicrofoon,48000
boergait,boergait,20080418,boergerrit,0.6359352,False,mannelijk,volwassen,Noordoostelijk,n/a,headsetmicrofoon,48000
boergait,boergait,20080414,boergait,0.7784867,True,mannelijk,volwassen,Noordoostelijk,n/a,headsetmicrofoon,48000
boergait,boergait,20080414,boergait,0.6764678,True,mannelijk,volwassen,Noordoostelijk,n/a,headsetmicrofoon,48000
boergait,boergait,20080414,boergait,0.60572857,True,mannelijk,volwassen,Noordoostelijk,n/a,headsetmicrofoon,48000
boergait,boergait,20080414,boergait,0.751701,True,mannelijk,volwassen,Noordoostelijk,n/a,headsetmicrofoon,48000
boergait,boergait,20080414,boergait,0.7558025,True,mannelijk,volwassen,Noordoostelijk,n/a,headsetmicrofoon,48000
boergait,boergait,20080414,boergait,0.776138,True,mannelijk,volwassen,Noordoostelijk,n/a,headsetmicrofoon,48000
boergait,boergait,20080414,boergait,0.7032573,True,mannelijk,volwassen,Noordoostelijk,n/a,headsetmicrofoon,48000
boergait,boergait,20080418,boergerrit,0.45380166,False,mannelijk,volwassen,Noordoostelijk,n/a,headsetmicrofoon,48000
boergait,boergait,20080414,boergait,0.72949266,True,mannelijk,volwassen,Noordoostelijk,n/a,headsetmicrofoon,48000
boergait,boergait,20080414,boergait,0.7670522,True,mannelijk,volwassen,Noordoostelijk,n/a,headsetmicrofoon,48000
boergait,boergait,20080414,boergait,0.7017782,True,mannelijk,volwassen,Noordoostelijk,n/a,headsetmicrofoon,48000
boergait,boergait,20080414,boergait,0.75687325,True,mannelijk,volwassen,Noordoostelijk,n/a,headsetmicrofoon,48000
boergait,boergait,20080414,boergait,0.7473357,True,mannelijk,volwassen,Noordoostelijk,n/a,headsetmicrofoon,48000
boergait,boergait,20080414,boergait,0.730711,True,mannelijk,volwassen,Noordoostelijk,n/a,headsetmicrofoon,48000
boergait,boergait,20080414,boergait,0.788275,True,mannelijk,volwassen,Noordoostelijk,n/a,headsetmicrofoon,48000
boergait,boergait,20080414,boergait,0.77701837,True,mannelijk,volwassen,Noordoostelijk,n/a,headsetmicrofoon,48000
boergait,boergait,20080414,boergait,0.75058436,True,mannelijk,volwassen,Noordoostelijk,n/a,headsetmicrofoon,48000
boergait,boergait,20080414,boergait,0.7266264,True,mannelijk,volwassen,Noordoostelijk,n/a,headsetmicrofoon,48000
boergait,boergait,20080414,boergait,0.67420036,True,mannelijk,volwassen,Noordoostelijk,n/a,headsetmicrofoon,48000
boergait,boergait,20080414,boergait,0.6650679,True,mannelijk,volwassen,Noordoostelijk,n/a,headsetmicrofoon,48000
boergait,boergait,20080418,boergerrit,0.6906444,False,mannelijk,volwassen,Noordoostelijk,n/a,headsetmicrofoon,48000
boergait,boergait,20080414,boergait,0.7447828,True,mannelijk,volwassen,Noordoostelijk,n/a,headsetmicrofoon,48000
boergait,boergait,20080414,boergait,0.6606648,True,mannelijk,volwassen,Noordoostelijk,n/a,headsetmicrofoon,48000
boergait,boergait,20080414,boergait,0.66493595,True,mannelijk,volwassen,Noordoostelijk,n/a,headsetmicrofoon,48000
boergait,boergait,20080414,boergait,0.740162,True,mannelijk,volwassen,Noordoostelijk,n/a,headsetmicrofoon,48000
boergait,boergait,20080414,boergait,0.71627057,True,mannelijk,volwassen,Noordoostelijk,n/a,headsetmicrofoon,48000
boergait,boergait,20080414,boergait,0.7286079,True,mannelijk,volwassen,Noordoostelijk,n/a,headsetmicrofoon,48000
boergait,boergait,20080414,boergait,0.69278467,True,mannelijk,volwassen,Noordoostelijk,n/a,headsetmicrofoon,48000
boergait,boergait,20080418,boergerrit,0.52494615,False,mannelijk,volwassen,Noordoostelijk,n/a,headsetmicrofoon,48000
boergait,boergait,20080418,boergerrit,0.7093588,False,mannelijk,volwassen,Noordoostelijk,n/a,headsetmicrofoon,48000
boergait,boergait,20080414,boergait,0.710013,True,mannelijk,volwassen,Noordoostelijk,n/a,headsetmicrofoon,48000
boergait,boergait,20080414,boergait,0.65097,True,mannelijk,volwassen,Noordoostelijk,n/a,headsetmicrofoon,48000
boergait,boergait,20080414,boergait,0.69260323,True,mannelijk,volwassen,Noordoostelijk,n/a,headsetmicrofoon,48000
boergait,boergait,20080414,boergait,0.74489444,True,mannelijk,volwassen,Noordoostelijk,n/a,headsetmicrofoon,48000
boergait,boergait,20080414,boergait,0.7692387,True,mannelijk,volwassen,Noordoostelijk,n/a,headsetmicrofoon,48000
boergait,boergait,20080414,boergait,0.61637866,True,mannelijk,volwassen,Noordoostelijk,n/a,headsetmicrofoon,48000
boergait,boergait,20080418,boergerrit,0.57300353,False,mannelijk,volwassen,Noordoostelijk,n/a,headsetmicrofoon,48000
boergait,boergait,20080418,boergerrit,0.6817362,False,mannelijk,volwassen,Noordoostelijk,n/a,headsetmicrofoon,48000
boergait,boergait,20080418,boergerrit,0.5815586,False,mannelijk,volwassen,Noordoostelijk,n/a,headsetmicrofoon,48000
boergait,boergait,20080418,boergerrit,0.6407635,False,mannelijk,volwassen,Noordoostelijk,n/a,headsetmicrofoon,48000
boergait,boergait,20080414,boergait,0.6264212,True,mannelijk,volwassen,Noordoostelijk,n/a,headsetmicrofoon,48000
boergait,boergait,20080414,boergait,0.66107535,True,mannelijk,volwassen,Noordoostelijk,n/a,headsetmicrofoon,48000
boergait,boergait,20080414,boergait,0.69409996,True,mannelijk,volwassen,Noordoostelijk,n/a,headsetmicrofoon,48000
boergait,boergait,20080414,boergait,0.60677314,True,mannelijk,volwassen,Noordoostelijk,n/a,headsetmicrofoon,48000
boergait,boergait,20080414,boergait,0.64898974,True,mannelijk,volwassen,Noordoostelijk,n/a,headsetmicrofoon,48000
boergait,boergait,20080414,boergait,0.6221612,True,mannelijk,volwassen,Noordoostelijk,n/a,headsetmicrofoon,48000
boergait,boergait,20080414,boergait,0.63073415,True,mannelijk,volwassen,Noordoostelijk,n/a,headsetmicrofoon,48000
boergait,boergait,20080414,boergait,0.70106304,True,mannelijk,volwassen,Noordoostelijk,n/a,headsetmicrofoon,48000
boergait,boergait,20080414,boergait,0.6728675,True,mannelijk,volwassen,Noordoostelijk,n/a,headsetmicrofoon,48000
boergait,boergait,20080414,boergait,0.6486895,True,mannelijk,volwassen,Noordoostelijk,n/a,headsetmicrofoon,48000
boergait,boergait,20080414,boergait,0.73601073,True,mannelijk,volwassen,Noordoostelijk,n/a,headsetmicrofoon,48000
boergait,boergait,20080414,boergait,0.53843623,True,mannelijk,volwassen,Noordoostelijk,n/a,headsetmicrofoon,48000
boergait,boergait,20080414,boergait,0.71342266,True,mannelijk,volwassen,Noordoostelijk,n/a,headsetmicrofoon,48000
boergait,boergait,20080414,boergait,0.77185154,True,mannelijk,volwassen,Noordoostelijk,n/a,headsetmicrofoon,48000
boergait,boergait,20080414,boergait,0.7162328,True,mannelijk,volwassen,Noordoostelijk,n/a,headsetmicrofoon,48000
boergait,boergait,20080414,boergait,0.7006022,True,mannelijk,volwassen,Noordoostelijk,n/a,headsetmicrofoon,48000
boergait,boergait,20080414,boergait,0.5715865,True,mannelijk,volwassen,Noordoostelijk,n/a,headsetmicrofoon,48000
boergait,boergait,20080414,boergait,0.7079725,True,mannelijk,volwassen,Noordoostelijk,n/a,headsetmicrofoon,48000
boergait,boergait,20080418,boergerrit,0.59165823,False,mannelijk,volwassen,Noordoostelijk,n/a,headsetmicrofoon,48000
boergait,boergait,20080414,boergait,0.6268701,True,mannelijk,volwassen,Noordoostelijk,n/a,headsetmicrofoon,48000
boergait,boergait,20080414,boergait,0.60371405,True,mannelijk,volwassen,Noordoostelijk,n/a,headsetmicrofoon,48000
boergait,boergait,20080418,boergerrit,0.6086694,False,mannelijk,volwassen,Noordoostelijk,n/a,headsetmicrofoon,48000
boergait,boergait,20080414,boergait,0.6955917,True,mannelijk,volwassen,Noordoostelijk,n/a,headsetmicrofoon,48000
boergait,boergait,20080414,boergait,0.7082614,True,mannelijk,volwassen,Noordoostelijk,n/a,headsetmicrofoon,48000
boergait,boergait,20080414,boergait,0.6691686,True,mannelijk,volwassen,Noordoostelijk,n/a,headsetmicrofoon,48000
boergait,boergait,20080414,boergait,0.5974941,True,mannelijk,volwassen,Noordoostelijk,n/a,headsetmicrofoon,48000
boergait,boergait,20080414,boergait,0.61307764,True,mannelijk,volwassen,Noordoostelijk,n/a,headsetmicrofoon,48000
boergait,boergait,20080414,boergait,0.6550773,True,mannelijk,volwassen,Noordoostelijk,n/a,headsetmicrofoon,48000
boergait,boergait,20080414,boergait,0.70639634,True,mannelijk,volwassen,Noordoostelijk,n/a,headsetmicrofoon,48000
boergait,boergait,20080414,boergait,0.6340978,True,mannelijk,volwassen,Noordoostelijk,n/a,headsetmicrofoon,48000
boergait,boergait,20080414,boergait,0.649047,True,mannelijk,volwassen,Noordoostelijk,n/a,headsetmicrofoon,48000
boergait,boergait,20080418,boergerrit,0.6571109,False,mannelijk,volwassen,Noordoostelijk,n/a,headsetmicrofoon,48000
boergait,boergait,20080414,boergait,0.60949326,True,mannelijk,volwassen,Noordoostelijk,n/a,headsetmicrofoon,48000
boergait,boergait,20080414,boergait,0.6094968,True,mannelijk,volwassen,Noordoostelijk,n/a,headsetmicrofoon,48000
boergait,boergait,20080414,boergait,0.6256666,True,mannelijk,volwassen,Noordoostelijk,n/a,headsetmicrofoon,48000
boergait,boergait,20080414,boergait,0.6900691,True,mannelijk,volwassen,Noordoostelijk,n/a,headsetmicrofoon,48000
boergait,boergait,20080414,boergait,0.72108936,True,mannelijk,volwassen,Noordoostelijk,n/a,headsetmicrofoon,48000
boergait,boergait,20080414,boergait,0.5268074,True,mannelijk,volwassen,Noordoostelijk,n/a,headsetmicrofoon,48000
boergait,boergait,20080414,boergait,0.6899245,True,mannelijk,volwassen,Noordoostelijk,n/a,headsetmicrofoon,48000
boergait,boergait,20080414,boergait,0.6006205,True,mannelijk,volwassen,Noordoostelijk,n/a,headsetmicrofoon,48000
boergait,boergait,20080414,boergait,0.46035653,True,mannelijk,volwassen,Noordoostelijk,n/a,headsetmicrofoon,48000
boergait,boergait,20080414,boergait,0.5837321,True,mannelijk,volwassen,Noordoostelijk,n/a,headsetmicrofoon,48000
boergait,boergait,20080414,boergait,0.73967254,True,mannelijk,volwassen,Noordoostelijk,n/a,headsetmicrofoon,48000
boergait,boergait,20080414,boergait,0.6015012,True,mannelijk,volwassen,Noordoostelijk,n/a,headsetmicrofoon,48000
boergait,boergait,20080414,boergait,0.7020438,True,mannelijk,volwassen,Noordoostelijk,n/a,headsetmicrofoon,48000
boergait,boergait,20080414,boergait,0.7372364,True,mannelijk,volwassen,Noordoostelijk,n/a,headsetmicrofoon,48000
boergait,boergait,20080414,boergait,0.63998044,True,mannelijk,volwassen,Noordoostelijk,n/a,headsetmicrofoon,48000
boergait,boergait,20080414,boergait,0.67782265,True,mannelijk,volwassen,Noordoostelijk,n/a,headsetmicrofoon,48000
boergait,boergait,20080414,boergait,0.68286437,True,mannelijk,volwassen,Noordoostelijk,n/a,headsetmicrofoon,48000
boergait,boergait,20080414,boergait,0.7066556,True,mannelijk,volwassen,Noordoostelijk,n/a,headsetmicrofoon,48000
boergait,boergait,20080414,boergait,0.62502706,True,mannelijk,volwassen,Noordoostelijk,n/a,headsetmicrofoon,48000
boergait,boergait,20080414,boergait,0.7947502,True,mannelijk,volwassen,Noordoostelijk,n/a,headsetmicrofoon,48000
boergait,boergait,20080414,boergait,0.7282785,True,mannelijk,volwassen,Noordoostelijk,n/a,headsetmicrofoon,48000
boergait,boergait,20080414,boergait,0.73650503,True,mannelijk,volwassen,Noordoostelijk,n/a,headsetmicrofoon,48000
boergait,boergait,20080414,boergait,0.70700276,True,mannelijk,volwassen,Noordoostelijk,n/a,headsetmicrofoon,48000
boergait,boergait,20080414,boergait,0.70644164,True,mannelijk,volwassen,Noordoostelijk,n/a,headsetmicrofoon,48000
boergait,boergait,20080418,boergerrit,0.57505393,False,mannelijk,volwassen,Noordoostelijk,n/a,headsetmicrofoon,48000
boergait,boergait,20080418,boergerrit,0.64865136,False,mannelijk,volwassen,Noordoostelijk,n/a,headsetmicrofoon,48000
boergait,boergait,20080414,boergait,0.80736756,True,mannelijk,volwassen,Noordoostelijk,n/a,headsetmicrofoon,48000
boergait,boergait,20080414,boergait,0.7283901,True,mannelijk,volwassen,Noordoostelijk,n/a,headsetmicrofoon,48000
boergait,boergait,20080414,boergait,0.66937035,True,mannelijk,volwassen,Noordoostelijk,n/a,headsetmicrofoon,48000
boergait,boergait,20080414,boergait,0.7389163,True,mannelijk,volwassen,Noordoostelijk,n/a,headsetmicrofoon,48000
boergait,boergait,20080414,boergait,0.7285724,True,mannelijk,volwassen,Noordoostelijk,n/a,headsetmicrofoon,48000
boergait,boergait,20080414,boergait,0.6622772,True,mannelijk,volwassen,Noordoostelijk,n/a,headsetmicrofoon,48000
boergait,boergait,20080414,boergait,0.7304032,True,mannelijk,volwassen,Noordoostelijk,n/a,headsetmicrofoon,48000
boergait,boergait,20080414,boergait,0.6381971,True,mannelijk,volwassen,Noordoostelijk,n/a,headsetmicrofoon,48000
boergait,boergait,20080414,boergait,0.72504485,True,mannelijk,volwassen,Noordoostelijk,n/a,headsetmicrofoon,48000
boergait,boergait,20080414,boergait,0.7160773,True,mannelijk,volwassen,Noordoostelijk,n/a,headsetmicrofoon,48000
boergait,boergait,20080414,boergait,0.733479,True,mannelijk,volwassen,Noordoostelijk,n/a,headsetmicrofoon,48000
boergait,boergait,20080414,boergait,0.72091883,True,mannelijk,volwassen,Noordoostelijk,n/a,headsetmicrofoon,48000
boergait,boergait,20080414,boergait,0.7073786,True,mannelijk,volwassen,Noordoostelijk,n/a,headsetmicrofoon,48000
boergait,boergait,20080414,boergait,0.71119905,True,mannelijk,volwassen,Noordoostelijk,n/a,headsetmicrofoon,48000
boergait,boergait,20080414,boergait,0.8136103,True,mannelijk,volwassen,Noordoostelijk,n/a,headsetmicrofoon,48000
boergait,boergait,20080414,boergait,0.7273735,True,mannelijk,volwassen,Noordoostelijk,n/a,headsetmicrofoon,48000
boergait,boergait,20080414,boergait,0.72520125,True,mannelijk,volwassen,Noordoostelijk,n/a,headsetmicrofoon,48000
boergait,boergait,20080414,boergait,0.6792953,True,mannelijk,volwassen,Noordoostelijk,n/a,headsetmicrofoon,48000
boergait,boergait,20080414,boergait,0.6338533,True,mannelijk,volwassen,Noordoostelijk,n/a,headsetmicrofoon,48000
boergait,boergait,20080414,boergait,0.7193026,True,mannelijk,volwassen,Noordoostelijk,n/a,headsetmicrofoon,48000
boergait,boergait,20080414,boergait,0.77051514,True,mannelijk,volwassen,Noordoostelijk,n/a,headsetmicrofoon,48000
boergait,boergait,20080414,boergait,0.6428716,True,mannelijk,volwassen,Noordoostelijk,n/a,headsetmicrofoon,48000
boergait,boergait,20080414,boergait,0.6610929,True,mannelijk,volwassen,Noordoostelijk,n/a,headsetmicrofoon,48000
boergait,boergait,20080414,boergait,0.6122996,True,mannelijk,volwassen,Noordoostelijk,n/a,headsetmicrofoon,48000
boergait,boergait,20080414,boergait,0.5230054,True,mannelijk,volwassen,Noordoostelijk,n/a,headsetmicrofoon,48000
boergait,boergait,20080414,boergait,0.6915423,True,mannelijk,volwassen,Noordoostelijk,n/a,headsetmicrofoon,48000
boergait,boergait,20080414,boergait,0.7164874,True,mannelijk,volwassen,Noordoostelijk,n/a,headsetmicrofoon,48000
boergait,boergait,20080414,boergait,0.7024289,True,mannelijk,volwassen,Noordoostelijk,n/a,headsetmicrofoon,48000
boergait,boergait,20080414,boergait,0.7678412,True,mannelijk,volwassen,Noordoostelijk,n/a,headsetmicrofoon,48000
boergait,boergait,20080414,boergait,0.6670548,True,mannelijk,volwassen,Noordoostelijk,n/a,headsetmicrofoon,48000
boergait,boergait,20080414,boergait,0.6289985,True,mannelijk,volwassen,Noordoostelijk,n/a,headsetmicrofoon,48000
boergait,boergait,20080414,boergait,0.69954133,True,mannelijk,volwassen,Noordoostelijk,n/a,headsetmicrofoon,48000
boergait,boergait,20080414,boergait,0.7171781,True,mannelijk,volwassen,Noordoostelijk,n/a,headsetmicrofoon,48000
boergait,boergait,20080414,boergait,0.7097022,True,mannelijk,volwassen,Noordoostelijk,n/a,headsetmicrofoon,48000
boergait,boergait,20080418,boergerrit,0.65101427,False,mannelijk,volwassen,Noordoostelijk,n/a,headsetmicrofoon,48000
boergait,boergait,20080414,boergait,0.70162034,True,mannelijk,volwassen,Noordoostelijk,n/a,headsetmicrofoon,48000
boergait,boergait,20080414,boergait,0.6839426,True,mannelijk,volwassen,Noordoostelijk,n/a,headsetmicrofoon,48000
boergait,boergait,20080414,boergait,0.6803474,True,mannelijk,volwassen,Noordoostelijk,n/a,headsetmicrofoon,48000
boergait,boergait,20080414,boergait,0.69833446,True,mannelijk,volwassen,Noordoostelijk,n/a,headsetmicrofoon,48000
boergait,boergait,20080414,boergait,0.68956137,True,mannelijk,volwassen,Noordoostelijk,n/a,headsetmicrofoon,48000
boergait,boergait,20080414,boergait,0.70593476,True,mannelijk,volwassen,Noordoostelijk,n/a,headsetmicrofoon,48000
boergait,boergait,20080414,boergait,0.6766077,True,mannelijk,volwassen,Noordoostelijk,n/a,headsetmicrofoon,48000
boergait,boergait,20080414,boergait,0.6552092,True,mannelijk,volwassen,Noordoostelijk,n/a,headsetmicrofoon,48000
boergait,boergait,20080414,boergait,0.72151816,True,mannelijk,volwassen,Noordoostelijk,n/a,headsetmicrofoon,48000
boergait,boergait,20080414,boergait,0.66346264,True,mannelijk,volwassen,Noordoostelijk,n/a,headsetmicrofoon,48000
boergait,boergait,20080414,boergait,0.5441432,True,mannelijk,volwassen,Noordoostelijk,n/a,headsetmicrofoon,48000
boergait,boergait,20080414,boergait,0.5898033,True,mannelijk,volwassen,Noordoostelijk,n/a,headsetmicrofoon,48000
boergait,boergait,20080414,boergait,0.67007303,True,mannelijk,volwassen,Noordoostelijk,n/a,headsetmicrofoon,48000
boergait,boergait,20080414,boergait,0.73149,True,mannelijk,volwassen,Noordoostelijk,n/a,headsetmicrofoon,48000
boergait,boergait,20080414,boergait,0.7161717,True,mannelijk,volwassen,Noordoostelijk,n/a,headsetmicrofoon,48000
boergait,boergait,20080414,boergait,0.54342574,True,mannelijk,volwassen,Noordoostelijk,n/a,headsetmicrofoon,48000
boergait,boergait,20080418,boergerrit,0.5014999,False,mannelijk,volwassen,Noordoostelijk,n/a,headsetmicrofoon,48000
boergait,boergait,20080418,boergerrit,0.62521654,False,mannelijk,volwassen,Noordoostelijk,n/a,headsetmicrofoon,48000
boergait,boergait,20080414,boergait,0.61260414,True,mannelijk,volwassen,Noordoostelijk,n/a,headsetmicrofoon,48000
boergait,boergait,20080414,boergait,0.5947813,True,mannelijk,volwassen,Noordoostelijk,n/a,headsetmicrofoon,48000
boergait,boergait,20080414,boergait,0.7442833,True,mannelijk,volwassen,Noordoostelijk,n/a,headsetmicrofoon,48000
boergait,boergait,20080414,boergait,0.65927464,True,mannelijk,volwassen,Noordoostelijk,n/a,headsetmicrofoon,48000
boergait,boergait,20080414,boergait,0.66483235,True,mannelijk,volwassen,Noordoostelijk,n/a,headsetmicrofoon,48000
boergait,boergait,20080414,boergait,0.6813221,True,mannelijk,volwassen,Noordoostelijk,n/a,headsetmicrofoon,48000
boergait,boergait,20080414,boergait,0.6990398,True,mannelijk,volwassen,Noordoostelijk,n/a,headsetmicrofoon,48000
boergait,boergait,20080418,boergerrit,0.55885375,False,mannelijk,volwassen,Noordoostelijk,n/a,headsetmicrofoon,48000
boergait,boergait,20080414,boergait,0.734671,True,mannelijk,volwassen,Noordoostelijk,n/a,headsetmicrofoon,48000
boergait,boergait,20080414,boergait,0.7895251,True,mannelijk,volwassen,Noordoostelijk,n/a,headsetmicrofoon,48000
boergait,boergait,20080414,boergait,0.63737595,True,mannelijk,volwassen,Noordoostelijk,n/a,headsetmicrofoon,48000
boergait,boergait,20080414,boergait,0.7469066,True,mannelijk,volwassen,Noordoostelijk,n/a,headsetmicrofoon,48000
boergait,boergait,20080414,boergait,0.69277567,True,mannelijk,volwassen,Noordoostelijk,n/a,headsetmicrofoon,48000
boergait,boergait,20080414,boergait,0.69855195,True,mannelijk,volwassen,Noordoostelijk,n/a,headsetmicrofoon,48000
boergait,boergait,20080414,boergait,0.6280453,True,mannelijk,volwassen,Noordoostelijk,n/a,headsetmicrofoon,48000
boergait,boergait,20080414,boergait,0.738368,True,mannelijk,volwassen,Noordoostelijk,n/a,headsetmicrofoon,48000
boergait,boergait,20080414,boergait,0.6178535,True,mannelijk,volwassen,Noordoostelijk,n/a,headsetmicrofoon,48000
boergait,boergait,20080414,boergait,0.6609558,True,mannelijk,volwassen,Noordoostelijk,n/a,headsetmicrofoon,48000
boergait,boergait,20080414,boergait,0.677017,True,mannelijk,volwassen,Noordoostelijk,n/a,headsetmicrofoon,48000
boergait,boergait,20080414,boergait,0.6874156,True,mannelijk,volwassen,Noordoostelijk,n/a,headsetmicrofoon,48000
boergait,boergait,20080414,boergait,0.6725735,True,mannelijk,volwassen,Noordoostelijk,n/a,headsetmicrofoon,48000
boergait,boergait,20080414,boergait,0.7278168,True,mannelijk,volwassen,Noordoostelijk,n/a,headsetmicrofoon,48000
boergait,boergait,20080414,boergait,0.71238244,True,mannelijk,volwassen,Noordoostelijk,n/a,headsetmicrofoon,48000
boergait,boergait,20080414,boergait,0.77320075,True,mannelijk,volwassen,Noordoostelijk,n/a,headsetmicrofoon,48000
boergait,boergait,20080414,boergait,0.63298786,True,mannelijk,volwassen,Noordoostelijk,n/a,headsetmicrofoon,48000
boergait,boergait,20080414,boergait,0.6297108,True,mannelijk,volwassen,Noordoostelijk,n/a,headsetmicrofoon,48000
boergait,boergait,20080414,boergait,0.6974258,True,mannelijk,volwassen,Noordoostelijk,n/a,headsetmicrofoon,48000
boergait,boergait,20080414,boergait,0.63784313,True,mannelijk,volwassen,Noordoostelijk,n/a,headsetmicrofoon,48000
boergait,boergait,20080414,boergait,0.6920793,True,mannelijk,volwassen,Noordoostelijk,n/a,headsetmicrofoon,48000
boergait,boergait,20080414,boergait,0.741848,True,mannelijk,volwassen,Noordoostelijk,n/a,headsetmicrofoon,48000
boergait,boergait,20080414,boergait,0.7044894,True,mannelijk,volwassen,Noordoostelijk,n/a,headsetmicrofoon,48000
boergait,boergait,20080912,fvdbeek,0.6360147,False,mannelijk,volwassen,Noordoostelijk,n/a,headsetmicrofoon,48000
boergait,boergait,20080414,boergait,0.63685477,True,mannelijk,volwassen,Noordoostelijk,n/a,headsetmicrofoon,48000
boergait,boergait,20080414,boergait,0.6857929,True,mannelijk,volwassen,Noordoostelijk,n/a,headsetmicrofoon,48000
boergait,boergait,20080414,boergait,0.71350586,True,mannelijk,volwassen,Noordoostelijk,n/a,headsetmicrofoon,48000
boergait,boergait,20080414,boergait,0.5382787,True,mannelijk,volwassen,Noordoostelijk,n/a,headsetmicrofoon,48000
boergait,boergait,20080414,boergait,0.57004213,True,mannelijk,volwassen,Noordoostelijk,n/a,headsetmicrofoon,48000
boergait,boergait,20080414,boergait,0.7128864,True,mannelijk,volwassen,Noordoostelijk,n/a,headsetmicrofoon,48000
boergait,boergait,20080414,boergait,0.74230134,True,mannelijk,volwassen,Noordoostelijk,n/a,headsetmicrofoon,48000
boergait,boergait,20080414,boergait,0.6848987,True,mannelijk,volwassen,Noordoostelijk,n/a,headsetmicrofoon,48000
boergait,boergait,20080418,boergerrit,0.47381055,False,mannelijk,volwassen,Noordoostelijk,n/a,headsetmicrofoon,48000
boergait,boergait,20080414,boergait,0.6313503,True,mannelijk,volwassen,Noordoostelijk,n/a,headsetmicrofoon,48000
boergait,boergait,20080414,boergait,0.7228302,True,mannelijk,volwassen,Noordoostelijk,n/a,headsetmicrofoon,48000
boergait,boergait,20080414,boergait,0.7199912,True,mannelijk,volwassen,Noordoostelijk,n/a,headsetmicrofoon,48000
boergait,boergait,20080414,boergait,0.71751785,True,mannelijk,volwassen,Noordoostelijk,n/a,headsetmicrofoon,48000
boergait,boergait,20080414,boergait,0.7199987,True,mannelijk,volwassen,Noordoostelijk,n/a,headsetmicrofoon,48000
boergait,boergait,20080414,boergait,0.6224253,True,mannelijk,volwassen,Noordoostelijk,n/a,headsetmicrofoon,48000
boergait,boergait,20080414,boergait,0.5010004,True,mannelijk,volwassen,Noordoostelijk,n/a,headsetmicrofoon,48000
boergait,boergait,20080418,boergerrit,0.6417779,False,mannelijk,volwassen,Noordoostelijk,n/a,headsetmicrofoon,48000
boergait,boergait,20080414,boergait,0.5442964,True,mannelijk,volwassen,Noordoostelijk,n/a,headsetmicrofoon,48000
boergait,boergait,20080414,boergait,0.71708083,True,mannelijk,volwassen,Noordoostelijk,n/a,headsetmicrofoon,48000
boergait,boergait,20080418,boergerrit,0.57990575,False,mannelijk,volwassen,Noordoostelijk,n/a,headsetmicrofoon,48000
boergait,boergait,20080414,boergait,0.74324226,True,mannelijk,volwassen,Noordoostelijk,n/a,headsetmicrofoon,48000
boergait,boergait,20080414,boergait,0.62756,True,mannelijk,volwassen,Noordoostelijk,n/a,headsetmicrofoon,48000
boergait,boergait,20080414,boergait,0.6908703,True,mannelijk,volwassen,Noordoostelijk,n/a,headsetmicrofoon,48000
boergait,boergait,20080414,boergait,0.6559703,True,mannelijk,volwassen,Noordoostelijk,n/a,headsetmicrofoon,48000
boergait,boergait,20080414,boergait,0.6875342,True,mannelijk,volwassen,Noordoostelijk,n/a,headsetmicrofoon,48000
boergait,boergait,20080414,boergait,0.72904205,True,mannelijk,volwassen,Noordoostelijk,n/a,headsetmicrofoon,48000
boergait,boergait,20080414,boergait,0.7296566,True,mannelijk,volwassen,Noordoostelijk,n/a,headsetmicrofoon,48000
boergait,boergait,20080414,boergait,0.69189656,True,mannelijk,volwassen,Noordoostelijk,n/a,headsetmicrofoon,48000
boergait,boergait,20080418,boergerrit,0.66952837,False,mannelijk,volwassen,Noordoostelijk,n/a,headsetmicrofoon,48000
boergait,boergait,20080414,boergait,0.6789739,True,mannelijk,volwassen,Noordoostelijk,n/a,headsetmicrofoon,48000
boergait,boergait,20080414,boergait,0.6307623,True,mannelijk,volwassen,Noordoostelijk,n/a,headsetmicrofoon,48000
boergait,boergait,20080414,boergait,0.67286664,True,mannelijk,volwassen,Noordoostelijk,n/a,headsetmicrofoon,48000
boergait,boergait,20080414,boergait,0.6573758,True,mannelijk,volwassen,Noordoostelijk,n/a,headsetmicrofoon,48000
boergait,boergait,20080414,boergait,0.71027255,True,mannelijk,volwassen,Noordoostelijk,n/a,headsetmicrofoon,48000
boergait,boergait,20080414,boergait,0.6804043,True,mannelijk,volwassen,Noordoostelijk,n/a,headsetmicrofoon,48000
boergait,boergait,20080414,boergait,0.6875447,True,mannelijk,volwassen,Noordoostelijk,n/a,headsetmicrofoon,48000
boergait,boergait,20080414,boergait,0.7613598,True,mannelijk,volwassen,Noordoostelijk,n/a,headsetmicrofoon,48000
boergait,boergait,20080414,boergait,0.73553556,True,mannelijk,volwassen,Noordoostelijk,n/a,headsetmicrofoon,48000
boergait,boergait,20080414,boergait,0.72108734,True,mannelijk,volwassen,Noordoostelijk,n/a,headsetmicrofoon,48000
boergait,boergait,20080414,boergait,0.7407284,True,mannelijk,volwassen,Noordoostelijk,n/a,headsetmicrofoon,48000
boergait,boergait,20080414,boergait,0.72736895,True,mannelijk,volwassen,Noordoostelijk,n/a,headsetmicrofoon,48000
boergait,boergait,20080414,boergait,0.68018967,True,mannelijk,volwassen,Noordoostelijk,n/a,headsetmicrofoon,48000
boergait,boergait,20080414,boergait,0.63313043,True,mannelijk,volwassen,Noordoostelijk,n/a,headsetmicrofoon,48000
boergait,boergait,20080414,boergait,0.72307277,True,mannelijk,volwassen,Noordoostelijk,n/a,headsetmicrofoon,48000
boergait,boergait,20080414,boergait,0.7916232,True,mannelijk,volwassen,Noordoostelijk,n/a,headsetmicrofoon,48000
boergait,boergait,20080414,boergait,0.71890706,True,mannelijk,volwassen,Noordoostelijk,n/a,headsetmicrofoon,48000
boergait,boergait,20080414,boergait,0.69282645,True,mannelijk,volwassen,Noordoostelijk,n/a,headsetmicrofoon,48000
boergait,boergait,20080414,boergait,0.70569533,True,mannelijk,volwassen,Noordoostelijk,n/a,headsetmicrofoon,48000
boergait,boergait,20080414,boergait,0.68033504,True,mannelijk,volwassen,Noordoostelijk,n/a,headsetmicrofoon,48000
boergait,boergait,20080414,boergait,0.7241784,True,mannelijk,volwassen,Noordoostelijk,n/a,headsetmicrofoon,48000
boergait,boergait,20080414,boergait,0.78368366,True,mannelijk,volwassen,Noordoostelijk,n/a,headsetmicrofoon,48000
boergait,boergait,20080414,boergait,0.69081765,True,mannelijk,volwassen,Noordoostelijk,n/a,headsetmicrofoon,48000
boergait,boergait,20080414,boergait,0.7766199,True,mannelijk,volwassen,Noordoostelijk,n/a,headsetmicrofoon,48000
boergait,boergait,20080414,boergait,0.78173983,True,mannelijk,volwassen,Noordoostelijk,n/a,headsetmicrofoon,48000
boergait,boergait,20080414,boergait,0.6770065,True,mannelijk,volwassen,Noordoostelijk,n/a,headsetmicrofoon,48000
boergait,boergait,20080414,boergait,0.68252397,True,mannelijk,volwassen,Noordoostelijk,n/a,headsetmicrofoon,48000
boergait,boergait,20080414,boergait,0.7288405,True,mannelijk,volwassen,Noordoostelijk,n/a,headsetmicrofoon,48000
boergait,boergait,20080414,boergait,0.68924916,True,mannelijk,volwassen,Noordoostelijk,n/a,headsetmicrofoon,48000
boergait,boergait,20080414,boergait,0.6065436,True,mannelijk,volwassen,Noordoostelijk,n/a,headsetmicrofoon,48000
boergait,boergait,20080414,boergait,0.6171351,True,mannelijk,volwassen,Noordoostelijk,n/a,headsetmicrofoon,48000
boergait,boergait,20080418,boergerrit,0.6477341,False,mannelijk,volwassen,Noordoostelijk,n/a,headsetmicrofoon,48000
boergait,boergait,20080414,boergait,0.56098044,True,mannelijk,volwassen,Noordoostelijk,n/a,headsetmicrofoon,48000
boergait,boergait,20080414,boergait,0.5914218,True,mannelijk,volwassen,Noordoostelijk,n/a,headsetmicrofoon,48000
boergait,boergait,20080414,boergait,0.7596868,True,mannelijk,volwassen,Noordoostelijk,n/a,headsetmicrofoon,48000
boergait,boergait,20080414,boergait,0.6913593,True,mannelijk,volwassen,Noordoostelijk,n/a,headsetmicrofoon,48000
boergait,boergait,20080414,boergait,0.76667637,True,mannelijk,volwassen,Noordoostelijk,n/a,headsetmicrofoon,48000
boergait,boergait,20080418,boergerrit,0.6220658,False,mannelijk,volwassen,Noordoostelijk,n/a,headsetmicrofoon,48000
boergait,boergait,20080414,boergait,0.7232505,True,mannelijk,volwassen,Noordoostelijk,n/a,headsetmicrofoon,48000
boergait,boergait,20080414,boergait,0.72134984,True,mannelijk,volwassen,Noordoostelijk,n/a,headsetmicrofoon,48000
boergait,boergait,20080414,boergait,0.70775014,True,mannelijk,volwassen,Noordoostelijk,n/a,headsetmicrofoon,48000
boergait,boergait,20080414,boergait,0.76553655,True,mannelijk,volwassen,Noordoostelijk,n/a,headsetmicrofoon,48000
boergait,boergait,20080414,boergait,0.6641311,True,mannelijk,volwassen,Noordoostelijk,n/a,headsetmicrofoon,48000
boergait,boergait,20080414,boergait,0.7239965,True,mannelijk,volwassen,Noordoostelijk,n/a,headsetmicrofoon,48000
boergait,boergait,20080414,boergait,0.710989,True,mannelijk,volwassen,Noordoostelijk,n/a,headsetmicrofoon,48000
boergait,boergait,20080414,boergait,0.79944885,True,mannelijk,volwassen,Noordoostelijk,n/a,headsetmicrofoon,48000
boergait,boergait,20080414,boergait,0.62749135,True,mannelijk,volwassen,Noordoostelijk,n/a,headsetmicrofoon,48000
boergait,boergait,20080418,boergerrit,0.5526189,False,mannelijk,volwassen,Noordoostelijk,n/a,headsetmicrofoon,48000
boergait,boergait,20080414,boergait,0.6647434,True,mannelijk,volwassen,Noordoostelijk,n/a,headsetmicrofoon,48000
boergait,boergait,20080414,boergait,0.6679825,True,mannelijk,volwassen,Noordoostelijk,n/a,headsetmicrofoon,48000
boergait,boergait,20080414,boergait,0.6944097,True,mannelijk,volwassen,Noordoostelijk,n/a,headsetmicrofoon,48000
boergait,boergait,20080414,boergait,0.6616769,True,mannelijk,volwassen,Noordoostelijk,n/a,headsetmicrofoon,48000
boergait,boergait,20080414,boergait,0.7247132,True,mannelijk,volwassen,Noordoostelijk,n/a,headsetmicrofoon,48000
boergait,boergait,20080414,boergait,0.68590224,True,mannelijk,volwassen,Noordoostelijk,n/a,headsetmicrofoon,48000
boergait,boergait,20080414,boergait,0.59817,True,mannelijk,volwassen,Noordoostelijk,n/a,headsetmicrofoon,48000
boergait,boergait,20080418,boergerrit,0.5546212,False,mannelijk,volwassen,Noordoostelijk,n/a,headsetmicrofoon,48000
boergait,boergait,20080414,boergait,0.70663846,True,mannelijk,volwassen,Noordoostelijk,n/a,headsetmicrofoon,48000
boergait,boergait,20080414,boergait,0.73490274,True,mannelijk,volwassen,Noordoostelijk,n/a,headsetmicrofoon,48000
boergait,boergait,20080414,boergait,0.6773528,True,mannelijk,volwassen,Noordoostelijk,n/a,headsetmicrofoon,48000
boergait,boergait,20080414,boergait,0.6612211,True,mannelijk,volwassen,Noordoostelijk,n/a,headsetmicrofoon,48000
boergait,boergait,20080414,boergait,0.5094843,True,mannelijk,volwassen,Noordoostelijk,n/a,headsetmicrofoon,48000
boergait,boergait,20080414,boergait,0.78295666,True,mannelijk,volwassen,Noordoostelijk,n/a,headsetmicrofoon,48000
boergait,boergait,20080414,boergait,0.70737964,True,mannelijk,volwassen,Noordoostelijk,n/a,headsetmicrofoon,48000
boergait,boergait,20080414,boergait,0.62011874,True,mannelijk,volwassen,Noordoostelijk,n/a,headsetmicrofoon,48000
boergait,boergait,20080414,boergait,0.79298437,True,mannelijk,volwassen,Noordoostelijk,n/a,headsetmicrofoon,48000
boergait,boergait,20080414,boergait,0.74974203,True,mannelijk,volwassen,Noordoostelijk,n/a,headsetmicrofoon,48000
boergait,boergait,20080414,boergait,0.6413076,True,mannelijk,volwassen,Noordoostelijk,n/a,headsetmicrofoon,48000
boergait,boergait,20080414,boergait,0.5969003,True,mannelijk,volwassen,Noordoostelijk,n/a,headsetmicrofoon,48000
boergait,boergait,20080414,boergait,0.74185205,True,mannelijk,volwassen,Noordoostelijk,n/a,headsetmicrofoon,48000
boergait,boergait,20080414,boergait,0.7497083,True,mannelijk,volwassen,Noordoostelijk,n/a,headsetmicrofoon,48000
boergait,boergait,20080414,boergait,0.63331246,True,mannelijk,volwassen,Noordoostelijk,n/a,headsetmicrofoon,48000
boergait,boergait,20080414,boergait,0.7262334,True,mannelijk,volwassen,Noordoostelijk,n/a,headsetmicrofoon,48000
boergait,boergait,20080414,boergait,0.64424014,True,mannelijk,volwassen,Noordoostelijk,n/a,headsetmicrofoon,48000
boergait,boergait,20080414,boergait,0.7029073,True,mannelijk,volwassen,Noordoostelijk,n/a,headsetmicrofoon,48000
boergait,boergait,20080414,boergait,0.5614737,True,mannelijk,volwassen,Noordoostelijk,n/a,headsetmicrofoon,48000
boergait,boergait,20080414,boergait,0.6147691,True,mannelijk,volwassen,Noordoostelijk,n/a,headsetmicrofoon,48000
boergait,boergait,20080414,boergait,0.7321305,True,mannelijk,volwassen,Noordoostelijk,n/a,headsetmicrofoon,48000
boergait,boergait,20080414,boergait,0.71778154,True,mannelijk,volwassen,Noordoostelijk,n/a,headsetmicrofoon,48000
boergait,boergait,20080414,boergait,0.67652,True,mannelijk,volwassen,Noordoostelijk,n/a,headsetmicrofoon,48000
boergait,boergait,20080414,boergait,0.7776215,True,mannelijk,volwassen,Noordoostelijk,n/a,headsetmicrofoon,48000
boergait,boergait,20080414,boergait,0.7778504,True,mannelijk,volwassen,Noordoostelijk,n/a,headsetmicrofoon,48000
boergait,boergait,20080418,boergerrit,0.5526679,False,mannelijk,volwassen,Noordoostelijk,n/a,headsetmicrofoon,48000
boergait,boergait,20080414,boergait,0.6703954,True,mannelijk,volwassen,Noordoostelijk,n/a,headsetmicrofoon,48000
boergait,boergait,20080414,boergait,0.70745945,True,mannelijk,volwassen,Noordoostelijk,n/a,headsetmicrofoon,48000
boergait,boergait,20080414,boergait,0.7447754,True,mannelijk,volwassen,Noordoostelijk,n/a,headsetmicrofoon,48000
boergait,boergait,20080414,boergait,0.75344145,True,mannelijk,volwassen,Noordoostelijk,n/a,headsetmicrofoon,48000
boergait,boergait,20080414,boergait,0.69196117,True,mannelijk,volwassen,Noordoostelijk,n/a,headsetmicrofoon,48000
boergait,boergait,20080414,boergait,0.7543174,True,mannelijk,volwassen,Noordoostelijk,n/a,headsetmicrofoon,48000
boergait,boergait,20080414,boergait,0.7166156,True,mannelijk,volwassen,Noordoostelijk,n/a,headsetmicrofoon,48000
boergait,boergait,20080414,boergait,0.731835,True,mannelijk,volwassen,Noordoostelijk,n/a,headsetmicrofoon,48000
boergait,boergait,20080414,boergait,0.731444,True,mannelijk,volwassen,Noordoostelijk,n/a,headsetmicrofoon,48000
boergait,boergait,20080414,boergait,0.69640106,True,mannelijk,volwassen,Noordoostelijk,n/a,headsetmicrofoon,48000
boergait,boergait,20080414,boergait,0.6534344,True,mannelijk,volwassen,Noordoostelijk,n/a,headsetmicrofoon,48000
boergait,boergait,20080414,boergait,0.61267674,True,mannelijk,volwassen,Noordoostelijk,n/a,headsetmicrofoon,48000
boergait,boergait,20080414,boergait,0.7594571,True,mannelijk,volwassen,Noordoostelijk,n/a,headsetmicrofoon,48000
boergait,boergait,20080414,boergait,0.7369502,True,mannelijk,volwassen,Noordoostelijk,n/a,headsetmicrofoon,48000
boergait,boergait,20080414,boergait,0.69933784,True,mannelijk,volwassen,Noordoostelijk,n/a,headsetmicrofoon,48000
boergait,boergait,20080414,boergait,0.7039412,True,mannelijk,volwassen,Noordoostelijk,n/a,headsetmicrofoon,48000
boergait,boergait,20080414,boergait,0.7605027,True,mannelijk,volwassen,Noordoostelijk,n/a,headsetmicrofoon,48000
boergait,boergait,20080414,boergait,0.7901532,True,mannelijk,volwassen,Noordoostelijk,n/a,headsetmicrofoon,48000
boergait,boergait,20080414,boergait,0.69045216,True,mannelijk,volwassen,Noordoostelijk,n/a,headsetmicrofoon,48000
boergait,boergait,20080418,boergerrit,0.7186567,False,mannelijk,volwassen,Noordoostelijk,n/a,headsetmicrofoon,48000
boergait,boergait,20080414,boergait,0.7047471,True,mannelijk,volwassen,Noordoostelijk,n/a,headsetmicrofoon,48000
boergait,boergait,20080414,boergait,0.6411786,True,mannelijk,volwassen,Noordoostelijk,n/a,headsetmicrofoon,48000
boergait,boergait,20080414,boergait,0.748543,True,mannelijk,volwassen,Noordoostelijk,n/a,headsetmicrofoon,48000
boergait,boergait,20080414,boergait,0.6844846,True,mannelijk,volwassen,Noordoostelijk,n/a,headsetmicrofoon,48000
boergait,boergait,20080414,boergait,0.6707614,True,mannelijk,volwassen,Noordoostelijk,n/a,headsetmicrofoon,48000
boergait,boergait,20080414,boergait,0.7696881,True,mannelijk,volwassen,Noordoostelijk,n/a,headsetmicrofoon,48000
boergait,boergait,20080414,boergait,0.65956014,True,mannelijk,volwassen,Noordoostelijk,n/a,headsetmicrofoon,48000
boergait,boergait,20080414,boergait,0.7287487,True,mannelijk,volwassen,Noordoostelijk,n/a,headsetmicrofoon,48000
boergait,boergait,20080414,boergait,0.63467824,True,mannelijk,volwassen,Noordoostelijk,n/a,headsetmicrofoon,48000
boergait,boergait,20080414,boergait,0.5659827,True,mannelijk,volwassen,Noordoostelijk,n/a,headsetmicrofoon,48000
boergait,boergait,20080414,boergait,0.6432034,True,mannelijk,volwassen,Noordoostelijk,n/a,headsetmicrofoon,48000
boergait,boergait,20080418,boergerrit,0.6642996,False,mannelijk,volwassen,Noordoostelijk,n/a,headsetmicrofoon,48000
boergait,boergait,20080414,boergait,0.7743876,True,mannelijk,volwassen,Noordoostelijk,n/a,headsetmicrofoon,48000
boergait,boergait,20080414,boergait,0.7082186,True,mannelijk,volwassen,Noordoostelijk,n/a,headsetmicrofoon,48000
boergait,boergait,20080414,boergait,0.68679273,True,mannelijk,volwassen,Noordoostelijk,n/a,headsetmicrofoon,48000
boergait,boergait,20080414,boergait,0.77368903,True,mannelijk,volwassen,Noordoostelijk,n/a,headsetmicrofoon,48000
boergait,boergait,20080414,boergait,0.7142296,True,mannelijk,volwassen,Noordoostelijk,n/a,headsetmicrofoon,48000
boergait,boergait,20080414,boergait,0.74193734,True,mannelijk,volwassen,Noordoostelijk,n/a,headsetmicrofoon,48000
boergait,boergait,20080414,boergait,0.8025296,True,mannelijk,volwassen,Noordoostelijk,n/a,headsetmicrofoon,48000
boergait,boergait,20080414,boergait,0.70298374,True,mannelijk,volwassen,Noordoostelijk,n/a,headsetmicrofoon,48000
boergait,boergait,20080414,boergait,0.7081484,True,mannelijk,volwassen,Noordoostelijk,n/a,headsetmicrofoon,48000
boergait,boergait,20080414,boergait,0.75680816,True,mannelijk,volwassen,Noordoostelijk,n/a,headsetmicrofoon,48000
boergait,boergait,20080414,boergait,0.7853426,True,mannelijk,volwassen,Noordoostelijk,n/a,headsetmicrofoon,48000
boergait,boergait,20080414,boergait,0.757123,True,mannelijk,volwassen,Noordoostelijk,n/a,headsetmicrofoon,48000
boergait,boergait,20080414,boergait,0.71316844,True,mannelijk,volwassen,Noordoostelijk,n/a,headsetmicrofoon,48000
boergait,boergait,20080414,boergait,0.6825584,True,mannelijk,volwassen,Noordoostelijk,n/a,headsetmicrofoon,48000
boergait,boergait,20080414,boergait,0.7454879,True,mannelijk,volwassen,Noordoostelijk,n/a,headsetmicrofoon,48000
boergait,boergait,20080414,boergait,0.77969265,True,mannelijk,volwassen,Noordoostelijk,n/a,headsetmicrofoon,48000
boergait,boergait,20080414,boergait,0.6742524,True,mannelijk,volwassen,Noordoostelijk,n/a,headsetmicrofoon,48000
boergait,boergait,20080414,boergait,0.68138015,True,mannelijk,volwassen,Noordoostelijk,n/a,headsetmicrofoon,48000
boergait,boergait,20080414,boergait,0.733754,True,mannelijk,volwassen,Noordoostelijk,n/a,headsetmicrofoon,48000
boergait,boergait,20080414,boergait,0.6630491,True,mannelijk,volwassen,Noordoostelijk,n/a,headsetmicrofoon,48000
boergait,boergait,20080414,boergait,0.6707872,True,mannelijk,volwassen,Noordoostelijk,n/a,headsetmicrofoon,48000
boergait,boergait,20080414,boergait,0.56449,True,mannelijk,volwassen,Noordoostelijk,n/a,headsetmicrofoon,48000
boergait,boergait,20080414,boergait,0.72640896,True,mannelijk,volwassen,Noordoostelijk,n/a,headsetmicrofoon,48000
boergait,boergait,20080414,boergait,0.6262249,True,mannelijk,volwassen,Noordoostelijk,n/a,headsetmicrofoon,48000
boergait,boergait,20080414,boergait,0.56535006,True,mannelijk,volwassen,Noordoostelijk,n/a,headsetmicrofoon,48000
boergait,boergait,20080414,boergait,0.6865572,True,mannelijk,volwassen,Noordoostelijk,n/a,headsetmicrofoon,48000
boergait,boergait,20080414,boergait,0.7386418,True,mannelijk,volwassen,Noordoostelijk,n/a,headsetmicrofoon,48000
boergait,boergait,20080414,boergait,0.6663964,True,mannelijk,volwassen,Noordoostelijk,n/a,headsetmicrofoon,48000
boergait,boergait,20080414,boergait,0.6828424,True,mannelijk,volwassen,Noordoostelijk,n/a,headsetmicrofoon,48000
boergait,boergait,20080414,boergait,0.7714244,True,mannelijk,volwassen,Noordoostelijk,n/a,headsetmicrofoon,48000
boergait,boergait,20080414,boergait,0.6967266,True,mannelijk,volwassen,Noordoostelijk,n/a,headsetmicrofoon,48000
boergait,boergait,20080414,boergait,0.73155963,True,mannelijk,volwassen,Noordoostelijk,n/a,headsetmicrofoon,48000
boergait,boergait,20080414,boergait,0.7102622,True,mannelijk,volwassen,Noordoostelijk,n/a,headsetmicrofoon,48000
boergait,boergait,20080418,boergerrit,0.6360986,False,mannelijk,volwassen,Noordoostelijk,n/a,headsetmicrofoon,48000
boergait,boergait,20080414,boergait,0.6356894,True,mannelijk,volwassen,Noordoostelijk,n/a,headsetmicrofoon,48000
boergait,boergait,20080414,boergait,0.70732105,True,mannelijk,volwassen,Noordoostelijk,n/a,headsetmicrofoon,48000
boergait,boergait,20080414,boergait,0.7256845,True,mannelijk,volwassen,Noordoostelijk,n/a,headsetmicrofoon,48000
boergait,boergait,20080414,boergait,0.71782357,True,mannelijk,volwassen,Noordoostelijk,n/a,headsetmicrofoon,48000
boergait,boergait,20080414,boergait,0.6402972,True,mannelijk,volwassen,Noordoostelijk,n/a,headsetmicrofoon,48000
boergait,boergait,20080414,boergait,0.6472579,True,mannelijk,volwassen,Noordoostelijk,n/a,headsetmicrofoon,48000
boergait,boergait,20080414,boergait,0.61226344,True,mannelijk,volwassen,Noordoostelijk,n/a,headsetmicrofoon,48000
boergait,boergait,20080414,boergait,0.7469157,True,mannelijk,volwassen,Noordoostelijk,n/a,headsetmicrofoon,48000
boergait,boergait,20080414,boergait,0.82104015,True,mannelijk,volwassen,Noordoostelijk,n/a,headsetmicrofoon,48000
boergait,boergait,20080414,boergait,0.7342838,True,mannelijk,volwassen,Noordoostelijk,n/a,headsetmicrofoon,48000
boergait,boergait,20080414,boergait,0.7745892,True,mannelijk,volwassen,Noordoostelijk,n/a,headsetmicrofoon,48000
boergait,boergait,20080414,boergait,0.8007494,True,mannelijk,volwassen,Noordoostelijk,n/a,headsetmicrofoon,48000
boergait,boergait,20080414,boergait,0.7524247,True,mannelijk,volwassen,Noordoostelijk,n/a,headsetmicrofoon,48000
boergait,boergait,20080414,boergait,0.71822965,True,mannelijk,volwassen,Noordoostelijk,n/a,headsetmicrofoon,48000
boergait,boergait,20080414,boergait,0.66193306,True,mannelijk,volwassen,Noordoostelijk,n/a,headsetmicrofoon,48000
boergait,boergait,20080414,boergait,0.78557324,True,mannelijk,volwassen,Noordoostelijk,n/a,headsetmicrofoon,48000
boergait,boergait,20080414,boergait,0.7692734,True,mannelijk,volwassen,Noordoostelijk,n/a,headsetmicrofoon,48000
boergait,boergait,20080414,boergait,0.789738,True,mannelijk,volwassen,Noordoostelijk,n/a,headsetmicrofoon,48000
boergait,boergait,20080414,boergait,0.6602458,True,mannelijk,volwassen,Noordoostelijk,n/a,headsetmicrofoon,48000
boergait,boergait,20080414,boergait,0.7525687,True,mannelijk,volwassen,Noordoostelijk,n/a,headsetmicrofoon,48000
boergait,boergait,20080414,boergait,0.6980667,True,mannelijk,volwassen,Noordoostelijk,n/a,headsetmicrofoon,48000
boergait,boergait,20080414,boergait,0.68964994,True,mannelijk,volwassen,Noordoostelijk,n/a,headsetmicrofoon,48000
boergait,boergait,20080414,boergait,0.70922494,True,mannelijk,volwassen,Noordoostelijk,n/a,headsetmicrofoon,48000
boergait,boergait,20080414,boergait,0.64240384,True,mannelijk,volwassen,Noordoostelijk,n/a,headsetmicrofoon,48000
boergait,boergait,20080414,boergait,0.66554904,True,mannelijk,volwassen,Noordoostelijk,n/a,headsetmicrofoon,48000
boergait,boergait,20080414,boergait,0.6859251,True,mannelijk,volwassen,Noordoostelijk,n/a,headsetmicrofoon,48000
boergait,boergait,20080414,boergait,0.6878416,True,mannelijk,volwassen,Noordoostelijk,n/a,headsetmicrofoon,48000
boergait,boergait,20080414,boergait,0.7937356,True,mannelijk,volwassen,Noordoostelijk,n/a,headsetmicrofoon,48000
boergait,boergait,20080414,boergait,0.6706714,True,mannelijk,volwassen,Noordoostelijk,n/a,headsetmicrofoon,48000
boergait,boergait,20080414,boergait,0.6897697,True,mannelijk,volwassen,Noordoostelijk,n/a,headsetmicrofoon,48000
boergait,boergait,20080414,boergait,0.7188126,True,mannelijk,volwassen,Noordoostelijk,n/a,headsetmicrofoon,48000
boergait,boergait,20080414,boergait,0.758425,True,mannelijk,volwassen,Noordoostelijk,n/a,headsetmicrofoon,48000
boergait,boergait,20080414,boergait,0.5925184,True,mannelijk,volwassen,Noordoostelijk,n/a,headsetmicrofoon,48000
boergait,boergait,20080414,boergait,0.6982621,True,mannelijk,volwassen,Noordoostelijk,n/a,headsetmicrofoon,48000
boergait,boergait,20080414,boergait,0.7214675,True,mannelijk,volwassen,Noordoostelijk,n/a,headsetmicrofoon,48000
boergait,boergait,20080414,boergait,0.72794425,True,mannelijk,volwassen,Noordoostelijk,n/a,headsetmicrofoon,48000
boergait,boergait,20080414,boergait,0.72316486,True,mannelijk,volwassen,Noordoostelijk,n/a,headsetmicrofoon,48000
boergait,boergait,20080414,boergait,0.67865324,True,mannelijk,volwassen,Noordoostelijk,n/a,headsetmicrofoon,48000
boergait,boergait,20080414,boergait,0.6933247,True,mannelijk,volwassen,Noordoostelijk,n/a,headsetmicrofoon,48000
boergait,boergait,20080418,boergerrit,0.69362086,False,mannelijk,volwassen,Noordoostelijk,n/a,headsetmicrofoon,48000
boergait,boergait,20080414,boergait,0.7397599,True,mannelijk,volwassen,Noordoostelijk,n/a,headsetmicrofoon,48000
boergait,boergait,20080414,boergait,0.71466076,True,mannelijk,volwassen,Noordoostelijk,n/a,headsetmicrofoon,48000
boergait,boergait,20080414,boergait,0.71953267,True,mannelijk,volwassen,Noordoostelijk,n/a,headsetmicrofoon,48000
boergait,boergait,20080414,boergait,0.745625,True,mannelijk,volwassen,Noordoostelijk,n/a,headsetmicrofoon,48000
boergait,boergait,20080414,boergait,0.7192715,True,mannelijk,volwassen,Noordoostelijk,n/a,headsetmicrofoon,48000
boergait,boergait,20080414,boergait,0.7141224,True,mannelijk,volwassen,Noordoostelijk,n/a,headsetmicrofoon,48000
boergait,boergait,20080414,boergait,0.56839687,True,mannelijk,volwassen,Noordoostelijk,n/a,headsetmicrofoon,48000
boergait,boergait,20080414,boergait,0.73896265,True,mannelijk,volwassen,Noordoostelijk,n/a,headsetmicrofoon,48000
boergait,boergait,20080414,boergait,0.52358186,True,mannelijk,volwassen,Noordoostelijk,n/a,headsetmicrofoon,48000
boergait,boergait,20080414,boergait,0.6831852,True,mannelijk,volwassen,Noordoostelijk,n/a,headsetmicrofoon,48000
boergait,boergait,20080414,boergait,0.78332824,True,mannelijk,volwassen,Noordoostelijk,n/a,headsetmicrofoon,48000
boergait,boergait,20080414,boergait,0.7417872,True,mannelijk,volwassen,Noordoostelijk,n/a,headsetmicrofoon,48000
boergait,boergait,20080414,boergait,0.74404186,True,mannelijk,volwassen,Noordoostelijk,n/a,headsetmicrofoon,48000
boergait,boergait,20080414,boergait,0.62586796,True,mannelijk,volwassen,Noordoostelijk,n/a,headsetmicrofoon,48000
boergait,boergait,20080414,boergait,0.66692734,True,mannelijk,volwassen,Noordoostelijk,n/a,headsetmicrofoon,48000
boergait,boergait,20080414,boergait,0.73028636,True,mannelijk,volwassen,Noordoostelijk,n/a,headsetmicrofoon,48000
boergait,boergait,20080418,boergerrit,0.6602846,False,mannelijk,volwassen,Noordoostelijk,n/a,headsetmicrofoon,48000
boergait,boergait,20080414,boergait,0.7874047,True,mannelijk,volwassen,Noordoostelijk,n/a,headsetmicrofoon,48000
boergait,boergait,20080414,boergait,0.7383679,True,mannelijk,volwassen,Noordoostelijk,n/a,headsetmicrofoon,48000
boergait,boergait,20080414,boergait,0.60277724,True,mannelijk,volwassen,Noordoostelijk,n/a,headsetmicrofoon,48000
boergait,boergait,20080414,boergait,0.71455,True,mannelijk,volwassen,Noordoostelijk,n/a,headsetmicrofoon,48000
boergait,boergait,20080414,boergait,0.6738236,True,mannelijk,volwassen,Noordoostelijk,n/a,headsetmicrofoon,48000
boergait,boergait,20080414,boergait,0.80095625,True,mannelijk,volwassen,Noordoostelijk,n/a,headsetmicrofoon,48000
boergait,boergait,20080414,boergait,0.73963386,True,mannelijk,volwassen,Noordoostelijk,n/a,headsetmicrofoon,48000
boergait,boergait,20080414,boergait,0.75019366,True,mannelijk,volwassen,Noordoostelijk,n/a,headsetmicrofoon,48000
boergait,boergait,20080414,boergait,0.7294846,True,mannelijk,volwassen,Noordoostelijk,n/a,headsetmicrofoon,48000
boergait,boergait,20080418,boergerrit,0.6501827,False,mannelijk,volwassen,Noordoostelijk,n/a,headsetmicrofoon,48000
boergait,boergait,20080414,boergait,0.71503997,True,mannelijk,volwassen,Noordoostelijk,n/a,headsetmicrofoon,48000
boergait,boergait,20080414,boergait,0.8215907,True,mannelijk,volwassen,Noordoostelijk,n/a,headsetmicrofoon,48000
boergait,boergait,20080414,boergait,0.715027,True,mannelijk,volwassen,Noordoostelijk,n/a,headsetmicrofoon,48000
boergait,boergait,20080414,boergait,0.64502597,True,mannelijk,volwassen,Noordoostelijk,n/a,headsetmicrofoon,48000
boergait,boergait,20080414,boergait,0.7263504,True,mannelijk,volwassen,Noordoostelijk,n/a,headsetmicrofoon,48000
boergait,boergait,20080414,boergait,0.6826025,True,mannelijk,volwassen,Noordoostelijk,n/a,headsetmicrofoon,48000
boergait,boergait,20080414,boergait,0.6650124,True,mannelijk,volwassen,Noordoostelijk,n/a,headsetmicrofoon,48000
boergait,boergait,20080414,boergait,0.7736857,True,mannelijk,volwassen,Noordoostelijk,n/a,headsetmicrofoon,48000
boergait,boergait,20080414,boergait,0.765321,True,mannelijk,volwassen,Noordoostelijk,n/a,headsetmicrofoon,48000
boergait,boergait,20080414,boergait,0.67991257,True,mannelijk,volwassen,Noordoostelijk,n/a,headsetmicrofoon,48000
boergait,boergait,20080414,boergait,0.749825,True,mannelijk,volwassen,Noordoostelijk,n/a,headsetmicrofoon,48000
boergait,boergait,20080414,boergait,0.65850395,True,mannelijk,volwassen,Noordoostelijk,n/a,headsetmicrofoon,48000
boergait,boergait,20080414,boergait,0.52701306,True,mannelijk,volwassen,Noordoostelijk,n/a,headsetmicrofoon,48000
boergait,boergait,20080414,boergait,0.6966077,True,mannelijk,volwassen,Noordoostelijk,n/a,headsetmicrofoon,48000
boergait,boergait,20080414,boergait,0.6809819,True,mannelijk,volwassen,Noordoostelijk,n/a,headsetmicrofoon,48000
boergait,boergait,20080414,boergait,0.74156225,True,mannelijk,volwassen,Noordoostelijk,n/a,headsetmicrofoon,48000
boergait,boergait,20080414,boergait,0.7213093,True,mannelijk,volwassen,Noordoostelijk,n/a,headsetmicrofoon,48000
boergait,boergait,20080414,boergait,0.6897243,True,mannelijk,volwassen,Noordoostelijk,n/a,headsetmicrofoon,48000
boergait,boergait,20080414,boergait,0.80985284,True,mannelijk,volwassen,Noordoostelijk,n/a,headsetmicrofoon,48000
boergait,boergait,20080414,boergait,0.6691853,True,mannelijk,volwassen,Noordoostelijk,n/a,headsetmicrofoon,48000
boergait,boergait,20080414,boergait,0.71407497,True,mannelijk,volwassen,Noordoostelijk,n/a,headsetmicrofoon,48000
boergait,boergait,20080414,boergait,0.69442666,True,mannelijk,volwassen,Noordoostelijk,n/a,headsetmicrofoon,48000
boergait,boergait,20080418,boergerrit,0.7068105,False,mannelijk,volwassen,Noordoostelijk,n/a,headsetmicrofoon,48000
boergait,boergait,20080414,boergait,0.75700724,True,mannelijk,volwassen,Noordoostelijk,n/a,headsetmicrofoon,48000
boergait,boergait,20080414,boergait,0.6599091,True,mannelijk,volwassen,Noordoostelijk,n/a,headsetmicrofoon,48000
boergait,boergait,20080414,boergait,0.6940917,True,mannelijk,volwassen,Noordoostelijk,n/a,headsetmicrofoon,48000
boergait,boergait,20080418,boergerrit,0.6173675,False,mannelijk,volwassen,Noordoostelijk,n/a,headsetmicrofoon,48000
boergait,boergait,20080414,boergait,0.43082765,True,mannelijk,volwassen,Noordoostelijk,n/a,headsetmicrofoon,48000
boergait,boergait,20080414,boergait,0.73111176,True,mannelijk,volwassen,Noordoostelijk,n/a,headsetmicrofoon,48000
boergait,boergait,20080418,boergerrit,0.4755439,False,mannelijk,volwassen,Noordoostelijk,n/a,headsetmicrofoon,48000
boergait,boergait,20080414,boergait,0.6442461,True,mannelijk,volwassen,Noordoostelijk,n/a,headsetmicrofoon,48000
boergait,boergait,20080414,boergait,0.64837253,True,mannelijk,volwassen,Noordoostelijk,n/a,headsetmicrofoon,48000
boergait,boergait,20080414,boergait,0.6903601,True,mannelijk,volwassen,Noordoostelijk,n/a,headsetmicrofoon,48000
boergait,boergait,20080418,boergerrit,0.50978583,False,mannelijk,volwassen,Noordoostelijk,n/a,headsetmicrofoon,48000
boergait,boergait,20080414,boergait,0.76397127,True,mannelijk,volwassen,Noordoostelijk,n/a,headsetmicrofoon,48000
boergait,boergait,20080414,boergait,0.5752653,True,mannelijk,volwassen,Noordoostelijk,n/a,headsetmicrofoon,48000
boergait,boergait,20080414,boergait,0.7119657,True,mannelijk,volwassen,Noordoostelijk,n/a,headsetmicrofoon,48000
boergait,boergait,20080418,boergerrit,0.60936475,False,mannelijk,volwassen,Noordoostelijk,n/a,headsetmicrofoon,48000
boergait,boergait,20080414,boergait,0.7314619,True,mannelijk,volwassen,Noordoostelijk,n/a,headsetmicrofoon,48000
boergait,boergait,20080414,boergait,0.7086308,True,mannelijk,volwassen,Noordoostelijk,n/a,headsetmicrofoon,48000
boergait,boergait,20080414,boergait,0.7231879,True,mannelijk,volwassen,Noordoostelijk,n/a,headsetmicrofoon,48000
boergait,boergait,20080414,boergait,0.70059574,True,mannelijk,volwassen,Noordoostelijk,n/a,headsetmicrofoon,48000
boergait,boergait,20080414,boergait,0.7411021,True,mannelijk,volwassen,Noordoostelijk,n/a,headsetmicrofoon,48000
boergait,boergait,20080414,boergait,0.7513902,True,mannelijk,volwassen,Noordoostelijk,n/a,headsetmicrofoon,48000
boergait,boergait,20080414,boergait,0.7254914,True,mannelijk,volwassen,Noordoostelijk,n/a,headsetmicrofoon,48000
boergait,boergait,20080414,boergait,0.7417732,True,mannelijk,volwassen,Noordoostelijk,n/a,headsetmicrofoon,48000
boergait,boergait,20080414,boergait,0.70948654,True,mannelijk,volwassen,Noordoostelijk,n/a,headsetmicrofoon,48000
boergait,boergait,20080414,boergait,0.642659,True,mannelijk,volwassen,Noordoostelijk,n/a,headsetmicrofoon,48000
boergait,boergait,20080414,boergait,0.71188205,True,mannelijk,volwassen,Noordoostelijk,n/a,headsetmicrofoon,48000
boergait,boergait,20080414,boergait,0.78613454,True,mannelijk,volwassen,Noordoostelijk,n/a,headsetmicrofoon,48000
boergait,boergait,20080414,boergait,0.7694262,True,mannelijk,volwassen,Noordoostelijk,n/a,headsetmicrofoon,48000
boergait,boergait,20080414,boergait,0.7201255,True,mannelijk,volwassen,Noordoostelijk,n/a,headsetmicrofoon,48000
boergait,boergait,20080414,boergait,0.6485808,True,mannelijk,volwassen,Noordoostelijk,n/a,headsetmicrofoon,48000
boergait,boergait,20080414,boergait,0.7235546,True,mannelijk,volwassen,Noordoostelijk,n/a,headsetmicrofoon,48000
boergait,boergait,20080414,boergait,0.6118496,True,mannelijk,volwassen,Noordoostelijk,n/a,headsetmicrofoon,48000
boergait,boergait,20080414,boergait,0.7295691,True,mannelijk,volwassen,Noordoostelijk,n/a,headsetmicrofoon,48000
boergait,boergait,20080414,boergait,0.6865733,True,mannelijk,volwassen,Noordoostelijk,n/a,headsetmicrofoon,48000
boergait,boergait,20080414,boergait,0.7783077,True,mannelijk,volwassen,Noordoostelijk,n/a,headsetmicrofoon,48000
boergait,boergait,20080414,boergait,0.76478076,True,mannelijk,volwassen,Noordoostelijk,n/a,headsetmicrofoon,48000
boergait,boergait,20080414,boergait,0.6835313,True,mannelijk,volwassen,Noordoostelijk,n/a,headsetmicrofoon,48000
boergait,boergait,20080414,boergait,0.71262836,True,mannelijk,volwassen,Noordoostelijk,n/a,headsetmicrofoon,48000
boergait,boergait,20080414,boergait,0.7074266,True,mannelijk,volwassen,Noordoostelijk,n/a,headsetmicrofoon,48000
boergait,boergait,20080418,boergerrit,0.69293416,False,mannelijk,volwassen,Noordoostelijk,n/a,headsetmicrofoon,48000
boergait,boergait,20080414,boergait,0.7403805,True,mannelijk,volwassen,Noordoostelijk,n/a,headsetmicrofoon,48000
boergait,boergait,20080414,boergait,0.7343117,True,mannelijk,volwassen,Noordoostelijk,n/a,headsetmicrofoon,48000
boergait,boergait,20080418,boergerrit,0.6750153,False,mannelijk,volwassen,Noordoostelijk,n/a,headsetmicrofoon,48000
boergait,boergait,20080414,boergait,0.7120218,True,mannelijk,volwassen,Noordoostelijk,n/a,headsetmicrofoon,48000
boergait,boergait,20080414,boergait,0.72227824,True,mannelijk,volwassen,Noordoostelijk,n/a,headsetmicrofoon,48000
boergait,boergait,20080418,boergerrit,0.6731861,False,mannelijk,volwassen,Noordoostelijk,n/a,headsetmicrofoon,48000
boergait,boergait,20080414,boergait,0.7099261,True,mannelijk,volwassen,Noordoostelijk,n/a,headsetmicrofoon,48000
boergait,boergait,20080418,boergerrit,0.71645284,False,mannelijk,volwassen,Noordoostelijk,n/a,headsetmicrofoon,48000
boergait,boergait,20080414,boergait,0.7633033,True,mannelijk,volwassen,Noordoostelijk,n/a,headsetmicrofoon,48000
boergait,boergait,20080414,boergait,0.7750505,True,mannelijk,volwassen,Noordoostelijk,n/a,headsetmicrofoon,48000
boergait,boergait,20080414,boergait,0.70999765,True,mannelijk,volwassen,Noordoostelijk,n/a,headsetmicrofoon,48000
boergait,boergait,20080414,boergait,0.8045128,True,mannelijk,volwassen,Noordoostelijk,n/a,headsetmicrofoon,48000
boergait,boergait,20080414,boergait,0.7628995,True,mannelijk,volwassen,Noordoostelijk,n/a,headsetmicrofoon,48000
boergait,boergait,20080414,boergait,0.7763768,True,mannelijk,volwassen,Noordoostelijk,n/a,headsetmicrofoon,48000
boergait,boergait,20080414,boergait,0.7691492,True,mannelijk,volwassen,Noordoostelijk,n/a,headsetmicrofoon,48000
boergait,boergait,20080414,boergait,0.7599958,True,mannelijk,volwassen,Noordoostelijk,n/a,headsetmicrofoon,48000
boergait,boergait,20080414,boergait,0.73367745,True,mannelijk,volwassen,Noordoostelijk,n/a,headsetmicrofoon,48000
boergait,boergait,20080414,boergait,0.653241,True,mannelijk,volwassen,Noordoostelijk,n/a,headsetmicrofoon,48000
boergait,boergait,20080418,boergerrit,0.601683,False,mannelijk,volwassen,Noordoostelijk,n/a,headsetmicrofoon,48000
boergait,boergait,20080414,boergait,0.6932337,True,mannelijk,volwassen,Noordoostelijk,n/a,headsetmicrofoon,48000
boergait,boergait,20080414,boergait,0.7259871,True,mannelijk,volwassen,Noordoostelijk,n/a,headsetmicrofoon,48000
boergait,boergait,20080414,boergait,0.76760966,True,mannelijk,volwassen,Noordoostelijk,n/a,headsetmicrofoon,48000
boergait,boergait,20080414,boergait,0.6587028,True,mannelijk,volwassen,Noordoostelijk,n/a,headsetmicrofoon,48000
boergait,boergait,20080414,boergait,0.70956004,True,mannelijk,volwassen,Noordoostelijk,n/a,headsetmicrofoon,48000
boergait,boergait,20080414,boergait,0.66023785,True,mannelijk,volwassen,Noordoostelijk,n/a,headsetmicrofoon,48000
boergait,boergait,20080414,boergait,0.69210017,True,mannelijk,volwassen,Noordoostelijk,n/a,headsetmicrofoon,48000
boergait,boergait,20080414,boergait,0.70862997,True,mannelijk,volwassen,Noordoostelijk,n/a,headsetmicrofoon,48000
boergait,boergait,20080414,boergait,0.66559184,True,mannelijk,volwassen,Noordoostelijk,n/a,headsetmicrofoon,48000
boergait,boergait,20080414,boergait,0.72962993,True,mannelijk,volwassen,Noordoostelijk,n/a,headsetmicrofoon,48000
boergait,boergait,20080414,boergait,0.7019819,True,mannelijk,volwassen,Noordoostelijk,n/a,headsetmicrofoon,48000
boergait,boergait,20080414,boergait,0.6715603,True,mannelijk,volwassen,Noordoostelijk,n/a,headsetmicrofoon,48000
boergait,boergait,20080414,boergait,0.7261983,True,mannelijk,volwassen,Noordoostelijk,n/a,headsetmicrofoon,48000
boergait,boergait,20080414,boergait,0.73777544,True,mannelijk,volwassen,Noordoostelijk,n/a,headsetmicrofoon,48000
boergait,boergait,20080414,boergait,0.752733,True,mannelijk,volwassen,Noordoostelijk,n/a,headsetmicrofoon,48000
boergait,boergait,20080414,boergait,0.73443127,True,mannelijk,volwassen,Noordoostelijk,n/a,headsetmicrofoon,48000
boergait,boergait,20080414,boergait,0.70195913,True,mannelijk,volwassen,Noordoostelijk,n/a,headsetmicrofoon,48000
boergait,boergait,20080414,boergait,0.7293893,True,mannelijk,volwassen,Noordoostelijk,n/a,headsetmicrofoon,48000
boergait,boergait,20080414,boergait,0.7105465,True,mannelijk,volwassen,Noordoostelijk,n/a,headsetmicrofoon,48000
boergait,boergait,20080414,boergait,0.72313476,True,mannelijk,volwassen,Noordoostelijk,n/a,headsetmicrofoon,48000
boergait,boergait,20080414,boergait,0.6536416,True,mannelijk,volwassen,Noordoostelijk,n/a,headsetmicrofoon,48000
boergait,boergait,20080418,boergerrit,0.6239379,False,mannelijk,volwassen,Noordoostelijk,n/a,headsetmicrofoon,48000
boergait,boergait,20080414,boergait,0.63227534,True,mannelijk,volwassen,Noordoostelijk,n/a,headsetmicrofoon,48000
boergait,boergait,20080414,boergait,0.69232273,True,mannelijk,volwassen,Noordoostelijk,n/a,headsetmicrofoon,48000
boergait,boergait,20080414,boergait,0.66064364,True,mannelijk,volwassen,Noordoostelijk,n/a,headsetmicrofoon,48000
boergait,boergait,20080418,boergerrit,0.61295736,False,mannelijk,volwassen,Noordoostelijk,n/a,headsetmicrofoon,48000
boergait,boergait,20080414,boergait,0.6403206,True,mannelijk,volwassen,Noordoostelijk,n/a,headsetmicrofoon,48000
boergait,boergait,20080414,boergait,0.6660454,True,mannelijk,volwassen,Noordoostelijk,n/a,headsetmicrofoon,48000
boergait,boergait,20080414,boergait,0.7372029,True,mannelijk,volwassen,Noordoostelijk,n/a,headsetmicrofoon,48000
boergait,boergait,20080414,boergait,0.696854,True,mannelijk,volwassen,Noordoostelijk,n/a,headsetmicrofoon,48000
boergait,boergait,20080418,boergerrit,0.6872529,False,mannelijk,volwassen,Noordoostelijk,n/a,headsetmicrofoon,48000
boergait,boergait,20080418,boergerrit,0.41326523,False,mannelijk,volwassen,Noordoostelijk,n/a,headsetmicrofoon,48000
boergait,boergait,20080414,boergait,0.71823347,True,mannelijk,volwassen,Noordoostelijk,n/a,headsetmicrofoon,48000
boergait,boergait,20080414,boergait,0.71693075,True,mannelijk,volwassen,Noordoostelijk,n/a,headsetmicrofoon,48000
boergait,boergait,20080414,boergait,0.6693514,True,mannelijk,volwassen,Noordoostelijk,n/a,headsetmicrofoon,48000
boergait,boergait,20080414,boergait,0.7711704,True,mannelijk,volwassen,Noordoostelijk,n/a,headsetmicrofoon,48000
boergait,boergait,20080414,boergait,0.76368856,True,mannelijk,volwassen,Noordoostelijk,n/a,headsetmicrofoon,48000
boergait,boergait,20080414,boergait,0.6394213,True,mannelijk,volwassen,Noordoostelijk,n/a,headsetmicrofoon,48000
boergait,boergait,20080414,boergait,0.66846037,True,mannelijk,volwassen,Noordoostelijk,n/a,headsetmicrofoon,48000
boergait,boergait,20080414,boergait,0.5610198,True,mannelijk,volwassen,Noordoostelijk,n/a,headsetmicrofoon,48000
boergait,boergait,20080414,boergait,0.54030627,True,mannelijk,volwassen,Noordoostelijk,n/a,headsetmicrofoon,48000
boergait,boergait,20080418,boergerrit,0.68432367,False,mannelijk,volwassen,Noordoostelijk,n/a,headsetmicrofoon,48000
boergait,boergait,20080414,boergait,0.70256364,True,mannelijk,volwassen,Noordoostelijk,n/a,headsetmicrofoon,48000
boergait,boergait,20080414,boergait,0.68415844,True,mannelijk,volwassen,Noordoostelijk,n/a,headsetmicrofoon,48000
boergait,boergait,20080414,boergait,0.65515435,True,mannelijk,volwassen,Noordoostelijk,n/a,headsetmicrofoon,48000
boergait,boergait,20080414,boergait,0.56492573,True,mannelijk,volwassen,Noordoostelijk,n/a,headsetmicrofoon,48000
boergait,boergait,20080414,boergait,0.6449512,True,mannelijk,volwassen,Noordoostelijk,n/a,headsetmicrofoon,48000
boergait,boergait,20080414,boergait,0.6991949,True,mannelijk,volwassen,Noordoostelijk,n/a,headsetmicrofoon,48000
boergait,boergait,20080414,boergait,0.6833473,True,mannelijk,volwassen,Noordoostelijk,n/a,headsetmicrofoon,48000
boergait,boergait,20080414,boergait,0.66401887,True,mannelijk,volwassen,Noordoostelijk,n/a,headsetmicrofoon,48000
boergait,boergait,20080414,boergait,0.6355828,True,mannelijk,volwassen,Noordoostelijk,n/a,headsetmicrofoon,48000
boergait,boergait,20080414,boergait,0.66505194,True,mannelijk,volwassen,Noordoostelijk,n/a,headsetmicrofoon,48000
boergait,boergait,20080414,boergait,0.65004414,True,mannelijk,volwassen,Noordoostelijk,n/a,headsetmicrofoon,48000
boergait,boergait,20080414,boergait,0.7477041,True,mannelijk,volwassen,Noordoostelijk,n/a,headsetmicrofoon,48000
boergait,boergait,20080414,boergait,0.7463554,True,mannelijk,volwassen,Noordoostelijk,n/a,headsetmicrofoon,48000
boergait,boergait,20080414,boergait,0.7571759,True,mannelijk,volwassen,Noordoostelijk,n/a,headsetmicrofoon,48000
boergait,boergait,20080414,boergait,0.70538706,True,mannelijk,volwassen,Noordoostelijk,n/a,headsetmicrofoon,48000
boergait,boergait,20080414,boergait,0.7379973,True,mannelijk,volwassen,Noordoostelijk,n/a,headsetmicrofoon,48000
boergait,boergait,20080414,boergait,0.70254886,True,mannelijk,volwassen,Noordoostelijk,n/a,headsetmicrofoon,48000
boergait,boergait,20080414,boergait,0.6065482,True,mannelijk,volwassen,Noordoostelijk,n/a,headsetmicrofoon,48000
boergait,boergait,20080418,boergerrit,0.64826655,False,mannelijk,volwassen,Noordoostelijk,n/a,headsetmicrofoon,48000
boergait,boergait,20080414,boergait,0.72258866,True,mannelijk,volwassen,Noordoostelijk,n/a,headsetmicrofoon,48000
boergait,boergait,20080414,boergait,0.6446407,True,mannelijk,volwassen,Noordoostelijk,n/a,headsetmicrofoon,48000
boergait,boergait,20080414,boergait,0.72264034,True,mannelijk,volwassen,Noordoostelijk,n/a,headsetmicrofoon,48000
boergait,boergait,20080414,boergait,0.6882237,True,mannelijk,volwassen,Noordoostelijk,n/a,headsetmicrofoon,48000
boergait,boergait,20080414,boergait,0.6720255,True,mannelijk,volwassen,Noordoostelijk,n/a,headsetmicrofoon,48000
boergait,boergait,20080414,boergait,0.677386,True,mannelijk,volwassen,Noordoostelijk,n/a,headsetmicrofoon,48000
boergait,boergait,20080414,boergait,0.7203007,True,mannelijk,volwassen,Noordoostelijk,n/a,headsetmicrofoon,48000
boergait,boergait,20080414,boergait,0.7392989,True,mannelijk,volwassen,Noordoostelijk,n/a,headsetmicrofoon,48000
boergait,boergait,20080414,boergait,0.7450628,True,mannelijk,volwassen,Noordoostelijk,n/a,headsetmicrofoon,48000
boergait,boergait,20080414,boergait,0.7018656,True,mannelijk,volwassen,Noordoostelijk,n/a,headsetmicrofoon,48000
boergait,boergait,20080414,boergait,0.6986805,True,mannelijk,volwassen,Noordoostelijk,n/a,headsetmicrofoon,48000
boergait,boergait,20080414,boergait,0.7290631,True,mannelijk,volwassen,Noordoostelijk,n/a,headsetmicrofoon,48000
boergait,boergait,20080414,boergait,0.6323004,True,mannelijk,volwassen,Noordoostelijk,n/a,headsetmicrofoon,48000
boergait,boergait,20080414,boergait,0.63414466,True,mannelijk,volwassen,Noordoostelijk,n/a,headsetmicrofoon,48000
boergait,boergait,20080414,boergait,0.6925347,True,mannelijk,volwassen,Noordoostelijk,n/a,headsetmicrofoon,48000
boergait,boergait,20080414,boergait,0.7647626,True,mannelijk,volwassen,Noordoostelijk,n/a,headsetmicrofoon,48000
boergait,boergait,20080414,boergait,0.6985419,True,mannelijk,volwassen,Noordoostelijk,n/a,headsetmicrofoon,48000
boergait,boergait,20080414,boergait,0.71902627,True,mannelijk,volwassen,Noordoostelijk,n/a,headsetmicrofoon,48000
boergait,boergait,20080414,boergait,0.72866464,True,mannelijk,volwassen,Noordoostelijk,n/a,headsetmicrofoon,48000
boergait,boergait,20080414,boergait,0.7394509,True,mannelijk,volwassen,Noordoostelijk,n/a,headsetmicrofoon,48000
boergait,boergait,20080414,boergait,0.71064657,True,mannelijk,volwassen,Noordoostelijk,n/a,headsetmicrofoon,48000
boergait,boergait,20080414,boergait,0.7981188,True,mannelijk,volwassen,Noordoostelijk,n/a,headsetmicrofoon,48000
boergait,boergait,20080414,boergait,0.7839078,True,mannelijk,volwassen,Noordoostelijk,n/a,headsetmicrofoon,48000
boergait,boergait,20080414,boergait,0.72881246,True,mannelijk,volwassen,Noordoostelijk,n/a,headsetmicrofoon,48000
boergait,boergait,20080414,boergait,0.7195265,True,mannelijk,volwassen,Noordoostelijk,n/a,headsetmicrofoon,48000
boergait,boergait,20080414,boergait,0.63432354,True,mannelijk,volwassen,Noordoostelijk,n/a,headsetmicrofoon,48000
boergait,boergait,20080414,boergait,0.70381135,True,mannelijk,volwassen,Noordoostelijk,n/a,headsetmicrofoon,48000
boergait,boergait,20080414,boergait,0.5588123,True,mannelijk,volwassen,Noordoostelijk,n/a,headsetmicrofoon,48000
boergait,boergait,20080418,boergerrit,0.40370843,False,mannelijk,volwassen,Noordoostelijk,n/a,headsetmicrofoon,48000
boergait,boergait,20080414,boergait,0.5618501,True,mannelijk,volwassen,Noordoostelijk,n/a,headsetmicrofoon,48000
boergait,boergait,20080414,boergait,0.6582772,True,mannelijk,volwassen,Noordoostelijk,n/a,headsetmicrofoon,48000
boergait,boergait,20080418,boergerrit,0.52637345,False,mannelijk,volwassen,Noordoostelijk,n/a,headsetmicrofoon,48000
boergait,boergait,20080414,boergait,0.6645121,True,mannelijk,volwassen,Noordoostelijk,n/a,headsetmicrofoon,48000
boergait,boergait,20080414,boergait,0.66529655,True,mannelijk,volwassen,Noordoostelijk,n/a,headsetmicrofoon,48000
boergait,boergait,20080414,boergait,0.62796235,True,mannelijk,volwassen,Noordoostelijk,n/a,headsetmicrofoon,48000
boergait,boergait,20080414,boergait,0.6520036,True,mannelijk,volwassen,Noordoostelijk,n/a,headsetmicrofoon,48000
boergait,boergait,20080414,boergait,0.6053765,True,mannelijk,volwassen,Noordoostelijk,n/a,headsetmicrofoon,48000
boergait,boergait,20080414,boergait,0.7343526,True,mannelijk,volwassen,Noordoostelijk,n/a,headsetmicrofoon,48000
boergait,boergait,20080414,boergait,0.68670726,True,mannelijk,volwassen,Noordoostelijk,n/a,headsetmicrofoon,48000
boergait,boergait,20080414,boergait,0.7161294,True,mannelijk,volwassen,Noordoostelijk,n/a,headsetmicrofoon,48000
boergait,boergait,20080414,boergait,0.65836585,True,mannelijk,volwassen,Noordoostelijk,n/a,headsetmicrofoon,48000
boergait,boergait,20080414,boergait,0.74564284,True,mannelijk,volwassen,Noordoostelijk,n/a,headsetmicrofoon,48000
boergait,boergait,20080414,boergait,0.78279865,True,mannelijk,volwassen,Noordoostelijk,n/a,headsetmicrofoon,48000
boergait,boergait,20080414,boergait,0.6240999,True,mannelijk,volwassen,Noordoostelijk,n/a,headsetmicrofoon,48000
boergait,boergait,20080414,boergait,0.7501954,True,mannelijk,volwassen,Noordoostelijk,n/a,headsetmicrofoon,48000
boergait,boergait,20080414,boergait,0.771759,True,mannelijk,volwassen,Noordoostelijk,n/a,headsetmicrofoon,48000
boergait,boergait,20080414,boergait,0.67063355,True,mannelijk,volwassen,Noordoostelijk,n/a,headsetmicrofoon,48000
boergait,boergait,20080414,boergait,0.6482557,True,mannelijk,volwassen,Noordoostelijk,n/a,headsetmicrofoon,48000
boergait,boergait,20080414,boergait,0.7673322,True,mannelijk,volwassen,Noordoostelijk,n/a,headsetmicrofoon,48000
boergait,boergait,20080414,boergait,0.693277,True,mannelijk,volwassen,Noordoostelijk,n/a,headsetmicrofoon,48000
boergait,boergait,20080414,boergait,0.6748339,True,mannelijk,volwassen,Noordoostelijk,n/a,headsetmicrofoon,48000
boergait,boergait,20080414,boergait,0.72822654,True,mannelijk,volwassen,Noordoostelijk,n/a,headsetmicrofoon,48000
boergait,boergait,20080414,boergait,0.7124731,True,mannelijk,volwassen,Noordoostelijk,n/a,headsetmicrofoon,48000
boergait,boergait,20080414,boergait,0.7873563,True,mannelijk,volwassen,Noordoostelijk,n/a,headsetmicrofoon,48000
boergait,boergait,20080414,boergait,0.7195269,True,mannelijk,volwassen,Noordoostelijk,n/a,headsetmicrofoon,48000
boergait,boergait,20080414,boergait,0.7377912,True,mannelijk,volwassen,Noordoostelijk,n/a,headsetmicrofoon,48000
boergait,boergait,20080414,boergait,0.79456365,True,mannelijk,volwassen,Noordoostelijk,n/a,headsetmicrofoon,48000
boergait,boergait,20080418,boergerrit,0.5649855,False,mannelijk,volwassen,Noordoostelijk,n/a,headsetmicrofoon,48000
boergait,boergait,20080414,boergait,0.64754266,True,mannelijk,volwassen,Noordoostelijk,n/a,headsetmicrofoon,48000
boergait,boergait,20080414,boergait,0.70258296,True,mannelijk,volwassen,Noordoostelijk,n/a,headsetmicrofoon,48000
boergait,boergait,20080418,boergerrit,0.64685404,False,mannelijk,volwassen,Noordoostelijk,n/a,headsetmicrofoon,48000
boergait,boergait,20080414,boergait,0.7154535,True,mannelijk,volwassen,Noordoostelijk,n/a,headsetmicrofoon,48000
boergait,boergait,20080414,boergait,0.71473885,True,mannelijk,volwassen,Noordoostelijk,n/a,headsetmicrofoon,48000
boergait,boergait,20080414,boergait,0.7470623,True,mannelijk,volwassen,Noordoostelijk,n/a,headsetmicrofoon,48000
boergait,boergait,20080414,boergait,0.7797005,True,mannelijk,volwassen,Noordoostelijk,n/a,headsetmicrofoon,48000
boergait,boergait,20080414,boergait,0.57703763,True,mannelijk,volwassen,Noordoostelijk,n/a,headsetmicrofoon,48000
boergait,boergait,20080414,boergait,0.72938764,True,mannelijk,volwassen,Noordoostelijk,n/a,headsetmicrofoon,48000
boergait,boergait,20080414,boergait,0.6882146,True,mannelijk,volwassen,Noordoostelijk,n/a,headsetmicrofoon,48000
boergait,boergait,20080414,boergait,0.69664234,True,mannelijk,volwassen,Noordoostelijk,n/a,headsetmicrofoon,48000
boergait,boergait,20080414,boergait,0.6602813,True,mannelijk,volwassen,Noordoostelijk,n/a,headsetmicrofoon,48000
boergait,boergait,20080414,boergait,0.72403586,True,mannelijk,volwassen,Noordoostelijk,n/a,headsetmicrofoon,48000
boergait,boergait,20080414,boergait,0.6752387,True,mannelijk,volwassen,Noordoostelijk,n/a,headsetmicrofoon,48000
boergait,boergait,20080414,boergait,0.68748915,True,mannelijk,volwassen,Noordoostelijk,n/a,headsetmicrofoon,48000
boergait,boergait,20080414,boergait,0.7520273,True,mannelijk,volwassen,Noordoostelijk,n/a,headsetmicrofoon,48000
boergait,boergait,20080414,boergait,0.73372126,True,mannelijk,volwassen,Noordoostelijk,n/a,headsetmicrofoon,48000
boergait,boergait,20080414,boergait,0.7244072,True,mannelijk,volwassen,Noordoostelijk,n/a,headsetmicrofoon,48000
boergait,boergait,20080414,boergait,0.7134201,True,mannelijk,volwassen,Noordoostelijk,n/a,headsetmicrofoon,48000
boergait,boergait,20080414,boergait,0.7284908,True,mannelijk,volwassen,Noordoostelijk,n/a,headsetmicrofoon,48000
boergait,boergait,20080414,boergait,0.6492045,True,mannelijk,volwassen,Noordoostelijk,n/a,headsetmicrofoon,48000
boergait,boergait,20080414,boergait,0.6826197,True,mannelijk,volwassen,Noordoostelijk,n/a,headsetmicrofoon,48000
boergait,boergait,20080414,boergait,0.68223476,True,mannelijk,volwassen,Noordoostelijk,n/a,headsetmicrofoon,48000
boergait,boergait,20080414,boergait,0.6868859,True,mannelijk,volwassen,Noordoostelijk,n/a,headsetmicrofoon,48000
boergait,boergait,20080418,boergerrit,0.7412412,False,mannelijk,volwassen,Noordoostelijk,n/a,headsetmicrofoon,48000
boergait,boergait,20080414,boergait,0.7903067,True,mannelijk,volwassen,Noordoostelijk,n/a,headsetmicrofoon,48000
boergait,boergait,20080414,boergait,0.63545096,True,mannelijk,volwassen,Noordoostelijk,n/a,headsetmicrofoon,48000
boergait,boergait,20080414,boergait,0.6636711,True,mannelijk,volwassen,Noordoostelijk,n/a,headsetmicrofoon,48000
boergait,boergait,20080418,boergerrit,0.6979274,False,mannelijk,volwassen,Noordoostelijk,n/a,headsetmicrofoon,48000
boergait,boergait,20080414,boergait,0.61111045,True,mannelijk,volwassen,Noordoostelijk,n/a,headsetmicrofoon,48000
boergait,boergait,20080418,boergerrit,0.6375413,False,mannelijk,volwassen,Noordoostelijk,n/a,headsetmicrofoon,48000
boergait,boergait,20080414,boergait,0.54654217,True,mannelijk,volwassen,Noordoostelijk,n/a,headsetmicrofoon,48000
boergait,boergait,20080414,boergait,0.71347415,True,mannelijk,volwassen,Noordoostelijk,n/a,headsetmicrofoon,48000
boergait,boergait,20080414,boergait,0.71306527,True,mannelijk,volwassen,Noordoostelijk,n/a,headsetmicrofoon,48000
boergait,boergait,20080414,boergait,0.74354255,True,mannelijk,volwassen,Noordoostelijk,n/a,headsetmicrofoon,48000
boergait,boergait,20080414,boergait,0.71608496,True,mannelijk,volwassen,Noordoostelijk,n/a,headsetmicrofoon,48000
boergait,boergait,20080414,boergait,0.6959776,True,mannelijk,volwassen,Noordoostelijk,n/a,headsetmicrofoon,48000
boergait,boergait,20080414,boergait,0.67259324,True,mannelijk,volwassen,Noordoostelijk,n/a,headsetmicrofoon,48000
boergait,boergait,20080414,boergait,0.7226018,True,mannelijk,volwassen,Noordoostelijk,n/a,headsetmicrofoon,48000
boergait,boergait,20080414,boergait,0.6481787,True,mannelijk,volwassen,Noordoostelijk,n/a,headsetmicrofoon,48000
boergait,boergait,20080414,boergait,0.66479915,True,mannelijk,volwassen,Noordoostelijk,n/a,headsetmicrofoon,48000
boergait,boergait,20080414,boergait,0.6471793,True,mannelijk,volwassen,Noordoostelijk,n/a,headsetmicrofoon,48000
boergait,boergait,20080418,boergerrit,0.6619848,False,mannelijk,volwassen,Noordoostelijk,n/a,headsetmicrofoon,48000
boergait,boergait,20080414,boergait,0.74479496,True,mannelijk,volwassen,Noordoostelijk,n/a,headsetmicrofoon,48000
boergait,boergait,20080414,boergait,0.71726173,True,mannelijk,volwassen,Noordoostelijk,n/a,headsetmicrofoon,48000
boergait,boergait,20080414,boergait,0.66538715,True,mannelijk,volwassen,Noordoostelijk,n/a,headsetmicrofoon,48000
boergait,boergait,20080418,boergerrit,0.67690986,False,mannelijk,volwassen,Noordoostelijk,n/a,headsetmicrofoon,48000
boergait,boergait,20080414,boergait,0.73179376,True,mannelijk,volwassen,Noordoostelijk,n/a,headsetmicrofoon,48000
boergait,boergait,20080414,boergait,0.6757629,True,mannelijk,volwassen,Noordoostelijk,n/a,headsetmicrofoon,48000
boergait,boergait,20080414,boergait,0.6591799,True,mannelijk,volwassen,Noordoostelijk,n/a,headsetmicrofoon,48000
boergait,boergait,20080414,boergait,0.712091,True,mannelijk,volwassen,Noordoostelijk,n/a,headsetmicrofoon,48000
boergait,boergait,20080414,boergait,0.68115497,True,mannelijk,volwassen,Noordoostelijk,n/a,headsetmicrofoon,48000
boergait,boergait,20080414,boergait,0.6977835,True,mannelijk,volwassen,Noordoostelijk,n/a,headsetmicrofoon,48000
boergait,boergait,20080414,boergait,0.69104874,True,mannelijk,volwassen,Noordoostelijk,n/a,headsetmicrofoon,48000
boergait,boergait,20080414,boergait,0.701047,True,mannelijk,volwassen,Noordoostelijk,n/a,headsetmicrofoon,48000
boergait,boergait,20080414,boergait,0.70435244,True,mannelijk,volwassen,Noordoostelijk,n/a,headsetmicrofoon,48000
boergait,boergait,20080414,boergait,0.70369124,True,mannelijk,volwassen,Noordoostelijk,n/a,headsetmicrofoon,48000
boergait,boergait,20080418,boergerrit,0.6425338,False,mannelijk,volwassen,Noordoostelijk,n/a,headsetmicrofoon,48000
boergait,boergait,20080414,boergait,0.6766685,True,mannelijk,volwassen,Noordoostelijk,n/a,headsetmicrofoon,48000
boergait,boergait,20080414,boergait,0.6868521,True,mannelijk,volwassen,Noordoostelijk,n/a,headsetmicrofoon,48000
boergait,boergait,20080418,boergerrit,0.4931321,False,mannelijk,volwassen,Noordoostelijk,n/a,headsetmicrofoon,48000
boergait,boergait,20080414,boergait,0.65808165,True,mannelijk,volwassen,Noordoostelijk,n/a,headsetmicrofoon,48000
boergait,boergait,20080414,boergait,0.49861068,True,mannelijk,volwassen,Noordoostelijk,n/a,headsetmicrofoon,48000
boergait,boergait,20080414,boergait,0.5984634,True,mannelijk,volwassen,Noordoostelijk,n/a,headsetmicrofoon,48000
boergait,boergait,20080414,boergait,0.62957394,True,mannelijk,volwassen,Noordoostelijk,n/a,headsetmicrofoon,48000
boergait,boergait,20080414,boergait,0.7004788,True,mannelijk,volwassen,Noordoostelijk,n/a,headsetmicrofoon,48000
boergait,boergait,20080418,boergerrit,0.6443128,False,mannelijk,volwassen,Noordoostelijk,n/a,headsetmicrofoon,48000
boergait,boergait,20080414,boergait,0.6896492,True,mannelijk,volwassen,Noordoostelijk,n/a,headsetmicrofoon,48000
boergait,boergait,20080414,boergait,0.67321646,True,mannelijk,volwassen,Noordoostelijk,n/a,headsetmicrofoon,48000
boergait,boergait,20080414,boergait,0.6112677,True,mannelijk,volwassen,Noordoostelijk,n/a,headsetmicrofoon,48000
boergait,boergait,20080414,boergait,0.7447382,True,mannelijk,volwassen,Noordoostelijk,n/a,headsetmicrofoon,48000
boergait,boergait,20080414,boergait,0.6871788,True,mannelijk,volwassen,Noordoostelijk,n/a,headsetmicrofoon,48000
boergait,boergait,20080414,boergait,0.7783452,True,mannelijk,volwassen,Noordoostelijk,n/a,headsetmicrofoon,48000
boergait,boergait,20080414,boergait,0.7001002,True,mannelijk,volwassen,Noordoostelijk,n/a,headsetmicrofoon,48000
boergait,boergait,20080414,boergait,0.7579222,True,mannelijk,volwassen,Noordoostelijk,n/a,headsetmicrofoon,48000
boergait,boergait,20080414,boergait,0.75483215,True,mannelijk,volwassen,Noordoostelijk,n/a,headsetmicrofoon,48000
boergait,boergait,20080414,boergait,0.68792266,True,mannelijk,volwassen,Noordoostelijk,n/a,headsetmicrofoon,48000
boergait,boergait,20080414,boergait,0.6622392,True,mannelijk,volwassen,Noordoostelijk,n/a,headsetmicrofoon,48000
boergait,boergait,20080414,boergait,0.7113546,True,mannelijk,volwassen,Noordoostelijk,n/a,headsetmicrofoon,48000
boergait,boergait,20080418,boergerrit,0.6210323,False,mannelijk,volwassen,Noordoostelijk,n/a,headsetmicrofoon,48000
boergait,boergait,20080414,boergait,0.7067642,True,mannelijk,volwassen,Noordoostelijk,n/a,headsetmicrofoon,48000
boergait,boergait,20080414,boergait,0.7401577,True,mannelijk,volwassen,Noordoostelijk,n/a,headsetmicrofoon,48000
boergait,boergait,20080414,boergait,0.6718385,True,mannelijk,volwassen,Noordoostelijk,n/a,headsetmicrofoon,48000
boergait,boergait,20080418,boergerrit,0.69126403,False,mannelijk,volwassen,Noordoostelijk,n/a,headsetmicrofoon,48000
boergait,boergait,20080418,boergerrit,0.6714363,False,mannelijk,volwassen,Noordoostelijk,n/a,headsetmicrofoon,48000
boergait,boergait,20080418,boergerrit,0.57553804,False,mannelijk,volwassen,Noordoostelijk,n/a,headsetmicrofoon,48000
boergait,boergait,20080414,boergait,0.66771626,True,mannelijk,volwassen,Noordoostelijk,n/a,headsetmicrofoon,48000
boergait,boergait,20080414,boergait,0.73189133,True,mannelijk,volwassen,Noordoostelijk,n/a,headsetmicrofoon,48000
boergait,boergait,20080414,boergait,0.5813776,True,mannelijk,volwassen,Noordoostelijk,n/a,headsetmicrofoon,48000
boergait,boergait,20080414,boergait,0.647337,True,mannelijk,volwassen,Noordoostelijk,n/a,headsetmicrofoon,48000
boergait,boergait,20080414,boergait,0.6922643,True,mannelijk,volwassen,Noordoostelijk,n/a,headsetmicrofoon,48000
boergait,boergait,20080414,boergait,0.76026976,True,mannelijk,volwassen,Noordoostelijk,n/a,headsetmicrofoon,48000
boergait,boergait,20080418,boergerrit,0.6178277,False,mannelijk,volwassen,Noordoostelijk,n/a,headsetmicrofoon,48000
boergait,boergait,20080414,boergait,0.71960986,True,mannelijk,volwassen,Noordoostelijk,n/a,headsetmicrofoon,48000
boergait,boergait,20080414,boergait,0.7344366,True,mannelijk,volwassen,Noordoostelijk,n/a,headsetmicrofoon,48000
boergait,boergait,20080414,boergait,0.737528,True,mannelijk,volwassen,Noordoostelijk,n/a,headsetmicrofoon,48000
boergait,boergait,20080414,boergait,0.71323216,True,mannelijk,volwassen,Noordoostelijk,n/a,headsetmicrofoon,48000
boergait,boergait,20080414,boergait,0.7513326,True,mannelijk,volwassen,Noordoostelijk,n/a,headsetmicrofoon,48000
boergait,boergait,20080414,boergait,0.7651504,True,mannelijk,volwassen,Noordoostelijk,n/a,headsetmicrofoon,48000
boergait,boergait,20080414,boergait,0.6647988,True,mannelijk,volwassen,Noordoostelijk,n/a,headsetmicrofoon,48000
boergait,boergait,20080414,boergait,0.6521569,True,mannelijk,volwassen,Noordoostelijk,n/a,headsetmicrofoon,48000
boergait,boergait,20080418,boergerrit,0.494442,False,mannelijk,volwassen,Noordoostelijk,n/a,headsetmicrofoon,48000
boergait,boergait,20131123,kaas,0.50126463,False,mannelijk,volwassen,Noordoostelijk,n/a,headsetmicrofoon,48000
boergait,boergait,20080414,boergait,0.6086811,True,mannelijk,volwassen,Noordoostelijk,n/a,headsetmicrofoon,48000
boergait,boergait,20080414,boergait,0.6344531,True,mannelijk,volwassen,Noordoostelijk,n/a,headsetmicrofoon,48000
boergait,boergait,20080414,boergait,0.6605597,True,mannelijk,volwassen,Noordoostelijk,n/a,headsetmicrofoon,48000
boergait,boergait,20080418,boergerrit,0.6054228,False,mannelijk,volwassen,Noordoostelijk,n/a,headsetmicrofoon,48000
boergait,boergait,20080414,boergait,0.57022375,True,mannelijk,volwassen,Noordoostelijk,n/a,headsetmicrofoon,48000
boergait,boergait,20080418,boergerrit,0.65849495,False,mannelijk,volwassen,Noordoostelijk,n/a,headsetmicrofoon,48000
boergait,boergait,20080414,boergait,0.7084267,True,mannelijk,volwassen,Noordoostelijk,n/a,headsetmicrofoon,48000
boergait,boergait,20080414,boergait,0.5637739,True,mannelijk,volwassen,Noordoostelijk,n/a,headsetmicrofoon,48000
boergait,boergait,20080414,boergait,0.63531995,True,mannelijk,volwassen,Noordoostelijk,n/a,headsetmicrofoon,48000
boergait,boergait,20080414,boergait,0.71378624,True,mannelijk,volwassen,Noordoostelijk,n/a,headsetmicrofoon,48000
boergait,boergait,20080414,boergait,0.58212215,True,mannelijk,volwassen,Noordoostelijk,n/a,headsetmicrofoon,48000
boergait,boergait,20080414,boergait,0.7299231,True,mannelijk,volwassen,Noordoostelijk,n/a,headsetmicrofoon,48000
boergait,boergait,20080414,boergait,0.64851034,True,mannelijk,volwassen,Noordoostelijk,n/a,headsetmicrofoon,48000
boergait,boergait,20080414,boergait,0.68621737,True,mannelijk,volwassen,Noordoostelijk,n/a,headsetmicrofoon,48000
boergait,boergait,20080418,boergerrit,0.6586687,False,mannelijk,volwassen,Noordoostelijk,n/a,headsetmicrofoon,48000
boergait,boergait,20080418,boergerrit,0.6168681,False,mannelijk,volwassen,Noordoostelijk,n/a,headsetmicrofoon,48000
boergait,boergait,20080414,boergait,0.65652204,True,mannelijk,volwassen,Noordoostelijk,n/a,headsetmicrofoon,48000
boergait,boergait,20080418,boergerrit,0.50110865,False,mannelijk,volwassen,Noordoostelijk,n/a,headsetmicrofoon,48000
boergait,boergait,20080414,boergait,0.65675366,True,mannelijk,volwassen,Noordoostelijk,n/a,headsetmicrofoon,48000
boergait,boergait,20080414,boergait,0.7283274,True,mannelijk,volwassen,Noordoostelijk,n/a,headsetmicrofoon,48000
boergait,boergait,20080414,boergait,0.6988772,True,mannelijk,volwassen,Noordoostelijk,n/a,headsetmicrofoon,48000
boergait,boergait,20080414,boergait,0.71235394,True,mannelijk,volwassen,Noordoostelijk,n/a,headsetmicrofoon,48000
boergait,boergait,20080414,boergait,0.72534764,True,mannelijk,volwassen,Noordoostelijk,n/a,headsetmicrofoon,48000
boergait,boergait,20080414,boergait,0.73280513,True,mannelijk,volwassen,Noordoostelijk,n/a,headsetmicrofoon,48000
boergait,boergait,20080414,boergait,0.7514144,True,mannelijk,volwassen,Noordoostelijk,n/a,headsetmicrofoon,48000
boergait,boergait,20080414,boergait,0.6408826,True,mannelijk,volwassen,Noordoostelijk,n/a,headsetmicrofoon,48000
boergait,boergait,20080418,boergerrit,0.65955263,False,mannelijk,volwassen,Noordoostelijk,n/a,headsetmicrofoon,48000
boergait,boergait,20080418,boergerrit,0.6539093,False,mannelijk,volwassen,Noordoostelijk,n/a,headsetmicrofoon,48000
boergait,boergait,20080414,boergait,0.61485195,True,mannelijk,volwassen,Noordoostelijk,n/a,headsetmicrofoon,48000
boergait,boergait,20080414,boergait,0.6719049,True,mannelijk,volwassen,Noordoostelijk,n/a,headsetmicrofoon,48000
boergait,boergait,20080418,boergerrit,0.6678196,False,mannelijk,volwassen,Noordoostelijk,n/a,headsetmicrofoon,48000
boergait,boergait,20080414,boergait,0.54944,True,mannelijk,volwassen,Noordoostelijk,n/a,headsetmicrofoon,48000
boergait,boergait,20080414,boergait,0.51294184,True,mannelijk,volwassen,Noordoostelijk,n/a,headsetmicrofoon,48000
boergait,boergait,20080418,boergerrit,0.4012932,False,mannelijk,volwassen,Noordoostelijk,n/a,headsetmicrofoon,48000
boergait,boergait,20080414,boergait,0.68983185,True,mannelijk,volwassen,Noordoostelijk,n/a,headsetmicrofoon,48000
boergait,boergait,20080414,boergait,0.6296127,True,mannelijk,volwassen,Noordoostelijk,n/a,headsetmicrofoon,48000
boergait,boergait,20080414,boergait,0.698388,True,mannelijk,volwassen,Noordoostelijk,n/a,headsetmicrofoon,48000
boergait,boergait,20080414,boergait,0.68538594,True,mannelijk,volwassen,Noordoostelijk,n/a,headsetmicrofoon,48000
boergait,boergait,20080414,boergait,0.7096629,True,mannelijk,volwassen,Noordoostelijk,n/a,headsetmicrofoon,48000
boergait,boergait,20080414,boergait,0.6687194,True,mannelijk,volwassen,Noordoostelijk,n/a,headsetmicrofoon,48000
boergait,boergait,20080414,boergait,0.70860106,True,mannelijk,volwassen,Noordoostelijk,n/a,headsetmicrofoon,48000
boergait,boergait,20080414,boergait,0.71898776,True,mannelijk,volwassen,Noordoostelijk,n/a,headsetmicrofoon,48000
boergait,boergait,20080414,boergait,0.7672636,True,mannelijk,volwassen,Noordoostelijk,n/a,headsetmicrofoon,48000
boergait,boergait,20080414,boergait,0.68391305,True,mannelijk,volwassen,Noordoostelijk,n/a,headsetmicrofoon,48000
boergait,boergait,20080414,boergait,0.6776964,True,mannelijk,volwassen,Noordoostelijk,n/a,headsetmicrofoon,48000
boergait,boergait,20080414,boergait,0.6339699,True,mannelijk,volwassen,Noordoostelijk,n/a,headsetmicrofoon,48000
boergait,boergait,20080414,boergait,0.59584045,True,mannelijk,volwassen,Noordoostelijk,n/a,headsetmicrofoon,48000
boergait,boergait,20080414,boergait,0.7124696,True,mannelijk,volwassen,Noordoostelijk,n/a,headsetmicrofoon,48000
boergait,boergait,20080414,boergait,0.614205,True,mannelijk,volwassen,Noordoostelijk,n/a,headsetmicrofoon,48000
boergait,boergait,20080414,boergait,0.6895664,True,mannelijk,volwassen,Noordoostelijk,n/a,headsetmicrofoon,48000
boergait,boergait,20080414,boergait,0.68894136,True,mannelijk,volwassen,Noordoostelijk,n/a,headsetmicrofoon,48000
boergait,boergait,20080414,boergait,0.6809205,True,mannelijk,volwassen,Noordoostelijk,n/a,headsetmicrofoon,48000
boergait,boergait,20080414,boergait,0.7595813,True,mannelijk,volwassen,Noordoostelijk,n/a,headsetmicrofoon,48000
boergait,boergait,20080414,boergait,0.68589425,True,mannelijk,volwassen,Noordoostelijk,n/a,headsetmicrofoon,48000
boergait,boergait,20080414,boergait,0.77158767,True,mannelijk,volwassen,Noordoostelijk,n/a,headsetmicrofoon,48000
boergait,boergait,20080414,boergait,0.7014202,True,mannelijk,volwassen,Noordoostelijk,n/a,headsetmicrofoon,48000
boergait,boergait,20080414,boergait,0.671064,True,mannelijk,volwassen,Noordoostelijk,n/a,headsetmicrofoon,48000
boergait,boergait,20080414,boergait,0.70061594,True,mannelijk,volwassen,Noordoostelijk,n/a,headsetmicrofoon,48000
boergait,boergait,20080414,boergait,0.5651672,True,mannelijk,volwassen,Noordoostelijk,n/a,headsetmicrofoon,48000
boergait,boergait,20080418,boergerrit,0.55549735,False,mannelijk,volwassen,Noordoostelijk,n/a,headsetmicrofoon,48000
boergait,boergait,20080414,boergait,0.615558,True,mannelijk,volwassen,Noordoostelijk,n/a,headsetmicrofoon,48000
boergait,boergait,20080414,boergait,0.60601604,True,mannelijk,volwassen,Noordoostelijk,n/a,headsetmicrofoon,48000
boergait,boergait,20080414,boergait,0.7096634,True,mannelijk,volwassen,Noordoostelijk,n/a,headsetmicrofoon,48000
boergait,boergait,20080414,boergait,0.661553,True,mannelijk,volwassen,Noordoostelijk,n/a,headsetmicrofoon,48000
boergait,boergait,20080414,boergait,0.6875548,True,mannelijk,volwassen,Noordoostelijk,n/a,headsetmicrofoon,48000
boergait,boergait,20080414,boergait,0.74551886,True,mannelijk,volwassen,Noordoostelijk,n/a,headsetmicrofoon,48000
boergait,boergait,20080414,boergait,0.64120066,True,mannelijk,volwassen,Noordoostelijk,n/a,headsetmicrofoon,48000
boergait,boergait,20080414,boergait,0.7193355,True,mannelijk,volwassen,Noordoostelijk,n/a,headsetmicrofoon,48000
boergait,boergait,20080414,boergait,0.57202506,True,mannelijk,volwassen,Noordoostelijk,n/a,headsetmicrofoon,48000
boergait,boergait,20080414,boergait,0.6789373,True,mannelijk,volwassen,Noordoostelijk,n/a,headsetmicrofoon,48000
boergait,boergait,20080414,boergait,0.7386584,True,mannelijk,volwassen,Noordoostelijk,n/a,headsetmicrofoon,48000
boergait,boergait,20080414,boergait,0.7663145,True,mannelijk,volwassen,Noordoostelijk,n/a,headsetmicrofoon,48000
boergait,boergait,20080414,boergait,0.6032318,True,mannelijk,volwassen,Noordoostelijk,n/a,headsetmicrofoon,48000
boergait,boergait,20080414,boergait,0.72997105,True,mannelijk,volwassen,Noordoostelijk,n/a,headsetmicrofoon,48000
boergait,boergait,20080414,boergait,0.63122743,True,mannelijk,volwassen,Noordoostelijk,n/a,headsetmicrofoon,48000
boergait,boergait,20080414,boergait,0.7535443,True,mannelijk,volwassen,Noordoostelijk,n/a,headsetmicrofoon,48000
boergait,boergait,20080414,boergait,0.7360928,True,mannelijk,volwassen,Noordoostelijk,n/a,headsetmicrofoon,48000
boergait,boergait,20080414,boergait,0.7402186,True,mannelijk,volwassen,Noordoostelijk,n/a,headsetmicrofoon,48000
boergait,boergait,20080414,boergait,0.68154764,True,mannelijk,volwassen,Noordoostelijk,n/a,headsetmicrofoon,48000
boergait,boergait,20080414,boergait,0.6859528,True,mannelijk,volwassen,Noordoostelijk,n/a,headsetmicrofoon,48000
boergait,boergait,20080418,boergerrit,0.6587012,False,mannelijk,volwassen,Noordoostelijk,n/a,headsetmicrofoon,48000
boergait,boergait,20080414,boergait,0.72979075,True,mannelijk,volwassen,Noordoostelijk,n/a,headsetmicrofoon,48000
boergait,boergait,20080414,boergait,0.69232726,True,mannelijk,volwassen,Noordoostelijk,n/a,headsetmicrofoon,48000
boergait,boergait,20080414,boergait,0.68945,True,mannelijk,volwassen,Noordoostelijk,n/a,headsetmicrofoon,48000
boergait,boergait,20080418,boergerrit,0.66428924,False,mannelijk,volwassen,Noordoostelijk,n/a,headsetmicrofoon,48000
boergait,boergait,20080414,boergait,0.68919027,True,mannelijk,volwassen,Noordoostelijk,n/a,headsetmicrofoon,48000
boergait,boergait,20080414,boergait,0.67862624,True,mannelijk,volwassen,Noordoostelijk,n/a,headsetmicrofoon,48000
boergait,boergait,20080414,boergait,0.53810793,True,mannelijk,volwassen,Noordoostelijk,n/a,headsetmicrofoon,48000
boergait,boergait,20080414,boergait,0.69870794,True,mannelijk,volwassen,Noordoostelijk,n/a,headsetmicrofoon,48000
boergait,boergait,20080414,boergait,0.6839536,True,mannelijk,volwassen,Noordoostelijk,n/a,headsetmicrofoon,48000
boergait,boergait,20080414,boergait,0.5678959,True,mannelijk,volwassen,Noordoostelijk,n/a,headsetmicrofoon,48000
boergait,boergait,20080414,boergait,0.73927516,True,mannelijk,volwassen,Noordoostelijk,n/a,headsetmicrofoon,48000
boergait,boergait,20080414,boergait,0.7581053,True,mannelijk,volwassen,Noordoostelijk,n/a,headsetmicrofoon,48000
boergait,boergait,20080414,boergait,0.7868639,True,mannelijk,volwassen,Noordoostelijk,n/a,headsetmicrofoon,48000
boergait,boergait,20080414,boergait,0.70549965,True,mannelijk,volwassen,Noordoostelijk,n/a,headsetmicrofoon,48000
boergait,boergait,20080414,boergait,0.71377194,True,mannelijk,volwassen,Noordoostelijk,n/a,headsetmicrofoon,48000
boergait,boergait,20080414,boergait,0.74517614,True,mannelijk,volwassen,Noordoostelijk,n/a,headsetmicrofoon,48000
boergait,boergait,20080414,boergait,0.78844786,True,mannelijk,volwassen,Noordoostelijk,n/a,headsetmicrofoon,48000
boergait,boergait,20080414,boergait,0.55209285,True,mannelijk,volwassen,Noordoostelijk,n/a,headsetmicrofoon,48000
boergait,boergait,20080414,boergait,0.79014516,True,mannelijk,volwassen,Noordoostelijk,n/a,headsetmicrofoon,48000
boergait,boergait,20080414,boergait,0.66353905,True,mannelijk,volwassen,Noordoostelijk,n/a,headsetmicrofoon,48000
boergait,boergait,20080414,boergait,0.72720945,True,mannelijk,volwassen,Noordoostelijk,n/a,headsetmicrofoon,48000
boergait,boergait,20080414,boergait,0.6958698,True,mannelijk,volwassen,Noordoostelijk,n/a,headsetmicrofoon,48000
boergait,boergait,20080414,boergait,0.70361674,True,mannelijk,volwassen,Noordoostelijk,n/a,headsetmicrofoon,48000
boergait,boergait,20080414,boergait,0.7401718,True,mannelijk,volwassen,Noordoostelijk,n/a,headsetmicrofoon,48000
boergait,boergait,20080414,boergait,0.74636793,True,mannelijk,volwassen,Noordoostelijk,n/a,headsetmicrofoon,48000
boergait,boergait,20080418,boergerrit,0.5486909,False,mannelijk,volwassen,Noordoostelijk,n/a,headsetmicrofoon,48000
boergait,boergait,20080418,boergerrit,0.63549757,False,mannelijk,volwassen,Noordoostelijk,n/a,headsetmicrofoon,48000
boergait,boergait,20080414,boergait,0.6809678,True,mannelijk,volwassen,Noordoostelijk,n/a,headsetmicrofoon,48000
boergait,boergait,20080414,boergait,0.66525364,True,mannelijk,volwassen,Noordoostelijk,n/a,headsetmicrofoon,48000
boergait,boergait,20080414,boergait,0.6405598,True,mannelijk,volwassen,Noordoostelijk,n/a,headsetmicrofoon,48000
boergait,boergait,20080414,boergait,0.5258786,True,mannelijk,volwassen,Noordoostelijk,n/a,headsetmicrofoon,48000
boergait,boergait,20080418,boergerrit,0.66477185,False,mannelijk,volwassen,Noordoostelijk,n/a,headsetmicrofoon,48000
boergait,boergait,20080414,boergait,0.6694757,True,mannelijk,volwassen,Noordoostelijk,n/a,headsetmicrofoon,48000
boergait,boergait,20080414,boergait,0.68146026,True,mannelijk,volwassen,Noordoostelijk,n/a,headsetmicrofoon,48000
boergait,boergait,20080418,boergerrit,0.6857248,False,mannelijk,volwassen,Noordoostelijk,n/a,headsetmicrofoon,48000
boergait,boergait,20080414,boergait,0.7242751,True,mannelijk,volwassen,Noordoostelijk,n/a,headsetmicrofoon,48000
boergait,boergait,20080414,boergait,0.62878644,True,mannelijk,volwassen,Noordoostelijk,n/a,headsetmicrofoon,48000
boergait,boergait,20080414,boergait,0.7138825,True,mannelijk,volwassen,Noordoostelijk,n/a,headsetmicrofoon,48000
boergait,boergait,20080414,boergait,0.68644273,True,mannelijk,volwassen,Noordoostelijk,n/a,headsetmicrofoon,48000
boergait,boergait,20080414,boergait,0.7682357,True,mannelijk,volwassen,Noordoostelijk,n/a,headsetmicrofoon,48000
boergait,boergait,20080414,boergait,0.74682003,True,mannelijk,volwassen,Noordoostelijk,n/a,headsetmicrofoon,48000
boergait,boergait,20080414,boergait,0.7017817,True,mannelijk,volwassen,Noordoostelijk,n/a,headsetmicrofoon,48000
boergait,boergait,20080414,boergait,0.74464685,True,mannelijk,volwassen,Noordoostelijk,n/a,headsetmicrofoon,48000
boergait,boergait,20080414,boergait,0.75501174,True,mannelijk,volwassen,Noordoostelijk,n/a,headsetmicrofoon,48000
boergait,boergait,20080414,boergait,0.63161296,True,mannelijk,volwassen,Noordoostelijk,n/a,headsetmicrofoon,48000
boergait,boergait,20080414,boergait,0.64675725,True,mannelijk,volwassen,Noordoostelijk,n/a,headsetmicrofoon,48000
boergait,boergait,20080418,boergerrit,0.6485746,False,mannelijk,volwassen,Noordoostelijk,n/a,headsetmicrofoon,48000
boergait,boergait,20080418,boergerrit,0.63922846,False,mannelijk,volwassen,Noordoostelijk,n/a,headsetmicrofoon,48000
boergait,boergait,20080414,boergait,0.6676892,True,mannelijk,volwassen,Noordoostelijk,n/a,headsetmicrofoon,48000
boergait,boergait,20080414,boergait,0.732929,True,mannelijk,volwassen,Noordoostelijk,n/a,headsetmicrofoon,48000
boergait,boergait,20080418,boergerrit,0.64168763,False,mannelijk,volwassen,Noordoostelijk,n/a,headsetmicrofoon,48000
boergait,boergait,20080414,boergait,0.53341556,True,mannelijk,volwassen,Noordoostelijk,n/a,headsetmicrofoon,48000
boergait,boergait,20080418,boergerrit,0.6255311,False,mannelijk,volwassen,Noordoostelijk,n/a,headsetmicrofoon,48000
boergait,boergait,20080418,boergerrit,0.65173686,False,mannelijk,volwassen,Noordoostelijk,n/a,headsetmicrofoon,48000
boergait,boergait,20080414,boergait,0.6863984,True,mannelijk,volwassen,Noordoostelijk,n/a,headsetmicrofoon,48000
boergait,boergait,20080414,boergait,0.7284347,True,mannelijk,volwassen,Noordoostelijk,n/a,headsetmicrofoon,48000
boergait,boergait,20080414,boergait,0.76397586,True,mannelijk,volwassen,Noordoostelijk,n/a,headsetmicrofoon,48000
boergait,boergait,20080414,boergait,0.6201244,True,mannelijk,volwassen,Noordoostelijk,n/a,headsetmicrofoon,48000
boergait,boergait,20080414,boergait,0.7180748,True,mannelijk,volwassen,Noordoostelijk,n/a,headsetmicrofoon,48000
boergait,boergait,20080414,boergait,0.68675315,True,mannelijk,volwassen,Noordoostelijk,n/a,headsetmicrofoon,48000
boergait,boergait,20080414,boergait,0.731043,True,mannelijk,volwassen,Noordoostelijk,n/a,headsetmicrofoon,48000
boergait,boergait,20080414,boergait,0.7611662,True,mannelijk,volwassen,Noordoostelijk,n/a,headsetmicrofoon,48000
boergait,boergait,20080414,boergait,0.7567524,True,mannelijk,volwassen,Noordoostelijk,n/a,headsetmicrofoon,48000
boergait,boergait,20080414,boergait,0.72954345,True,mannelijk,volwassen,Noordoostelijk,n/a,headsetmicrofoon,48000
boergait,boergait,20080414,boergait,0.72221875,True,mannelijk,volwassen,Noordoostelijk,n/a,headsetmicrofoon,48000
boergait,boergait,20080414,boergait,0.6860088,True,mannelijk,volwassen,Noordoostelijk,n/a,headsetmicrofoon,48000
boergait,boergait,20080414,boergait,0.6450404,True,mannelijk,volwassen,Noordoostelijk,n/a,headsetmicrofoon,48000
boergait,boergait,20080414,boergait,0.6525985,True,mannelijk,volwassen,Noordoostelijk,n/a,headsetmicrofoon,48000
boergait,boergait,20080414,boergait,0.7575159,True,mannelijk,volwassen,Noordoostelijk,n/a,headsetmicrofoon,48000
boergait,boergait,20080414,boergait,0.72297466,True,mannelijk,volwassen,Noordoostelijk,n/a,headsetmicrofoon,48000
boergait,boergait,20080414,boergait,0.7432538,True,mannelijk,volwassen,Noordoostelijk,n/a,headsetmicrofoon,48000
boergait,boergait,20080414,boergait,0.6468002,True,mannelijk,volwassen,Noordoostelijk,n/a,headsetmicrofoon,48000
boergait,boergait,20080414,boergait,0.7185842,True,mannelijk,volwassen,Noordoostelijk,n/a,headsetmicrofoon,48000
boergait,boergait,20080414,boergait,0.7389804,True,mannelijk,volwassen,Noordoostelijk,n/a,headsetmicrofoon,48000
boergait,boergait,20080414,boergait,0.64394003,True,mannelijk,volwassen,Noordoostelijk,n/a,headsetmicrofoon,48000
boergait,boergait,20080414,boergait,0.7083061,True,mannelijk,volwassen,Noordoostelijk,n/a,headsetmicrofoon,48000
boergait,boergait,20080414,boergait,0.7562007,True,mannelijk,volwassen,Noordoostelijk,n/a,headsetmicrofoon,48000
boergait,boergait,20080414,boergait,0.7605709,True,mannelijk,volwassen,Noordoostelijk,n/a,headsetmicrofoon,48000
boergait,boergait,20080414,boergait,0.7652141,True,mannelijk,volwassen,Noordoostelijk,n/a,headsetmicrofoon,48000
boergait,boergait,20080414,boergait,0.68297714,True,mannelijk,volwassen,Noordoostelijk,n/a,headsetmicrofoon,48000
boergait,boergait,20080414,boergait,0.6893132,True,mannelijk,volwassen,Noordoostelijk,n/a,headsetmicrofoon,48000
boergait,boergait,20080414,boergait,0.70378727,True,mannelijk,volwassen,Noordoostelijk,n/a,headsetmicrofoon,48000
boergait,boergait,20080414,boergait,0.75161016,True,mannelijk,volwassen,Noordoostelijk,n/a,headsetmicrofoon,48000
boergait,boergait,20080414,boergait,0.7721673,True,mannelijk,volwassen,Noordoostelijk,n/a,headsetmicrofoon,48000
boergait,boergait,20080414,boergait,0.7793938,True,mannelijk,volwassen,Noordoostelijk,n/a,headsetmicrofoon,48000
boergait,boergait,20080414,boergait,0.7123025,True,mannelijk,volwassen,Noordoostelijk,n/a,headsetmicrofoon,48000
boergait,boergait,20080414,boergait,0.6451299,True,mannelijk,volwassen,Noordoostelijk,n/a,headsetmicrofoon,48000
boergait,boergait,20080414,boergait,0.6323427,True,mannelijk,volwassen,Noordoostelijk,n/a,headsetmicrofoon,48000
boergait,boergait,20080414,boergait,0.64533097,True,mannelijk,volwassen,Noordoostelijk,n/a,headsetmicrofoon,48000
boergait,boergait,20080414,boergait,0.7016955,True,mannelijk,volwassen,Noordoostelijk,n/a,headsetmicrofoon,48000
boergait,boergait,20080414,boergait,0.71678203,True,mannelijk,volwassen,Noordoostelijk,n/a,headsetmicrofoon,48000
boergait,boergait,20080418,boergerrit,0.48341087,False,mannelijk,volwassen,Noordoostelijk,n/a,headsetmicrofoon,48000
boergait,boergait,20080414,boergait,0.74228454,True,mannelijk,volwassen,Noordoostelijk,n/a,headsetmicrofoon,48000
boergait,boergait,20080414,boergait,0.67364466,True,mannelijk,volwassen,Noordoostelijk,n/a,headsetmicrofoon,48000
boergait,boergait,20080414,boergait,0.6081056,True,mannelijk,volwassen,Noordoostelijk,n/a,headsetmicrofoon,48000
boergait,boergait,20080414,boergait,0.7200242,True,mannelijk,volwassen,Noordoostelijk,n/a,headsetmicrofoon,48000
boergait,boergait,20080418,boergerrit,0.70203173,False,mannelijk,volwassen,Noordoostelijk,n/a,headsetmicrofoon,48000
boergait,boergait,20080414,boergait,0.7095318,True,mannelijk,volwassen,Noordoostelijk,n/a,headsetmicrofoon,48000
boergait,boergait,20080414,boergait,0.69735885,True,mannelijk,volwassen,Noordoostelijk,n/a,headsetmicrofoon,48000
boergait,boergait,20080414,boergait,0.6567359,True,mannelijk,volwassen,Noordoostelijk,n/a,headsetmicrofoon,48000
boergait,boergait,20080414,boergait,0.63694096,True,mannelijk,volwassen,Noordoostelijk,n/a,headsetmicrofoon,48000
boergait,boergait,20080414,boergait,0.722841,True,mannelijk,volwassen,Noordoostelijk,n/a,headsetmicrofoon,48000
boergait,boergait,20080414,boergait,0.69721663,True,mannelijk,volwassen,Noordoostelijk,n/a,headsetmicrofoon,48000
boergait,boergait,20080414,boergait,0.733916,True,mannelijk,volwassen,Noordoostelijk,n/a,headsetmicrofoon,48000
boergait,boergait,20080414,boergait,0.801386,True,mannelijk,volwassen,Noordoostelijk,n/a,headsetmicrofoon,48000
boergait,boergait,20080414,boergait,0.6935738,True,mannelijk,volwassen,Noordoostelijk,n/a,headsetmicrofoon,48000
boergait,boergait,20080414,boergait,0.73703605,True,mannelijk,volwassen,Noordoostelijk,n/a,headsetmicrofoon,48000
boergait,boergait,20080414,boergait,0.72393477,True,mannelijk,volwassen,Noordoostelijk,n/a,headsetmicrofoon,48000
boergait,boergait,20080414,boergait,0.6888441,True,mannelijk,volwassen,Noordoostelijk,n/a,headsetmicrofoon,48000
boergait,boergait,20080414,boergait,0.7258023,True,mannelijk,volwassen,Noordoostelijk,n/a,headsetmicrofoon,48000
boergait,boergait,20080414,boergait,0.7405304,True,mannelijk,volwassen,Noordoostelijk,n/a,headsetmicrofoon,48000
boergait,boergait,20080414,boergait,0.7379471,True,mannelijk,volwassen,Noordoostelijk,n/a,headsetmicrofoon,48000
boergait,boergait,20080414,boergait,0.6966711,True,mannelijk,volwassen,Noordoostelijk,n/a,headsetmicrofoon,48000
boergait,boergait,20080414,boergait,0.7032913,True,mannelijk,volwassen,Noordoostelijk,n/a,headsetmicrofoon,48000
boergait,boergait,20080414,boergait,0.6868499,True,mannelijk,volwassen,Noordoostelijk,n/a,headsetmicrofoon,48000
boergait,boergait,20080414,boergait,0.63793135,True,mannelijk,volwassen,Noordoostelijk,n/a,headsetmicrofoon,48000
boergait,boergait,20080414,boergait,0.7037554,True,mannelijk,volwassen,Noordoostelijk,n/a,headsetmicrofoon,48000
boergait,boergait,20080414,boergait,0.5738107,True,mannelijk,volwassen,Noordoostelijk,n/a,headsetmicrofoon,48000
boergait,boergait,20080414,boergait,0.7118602,True,mannelijk,volwassen,Noordoostelijk,n/a,headsetmicrofoon,48000
boergait,boergait,20080418,boergerrit,0.661145,False,mannelijk,volwassen,Noordoostelijk,n/a,headsetmicrofoon,48000
boergait,boergait,20080414,boergait,0.6920973,True,mannelijk,volwassen,Noordoostelijk,n/a,headsetmicrofoon,48000
boergait,boergait,20080414,boergait,0.65850383,True,mannelijk,volwassen,Noordoostelijk,n/a,headsetmicrofoon,48000
boergait,boergait,20080414,boergait,0.5964016,True,mannelijk,volwassen,Noordoostelijk,n/a,headsetmicrofoon,48000
boergait,boergait,20080414,boergait,0.697945,True,mannelijk,volwassen,Noordoostelijk,n/a,headsetmicrofoon,48000
boergait,boergait,20080418,boergerrit,0.54895544,False,mannelijk,volwassen,Noordoostelijk,n/a,headsetmicrofoon,48000
boergait,boergait,20080414,boergait,0.67927974,True,mannelijk,volwassen,Noordoostelijk,n/a,headsetmicrofoon,48000
boergait,boergait,20080414,boergait,0.6819154,True,mannelijk,volwassen,Noordoostelijk,n/a,headsetmicrofoon,48000
boergait,boergait,20080414,boergait,0.69233346,True,mannelijk,volwassen,Noordoostelijk,n/a,headsetmicrofoon,48000
boergait,boergait,20080414,boergait,0.6283493,True,mannelijk,volwassen,Noordoostelijk,n/a,headsetmicrofoon,48000
boergait,boergait,20080414,boergait,0.767496,True,mannelijk,volwassen,Noordoostelijk,n/a,headsetmicrofoon,48000
boergait,boergait,20080414,boergait,0.7048474,True,mannelijk,volwassen,Noordoostelijk,n/a,headsetmicrofoon,48000
boergait,boergait,20080414,boergait,0.70580566,True,mannelijk,volwassen,Noordoostelijk,n/a,headsetmicrofoon,48000
boergait,boergait,20080414,boergait,0.68832284,True,mannelijk,volwassen,Noordoostelijk,n/a,headsetmicrofoon,48000
boergait,boergait,20080414,boergait,0.633124,True,mannelijk,volwassen,Noordoostelijk,n/a,headsetmicrofoon,48000
boergait,boergait,20080418,boergerrit,0.5629107,False,mannelijk,volwassen,Noordoostelijk,n/a,headsetmicrofoon,48000
boergait,boergait,20080414,boergait,0.7534909,True,mannelijk,volwassen,Noordoostelijk,n/a,headsetmicrofoon,48000
boergait,boergait,20080414,boergait,0.75362694,True,mannelijk,volwassen,Noordoostelijk,n/a,headsetmicrofoon,48000
boergait,boergait,20080414,boergait,0.6845288,True,mannelijk,volwassen,Noordoostelijk,n/a,headsetmicrofoon,48000
boergait,boergait,20080414,boergait,0.6335305,True,mannelijk,volwassen,Noordoostelijk,n/a,headsetmicrofoon,48000
boergait,boergait,20080414,boergait,0.72734195,True,mannelijk,volwassen,Noordoostelijk,n/a,headsetmicrofoon,48000
boergait,boergait,20080414,boergait,0.6498722,True,mannelijk,volwassen,Noordoostelijk,n/a,headsetmicrofoon,48000
boergait,boergait,20080414,boergait,0.73492676,True,mannelijk,volwassen,Noordoostelijk,n/a,headsetmicrofoon,48000
boergait,boergait,20080414,boergait,0.60251874,True,mannelijk,volwassen,Noordoostelijk,n/a,headsetmicrofoon,48000
boergait,boergait,20080414,boergait,0.6873799,True,mannelijk,volwassen,Noordoostelijk,n/a,headsetmicrofoon,48000
boergait,boergait,20080414,boergait,0.70888054,True,mannelijk,volwassen,Noordoostelijk,n/a,headsetmicrofoon,48000
boergait,boergait,20080414,boergait,0.7512506,True,mannelijk,volwassen,Noordoostelijk,n/a,headsetmicrofoon,48000
boergait,boergait,20080414,boergait,0.71765596,True,mannelijk,volwassen,Noordoostelijk,n/a,headsetmicrofoon,48000
boergait,boergait,20080414,boergait,0.59427714,True,mannelijk,volwassen,Noordoostelijk,n/a,headsetmicrofoon,48000
boergait,boergait,20080414,boergait,0.658427,True,mannelijk,volwassen,Noordoostelijk,n/a,headsetmicrofoon,48000
boergait,boergait,20080414,boergait,0.62376726,True,mannelijk,volwassen,Noordoostelijk,n/a,headsetmicrofoon,48000
boergait,boergait,20080414,boergait,0.77189344,True,mannelijk,volwassen,Noordoostelijk,n/a,headsetmicrofoon,48000
boergait,boergait,20080414,boergait,0.68319803,True,mannelijk,volwassen,Noordoostelijk,n/a,headsetmicrofoon,48000
boergait,boergait,20080414,boergait,0.6960899,True,mannelijk,volwassen,Noordoostelijk,n/a,headsetmicrofoon,48000
boergait,boergait,20080414,boergait,0.5978322,True,mannelijk,volwassen,Noordoostelijk,n/a,headsetmicrofoon,48000
boergait,boergait,20080414,boergait,0.7015797,True,mannelijk,volwassen,Noordoostelijk,n/a,headsetmicrofoon,48000
boergait,boergait,20080418,boergerrit,0.58672214,False,mannelijk,volwassen,Noordoostelijk,n/a,headsetmicrofoon,48000
boergait,boergait,20080414,boergait,0.7488753,True,mannelijk,volwassen,Noordoostelijk,n/a,headsetmicrofoon,48000
boergait,boergait,20080418,boergerrit,0.6358422,False,mannelijk,volwassen,Noordoostelijk,n/a,headsetmicrofoon,48000
boergait,boergait,20080414,boergait,0.6667762,True,mannelijk,volwassen,Noordoostelijk,n/a,headsetmicrofoon,48000
boergait,boergait,20080414,boergait,0.72070515,True,mannelijk,volwassen,Noordoostelijk,n/a,headsetmicrofoon,48000
boergait,boergait,20080414,boergait,0.7366476,True,mannelijk,volwassen,Noordoostelijk,n/a,headsetmicrofoon,48000
boergait,boergait,20080418,boergerrit,0.6313833,False,mannelijk,volwassen,Noordoostelijk,n/a,headsetmicrofoon,48000
boergait,boergait,20080414,boergait,0.73513377,True,mannelijk,volwassen,Noordoostelijk,n/a,headsetmicrofoon,48000
boergait,boergait,20080414,boergait,0.72433245,True,mannelijk,volwassen,Noordoostelijk,n/a,headsetmicrofoon,48000
boergait,boergait,20080414,boergait,0.76985514,True,mannelijk,volwassen,Noordoostelijk,n/a,headsetmicrofoon,48000
boergait,boergait,20080414,boergait,0.72705376,True,mannelijk,volwassen,Noordoostelijk,n/a,headsetmicrofoon,48000
boergait,boergait,20080414,boergait,0.48392102,True,mannelijk,volwassen,Noordoostelijk,n/a,headsetmicrofoon,48000
boergait,boergait,20080414,boergait,0.74711275,True,mannelijk,volwassen,Noordoostelijk,n/a,headsetmicrofoon,48000
boergait,boergait,20080414,boergait,0.78017664,True,mannelijk,volwassen,Noordoostelijk,n/a,headsetmicrofoon,48000
boergait,boergait,20080414,boergait,0.66508615,True,mannelijk,volwassen,Noordoostelijk,n/a,headsetmicrofoon,48000
boergait,boergait,20080414,boergait,0.78714967,True,mannelijk,volwassen,Noordoostelijk,n/a,headsetmicrofoon,48000
boergait,boergait,20080414,boergait,0.778471,True,mannelijk,volwassen,Noordoostelijk,n/a,headsetmicrofoon,48000
boergait,boergait,20080414,boergait,0.7629569,True,mannelijk,volwassen,Noordoostelijk,n/a,headsetmicrofoon,48000
boergait,boergait,20080414,boergait,0.7690722,True,mannelijk,volwassen,Noordoostelijk,n/a,headsetmicrofoon,48000
boergait,boergait,20080414,boergait,0.7318114,True,mannelijk,volwassen,Noordoostelijk,n/a,headsetmicrofoon,48000
boergait,boergait,20080414,boergait,0.7286712,True,mannelijk,volwassen,Noordoostelijk,n/a,headsetmicrofoon,48000
boergait,boergait,20080414,boergait,0.6706455,True,mannelijk,volwassen,Noordoostelijk,n/a,headsetmicrofoon,48000
boergait,boergait,20080414,boergait,0.66486824,True,mannelijk,volwassen,Noordoostelijk,n/a,headsetmicrofoon,48000
boergait,boergait,20080414,boergait,0.67582166,True,mannelijk,volwassen,Noordoostelijk,n/a,headsetmicrofoon,48000
boergait,boergait,20080414,boergait,0.65571046,True,mannelijk,volwassen,Noordoostelijk,n/a,headsetmicrofoon,48000
boergait,boergait,20080414,boergait,0.7109013,True,mannelijk,volwassen,Noordoostelijk,n/a,headsetmicrofoon,48000
boergait,boergait,20080414,boergait,0.7700982,True,mannelijk,volwassen,Noordoostelijk,n/a,headsetmicrofoon,48000
boergait,boergait,20080414,boergait,0.66679454,True,mannelijk,volwassen,Noordoostelijk,n/a,headsetmicrofoon,48000
boergait,boergait,20080414,boergait,0.64123285,True,mannelijk,volwassen,Noordoostelijk,n/a,headsetmicrofoon,48000
boergait,boergait,20080414,boergait,0.7656504,True,mannelijk,volwassen,Noordoostelijk,n/a,headsetmicrofoon,48000
boergait,boergait,20080414,boergait,0.6264936,True,mannelijk,volwassen,Noordoostelijk,n/a,headsetmicrofoon,48000
boergait,boergait,20080414,boergait,0.63209516,True,mannelijk,volwassen,Noordoostelijk,n/a,headsetmicrofoon,48000
boergait,boergait,20080414,boergait,0.6660342,True,mannelijk,volwassen,Noordoostelijk,n/a,headsetmicrofoon,48000
boergait,boergait,20080414,boergait,0.7591715,True,mannelijk,volwassen,Noordoostelijk,n/a,headsetmicrofoon,48000
boergait,boergait,20080414,boergait,0.6279515,True,mannelijk,volwassen,Noordoostelijk,n/a,headsetmicrofoon,48000
boergait,boergait,20080414,boergait,0.6903778,True,mannelijk,volwassen,Noordoostelijk,n/a,headsetmicrofoon,48000
boergait,boergait,20080418,boergerrit,0.627878,False,mannelijk,volwassen,Noordoostelijk,n/a,headsetmicrofoon,48000
boergait,boergait,20080414,boergait,0.6832694,True,mannelijk,volwassen,Noordoostelijk,n/a,headsetmicrofoon,48000
boergait,boergait,20080414,boergait,0.55320954,True,mannelijk,volwassen,Noordoostelijk,n/a,headsetmicrofoon,48000
boergait,boergait,20080414,boergait,0.57984793,True,mannelijk,volwassen,Noordoostelijk,n/a,headsetmicrofoon,48000
boergait,boergait,20080414,boergait,0.7987144,True,mannelijk,volwassen,Noordoostelijk,n/a,headsetmicrofoon,48000
boergait,boergait,20080414,boergait,0.749351,True,mannelijk,volwassen,Noordoostelijk,n/a,headsetmicrofoon,48000
boergait,boergait,20080414,boergait,0.7599311,True,mannelijk,volwassen,Noordoostelijk,n/a,headsetmicrofoon,48000
boergait,boergait,20080414,boergait,0.71511114,True,mannelijk,volwassen,Noordoostelijk,n/a,headsetmicrofoon,48000
boergait,boergait,20080414,boergait,0.76006126,True,mannelijk,volwassen,Noordoostelijk,n/a,headsetmicrofoon,48000
boergait,boergait,20080414,boergait,0.7376864,True,mannelijk,volwassen,Noordoostelijk,n/a,headsetmicrofoon,48000
boergait,boergait,20080414,boergait,0.7692327,True,mannelijk,volwassen,Noordoostelijk,n/a,headsetmicrofoon,48000
boergait,boergait,20080414,boergait,0.81575614,True,mannelijk,volwassen,Noordoostelijk,n/a,headsetmicrofoon,48000
boergait,boergait,20080414,boergait,0.78696394,True,mannelijk,volwassen,Noordoostelijk,n/a,headsetmicrofoon,48000
boergait,boergait,20080414,boergait,0.71029496,True,mannelijk,volwassen,Noordoostelijk,n/a,headsetmicrofoon,48000
boergait,boergait,20080414,boergait,0.6900426,True,mannelijk,volwassen,Noordoostelijk,n/a,headsetmicrofoon,48000
boergait,boergait,20080414,boergait,0.6888875,True,mannelijk,volwassen,Noordoostelijk,n/a,headsetmicrofoon,48000
boergait,boergait,20080414,boergait,0.69379455,True,mannelijk,volwassen,Noordoostelijk,n/a,headsetmicrofoon,48000
boergait,boergait,20080414,boergait,0.7664869,True,mannelijk,volwassen,Noordoostelijk,n/a,headsetmicrofoon,48000
boergait,boergait,20080414,boergait,0.6973048,True,mannelijk,volwassen,Noordoostelijk,n/a,headsetmicrofoon,48000
boergait,boergait,20080414,boergait,0.67186624,True,mannelijk,volwassen,Noordoostelijk,n/a,headsetmicrofoon,48000
boergait,boergait,20080414,boergait,0.6704755,True,mannelijk,volwassen,Noordoostelijk,n/a,headsetmicrofoon,48000
boergait,boergait,20080414,boergait,0.7800878,True,mannelijk,volwassen,Noordoostelijk,n/a,headsetmicrofoon,48000
boergait,boergait,20080414,boergait,0.7089728,True,mannelijk,volwassen,Noordoostelijk,n/a,headsetmicrofoon,48000
boergait,boergait,20080414,boergait,0.7326307,True,mannelijk,volwassen,Noordoostelijk,n/a,headsetmicrofoon,48000
boergait,boergait,20080414,boergait,0.68405926,True,mannelijk,volwassen,Noordoostelijk,n/a,headsetmicrofoon,48000
boergait,boergait,20080414,boergait,0.6783524,True,mannelijk,volwassen,Noordoostelijk,n/a,headsetmicrofoon,48000
boergait,boergait,20080418,boergerrit,0.6228782,False,mannelijk,volwassen,Noordoostelijk,n/a,headsetmicrofoon,48000
boergait,boergait,20080414,boergait,0.7244493,True,mannelijk,volwassen,Noordoostelijk,n/a,headsetmicrofoon,48000
boergait,boergait,20080414,boergait,0.7246841,True,mannelijk,volwassen,Noordoostelijk,n/a,headsetmicrofoon,48000
boergait,boergait,20080414,boergait,0.7386522,True,mannelijk,volwassen,Noordoostelijk,n/a,headsetmicrofoon,48000
boergait,boergait,20080414,boergait,0.70150375,True,mannelijk,volwassen,Noordoostelijk,n/a,headsetmicrofoon,48000
boergait,boergait,20080414,boergait,0.75933105,True,mannelijk,volwassen,Noordoostelijk,n/a,headsetmicrofoon,48000
boergait,boergait,20080414,boergait,0.76288754,True,mannelijk,volwassen,Noordoostelijk,n/a,headsetmicrofoon,48000
boergait,boergait,20080414,boergait,0.81075263,True,mannelijk,volwassen,Noordoostelijk,n/a,headsetmicrofoon,48000
boergait,boergait,20080414,boergait,0.6584668,True,mannelijk,volwassen,Noordoostelijk,n/a,headsetmicrofoon,48000
boergait,boergait,20080414,boergait,0.5917549,True,mannelijk,volwassen,Noordoostelijk,n/a,headsetmicrofoon,48000
boergait,boergait,20080414,boergait,0.6468598,True,mannelijk,volwassen,Noordoostelijk,n/a,headsetmicrofoon,48000
boergait,boergait,20080414,boergait,0.7251733,True,mannelijk,volwassen,Noordoostelijk,n/a,headsetmicrofoon,48000
boergait,boergait,20080414,boergait,0.78082967,True,mannelijk,volwassen,Noordoostelijk,n/a,headsetmicrofoon,48000
boergait,boergait,20080414,boergait,0.59997725,True,mannelijk,volwassen,Noordoostelijk,n/a,headsetmicrofoon,48000
boergait,boergait,20080414,boergait,0.55493057,True,mannelijk,volwassen,Noordoostelijk,n/a,headsetmicrofoon,48000
boergait,boergait,20080414,boergait,0.68987435,True,mannelijk,volwassen,Noordoostelijk,n/a,headsetmicrofoon,48000
boergait,boergait,20080414,boergait,0.4853669,True,mannelijk,volwassen,Noordoostelijk,n/a,headsetmicrofoon,48000
boergait,boergait,20080414,boergait,0.6509371,True,mannelijk,volwassen,Noordoostelijk,n/a,headsetmicrofoon,48000
boergait,boergait,20080414,boergait,0.672485,True,mannelijk,volwassen,Noordoostelijk,n/a,headsetmicrofoon,48000
boergait,boergait,20080418,boergerrit,0.6835924,False,mannelijk,volwassen,Noordoostelijk,n/a,headsetmicrofoon,48000
boergait,boergait,20080414,boergait,0.7417202,True,mannelijk,volwassen,Noordoostelijk,n/a,headsetmicrofoon,48000
boergait,boergait,20080414,boergait,0.70612615,True,mannelijk,volwassen,Noordoostelijk,n/a,headsetmicrofoon,48000
boergait,boergait,20080414,boergait,0.7312256,True,mannelijk,volwassen,Noordoostelijk,n/a,headsetmicrofoon,48000
boergait,boergait,20080414,boergait,0.7917203,True,mannelijk,volwassen,Noordoostelijk,n/a,headsetmicrofoon,48000
boergait,boergait,20080414,boergait,0.6997781,True,mannelijk,volwassen,Noordoostelijk,n/a,headsetmicrofoon,48000
boergait,boergait,20080414,boergait,0.73530924,True,mannelijk,volwassen,Noordoostelijk,n/a,headsetmicrofoon,48000
boergait,boergait,20080414,boergait,0.685266,True,mannelijk,volwassen,Noordoostelijk,n/a,headsetmicrofoon,48000
boergait,boergait,20080414,boergait,0.800362,True,mannelijk,volwassen,Noordoostelijk,n/a,headsetmicrofoon,48000
boergait,boergait,20080414,boergait,0.72015,True,mannelijk,volwassen,Noordoostelijk,n/a,headsetmicrofoon,48000
boergait,boergait,20080414,boergait,0.7122866,True,mannelijk,volwassen,Noordoostelijk,n/a,headsetmicrofoon,48000
boergait,boergait,20080414,boergait,0.68704736,True,mannelijk,volwassen,Noordoostelijk,n/a,headsetmicrofoon,48000
boergait,boergait,20080414,boergait,0.66339487,True,mannelijk,volwassen,Noordoostelijk,n/a,headsetmicrofoon,48000
boergait,boergait,20080414,boergait,0.70730054,True,mannelijk,volwassen,Noordoostelijk,n/a,headsetmicrofoon,48000
boergait,boergait,20080414,boergait,0.54814947,True,mannelijk,volwassen,Noordoostelijk,n/a,headsetmicrofoon,48000
boergait,boergait,20080414,boergait,0.74335825,True,mannelijk,volwassen,Noordoostelijk,n/a,headsetmicrofoon,48000
boergait,boergait,20080414,boergait,0.59111536,True,mannelijk,volwassen,Noordoostelijk,n/a,headsetmicrofoon,48000
boergait,boergait,20080414,boergait,0.7098599,True,mannelijk,volwassen,Noordoostelijk,n/a,headsetmicrofoon,48000
boergait,boergait,20080414,boergait,0.6218951,True,mannelijk,volwassen,Noordoostelijk,n/a,headsetmicrofoon,48000
boergait,boergait,20080414,boergait,0.69555485,True,mannelijk,volwassen,Noordoostelijk,n/a,headsetmicrofoon,48000
boergait,boergait,20080414,boergait,0.63001424,True,mannelijk,volwassen,Noordoostelijk,n/a,headsetmicrofoon,48000
boergait,boergait,20080414,boergait,0.74302685,True,mannelijk,volwassen,Noordoostelijk,n/a,headsetmicrofoon,48000
boergait,boergait,20080414,boergait,0.7242715,True,mannelijk,volwassen,Noordoostelijk,n/a,headsetmicrofoon,48000
boergait,boergait,20080414,boergait,0.48850557,True,mannelijk,volwassen,Noordoostelijk,n/a,headsetmicrofoon,48000
boergait,boergait,20080414,boergait,0.761119,True,mannelijk,volwassen,Noordoostelijk,n/a,headsetmicrofoon,48000
boergait,boergait,20080414,boergait,0.6905999,True,mannelijk,volwassen,Noordoostelijk,n/a,headsetmicrofoon,48000
boergait,boergait,20080414,boergait,0.7657267,True,mannelijk,volwassen,Noordoostelijk,n/a,headsetmicrofoon,48000
boergait,boergait,20080414,boergait,0.6547277,True,mannelijk,volwassen,Noordoostelijk,n/a,headsetmicrofoon,48000
boergait,boergait,20080414,boergait,0.6605895,True,mannelijk,volwassen,Noordoostelijk,n/a,headsetmicrofoon,48000
boergait,boergait,20080414,boergait,0.7430742,True,mannelijk,volwassen,Noordoostelijk,n/a,headsetmicrofoon,48000
boergait,boergait,20080414,boergait,0.69948727,True,mannelijk,volwassen,Noordoostelijk,n/a,headsetmicrofoon,48000
boergait,boergait,20080414,boergait,0.63009965,True,mannelijk,volwassen,Noordoostelijk,n/a,headsetmicrofoon,48000
boergait,boergait,20080414,boergait,0.7161157,True,mannelijk,volwassen,Noordoostelijk,n/a,headsetmicrofoon,48000
boergait,boergait,20080414,boergait,0.6899787,True,mannelijk,volwassen,Noordoostelijk,n/a,headsetmicrofoon,48000
boergait,boergait,20080414,boergait,0.62701505,True,mannelijk,volwassen,Noordoostelijk,n/a,headsetmicrofoon,48000
boergait,boergait,20080414,boergait,0.6938927,True,mannelijk,volwassen,Noordoostelijk,n/a,headsetmicrofoon,48000
boergait,boergait,20080414,boergait,0.6455825,True,mannelijk,volwassen,Noordoostelijk,n/a,headsetmicrofoon,48000
boergait,boergait,20080414,boergait,0.6391179,True,mannelijk,volwassen,Noordoostelijk,n/a,headsetmicrofoon,48000
boergait,boergait,20080414,boergait,0.6987833,True,mannelijk,volwassen,Noordoostelijk,n/a,headsetmicrofoon,48000
boergait,boergait,20080414,boergait,0.7559289,True,mannelijk,volwassen,Noordoostelijk,n/a,headsetmicrofoon,48000
boergait,boergait,20080414,boergait,0.6397586,True,mannelijk,volwassen,Noordoostelijk,n/a,headsetmicrofoon,48000
boergait,boergait,20080414,boergait,0.7057106,True,mannelijk,volwassen,Noordoostelijk,n/a,headsetmicrofoon,48000
boergait,boergait,20080414,boergait,0.7771704,True,mannelijk,volwassen,Noordoostelijk,n/a,headsetmicrofoon,48000
boergait,boergait,20080414,boergait,0.7998369,True,mannelijk,volwassen,Noordoostelijk,n/a,headsetmicrofoon,48000
boergait,boergait,20080414,boergait,0.6967399,True,mannelijk,volwassen,Noordoostelijk,n/a,headsetmicrofoon,48000
boergait,boergait,20080414,boergait,0.78240275,True,mannelijk,volwassen,Noordoostelijk,n/a,headsetmicrofoon,48000
boergait,boergait,20080414,boergait,0.77104366,True,mannelijk,volwassen,Noordoostelijk,n/a,headsetmicrofoon,48000
boergait,boergait,20080414,boergait,0.64425004,True,mannelijk,volwassen,Noordoostelijk,n/a,headsetmicrofoon,48000
boergait,boergait,20080414,boergait,0.78549725,True,mannelijk,volwassen,Noordoostelijk,n/a,headsetmicrofoon,48000
boergait,boergait,20080414,boergait,0.6500157,True,mannelijk,volwassen,Noordoostelijk,n/a,headsetmicrofoon,48000
boergait,boergait,20080414,boergait,0.7125436,True,mannelijk,volwassen,Noordoostelijk,n/a,headsetmicrofoon,48000
boergait,boergait,20080414,boergait,0.7273061,True,mannelijk,volwassen,Noordoostelijk,n/a,headsetmicrofoon,48000
boergait,boergait,20080414,boergait,0.73197436,True,mannelijk,volwassen,Noordoostelijk,n/a,headsetmicrofoon,48000
boergait,boergait,20080414,boergait,0.718297,True,mannelijk,volwassen,Noordoostelijk,n/a,headsetmicrofoon,48000
boergait,boergait,20080414,boergait,0.73858774,True,mannelijk,volwassen,Noordoostelijk,n/a,headsetmicrofoon,48000
boergait,boergait,20080414,boergait,0.72158253,True,mannelijk,volwassen,Noordoostelijk,n/a,headsetmicrofoon,48000
boergait,boergait,20080414,boergait,0.75336295,True,mannelijk,volwassen,Noordoostelijk,n/a,headsetmicrofoon,48000
boergait,boergait,20080414,boergait,0.6389077,True,mannelijk,volwassen,Noordoostelijk,n/a,headsetmicrofoon,48000
boergait,boergait,20080414,boergait,0.7331644,True,mannelijk,volwassen,Noordoostelijk,n/a,headsetmicrofoon,48000
boergait,boergait,20080414,boergait,0.7516602,True,mannelijk,volwassen,Noordoostelijk,n/a,headsetmicrofoon,48000
boergait,boergait,20080414,boergait,0.69219756,True,mannelijk,volwassen,Noordoostelijk,n/a,headsetmicrofoon,48000
boergait,boergait,20080414,boergait,0.6801413,True,mannelijk,volwassen,Noordoostelijk,n/a,headsetmicrofoon,48000
boergait,boergait,20080414,boergait,0.80634785,True,mannelijk,volwassen,Noordoostelijk,n/a,headsetmicrofoon,48000
boergait,boergait,20080414,boergait,0.63008296,True,mannelijk,volwassen,Noordoostelijk,n/a,headsetmicrofoon,48000
boergait,boergait,20080414,boergait,0.7434774,True,mannelijk,volwassen,Noordoostelijk,n/a,headsetmicrofoon,48000
boergait,boergait,20080414,boergait,0.7082238,True,mannelijk,volwassen,Noordoostelijk,n/a,headsetmicrofoon,48000
boergait,boergait,20080414,boergait,0.7414807,True,mannelijk,volwassen,Noordoostelijk,n/a,headsetmicrofoon,48000
boergait,boergait,20080414,boergait,0.7537172,True,mannelijk,volwassen,Noordoostelijk,n/a,headsetmicrofoon,48000
boergait,boergait,20080414,boergait,0.7685847,True,mannelijk,volwassen,Noordoostelijk,n/a,headsetmicrofoon,48000
boergait,boergait,20080414,boergait,0.7004131,True,mannelijk,volwassen,Noordoostelijk,n/a,headsetmicrofoon,48000
boergait,boergait,20080414,boergait,0.68327534,True,mannelijk,volwassen,Noordoostelijk,n/a,headsetmicrofoon,48000
boergait,boergait,20080414,boergait,0.7218313,True,mannelijk,volwassen,Noordoostelijk,n/a,headsetmicrofoon,48000
boergait,boergait,20080414,boergait,0.75935525,True,mannelijk,volwassen,Noordoostelijk,n/a,headsetmicrofoon,48000
boergait,boergait,20080414,boergait,0.7566159,True,mannelijk,volwassen,Noordoostelijk,n/a,headsetmicrofoon,48000
boergait,boergait,20080418,boergerrit,0.646971,False,mannelijk,volwassen,Noordoostelijk,n/a,headsetmicrofoon,48000
boergait,boergait,20080414,boergait,0.6952943,True,mannelijk,volwassen,Noordoostelijk,n/a,headsetmicrofoon,48000
boergait,boergait,20080414,boergait,0.70239055,True,mannelijk,volwassen,Noordoostelijk,n/a,headsetmicrofoon,48000
boergait,boergait,20080414,boergait,0.70594877,True,mannelijk,volwassen,Noordoostelijk,n/a,headsetmicrofoon,48000
boergait,boergait,20080414,boergait,0.63780725,True,mannelijk,volwassen,Noordoostelijk,n/a,headsetmicrofoon,48000
boergait,boergait,20080414,boergait,0.7321617,True,mannelijk,volwassen,Noordoostelijk,n/a,headsetmicrofoon,48000
boergait,boergait,20080414,boergait,0.61167896,True,mannelijk,volwassen,Noordoostelijk,n/a,headsetmicrofoon,48000
boergait,boergait,20080414,boergait,0.70977163,True,mannelijk,volwassen,Noordoostelijk,n/a,headsetmicrofoon,48000
boergait,boergait,20080414,boergait,0.6716294,True,mannelijk,volwassen,Noordoostelijk,n/a,headsetmicrofoon,48000
boergait,boergait,20080414,boergait,0.7346133,True,mannelijk,volwassen,Noordoostelijk,n/a,headsetmicrofoon,48000
boergait,boergait,20080414,boergait,0.76110286,True,mannelijk,volwassen,Noordoostelijk,n/a,headsetmicrofoon,48000
boergait,boergait,20080414,boergait,0.67589915,True,mannelijk,volwassen,Noordoostelijk,n/a,headsetmicrofoon,48000
boergait,boergait,20080414,boergait,0.6497596,True,mannelijk,volwassen,Noordoostelijk,n/a,headsetmicrofoon,48000
boergait,boergait,20080414,boergait,0.567695,True,mannelijk,volwassen,Noordoostelijk,n/a,headsetmicrofoon,48000
boergait,boergait,20080414,boergait,0.6667503,True,mannelijk,volwassen,Noordoostelijk,n/a,headsetmicrofoon,48000
boergait,boergait,20080418,boergerrit,0.46380642,False,mannelijk,volwassen,Noordoostelijk,n/a,headsetmicrofoon,48000
boergait,boergait,20080414,boergait,0.6856357,True,mannelijk,volwassen,Noordoostelijk,n/a,headsetmicrofoon,48000
boergait,boergait,20080414,boergait,0.77683294,True,mannelijk,volwassen,Noordoostelijk,n/a,headsetmicrofoon,48000
boergait,boergait,20080414,boergait,0.67064714,True,mannelijk,volwassen,Noordoostelijk,n/a,headsetmicrofoon,48000
boergait,boergait,20080414,boergait,0.72058785,True,mannelijk,volwassen,Noordoostelijk,n/a,headsetmicrofoon,48000
boergait,boergait,20080414,boergait,0.66545033,True,mannelijk,volwassen,Noordoostelijk,n/a,headsetmicrofoon,48000
boergait,boergait,20080414,boergait,0.66999775,True,mannelijk,volwassen,Noordoostelijk,n/a,headsetmicrofoon,48000
boergait,boergait,20080414,boergait,0.78271246,True,mannelijk,volwassen,Noordoostelijk,n/a,headsetmicrofoon,48000
boergait,boergait,20080414,boergait,0.601659,True,mannelijk,volwassen,Noordoostelijk,n/a,headsetmicrofoon,48000
boergait,boergait,20080414,boergait,0.7410224,True,mannelijk,volwassen,Noordoostelijk,n/a,headsetmicrofoon,48000
boergait,boergait,20080414,boergait,0.5802077,True,mannelijk,volwassen,Noordoostelijk,n/a,headsetmicrofoon,48000
boergait,boergait,20080414,boergait,0.7056448,True,mannelijk,volwassen,Noordoostelijk,n/a,headsetmicrofoon,48000
boergait,boergait,20080414,boergait,0.7169829,True,mannelijk,volwassen,Noordoostelijk,n/a,headsetmicrofoon,48000
boergait,boergait,20080414,boergait,0.76840407,True,mannelijk,volwassen,Noordoostelijk,n/a,headsetmicrofoon,48000
boergait,boergait,20080414,boergait,0.7330552,True,mannelijk,volwassen,Noordoostelijk,n/a,headsetmicrofoon,48000
boergait,boergait,20080414,boergait,0.7170428,True,mannelijk,volwassen,Noordoostelijk,n/a,headsetmicrofoon,48000
boergait,boergait,20080414,boergait,0.6948577,True,mannelijk,volwassen,Noordoostelijk,n/a,headsetmicrofoon,48000
boergait,boergait,20080414,boergait,0.75955594,True,mannelijk,volwassen,Noordoostelijk,n/a,headsetmicrofoon,48000
boergait,boergait,20080414,boergait,0.6169946,True,mannelijk,volwassen,Noordoostelijk,n/a,headsetmicrofoon,48000
boergait,boergait,20080414,boergait,0.68363523,True,mannelijk,volwassen,Noordoostelijk,n/a,headsetmicrofoon,48000
boergait,boergait,20080414,boergait,0.7220334,True,mannelijk,volwassen,Noordoostelijk,n/a,headsetmicrofoon,48000
boergait,boergait,20080414,boergait,0.6538259,True,mannelijk,volwassen,Noordoostelijk,n/a,headsetmicrofoon,48000
boergait,boergait,20080414,boergait,0.73997295,True,mannelijk,volwassen,Noordoostelijk,n/a,headsetmicrofoon,48000
boergait,boergait,20080414,boergait,0.71035874,True,mannelijk,volwassen,Noordoostelijk,n/a,headsetmicrofoon,48000
boergait,boergait,20080414,boergait,0.6876322,True,mannelijk,volwassen,Noordoostelijk,n/a,headsetmicrofoon,48000
boergait,boergait,20080414,boergait,0.74189067,True,mannelijk,volwassen,Noordoostelijk,n/a,headsetmicrofoon,48000
boergait,boergait,20080414,boergait,0.76633584,True,mannelijk,volwassen,Noordoostelijk,n/a,headsetmicrofoon,48000
boergait,boergait,20080414,boergait,0.76021266,True,mannelijk,volwassen,Noordoostelijk,n/a,headsetmicrofoon,48000
boergait,boergait,20080414,boergait,0.7854687,True,mannelijk,volwassen,Noordoostelijk,n/a,headsetmicrofoon,48000
boergait,boergait,20080414,boergait,0.68483305,True,mannelijk,volwassen,Noordoostelijk,n/a,headsetmicrofoon,48000
boergait,boergait,20080414,boergait,0.60799956,True,mannelijk,volwassen,Noordoostelijk,n/a,headsetmicrofoon,48000
boergait,boergait,20080414,boergait,0.70651114,True,mannelijk,volwassen,Noordoostelijk,n/a,headsetmicrofoon,48000
boergait,boergait,20080418,boergerrit,0.66613793,False,mannelijk,volwassen,Noordoostelijk,n/a,headsetmicrofoon,48000
boergait,boergait,20080414,boergait,0.635427,True,mannelijk,volwassen,Noordoostelijk,n/a,headsetmicrofoon,48000
boergait,boergait,20080418,boergerrit,0.6482358,False,mannelijk,volwassen,Noordoostelijk,n/a,headsetmicrofoon,48000
boergait,boergait,20080414,boergait,0.7244569,True,mannelijk,volwassen,Noordoostelijk,n/a,headsetmicrofoon,48000
boergait,boergait,20080414,boergait,0.7394899,True,mannelijk,volwassen,Noordoostelijk,n/a,headsetmicrofoon,48000
boergait,boergait,20080414,boergait,0.69177485,True,mannelijk,volwassen,Noordoostelijk,n/a,headsetmicrofoon,48000
boergait,boergait,20080414,boergait,0.6573854,True,mannelijk,volwassen,Noordoostelijk,n/a,headsetmicrofoon,48000
boergait,boergait,20080414,boergait,0.63461125,True,mannelijk,volwassen,Noordoostelijk,n/a,headsetmicrofoon,48000
boergait,boergait,20080418,boergerrit,0.73176,False,mannelijk,volwassen,Noordoostelijk,n/a,headsetmicrofoon,48000
boergait,boergait,20080414,boergait,0.7326927,True,mannelijk,volwassen,Noordoostelijk,n/a,headsetmicrofoon,48000
boergait,boergait,20080414,boergait,0.630423,True,mannelijk,volwassen,Noordoostelijk,n/a,headsetmicrofoon,48000
boergait,boergait,20080414,boergait,0.7310681,True,mannelijk,volwassen,Noordoostelijk,n/a,headsetmicrofoon,48000
boergait,boergait,20080414,boergait,0.7605655,True,mannelijk,volwassen,Noordoostelijk,n/a,headsetmicrofoon,48000
boergait,boergait,20080414,boergait,0.6628442,True,mannelijk,volwassen,Noordoostelijk,n/a,headsetmicrofoon,48000
boergait,boergait,20080414,boergait,0.7747538,True,mannelijk,volwassen,Noordoostelijk,n/a,headsetmicrofoon,48000
boergait,boergait,20080414,boergait,0.68279386,True,mannelijk,volwassen,Noordoostelijk,n/a,headsetmicrofoon,48000
boergait,boergait,20080414,boergait,0.633911,True,mannelijk,volwassen,Noordoostelijk,n/a,headsetmicrofoon,48000
boergait,boergait,20080414,boergait,0.6937909,True,mannelijk,volwassen,Noordoostelijk,n/a,headsetmicrofoon,48000
boergait,boergait,20080414,boergait,0.7155747,True,mannelijk,volwassen,Noordoostelijk,n/a,headsetmicrofoon,48000
boergait,boergait,20080414,boergait,0.7295325,True,mannelijk,volwassen,Noordoostelijk,n/a,headsetmicrofoon,48000
boergait,boergait,20080414,boergait,0.77245605,True,mannelijk,volwassen,Noordoostelijk,n/a,headsetmicrofoon,48000
boergait,boergait,20080414,boergait,0.5632986,True,mannelijk,volwassen,Noordoostelijk,n/a,headsetmicrofoon,48000
boergait,boergait,20080414,boergait,0.6457561,True,mannelijk,volwassen,Noordoostelijk,n/a,headsetmicrofoon,48000
boergait,boergait,20080414,boergait,0.6717491,True,mannelijk,volwassen,Noordoostelijk,n/a,headsetmicrofoon,48000
boergait,boergait,20080414,boergait,0.6541447,True,mannelijk,volwassen,Noordoostelijk,n/a,headsetmicrofoon,48000
boergait,boergait,20080414,boergait,0.70801747,True,mannelijk,volwassen,Noordoostelijk,n/a,headsetmicrofoon,48000
boergait,boergait,20080414,boergait,0.6681353,True,mannelijk,volwassen,Noordoostelijk,n/a,headsetmicrofoon,48000
boergait,boergait,20080414,boergait,0.6484421,True,mannelijk,volwassen,Noordoostelijk,n/a,headsetmicrofoon,48000
boergait,boergait,20080414,boergait,0.70485806,True,mannelijk,volwassen,Noordoostelijk,n/a,headsetmicrofoon,48000
boergait,boergait,20080414,boergait,0.7542146,True,mannelijk,volwassen,Noordoostelijk,n/a,headsetmicrofoon,48000
boergait,boergait,20080414,boergait,0.75032413,True,mannelijk,volwassen,Noordoostelijk,n/a,headsetmicrofoon,48000
boergait,boergait,20080414,boergait,0.696321,True,mannelijk,volwassen,Noordoostelijk,n/a,headsetmicrofoon,48000
boergait,boergait,20080414,boergait,0.6276825,True,mannelijk,volwassen,Noordoostelijk,n/a,headsetmicrofoon,48000
boergait,boergait,20080414,boergait,0.72231305,True,mannelijk,volwassen,Noordoostelijk,n/a,headsetmicrofoon,48000
boergait,boergait,20080414,boergait,0.5934924,True,mannelijk,volwassen,Noordoostelijk,n/a,headsetmicrofoon,48000
boergait,boergait,20080414,boergait,0.6660204,True,mannelijk,volwassen,Noordoostelijk,n/a,headsetmicrofoon,48000
boergait,boergait,20080414,boergait,0.6977995,True,mannelijk,volwassen,Noordoostelijk,n/a,headsetmicrofoon,48000
boergait,boergait,20080414,boergait,0.6580101,True,mannelijk,volwassen,Noordoostelijk,n/a,headsetmicrofoon,48000
boergait,boergait,20080414,boergait,0.67280924,True,mannelijk,volwassen,Noordoostelijk,n/a,headsetmicrofoon,48000
boergait,boergait,20080418,boergerrit,0.6958264,False,mannelijk,volwassen,Noordoostelijk,n/a,headsetmicrofoon,48000
boergait,boergait,20080418,boergerrit,0.63355243,False,mannelijk,volwassen,Noordoostelijk,n/a,headsetmicrofoon,48000
boergait,boergait,20080414,boergait,0.6594981,True,mannelijk,volwassen,Noordoostelijk,n/a,headsetmicrofoon,48000
boergait,boergait,20080414,boergait,0.60939056,True,mannelijk,volwassen,Noordoostelijk,n/a,headsetmicrofoon,48000
boergait,boergait,20080414,boergait,0.7138248,True,mannelijk,volwassen,Noordoostelijk,n/a,headsetmicrofoon,48000
boergait,boergait,20080414,boergait,0.55830014,True,mannelijk,volwassen,Noordoostelijk,n/a,headsetmicrofoon,48000
boergait,boergait,20080414,boergait,0.7360414,True,mannelijk,volwassen,Noordoostelijk,n/a,headsetmicrofoon,48000
boergait,boergait,20080414,boergait,0.74106824,True,mannelijk,volwassen,Noordoostelijk,n/a,headsetmicrofoon,48000
boergait,boergait,20080414,boergait,0.64055264,True,mannelijk,volwassen,Noordoostelijk,n/a,headsetmicrofoon,48000
boergait,boergait,20080414,boergait,0.70768094,True,mannelijk,volwassen,Noordoostelijk,n/a,headsetmicrofoon,48000
boergait,boergait,20080414,boergait,0.71192914,True,mannelijk,volwassen,Noordoostelijk,n/a,headsetmicrofoon,48000
boergait,boergait,20080414,boergait,0.6892284,True,mannelijk,volwassen,Noordoostelijk,n/a,headsetmicrofoon,48000
boergait,boergait,20080414,boergait,0.7189074,True,mannelijk,volwassen,Noordoostelijk,n/a,headsetmicrofoon,48000
boergait,boergait,20080414,boergait,0.6904701,True,mannelijk,volwassen,Noordoostelijk,n/a,headsetmicrofoon,48000
boergait,boergait,20080414,boergait,0.7456938,True,mannelijk,volwassen,Noordoostelijk,n/a,headsetmicrofoon,48000
boergait,boergait,20080414,boergait,0.75527215,True,mannelijk,volwassen,Noordoostelijk,n/a,headsetmicrofoon,48000
boergait,boergait,20080414,boergait,0.6789112,True,mannelijk,volwassen,Noordoostelijk,n/a,headsetmicrofoon,48000
boergait,boergait,20080414,boergait,0.70898634,True,mannelijk,volwassen,Noordoostelijk,n/a,headsetmicrofoon,48000
boergait,boergait,20080414,boergait,0.7614508,True,mannelijk,volwassen,Noordoostelijk,n/a,headsetmicrofoon,48000
boergait,boergait,20080414,boergait,0.70461786,True,mannelijk,volwassen,Noordoostelijk,n/a,headsetmicrofoon,48000
boergait,boergait,20080414,boergait,0.77812606,True,mannelijk,volwassen,Noordoostelijk,n/a,headsetmicrofoon,48000
boergait,boergait,20080414,boergait,0.74260587,True,mannelijk,volwassen,Noordoostelijk,n/a,headsetmicrofoon,48000
boergait,boergait,20080414,boergait,0.54095775,True,mannelijk,volwassen,Noordoostelijk,n/a,headsetmicrofoon,48000
boergait,boergait,20080414,boergait,0.6319536,True,mannelijk,volwassen,Noordoostelijk,n/a,headsetmicrofoon,48000
boergait,boergait,20080414,boergait,0.7407593,True,mannelijk,volwassen,Noordoostelijk,n/a,headsetmicrofoon,48000
boergait,boergait,20080414,boergait,0.69896305,True,mannelijk,volwassen,Noordoostelijk,n/a,headsetmicrofoon,48000
boergait,boergait,20080414,boergait,0.6439576,True,mannelijk,volwassen,Noordoostelijk,n/a,headsetmicrofoon,48000
boergait,boergait,20080414,boergait,0.6543715,True,mannelijk,volwassen,Noordoostelijk,n/a,headsetmicrofoon,48000
boergait,boergait,20080414,boergait,0.69201297,True,mannelijk,volwassen,Noordoostelijk,n/a,headsetmicrofoon,48000
boergait,boergait,20080418,boergerrit,0.5935807,False,mannelijk,volwassen,Noordoostelijk,n/a,headsetmicrofoon,48000
boergait,boergait,20080414,boergait,0.7354131,True,mannelijk,volwassen,Noordoostelijk,n/a,headsetmicrofoon,48000
boergait,boergait,20080418,boergerrit,0.45403054,False,mannelijk,volwassen,Noordoostelijk,n/a,headsetmicrofoon,48000
boergait,boergait,20080414,boergait,0.51528865,True,mannelijk,volwassen,Noordoostelijk,n/a,headsetmicrofoon,48000
boergait,boergait,20080414,boergait,0.69733524,True,mannelijk,volwassen,Noordoostelijk,n/a,headsetmicrofoon,48000
boergait,boergait,20080414,boergait,0.73148954,True,mannelijk,volwassen,Noordoostelijk,n/a,headsetmicrofoon,48000
boergait,boergait,20080414,boergait,0.5977201,True,mannelijk,volwassen,Noordoostelijk,n/a,headsetmicrofoon,48000
boergait,boergait,20080414,boergait,0.650529,True,mannelijk,volwassen,Noordoostelijk,n/a,headsetmicrofoon,48000
boergait,boergait,20080414,boergait,0.6981187,True,mannelijk,volwassen,Noordoostelijk,n/a,headsetmicrofoon,48000
boergait,boergait,20080418,boergerrit,0.7168257,False,mannelijk,volwassen,Noordoostelijk,n/a,headsetmicrofoon,48000
boergait,boergait,20080414,boergait,0.60153913,True,mannelijk,volwassen,Noordoostelijk,n/a,headsetmicrofoon,48000
boergait,boergait,20080414,boergait,0.65301037,True,mannelijk,volwassen,Noordoostelijk,n/a,headsetmicrofoon,48000
boergait,boergait,20080414,boergait,0.73479986,True,mannelijk,volwassen,Noordoostelijk,n/a,headsetmicrofoon,48000
boergait,boergait,20080414,boergait,0.65601164,True,mannelijk,volwassen,Noordoostelijk,n/a,headsetmicrofoon,48000
boergait,boergait,20080414,boergait,0.62230295,True,mannelijk,volwassen,Noordoostelijk,n/a,headsetmicrofoon,48000
boergait,boergait,20080414,boergait,0.7086904,True,mannelijk,volwassen,Noordoostelijk,n/a,headsetmicrofoon,48000
boergait,boergait,20080418,boergerrit,0.6532121,False,mannelijk,volwassen,Noordoostelijk,n/a,headsetmicrofoon,48000
boergait,boergait,20080414,boergait,0.58247393,True,mannelijk,volwassen,Noordoostelijk,n/a,headsetmicrofoon,48000
boergait,boergait,20080414,boergait,0.6950055,True,mannelijk,volwassen,Noordoostelijk,n/a,headsetmicrofoon,48000
boergait,boergait,20080414,boergait,0.60061413,True,mannelijk,volwassen,Noordoostelijk,n/a,headsetmicrofoon,48000
boergait,boergait,20080414,boergait,0.74713534,True,mannelijk,volwassen,Noordoostelijk,n/a,headsetmicrofoon,48000
boergait,boergait,20080414,boergait,0.776721,True,mannelijk,volwassen,Noordoostelijk,n/a,headsetmicrofoon,48000
boergait,boergait,20080414,boergait,0.7518123,True,mannelijk,volwassen,Noordoostelijk,n/a,headsetmicrofoon,48000
boergait,boergait,20080414,boergait,0.73190594,True,mannelijk,volwassen,Noordoostelijk,n/a,headsetmicrofoon,48000
boergait,boergait,20080414,boergait,0.7480662,True,mannelijk,volwassen,Noordoostelijk,n/a,headsetmicrofoon,48000
boergait,boergait,20080414,boergait,0.73718214,True,mannelijk,volwassen,Noordoostelijk,n/a,headsetmicrofoon,48000
boergait,boergait,20080414,boergait,0.7286526,True,mannelijk,volwassen,Noordoostelijk,n/a,headsetmicrofoon,48000
boergait,boergait,20080414,boergait,0.60950774,True,mannelijk,volwassen,Noordoostelijk,n/a,headsetmicrofoon,48000
boergait,boergait,20080418,boergerrit,0.58190256,False,mannelijk,volwassen,Noordoostelijk,n/a,headsetmicrofoon,48000
boergait,boergait,20080414,boergait,0.71177685,True,mannelijk,volwassen,Noordoostelijk,n/a,headsetmicrofoon,48000
boergait,boergait,20080414,boergait,0.7092321,True,mannelijk,volwassen,Noordoostelijk,n/a,headsetmicrofoon,48000
boergait,boergait,20080414,boergait,0.7285583,True,mannelijk,volwassen,Noordoostelijk,n/a,headsetmicrofoon,48000
boergait,boergait,20080414,boergait,0.64372635,True,mannelijk,volwassen,Noordoostelijk,n/a,headsetmicrofoon,48000
boergait,boergait,20080414,boergait,0.50251746,True,mannelijk,volwassen,Noordoostelijk,n/a,headsetmicrofoon,48000
boergait,boergait,20080414,boergait,0.71305966,True,mannelijk,volwassen,Noordoostelijk,n/a,headsetmicrofoon,48000
boergait,boergait,20080414,boergait,0.6272537,True,mannelijk,volwassen,Noordoostelijk,n/a,headsetmicrofoon,48000
boergait,boergait,20080414,boergait,0.7009666,True,mannelijk,volwassen,Noordoostelijk,n/a,headsetmicrofoon,48000
boergait,boergait,20080414,boergait,0.7252862,True,mannelijk,volwassen,Noordoostelijk,n/a,headsetmicrofoon,48000
boergait,boergait,20080414,boergait,0.7313115,True,mannelijk,volwassen,Noordoostelijk,n/a,headsetmicrofoon,48000
boergait,boergait,20080418,boergerrit,0.68916214,False,mannelijk,volwassen,Noordoostelijk,n/a,headsetmicrofoon,48000
boergait,boergait,20080414,boergait,0.7038404,True,mannelijk,volwassen,Noordoostelijk,n/a,headsetmicrofoon,48000
boergait,boergait,20080414,boergait,0.6850978,True,mannelijk,volwassen,Noordoostelijk,n/a,headsetmicrofoon,48000
boergait,boergait,20080414,boergait,0.7819771,True,mannelijk,volwassen,Noordoostelijk,n/a,headsetmicrofoon,48000
boergait,boergait,20080414,boergait,0.7548934,True,mannelijk,volwassen,Noordoostelijk,n/a,headsetmicrofoon,48000
boergait,boergait,20080414,boergait,0.63050735,True,mannelijk,volwassen,Noordoostelijk,n/a,headsetmicrofoon,48000
boergait,boergait,20080414,boergait,0.57504356,True,mannelijk,volwassen,Noordoostelijk,n/a,headsetmicrofoon,48000
boergait,boergait,20080414,boergait,0.6573546,True,mannelijk,volwassen,Noordoostelijk,n/a,headsetmicrofoon,48000
boergait,boergait,20080414,boergait,0.69836265,True,mannelijk,volwassen,Noordoostelijk,n/a,headsetmicrofoon,48000
boergait,boergait,20080418,boergerrit,0.69044113,False,mannelijk,volwassen,Noordoostelijk,n/a,headsetmicrofoon,48000
boergait,boergait,20080414,boergait,0.72520983,True,mannelijk,volwassen,Noordoostelijk,n/a,headsetmicrofoon,48000
boergait,boergait,20080414,boergait,0.68641317,True,mannelijk,volwassen,Noordoostelijk,n/a,headsetmicrofoon,48000
boergait,boergait,20080414,boergait,0.63729304,True,mannelijk,volwassen,Noordoostelijk,n/a,headsetmicrofoon,48000
boergait,boergait,20080414,boergait,0.7146273,True,mannelijk,volwassen,Noordoostelijk,n/a,headsetmicrofoon,48000
boergait,boergait,20080414,boergait,0.7276615,True,mannelijk,volwassen,Noordoostelijk,n/a,headsetmicrofoon,48000
boergait,boergait,20080418,boergerrit,0.5809252,False,mannelijk,volwassen,Noordoostelijk,n/a,headsetmicrofoon,48000
boergait,boergait,20080414,boergait,0.70101535,True,mannelijk,volwassen,Noordoostelijk,n/a,headsetmicrofoon,48000
boergait,boergait,20080414,boergait,0.73841023,True,mannelijk,volwassen,Noordoostelijk,n/a,headsetmicrofoon,48000
boergait,boergait,20080414,boergait,0.71531945,True,mannelijk,volwassen,Noordoostelijk,n/a,headsetmicrofoon,48000
boergait,boergait,20080414,boergait,0.6769807,True,mannelijk,volwassen,Noordoostelijk,n/a,headsetmicrofoon,48000
boergait,boergait,20080414,boergait,0.6518756,True,mannelijk,volwassen,Noordoostelijk,n/a,headsetmicrofoon,48000
boergait,boergait,20080414,boergait,0.73258746,True,mannelijk,volwassen,Noordoostelijk,n/a,headsetmicrofoon,48000
boergait,boergait,20080414,boergait,0.7285292,True,mannelijk,volwassen,Noordoostelijk,n/a,headsetmicrofoon,48000
boergait,boergait,20080414,boergait,0.73600745,True,mannelijk,volwassen,Noordoostelijk,n/a,headsetmicrofoon,48000
boergait,boergait,20080414,boergait,0.68238926,True,mannelijk,volwassen,Noordoostelijk,n/a,headsetmicrofoon,48000
boergait,boergait,20080414,boergait,0.6735083,True,mannelijk,volwassen,Noordoostelijk,n/a,headsetmicrofoon,48000
boergait,boergait,20080414,boergait,0.7229229,True,mannelijk,volwassen,Noordoostelijk,n/a,headsetmicrofoon,48000
boergait,boergait,20080414,boergait,0.66091746,True,mannelijk,volwassen,Noordoostelijk,n/a,headsetmicrofoon,48000
boergait,boergait,20080414,boergait,0.69123334,True,mannelijk,volwassen,Noordoostelijk,n/a,headsetmicrofoon,48000
boergait,boergait,20080414,boergait,0.6707252,True,mannelijk,volwassen,Noordoostelijk,n/a,headsetmicrofoon,48000
boergait,boergait,20080414,boergait,0.7625145,True,mannelijk,volwassen,Noordoostelijk,n/a,headsetmicrofoon,48000
boergait,boergait,20080414,boergait,0.5647553,True,mannelijk,volwassen,Noordoostelijk,n/a,headsetmicrofoon,48000
boergait,boergait,20080414,boergait,0.72656643,True,mannelijk,volwassen,Noordoostelijk,n/a,headsetmicrofoon,48000
boergait,boergait,20080414,boergait,0.67260545,True,mannelijk,volwassen,Noordoostelijk,n/a,headsetmicrofoon,48000
boergait,boergait,20080414,boergait,0.7467841,True,mannelijk,volwassen,Noordoostelijk,n/a,headsetmicrofoon,48000
boergait,boergait,20080418,boergerrit,0.6635089,False,mannelijk,volwassen,Noordoostelijk,n/a,headsetmicrofoon,48000
boergait,boergait,20080414,boergait,0.67629576,True,mannelijk,volwassen,Noordoostelijk,n/a,headsetmicrofoon,48000
boergait,boergait,20080414,boergait,0.709087,True,mannelijk,volwassen,Noordoostelijk,n/a,headsetmicrofoon,48000
boergait,boergait,20080414,boergait,0.72507006,True,mannelijk,volwassen,Noordoostelijk,n/a,headsetmicrofoon,48000
boergait,boergait,20080414,boergait,0.7635609,True,mannelijk,volwassen,Noordoostelijk,n/a,headsetmicrofoon,48000
boergait,boergait,20080414,boergait,0.7367853,True,mannelijk,volwassen,Noordoostelijk,n/a,headsetmicrofoon,48000
boergait,boergait,20080414,boergait,0.7062813,True,mannelijk,volwassen,Noordoostelijk,n/a,headsetmicrofoon,48000
boergait,boergait,20080414,boergait,0.746506,True,mannelijk,volwassen,Noordoostelijk,n/a,headsetmicrofoon,48000
boergait,boergait,20080414,boergait,0.720666,True,mannelijk,volwassen,Noordoostelijk,n/a,headsetmicrofoon,48000
boergait,boergait,20080414,boergait,0.72942954,True,mannelijk,volwassen,Noordoostelijk,n/a,headsetmicrofoon,48000
boergait,boergait,20080414,boergait,0.7402799,True,mannelijk,volwassen,Noordoostelijk,n/a,headsetmicrofoon,48000
boergait,boergait,20080414,boergait,0.71735686,True,mannelijk,volwassen,Noordoostelijk,n/a,headsetmicrofoon,48000
boergait,boergait,20080414,boergait,0.7302752,True,mannelijk,volwassen,Noordoostelijk,n/a,headsetmicrofoon,48000
boergait,boergait,20080414,boergait,0.75886345,True,mannelijk,volwassen,Noordoostelijk,n/a,headsetmicrofoon,48000
boergait,boergait,20080414,boergait,0.7832817,True,mannelijk,volwassen,Noordoostelijk,n/a,headsetmicrofoon,48000
boergait,boergait,20080414,boergait,0.69507813,True,mannelijk,volwassen,Noordoostelijk,n/a,headsetmicrofoon,48000
boergait,boergait,20080414,boergait,0.66028035,True,mannelijk,volwassen,Noordoostelijk,n/a,headsetmicrofoon,48000
boergait,boergait,20080414,boergait,0.59894925,True,mannelijk,volwassen,Noordoostelijk,n/a,headsetmicrofoon,48000
boergait,boergait,20080414,boergait,0.57409847,True,mannelijk,volwassen,Noordoostelijk,n/a,headsetmicrofoon,48000
boergait,boergait,20080418,boergerrit,0.58396924,False,mannelijk,volwassen,Noordoostelijk,n/a,headsetmicrofoon,48000
boergait,boergait,20080414,boergait,0.64957696,True,mannelijk,volwassen,Noordoostelijk,n/a,headsetmicrofoon,48000
boergait,boergait,20080418,boergerrit,0.6580034,False,mannelijk,volwassen,Noordoostelijk,n/a,headsetmicrofoon,48000
boergait,boergait,20080414,boergait,0.6710533,True,mannelijk,volwassen,Noordoostelijk,n/a,headsetmicrofoon,48000
boergait,boergait,20080414,boergait,0.7705389,True,mannelijk,volwassen,Noordoostelijk,n/a,headsetmicrofoon,48000
boergait,boergait,20080414,boergait,0.6247966,True,mannelijk,volwassen,Noordoostelijk,n/a,headsetmicrofoon,48000
boergait,boergait,20080418,boergerrit,0.63702047,False,mannelijk,volwassen,Noordoostelijk,n/a,headsetmicrofoon,48000
boergait,boergait,20080414,boergait,0.63919204,True,mannelijk,volwassen,Noordoostelijk,n/a,headsetmicrofoon,48000
boergait,boergait,20080414,boergait,0.67359215,True,mannelijk,volwassen,Noordoostelijk,n/a,headsetmicrofoon,48000
boergait,boergait,20080414,boergait,0.7668622,True,mannelijk,volwassen,Noordoostelijk,n/a,headsetmicrofoon,48000
boergait,boergait,20080414,boergait,0.5285579,True,mannelijk,volwassen,Noordoostelijk,n/a,headsetmicrofoon,48000
boergait,boergait,20080414,boergait,0.72977644,True,mannelijk,volwassen,Noordoostelijk,n/a,headsetmicrofoon,48000
boergait,boergait,20080414,boergait,0.7266406,True,mannelijk,volwassen,Noordoostelijk,n/a,headsetmicrofoon,48000
boergait,boergait,20080414,boergait,0.70773554,True,mannelijk,volwassen,Noordoostelijk,n/a,headsetmicrofoon,48000
boergait,boergait,20080414,boergait,0.65467155,True,mannelijk,volwassen,Noordoostelijk,n/a,headsetmicrofoon,48000
boergait,boergait,20080414,boergait,0.73265237,True,mannelijk,volwassen,Noordoostelijk,n/a,headsetmicrofoon,48000
boergait,boergait,20080414,boergait,0.7118805,True,mannelijk,volwassen,Noordoostelijk,n/a,headsetmicrofoon,48000
boergait,boergait,20080414,boergait,0.7384292,True,mannelijk,volwassen,Noordoostelijk,n/a,headsetmicrofoon,48000
boergait,boergait,20080414,boergait,0.6734085,True,mannelijk,volwassen,Noordoostelijk,n/a,headsetmicrofoon,48000
boergait,boergait,20080414,boergait,0.64882267,True,mannelijk,volwassen,Noordoostelijk,n/a,headsetmicrofoon,48000
boergait,boergait,20080414,boergait,0.64608526,True,mannelijk,volwassen,Noordoostelijk,n/a,headsetmicrofoon,48000
boergait,boergait,20080414,boergait,0.69243836,True,mannelijk,volwassen,Noordoostelijk,n/a,headsetmicrofoon,48000
boergait,boergait,20080414,boergait,0.5977721,True,mannelijk,volwassen,Noordoostelijk,n/a,headsetmicrofoon,48000
boergait,boergait,20080414,boergait,0.6820237,True,mannelijk,volwassen,Noordoostelijk,n/a,headsetmicrofoon,48000
boergait,boergait,20080414,boergait,0.6834062,True,mannelijk,volwassen,Noordoostelijk,n/a,headsetmicrofoon,48000
boergait,boergait,20080414,boergait,0.70157593,True,mannelijk,volwassen,Noordoostelijk,n/a,headsetmicrofoon,48000
boergait,boergait,20080414,boergait,0.7440657,True,mannelijk,volwassen,Noordoostelijk,n/a,headsetmicrofoon,48000
boergait,boergait,20080414,boergait,0.7796874,True,mannelijk,volwassen,Noordoostelijk,n/a,headsetmicrofoon,48000
boergait,boergait,20080414,boergait,0.71860933,True,mannelijk,volwassen,Noordoostelijk,n/a,headsetmicrofoon,48000
boergait,boergait,20080414,boergait,0.7498634,True,mannelijk,volwassen,Noordoostelijk,n/a,headsetmicrofoon,48000
boergait,boergait,20080414,boergait,0.58066946,True,mannelijk,volwassen,Noordoostelijk,n/a,headsetmicrofoon,48000
boergait,boergait,20080414,boergait,0.7602705,True,mannelijk,volwassen,Noordoostelijk,n/a,headsetmicrofoon,48000
boergait,boergait,20080414,boergait,0.7171765,True,mannelijk,volwassen,Noordoostelijk,n/a,headsetmicrofoon,48000
boergait,boergait,20080414,boergait,0.6803213,True,mannelijk,volwassen,Noordoostelijk,n/a,headsetmicrofoon,48000
boergait,boergait,20080414,boergait,0.59185624,True,mannelijk,volwassen,Noordoostelijk,n/a,headsetmicrofoon,48000
boergait,boergait,20080414,boergait,0.74115103,True,mannelijk,volwassen,Noordoostelijk,n/a,headsetmicrofoon,48000
boergait,boergait,20080414,boergait,0.667124,True,mannelijk,volwassen,Noordoostelijk,n/a,headsetmicrofoon,48000
boergait,boergait,20080414,boergait,0.7337005,True,mannelijk,volwassen,Noordoostelijk,n/a,headsetmicrofoon,48000
boergait,boergait,20080414,boergait,0.75028706,True,mannelijk,volwassen,Noordoostelijk,n/a,headsetmicrofoon,48000
boergait,boergait,20080414,boergait,0.690333,True,mannelijk,volwassen,Noordoostelijk,n/a,headsetmicrofoon,48000
boergait,boergait,20080414,boergait,0.7345232,True,mannelijk,volwassen,Noordoostelijk,n/a,headsetmicrofoon,48000
boergait,boergait,20080418,boergerrit,0.6028945,False,mannelijk,volwassen,Noordoostelijk,n/a,headsetmicrofoon,48000
boergait,boergait,20080414,boergait,0.6623374,True,mannelijk,volwassen,Noordoostelijk,n/a,headsetmicrofoon,48000
boergait,boergait,20080414,boergait,0.7065097,True,mannelijk,volwassen,Noordoostelijk,n/a,headsetmicrofoon,48000
boergait,boergait,20080414,boergait,0.6077858,True,mannelijk,volwassen,Noordoostelijk,n/a,headsetmicrofoon,48000
boergait,boergait,20080414,boergait,0.68530345,True,mannelijk,volwassen,Noordoostelijk,n/a,headsetmicrofoon,48000
boergait,boergait,20080414,boergait,0.7521565,True,mannelijk,volwassen,Noordoostelijk,n/a,headsetmicrofoon,48000
boergait,boergait,20080414,boergait,0.7767618,True,mannelijk,volwassen,Noordoostelijk,n/a,headsetmicrofoon,48000
boergait,boergait,20080414,boergait,0.7619976,True,mannelijk,volwassen,Noordoostelijk,n/a,headsetmicrofoon,48000
boergait,boergait,20080414,boergait,0.5423151,True,mannelijk,volwassen,Noordoostelijk,n/a,headsetmicrofoon,48000
boergait,boergait,20080414,boergait,0.78629595,True,mannelijk,volwassen,Noordoostelijk,n/a,headsetmicrofoon,48000
boergait,boergait,20080414,boergait,0.66343254,True,mannelijk,volwassen,Noordoostelijk,n/a,headsetmicrofoon,48000
boergait,boergait,20080414,boergait,0.76678085,True,mannelijk,volwassen,Noordoostelijk,n/a,headsetmicrofoon,48000
boergait,boergait,20080414,boergait,0.7227993,True,mannelijk,volwassen,Noordoostelijk,n/a,headsetmicrofoon,48000
boergait,boergait,20080414,boergait,0.60364366,True,mannelijk,volwassen,Noordoostelijk,n/a,headsetmicrofoon,48000
boergait,boergait,20080414,boergait,0.6802683,True,mannelijk,volwassen,Noordoostelijk,n/a,headsetmicrofoon,48000
boergait,boergait,20080414,boergait,0.67996234,True,mannelijk,volwassen,Noordoostelijk,n/a,headsetmicrofoon,48000
boergait,boergait,20080414,boergait,0.69944733,True,mannelijk,volwassen,Noordoostelijk,n/a,headsetmicrofoon,48000
boergait,boergait,20080414,boergait,0.65592086,True,mannelijk,volwassen,Noordoostelijk,n/a,headsetmicrofoon,48000
boergait,boergait,20080414,boergait,0.65209794,True,mannelijk,volwassen,Noordoostelijk,n/a,headsetmicrofoon,48000
boergait,boergait,20080418,boergerrit,0.6268277,False,mannelijk,volwassen,Noordoostelijk,n/a,headsetmicrofoon,48000
boergait,boergait,20080414,boergait,0.6836735,True,mannelijk,volwassen,Noordoostelijk,n/a,headsetmicrofoon,48000
boergait,boergait,20080414,boergait,0.72259355,True,mannelijk,volwassen,Noordoostelijk,n/a,headsetmicrofoon,48000
boergait,boergait,20080418,boergerrit,0.5828248,False,mannelijk,volwassen,Noordoostelijk,n/a,headsetmicrofoon,48000
boergait,boergait,20080414,boergait,0.71151036,True,mannelijk,volwassen,Noordoostelijk,n/a,headsetmicrofoon,48000
boergait,boergait,20080414,boergait,0.72724295,True,mannelijk,volwassen,Noordoostelijk,n/a,headsetmicrofoon,48000
boergait,boergait,20080414,boergait,0.78072464,True,mannelijk,volwassen,Noordoostelijk,n/a,headsetmicrofoon,48000
boergait,boergait,20080414,boergait,0.6021999,True,mannelijk,volwassen,Noordoostelijk,n/a,headsetmicrofoon,48000
boergait,boergait,20080414,boergait,0.6315527,True,mannelijk,volwassen,Noordoostelijk,n/a,headsetmicrofoon,48000
boergait,boergait,20080418,boergerrit,0.6480566,False,mannelijk,volwassen,Noordoostelijk,n/a,headsetmicrofoon,48000
boergait,boergait,20080418,boergerrit,0.6141106,False,mannelijk,volwassen,Noordoostelijk,n/a,headsetmicrofoon,48000
boergait,boergait,20080414,boergait,0.688501,True,mannelijk,volwassen,Noordoostelijk,n/a,headsetmicrofoon,48000
boergait,boergait,20080414,boergait,0.6070166,True,mannelijk,volwassen,Noordoostelijk,n/a,headsetmicrofoon,48000
boergait,boergait,20080414,boergait,0.5747627,True,mannelijk,volwassen,Noordoostelijk,n/a,headsetmicrofoon,48000
boergait,boergait,20080418,boergerrit,0.590176,False,mannelijk,volwassen,Noordoostelijk,n/a,headsetmicrofoon,48000
boergait,boergait,20080414,boergait,0.6115978,True,mannelijk,volwassen,Noordoostelijk,n/a,headsetmicrofoon,48000
boergait,boergait,20080414,boergait,0.64898545,True,mannelijk,volwassen,Noordoostelijk,n/a,headsetmicrofoon,48000
boergait,boergait,20080414,boergait,0.72646093,True,mannelijk,volwassen,Noordoostelijk,n/a,headsetmicrofoon,48000
boergait,boergait,20080414,boergait,0.6669184,True,mannelijk,volwassen,Noordoostelijk,n/a,headsetmicrofoon,48000
boergait,boergait,20080414,boergait,0.62995166,True,mannelijk,volwassen,Noordoostelijk,n/a,headsetmicrofoon,48000
boergait,boergait,20080414,boergait,0.6977062,True,mannelijk,volwassen,Noordoostelijk,n/a,headsetmicrofoon,48000
boergait,boergait,20080414,boergait,0.6588166,True,mannelijk,volwassen,Noordoostelijk,n/a,headsetmicrofoon,48000
boergait,boergait,20080414,boergait,0.66059405,True,mannelijk,volwassen,Noordoostelijk,n/a,headsetmicrofoon,48000
boergait,boergait,20080414,boergait,0.61739975,True,mannelijk,volwassen,Noordoostelijk,n/a,headsetmicrofoon,48000
boergait,boergait,20080414,boergait,0.6888172,True,mannelijk,volwassen,Noordoostelijk,n/a,headsetmicrofoon,48000
boergait,boergait,20080414,boergait,0.74601483,True,mannelijk,volwassen,Noordoostelijk,n/a,headsetmicrofoon,48000
boergait,boergait,20080414,boergait,0.75015557,True,mannelijk,volwassen,Noordoostelijk,n/a,headsetmicrofoon,48000
boergait,boergait,20080414,boergait,0.5039566,True,mannelijk,volwassen,Noordoostelijk,n/a,headsetmicrofoon,48000
boergait,boergait,20080414,boergait,0.71158254,True,mannelijk,volwassen,Noordoostelijk,n/a,headsetmicrofoon,48000
boergait,boergait,20080414,boergait,0.6255648,True,mannelijk,volwassen,Noordoostelijk,n/a,headsetmicrofoon,48000
boergait,boergait,20080414,boergait,0.71086335,True,mannelijk,volwassen,Noordoostelijk,n/a,headsetmicrofoon,48000
boergait,boergait,20080414,boergait,0.732885,True,mannelijk,volwassen,Noordoostelijk,n/a,headsetmicrofoon,48000
boergait,boergait,20080418,boergerrit,0.67571896,False,mannelijk,volwassen,Noordoostelijk,n/a,headsetmicrofoon,48000
boergait,boergait,20080414,boergait,0.67042214,True,mannelijk,volwassen,Noordoostelijk,n/a,headsetmicrofoon,48000
boergait,boergait,20080418,boergerrit,0.6251696,False,mannelijk,volwassen,Noordoostelijk,n/a,headsetmicrofoon,48000
boergait,boergait,20080414,boergait,0.67400444,True,mannelijk,volwassen,Noordoostelijk,n/a,headsetmicrofoon,48000
boergait,boergait,20080418,boergerrit,0.6173891,False,mannelijk,volwassen,Noordoostelijk,n/a,headsetmicrofoon,48000
boergait,boergait,20080418,boergerrit,0.6449727,False,mannelijk,volwassen,Noordoostelijk,n/a,headsetmicrofoon,48000
boergait,boergait,20080414,boergait,0.67114806,True,mannelijk,volwassen,Noordoostelijk,n/a,headsetmicrofoon,48000
boergait,boergait,20080414,boergait,0.6223601,True,mannelijk,volwassen,Noordoostelijk,n/a,headsetmicrofoon,48000
boergait,boergait,20080414,boergait,0.5370784,True,mannelijk,volwassen,Noordoostelijk,n/a,headsetmicrofoon,48000
boergait,boergait,20080414,boergait,0.5170763,True,mannelijk,volwassen,Noordoostelijk,n/a,headsetmicrofoon,48000
boergait,boergait,20080414,boergait,0.7106544,True,mannelijk,volwassen,Noordoostelijk,n/a,headsetmicrofoon,48000
boergait,boergait,20080414,boergait,0.6970744,True,mannelijk,volwassen,Noordoostelijk,n/a,headsetmicrofoon,48000
boergait,boergait,20080414,boergait,0.69126135,True,mannelijk,volwassen,Noordoostelijk,n/a,headsetmicrofoon,48000
boergait,boergait,20080414,boergait,0.68445,True,mannelijk,volwassen,Noordoostelijk,n/a,headsetmicrofoon,48000
boergait,boergait,20080414,boergait,0.6962201,True,mannelijk,volwassen,Noordoostelijk,n/a,headsetmicrofoon,48000
boergait,boergait,20080414,boergait,0.6238773,True,mannelijk,volwassen,Noordoostelijk,n/a,headsetmicrofoon,48000
boergait,boergait,20080418,boergerrit,0.55603975,False,mannelijk,volwassen,Noordoostelijk,n/a,headsetmicrofoon,48000
boergait,boergait,20080414,boergait,0.676319,True,mannelijk,volwassen,Noordoostelijk,n/a,headsetmicrofoon,48000
boergait,boergait,20080414,boergait,0.6509522,True,mannelijk,volwassen,Noordoostelijk,n/a,headsetmicrofoon,48000
boergait,boergait,20080414,boergait,0.6365247,True,mannelijk,volwassen,Noordoostelijk,n/a,headsetmicrofoon,48000
boergait,boergait,20080414,boergait,0.55703354,True,mannelijk,volwassen,Noordoostelijk,n/a,headsetmicrofoon,48000
boergait,boergait,20080414,boergait,0.71442986,True,mannelijk,volwassen,Noordoostelijk,n/a,headsetmicrofoon,48000
boergait,boergait,20080414,boergait,0.5017104,True,mannelijk,volwassen,Noordoostelijk,n/a,headsetmicrofoon,48000
boergait,boergait,20080414,boergait,0.66247594,True,mannelijk,volwassen,Noordoostelijk,n/a,headsetmicrofoon,48000
boergait,boergait,20080414,boergait,0.66630715,True,mannelijk,volwassen,Noordoostelijk,n/a,headsetmicrofoon,48000
boergait,boergait,20080414,boergait,0.6858256,True,mannelijk,volwassen,Noordoostelijk,n/a,headsetmicrofoon,48000
boergait,boergait,20080414,boergait,0.7289379,True,mannelijk,volwassen,Noordoostelijk,n/a,headsetmicrofoon,48000
boergait,boergait,20080414,boergait,0.6735357,True,mannelijk,volwassen,Noordoostelijk,n/a,headsetmicrofoon,48000
boergait,boergait,20080414,boergait,0.6247281,True,mannelijk,volwassen,Noordoostelijk,n/a,headsetmicrofoon,48000
boergait,boergait,20080414,boergait,0.6362715,True,mannelijk,volwassen,Noordoostelijk,n/a,headsetmicrofoon,48000
boergait,boergait,20080414,boergait,0.50743616,True,mannelijk,volwassen,Noordoostelijk,n/a,headsetmicrofoon,48000
boergait,boergait,20080418,boergerrit,0.63432145,False,mannelijk,volwassen,Noordoostelijk,n/a,headsetmicrofoon,48000
boergait,boergait,20080414,boergait,0.6787324,True,mannelijk,volwassen,Noordoostelijk,n/a,headsetmicrofoon,48000
boergait,boergait,20080414,boergait,0.70832014,True,mannelijk,volwassen,Noordoostelijk,n/a,headsetmicrofoon,48000
boergait,boergait,20080414,boergait,0.6725713,True,mannelijk,volwassen,Noordoostelijk,n/a,headsetmicrofoon,48000
boergait,boergait,20080414,boergait,0.6022979,True,mannelijk,volwassen,Noordoostelijk,n/a,headsetmicrofoon,48000
boergait,boergait,20080414,boergait,0.5916665,True,mannelijk,volwassen,Noordoostelijk,n/a,headsetmicrofoon,48000
boergait,boergait,20080414,boergait,0.676301,True,mannelijk,volwassen,Noordoostelijk,n/a,headsetmicrofoon,48000
boergait,boergait,20080414,boergait,0.69141304,True,mannelijk,volwassen,Noordoostelijk,n/a,headsetmicrofoon,48000
boergait,boergait,20080414,boergait,0.6122998,True,mannelijk,volwassen,Noordoostelijk,n/a,headsetmicrofoon,48000
boergait,boergait,20080414,boergait,0.643776,True,mannelijk,volwassen,Noordoostelijk,n/a,headsetmicrofoon,48000
boergait,boergait,20080414,boergait,0.6595739,True,mannelijk,volwassen,Noordoostelijk,n/a,headsetmicrofoon,48000
boergait,boergait,20080414,boergait,0.6299555,True,mannelijk,volwassen,Noordoostelijk,n/a,headsetmicrofoon,48000
boergait,boergait,20080414,boergait,0.70905197,True,mannelijk,volwassen,Noordoostelijk,n/a,headsetmicrofoon,48000
boergait,boergait,20080414,boergait,0.65069026,True,mannelijk,volwassen,Noordoostelijk,n/a,headsetmicrofoon,48000
boergait,boergait,20080414,boergait,0.7502131,True,mannelijk,volwassen,Noordoostelijk,n/a,headsetmicrofoon,48000
boergait,boergait,20080414,boergait,0.50681305,True,mannelijk,volwassen,Noordoostelijk,n/a,headsetmicrofoon,48000
boergait,boergait,20080414,boergait,0.61655426,True,mannelijk,volwassen,Noordoostelijk,n/a,headsetmicrofoon,48000
boergait,boergait,20080418,boergerrit,0.58803844,False,mannelijk,volwassen,Noordoostelijk,n/a,headsetmicrofoon,48000
boergait,boergait,20080414,boergait,0.4942563,True,mannelijk,volwassen,Noordoostelijk,n/a,headsetmicrofoon,48000
boergait,boergait,20080414,boergait,0.62936205,True,mannelijk,volwassen,Noordoostelijk,n/a,headsetmicrofoon,48000
boergait,boergait,20080418,boergerrit,0.5154873,False,mannelijk,volwassen,Noordoostelijk,n/a,headsetmicrofoon,48000
boergait,boergait,20080414,boergait,0.63106793,True,mannelijk,volwassen,Noordoostelijk,n/a,headsetmicrofoon,48000
boergait,boergait,20080414,boergait,0.523008,True,mannelijk,volwassen,Noordoostelijk,n/a,headsetmicrofoon,48000
boergait,boergait,20080414,boergait,0.70460093,True,mannelijk,volwassen,Noordoostelijk,n/a,headsetmicrofoon,48000
boergait,boergait,20080414,boergait,0.6244321,True,mannelijk,volwassen,Noordoostelijk,n/a,headsetmicrofoon,48000
boergait,boergait,20080414,boergait,0.6674324,True,mannelijk,volwassen,Noordoostelijk,n/a,headsetmicrofoon,48000
boergait,boergait,20080414,boergait,0.67401254,True,mannelijk,volwassen,Noordoostelijk,n/a,headsetmicrofoon,48000
boergait,boergait,20080414,boergait,0.6798278,True,mannelijk,volwassen,Noordoostelijk,n/a,headsetmicrofoon,48000
boergait,boergait,20080414,boergait,0.69650686,True,mannelijk,volwassen,Noordoostelijk,n/a,headsetmicrofoon,48000
boergait,boergait,20080414,boergait,0.6128608,True,mannelijk,volwassen,Noordoostelijk,n/a,headsetmicrofoon,48000
boergait,boergait,20080414,boergait,0.7148108,True,mannelijk,volwassen,Noordoostelijk,n/a,headsetmicrofoon,48000
boergait,boergait,20080414,boergait,0.679157,True,mannelijk,volwassen,Noordoostelijk,n/a,headsetmicrofoon,48000
boergait,boergait,20080414,boergait,0.6652541,True,mannelijk,volwassen,Noordoostelijk,n/a,headsetmicrofoon,48000
boergait,boergait,20080414,boergait,0.581859,True,mannelijk,volwassen,Noordoostelijk,n/a,headsetmicrofoon,48000
boergerrit,boergerrit,20080414,boergait,0.68258584,False,mannelijk,volwassen,Noordoostelijk,n/a,headsetmicrofoon,48000
boergerrit,boergerrit,20080418,boergerrit,0.75174284,True,mannelijk,volwassen,Noordoostelijk,n/a,headsetmicrofoon,48000
boergerrit,boergerrit,20080418,boergerrit,0.70625496,True,mannelijk,volwassen,Noordoostelijk,n/a,headsetmicrofoon,48000
boergerrit,boergerrit,20080414,boergait,0.7583759,False,mannelijk,volwassen,Noordoostelijk,n/a,headsetmicrofoon,48000
boergerrit,boergerrit,20080414,boergait,0.7315919,False,mannelijk,volwassen,Noordoostelijk,n/a,headsetmicrofoon,48000
boergerrit,boergerrit,20080414,boergait,0.7626812,False,mannelijk,volwassen,Noordoostelijk,n/a,headsetmicrofoon,48000
boergerrit,boergerrit,20080414,boergait,0.7209488,False,mannelijk,volwassen,Noordoostelijk,n/a,headsetmicrofoon,48000
boergerrit,boergerrit,20080414,boergait,0.68857217,False,mannelijk,volwassen,Noordoostelijk,n/a,headsetmicrofoon,48000
boergerrit,boergerrit,20080414,boergait,0.7718391,False,mannelijk,volwassen,Noordoostelijk,n/a,headsetmicrofoon,48000
bravoman,bravoman,20111021,bravoman,0.57986057,True,mannelijk,volwassen,algemeen Nederlands,n/a,microfoon in laptop,48000
bravoman,bravoman,20111021,bravoman,0.5365892,True,mannelijk,volwassen,algemeen Nederlands,n/a,microfoon in laptop,48000
bravoman,bravoman,20080711,Robin,0.27130997,False,mannelijk,volwassen,algemeen Nederlands,n/a,microfoon in laptop,48000
bravoman,bravoman,20111021,bravoman,0.5524341,True,mannelijk,volwassen,algemeen Nederlands,n/a,microfoon in laptop,48000
bravoman,bravoman,20111021,bravoman,0.53410256,True,mannelijk,volwassen,algemeen Nederlands,n/a,microfoon in laptop,48000
bravoman,bravoman,20111021,bravoman,0.5091294,True,mannelijk,volwassen,algemeen Nederlands,n/a,microfoon in laptop,48000
bravoman,bravoman,20111021,bravoman,0.5569471,True,mannelijk,volwassen,algemeen Nederlands,n/a,microfoon in laptop,48000
bravoman,bravoman,20111021,bravoman,0.5952407,True,mannelijk,volwassen,algemeen Nederlands,n/a,microfoon in laptop,48000
bravoman,bravoman,20111021,bravoman,0.58770806,True,mannelijk,volwassen,algemeen Nederlands,n/a,microfoon in laptop,48000
bravoman,bravoman,20111021,bravoman,0.6129749,True,mannelijk,volwassen,algemeen Nederlands,n/a,microfoon in laptop,48000
bravoman,bravoman,20111021,bravoman,0.5879265,True,mannelijk,volwassen,algemeen Nederlands,n/a,microfoon in laptop,48000
bravoman,bravoman,20111021,bravoman,0.5206804,True,mannelijk,volwassen,algemeen Nederlands,n/a,microfoon in laptop,48000
bravoman,bravoman,20080205,dekeijzer,0.45444453,False,mannelijk,volwassen,algemeen Nederlands,n/a,microfoon in laptop,48000
bravoman,bravoman,20111021,bravoman,0.51853114,True,mannelijk,volwassen,algemeen Nederlands,n/a,microfoon in laptop,48000
bravoman,bravoman,20111021,bravoman,0.5854727,True,mannelijk,volwassen,algemeen Nederlands,n/a,microfoon in laptop,48000
bravoman,bravoman,20111021,bravoman,0.6649351,True,mannelijk,volwassen,algemeen Nederlands,n/a,microfoon in laptop,48000
bravoman,bravoman,20111021,bravoman,0.61846113,True,mannelijk,volwassen,algemeen Nederlands,n/a,microfoon in laptop,48000
bravoman,bravoman,20111021,bravoman,0.57436085,True,mannelijk,volwassen,algemeen Nederlands,n/a,microfoon in laptop,48000
bravoman,bravoman,20111021,bravoman,0.6313169,True,mannelijk,volwassen,algemeen Nederlands,n/a,microfoon in laptop,48000
bravoman,bravoman,20111021,bravoman,0.6254374,True,mannelijk,volwassen,algemeen Nederlands,n/a,microfoon in laptop,48000
bravoman,bravoman,20111021,bravoman,0.465361,True,mannelijk,volwassen,algemeen Nederlands,n/a,microfoon in laptop,48000
bravoman,bravoman,20111021,bravoman,0.556978,True,mannelijk,volwassen,algemeen Nederlands,n/a,microfoon in laptop,48000
bravoman,bravoman,20111021,bravoman,0.68310004,True,mannelijk,volwassen,algemeen Nederlands,n/a,microfoon in laptop,48000
bravoman,bravoman,20111021,bravoman,0.57948714,True,mannelijk,volwassen,algemeen Nederlands,n/a,microfoon in laptop,48000
bravoman,bravoman,20111021,bravoman,0.6023444,True,mannelijk,volwassen,algemeen Nederlands,n/a,microfoon in laptop,48000
bravoman,bravoman,20111021,bravoman,0.62618864,True,mannelijk,volwassen,algemeen Nederlands,n/a,microfoon in laptop,48000
bravoman,bravoman,20111021,bravoman,0.54600435,True,mannelijk,volwassen,algemeen Nederlands,n/a,microfoon in laptop,48000
bravoman,bravoman,20140212,SvenKortekaas,0.4696847,False,mannelijk,volwassen,algemeen Nederlands,n/a,microfoon in laptop,48000
bravoman,bravoman,20111021,bravoman,0.5965308,True,mannelijk,volwassen,algemeen Nederlands,n/a,microfoon in laptop,48000
bverhoeff,bverhoeff,20111119,bverhoeff,0.6915331,True,mannelijk,volwassen,algemeen Nederlands,n/a,microfoon in laptop,48000
bverhoeff,bverhoeff,20111119,bverhoeff,0.632086,True,mannelijk,volwassen,algemeen Nederlands,n/a,microfoon in laptop,48000
bverhoeff,bverhoeff,20111119,bverhoeff,0.6005872,True,mannelijk,volwassen,algemeen Nederlands,n/a,microfoon in laptop,48000
bverhoeff,bverhoeff,20111119,bverhoeff,0.62420267,True,mannelijk,volwassen,algemeen Nederlands,n/a,microfoon in laptop,48000
bverhoeff,bverhoeff,20111119,bverhoeff,0.58084846,True,mannelijk,volwassen,algemeen Nederlands,n/a,microfoon in laptop,48000
bverhoeff,bverhoeff,20111119,bverhoeff,0.6611177,True,mannelijk,volwassen,algemeen Nederlands,n/a,microfoon in laptop,48000
bverhoeff,bverhoeff,20111119,bverhoeff,0.6660849,True,mannelijk,volwassen,algemeen Nederlands,n/a,microfoon in laptop,48000
bverhoeff,bverhoeff,20111119,bverhoeff,0.72060275,True,mannelijk,volwassen,algemeen Nederlands,n/a,microfoon in laptop,48000
bverhoeff,bverhoeff,20111119,bverhoeff,0.67972946,True,mannelijk,volwassen,algemeen Nederlands,n/a,microfoon in laptop,48000
bverhoeff,bverhoeff,20111119,bverhoeff,0.73748076,True,mannelijk,volwassen,algemeen Nederlands,n/a,microfoon in laptop,48000
bverhoeff,bverhoeff,20111119,bverhoeff,0.54332805,True,mannelijk,volwassen,algemeen Nederlands,n/a,microfoon in laptop,48000
bverhoeff,bverhoeff,20111119,bverhoeff,0.5883976,True,mannelijk,volwassen,algemeen Nederlands,n/a,microfoon in laptop,48000
bverhoeff,bverhoeff,20111119,bverhoeff,0.71742797,True,mannelijk,volwassen,algemeen Nederlands,n/a,microfoon in laptop,48000
bverhoeff,bverhoeff,20111119,bverhoeff,0.58043015,True,mannelijk,volwassen,algemeen Nederlands,n/a,microfoon in laptop,48000
bverhoeff,bverhoeff,20111119,bverhoeff,0.5021782,True,mannelijk,volwassen,algemeen Nederlands,n/a,microfoon in laptop,48000
bverhoeff,bverhoeff,20111119,bverhoeff,0.60845286,True,mannelijk,volwassen,algemeen Nederlands,n/a,microfoon in laptop,48000
bverhoeff,bverhoeff,20111119,bverhoeff,0.64174396,True,mannelijk,volwassen,algemeen Nederlands,n/a,microfoon in laptop,48000
bverhoeff,bverhoeff,20111119,bverhoeff,0.75212026,True,mannelijk,volwassen,algemeen Nederlands,n/a,microfoon in laptop,48000
bverhoeff,bverhoeff,20111119,bverhoeff,0.6543113,True,mannelijk,volwassen,algemeen Nederlands,n/a,microfoon in laptop,48000
bverhoeff,bverhoeff,20111119,bverhoeff,0.6901247,True,mannelijk,volwassen,algemeen Nederlands,n/a,microfoon in laptop,48000
bverhoeff,bverhoeff,20111119,bverhoeff,0.69114274,True,mannelijk,volwassen,algemeen Nederlands,n/a,microfoon in laptop,48000
bverhoeff,bverhoeff,20111119,bverhoeff,0.518291,True,mannelijk,volwassen,algemeen Nederlands,n/a,microfoon in laptop,48000
bverhoeff,bverhoeff,20111119,bverhoeff,0.6224829,True,mannelijk,volwassen,algemeen Nederlands,n/a,microfoon in laptop,48000
bverhoeff,bverhoeff,20111119,bverhoeff,0.60423964,True,mannelijk,volwassen,algemeen Nederlands,n/a,microfoon in laptop,48000
bverhoeff,bverhoeff,20111119,bverhoeff,0.53993446,True,mannelijk,volwassen,algemeen Nederlands,n/a,microfoon in laptop,48000
bverhoeff,bverhoeff,20111119,bverhoeff,0.6684228,True,mannelijk,volwassen,algemeen Nederlands,n/a,microfoon in laptop,48000
bverhoeff,bverhoeff,20111119,bverhoeff,0.53985894,True,mannelijk,volwassen,algemeen Nederlands,n/a,microfoon in laptop,48000
bverhoeff,bverhoeff,20111119,bverhoeff,0.66130483,True,mannelijk,volwassen,algemeen Nederlands,n/a,microfoon in laptop,48000
bverhoeff,bverhoeff,20111119,bverhoeff,0.5230593,True,mannelijk,volwassen,algemeen Nederlands,n/a,microfoon in laptop,48000
bverhoeff,bverhoeff,20111119,bverhoeff,0.45320123,True,mannelijk,volwassen,algemeen Nederlands,n/a,microfoon in laptop,48000
bverhoeff,bverhoeff,20111119,bverhoeff,0.5463501,True,mannelijk,volwassen,algemeen Nederlands,n/a,microfoon in laptop,48000
bverhoeff,bverhoeff,20111119,bverhoeff,0.6596911,True,mannelijk,volwassen,algemeen Nederlands,n/a,microfoon in laptop,48000
bverhoeff,bverhoeff,20111119,bverhoeff,0.61885154,True,mannelijk,volwassen,algemeen Nederlands,n/a,microfoon in laptop,48000
bverhoeff,bverhoeff,20111119,bverhoeff,0.57056785,True,mannelijk,volwassen,algemeen Nederlands,n/a,microfoon in laptop,48000
bverhoeff,bverhoeff,20111119,bverhoeff,0.7017732,True,mannelijk,volwassen,algemeen Nederlands,n/a,microfoon in laptop,48000
bverhoeff,bverhoeff,20111119,bverhoeff,0.72245836,True,mannelijk,volwassen,algemeen Nederlands,n/a,microfoon in laptop,48000
bverhoeff,bverhoeff,20091123,Gurbe,0.4638726,False,mannelijk,volwassen,algemeen Nederlands,n/a,microfoon in laptop,48000
bverhoeff,bverhoeff,20111119,bverhoeff,0.5119903,True,mannelijk,volwassen,algemeen Nederlands,n/a,microfoon in laptop,48000
bverhoeff,bverhoeff,20111119,bverhoeff,0.5148386,True,mannelijk,volwassen,algemeen Nederlands,n/a,microfoon in laptop,48000
bverhoeff,bverhoeff,20111119,bverhoeff,0.5878365,True,mannelijk,volwassen,algemeen Nederlands,n/a,microfoon in laptop,48000
bverhoeff,bverhoeff,20111119,bverhoeff,0.6761652,True,mannelijk,volwassen,algemeen Nederlands,n/a,microfoon in laptop,48000
bverhoeff,bverhoeff,20111119,bverhoeff,0.6002817,True,mannelijk,volwassen,algemeen Nederlands,n/a,microfoon in laptop,48000
bverhoeff,bverhoeff,20111119,bverhoeff,0.7218307,True,mannelijk,volwassen,algemeen Nederlands,n/a,microfoon in laptop,48000
bverhoeff,bverhoeff,20111119,bverhoeff,0.6485564,True,mannelijk,volwassen,algemeen Nederlands,n/a,microfoon in laptop,48000
bverhoeff,bverhoeff,20111119,bverhoeff,0.49488637,True,mannelijk,volwassen,algemeen Nederlands,n/a,microfoon in laptop,48000
bverhoeff,bverhoeff,20111119,bverhoeff,0.58840704,True,mannelijk,volwassen,algemeen Nederlands,n/a,microfoon in laptop,48000
bverhoeff,bverhoeff,20111119,bverhoeff,0.7295244,True,mannelijk,volwassen,algemeen Nederlands,n/a,microfoon in laptop,48000
bverhoeff,bverhoeff,20111119,bverhoeff,0.544042,True,mannelijk,volwassen,algemeen Nederlands,n/a,microfoon in laptop,48000
bverhoeff,bverhoeff,20111119,bverhoeff,0.6043476,True,mannelijk,volwassen,algemeen Nederlands,n/a,microfoon in laptop,48000
bverhoeff,bverhoeff,20091123,Gurbe,0.51052064,False,mannelijk,volwassen,algemeen Nederlands,n/a,microfoon in laptop,48000
bverhoeff,bverhoeff,20111119,bverhoeff,0.6583688,True,mannelijk,volwassen,algemeen Nederlands,n/a,microfoon in laptop,48000
bverhoeff,bverhoeff,20111119,bverhoeff,0.71793246,True,mannelijk,volwassen,algemeen Nederlands,n/a,microfoon in laptop,48000
bverhoeff,bverhoeff,20111119,bverhoeff,0.7177204,True,mannelijk,volwassen,algemeen Nederlands,n/a,microfoon in laptop,48000
bverhoeff,bverhoeff,20111119,bverhoeff,0.7813119,True,mannelijk,volwassen,algemeen Nederlands,n/a,microfoon in laptop,48000
bverhoeff,bverhoeff,20111119,bverhoeff,0.6336075,True,mannelijk,volwassen,algemeen Nederlands,n/a,microfoon in laptop,48000
bverhoeff,bverhoeff,20111119,bverhoeff,0.68403804,True,mannelijk,volwassen,algemeen Nederlands,n/a,microfoon in laptop,48000
bverhoeff,bverhoeff,20111119,bverhoeff,0.7336683,True,mannelijk,volwassen,algemeen Nederlands,n/a,microfoon in laptop,48000
bverhoeff,bverhoeff,20111119,bverhoeff,0.7426952,True,mannelijk,volwassen,algemeen Nederlands,n/a,microfoon in laptop,48000
bverhoeff,bverhoeff,20111119,bverhoeff,0.74301225,True,mannelijk,volwassen,algemeen Nederlands,n/a,microfoon in laptop,48000
dano,dano,20080301,dano,0.75251603,True,mannelijk,jeugd,algemeen Nederlands,n/a,bureaumicrofoon,48000
dano,dano,20080301,dano,0.75502527,True,mannelijk,jeugd,algemeen Nederlands,n/a,bureaumicrofoon,48000
dano,dano,20080301,dano,0.7594816,True,mannelijk,jeugd,algemeen Nederlands,n/a,bureaumicrofoon,48000
dano,dano,20080301,dano,0.72735643,True,mannelijk,jeugd,algemeen Nederlands,n/a,bureaumicrofoon,48000
dano,dano,20080301,dano,0.78091097,True,mannelijk,jeugd,algemeen Nederlands,n/a,bureaumicrofoon,48000
dano,dano,20080301,dano,0.77782536,True,mannelijk,jeugd,algemeen Nederlands,n/a,bureaumicrofoon,48000
dano,dano,20080301,dano,0.7545496,True,mannelijk,jeugd,algemeen Nederlands,n/a,bureaumicrofoon,48000
dano,dano,20080301,dano,0.8132579,True,mannelijk,jeugd,algemeen Nederlands,n/a,bureaumicrofoon,48000
dano,dano,20080301,dano,0.69047797,True,mannelijk,jeugd,algemeen Nederlands,n/a,bureaumicrofoon,48000
dano,dano,20080301,dano,0.48978388,True,mannelijk,jeugd,algemeen Nederlands,n/a,bureaumicrofoon,48000
dano,dano,20080301,dano,0.6568199,True,mannelijk,jeugd,algemeen Nederlands,n/a,bureaumicrofoon,48000
dano,dano,20090617,asda,0.54324967,False,mannelijk,jeugd,algemeen Nederlands,n/a,bureaumicrofoon,48000
dano,dano,20080301,dano,0.66166496,True,mannelijk,jeugd,algemeen Nederlands,n/a,bureaumicrofoon,48000
dano,dano,20080301,dano,0.67634046,True,mannelijk,jeugd,algemeen Nederlands,n/a,bureaumicrofoon,48000
dano,dano,20090617,asda,0.6128926,False,mannelijk,jeugd,algemeen Nederlands,n/a,bureaumicrofoon,48000
dano,dano,20080301,dano,0.59109306,True,mannelijk,jeugd,algemeen Nederlands,n/a,bureaumicrofoon,48000
dano,dano,20080301,dano,0.7818179,True,mannelijk,jeugd,algemeen Nederlands,n/a,bureaumicrofoon,48000
dano,dano,20080301,dano,0.7740742,True,mannelijk,jeugd,algemeen Nederlands,n/a,bureaumicrofoon,48000
dano,dano,20080301,dano,0.6529454,True,mannelijk,jeugd,algemeen Nederlands,n/a,bureaumicrofoon,48000
dano,dano,20080301,dano,0.7295369,True,mannelijk,jeugd,algemeen Nederlands,n/a,bureaumicrofoon,48000
dano,dano,20080301,dano,0.7172153,True,mannelijk,jeugd,algemeen Nederlands,n/a,bureaumicrofoon,48000
dano,dano,20080301,dano,0.37860754,True,mannelijk,jeugd,algemeen Nederlands,n/a,bureaumicrofoon,48000
dano,dano,20080301,dano,0.73080146,True,mannelijk,jeugd,algemeen Nederlands,n/a,bureaumicrofoon,48000
dano,dano,20080301,dano,0.63878375,True,mannelijk,jeugd,algemeen Nederlands,n/a,bureaumicrofoon,48000
dano,dano,20080301,dano,0.6684186,True,mannelijk,jeugd,algemeen Nederlands,n/a,bureaumicrofoon,48000
dano,dano,20080301,dano,0.61684656,True,mannelijk,jeugd,algemeen Nederlands,n/a,bureaumicrofoon,48000
dano,dano,20080301,dano,0.6075857,True,mannelijk,jeugd,algemeen Nederlands,n/a,bureaumicrofoon,48000
dano,dano,20080301,dano,0.6266199,True,mannelijk,jeugd,algemeen Nederlands,n/a,bureaumicrofoon,48000
dano,dano,20080301,dano,0.7066063,True,mannelijk,jeugd,algemeen Nederlands,n/a,bureaumicrofoon,48000
dano,dano,20080301,dano,0.64832354,True,mannelijk,jeugd,algemeen Nederlands,n/a,bureaumicrofoon,48000
dano,dano,20080301,dano,0.7564819,True,mannelijk,jeugd,algemeen Nederlands,n/a,bureaumicrofoon,48000
dano,dano,20080301,dano,0.48932898,True,mannelijk,jeugd,algemeen Nederlands,n/a,bureaumicrofoon,48000
dano,dano,20080301,dano,0.7129767,True,mannelijk,jeugd,algemeen Nederlands,n/a,bureaumicrofoon,48000
dano,dano,20080301,dano,0.6734414,True,mannelijk,jeugd,algemeen Nederlands,n/a,bureaumicrofoon,48000
dano,dano,20080301,dano,0.42629933,True,mannelijk,jeugd,algemeen Nederlands,n/a,bureaumicrofoon,48000
dano,dano,20080301,dano,0.60897994,True,mannelijk,jeugd,algemeen Nederlands,n/a,bureaumicrofoon,48000
dano,dano,20080301,dano,0.6685962,True,mannelijk,jeugd,algemeen Nederlands,n/a,bureaumicrofoon,48000
dano,dano,20080301,dano,0.6830815,True,mannelijk,jeugd,algemeen Nederlands,n/a,bureaumicrofoon,48000
dano,dano,20080301,dano,0.6156039,True,mannelijk,jeugd,algemeen Nederlands,n/a,bureaumicrofoon,48000
dano,dano,20080301,dano,0.67375785,True,mannelijk,jeugd,algemeen Nederlands,n/a,bureaumicrofoon,48000
dano,dano,20080301,dano,0.66902685,True,mannelijk,jeugd,algemeen Nederlands,n/a,bureaumicrofoon,48000
dano,dano,20080301,dano,0.5430335,True,mannelijk,jeugd,algemeen Nederlands,n/a,bureaumicrofoon,48000
dano,dano,20090629,Sjiel2,0.26858974,False,mannelijk,jeugd,algemeen Nederlands,n/a,bureaumicrofoon,48000
dano,dano,20080301,dano,0.492388,True,mannelijk,jeugd,algemeen Nederlands,n/a,bureaumicrofoon,48000
dano,dano,20080301,dano,0.5359025,True,mannelijk,jeugd,algemeen Nederlands,n/a,bureaumicrofoon,48000
dano,dano,20080301,dano,0.62431747,True,mannelijk,jeugd,algemeen Nederlands,n/a,bureaumicrofoon,48000
dano,dano,20080301,dano,0.66100574,True,mannelijk,jeugd,algemeen Nederlands,n/a,bureaumicrofoon,48000
dano,dano,20080301,dano,0.758689,True,mannelijk,jeugd,algemeen Nederlands,n/a,bureaumicrofoon,48000
dano,dano,20090617,asda,0.6013569,False,mannelijk,jeugd,algemeen Nederlands,n/a,bureaumicrofoon,48000
dano,dano,20080301,dano,0.6484505,True,mannelijk,jeugd,algemeen Nederlands,n/a,bureaumicrofoon,48000
dano,dano,20080301,dano,0.708364,True,mannelijk,jeugd,algemeen Nederlands,n/a,bureaumicrofoon,48000
dano,dano,20080301,dano,0.7002765,True,mannelijk,jeugd,algemeen Nederlands,n/a,bureaumicrofoon,48000
dano,dano,20080301,dano,0.7331135,True,mannelijk,jeugd,algemeen Nederlands,n/a,bureaumicrofoon,48000
dano,dano,20080301,dano,0.7539912,True,mannelijk,jeugd,algemeen Nederlands,n/a,bureaumicrofoon,48000
dano,dano,20080301,dano,0.71514666,True,mannelijk,jeugd,algemeen Nederlands,n/a,bureaumicrofoon,48000
dano,dano,20080301,dano,0.7735182,True,mannelijk,jeugd,algemeen Nederlands,n/a,bureaumicrofoon,48000
dano,dano,20080301,dano,0.7100669,True,mannelijk,jeugd,algemeen Nederlands,n/a,bureaumicrofoon,48000
dano,dano,20080301,dano,0.76334065,True,mannelijk,jeugd,algemeen Nederlands,n/a,bureaumicrofoon,48000
dano,dano,20080301,dano,0.7010151,True,mannelijk,jeugd,algemeen Nederlands,n/a,bureaumicrofoon,48000
dano,dano,20080301,dano,0.629688,True,mannelijk,jeugd,algemeen Nederlands,n/a,bureaumicrofoon,48000
dano,dano,20080301,dano,0.6600168,True,mannelijk,jeugd,algemeen Nederlands,n/a,bureaumicrofoon,48000
dano,dano,20080301,dano,0.65363705,True,mannelijk,jeugd,algemeen Nederlands,n/a,bureaumicrofoon,48000
dano,dano,20080301,dano,0.6840355,True,mannelijk,jeugd,algemeen Nederlands,n/a,bureaumicrofoon,48000
dano,dano,20080301,dano,0.7250061,True,mannelijk,jeugd,algemeen Nederlands,n/a,bureaumicrofoon,48000
dano,dano,20080301,dano,0.69794506,True,mannelijk,jeugd,algemeen Nederlands,n/a,bureaumicrofoon,48000
dano,dano,20080301,dano,0.68790627,True,mannelijk,jeugd,algemeen Nederlands,n/a,bureaumicrofoon,48000
dano,dano,20080301,dano,0.70556843,True,mannelijk,jeugd,algemeen Nederlands,n/a,bureaumicrofoon,48000
dano,dano,20080301,dano,0.61793244,True,mannelijk,jeugd,algemeen Nederlands,n/a,bureaumicrofoon,48000
dano,dano,20080301,dano,0.703372,True,mannelijk,jeugd,algemeen Nederlands,n/a,bureaumicrofoon,48000
dano,dano,20080301,dano,0.736755,True,mannelijk,jeugd,algemeen Nederlands,n/a,bureaumicrofoon,48000
dano,dano,20080301,dano,0.6750283,True,mannelijk,jeugd,algemeen Nederlands,n/a,bureaumicrofoon,48000
dano,dano,20090617,asda,0.3782935,False,mannelijk,jeugd,algemeen Nederlands,n/a,bureaumicrofoon,48000
dano,dano,20080301,dano,0.63764906,True,mannelijk,jeugd,algemeen Nederlands,n/a,bureaumicrofoon,48000
dano,dano,20080301,dano,0.69962704,True,mannelijk,jeugd,algemeen Nederlands,n/a,bureaumicrofoon,48000
dano,dano,20080301,dano,0.66395247,True,mannelijk,jeugd,algemeen Nederlands,n/a,bureaumicrofoon,48000
dano,dano,20081018,Dano,0.39619124,False,mannelijk,jeugd,algemeen Nederlands,n/a,bureaumicrofoon,48000
dano,dano,20080301,dano,0.66757405,True,mannelijk,jeugd,algemeen Nederlands,n/a,bureaumicrofoon,48000
dano,dano,20080301,dano,0.56759864,True,mannelijk,jeugd,algemeen Nederlands,n/a,bureaumicrofoon,48000
dano,dano,20080301,dano,0.64941895,True,mannelijk,jeugd,algemeen Nederlands,n/a,bureaumicrofoon,48000
dano,dano,20080301,dano,0.7259371,True,mannelijk,jeugd,algemeen Nederlands,n/a,bureaumicrofoon,48000
dano,dano,20080301,dano,0.71878403,True,mannelijk,jeugd,algemeen Nederlands,n/a,bureaumicrofoon,48000
dano,dano,20080301,dano,0.7038849,True,mannelijk,jeugd,algemeen Nederlands,n/a,bureaumicrofoon,48000
dano,dano,20080301,dano,0.70056915,True,mannelijk,jeugd,algemeen Nederlands,n/a,bureaumicrofoon,48000
dano,dano,20080301,dano,0.6932563,True,mannelijk,jeugd,algemeen Nederlands,n/a,bureaumicrofoon,48000
dano,dano,20090617,asda,0.5663682,False,mannelijk,jeugd,algemeen Nederlands,n/a,bureaumicrofoon,48000
dano,dano,20080301,dano,0.72911453,True,mannelijk,jeugd,algemeen Nederlands,n/a,bureaumicrofoon,48000
dano,dano,20080301,dano,0.6770117,True,mannelijk,jeugd,algemeen Nederlands,n/a,bureaumicrofoon,48000
dano,dano,20080301,dano,0.78675026,True,mannelijk,jeugd,algemeen Nederlands,n/a,bureaumicrofoon,48000
dano,dano,20080301,dano,0.6241583,True,mannelijk,jeugd,algemeen Nederlands,n/a,bureaumicrofoon,48000
dano,dano,20080301,dano,0.6520513,True,mannelijk,jeugd,algemeen Nederlands,n/a,bureaumicrofoon,48000
dano,dano,20080301,dano,0.66764575,True,mannelijk,jeugd,algemeen Nederlands,n/a,bureaumicrofoon,48000
dano,dano,20080301,dano,0.7281021,True,mannelijk,jeugd,algemeen Nederlands,n/a,bureaumicrofoon,48000
dano,dano,20080301,dano,0.735572,True,mannelijk,jeugd,algemeen Nederlands,n/a,bureaumicrofoon,48000
dano,dano,20080301,dano,0.69330096,True,mannelijk,jeugd,algemeen Nederlands,n/a,bureaumicrofoon,48000
dano,dano,20080301,dano,0.6151142,True,mannelijk,jeugd,algemeen Nederlands,n/a,bureaumicrofoon,48000
dano,dano,20080301,dano,0.6355826,True,mannelijk,jeugd,algemeen Nederlands,n/a,bureaumicrofoon,48000
dano,dano,20080301,dano,0.6457212,True,mannelijk,jeugd,algemeen Nederlands,n/a,bureaumicrofoon,48000
dano,dano,20080301,dano,0.6642698,True,mannelijk,jeugd,algemeen Nederlands,n/a,bureaumicrofoon,48000
dano,dano,20080301,dano,0.70197916,True,mannelijk,jeugd,algemeen Nederlands,n/a,bureaumicrofoon,48000
dano,dano,20080301,dano,0.64580274,True,mannelijk,jeugd,algemeen Nederlands,n/a,bureaumicrofoon,48000
dano,dano,20090617,asda,0.59843546,False,mannelijk,jeugd,algemeen Nederlands,n/a,bureaumicrofoon,48000
dano,dano,20080301,dano,0.6981844,True,mannelijk,jeugd,algemeen Nederlands,n/a,bureaumicrofoon,48000
dano,dano,20080301,dano,0.7125268,True,mannelijk,jeugd,algemeen Nederlands,n/a,bureaumicrofoon,48000
dano,dano,20080301,dano,0.63434553,True,mannelijk,jeugd,algemeen Nederlands,n/a,bureaumicrofoon,48000
dano,dano,20080301,dano,0.5728475,True,mannelijk,jeugd,algemeen Nederlands,n/a,bureaumicrofoon,48000
dano,dano,20080301,dano,0.6775601,True,mannelijk,jeugd,algemeen Nederlands,n/a,bureaumicrofoon,48000
dano,dano,20080301,dano,0.64726245,True,mannelijk,jeugd,algemeen Nederlands,n/a,bureaumicrofoon,48000
dano,dano,20080301,dano,0.6775532,True,mannelijk,jeugd,algemeen Nederlands,n/a,bureaumicrofoon,48000
dano,dano,20080301,dano,0.66153914,True,mannelijk,jeugd,algemeen Nederlands,n/a,bureaumicrofoon,48000
dano,dano,20080301,dano,0.8039181,True,mannelijk,jeugd,algemeen Nederlands,n/a,bureaumicrofoon,48000
dano,dano,20080301,dano,0.82664853,True,mannelijk,jeugd,algemeen Nederlands,n/a,bureaumicrofoon,48000
dano,dano,20080301,dano,0.6568351,True,mannelijk,jeugd,algemeen Nederlands,n/a,bureaumicrofoon,48000
dano,dano,20080301,dano,0.62847996,True,mannelijk,jeugd,algemeen Nederlands,n/a,bureaumicrofoon,48000
dano,dano,20080301,dano,0.65465486,True,mannelijk,jeugd,algemeen Nederlands,n/a,bureaumicrofoon,48000
dano,dano,20080301,dano,0.6651021,True,mannelijk,jeugd,algemeen Nederlands,n/a,bureaumicrofoon,48000
dano,dano,20080301,dano,0.73267955,True,mannelijk,jeugd,algemeen Nederlands,n/a,bureaumicrofoon,48000
dano,dano,20080301,dano,0.6859664,True,mannelijk,jeugd,algemeen Nederlands,n/a,bureaumicrofoon,48000
dano,dano,20080301,dano,0.5280088,True,mannelijk,jeugd,algemeen Nederlands,n/a,bureaumicrofoon,48000
dano,dano,20080301,dano,0.6884465,True,mannelijk,jeugd,algemeen Nederlands,n/a,bureaumicrofoon,48000
dano,dano,20080301,dano,0.61063045,True,mannelijk,jeugd,algemeen Nederlands,n/a,bureaumicrofoon,48000
dano,dano,20080301,dano,0.58046067,True,mannelijk,jeugd,algemeen Nederlands,n/a,bureaumicrofoon,48000
dano,dano,20080301,dano,0.8271768,True,mannelijk,jeugd,algemeen Nederlands,n/a,bureaumicrofoon,48000
dano,dano,20080301,dano,0.6338493,True,mannelijk,jeugd,algemeen Nederlands,n/a,bureaumicrofoon,48000
dano,dano,20080301,dano,0.5239481,True,mannelijk,jeugd,algemeen Nederlands,n/a,bureaumicrofoon,48000
dano,dano,20080301,dano,0.64112425,True,mannelijk,jeugd,algemeen Nederlands,n/a,bureaumicrofoon,48000
dano,dano,20080301,dano,0.66425204,True,mannelijk,jeugd,algemeen Nederlands,n/a,bureaumicrofoon,48000
dano,dano,20080301,dano,0.5356179,True,mannelijk,jeugd,algemeen Nederlands,n/a,bureaumicrofoon,48000
dano,dano,20080301,dano,0.66836005,True,mannelijk,jeugd,algemeen Nederlands,n/a,bureaumicrofoon,48000
dano,dano,20080301,dano,0.624904,True,mannelijk,jeugd,algemeen Nederlands,n/a,bureaumicrofoon,48000
dano,dano,20080301,dano,0.7113668,True,mannelijk,jeugd,algemeen Nederlands,n/a,bureaumicrofoon,48000
dano,dano,20080301,dano,0.65723705,True,mannelijk,jeugd,algemeen Nederlands,n/a,bureaumicrofoon,48000
dano,dano,20080301,dano,0.6911932,True,mannelijk,jeugd,algemeen Nederlands,n/a,bureaumicrofoon,48000
dano,dano,20080301,dano,0.7115449,True,mannelijk,jeugd,algemeen Nederlands,n/a,bureaumicrofoon,48000
dano,dano,20080301,dano,0.67719066,True,mannelijk,jeugd,algemeen Nederlands,n/a,bureaumicrofoon,48000
dano,dano,20080301,dano,0.6527628,True,mannelijk,jeugd,algemeen Nederlands,n/a,bureaumicrofoon,48000
dano,dano,20080301,dano,0.6110039,True,mannelijk,jeugd,algemeen Nederlands,n/a,bureaumicrofoon,48000
dano,dano,20080301,dano,0.55993414,True,mannelijk,jeugd,algemeen Nederlands,n/a,bureaumicrofoon,48000
dano,dano,20080301,dano,0.70955837,True,mannelijk,jeugd,algemeen Nederlands,n/a,bureaumicrofoon,48000
dano,dano,20080301,dano,0.5673425,True,mannelijk,jeugd,algemeen Nederlands,n/a,bureaumicrofoon,48000
dano,dano,20080301,dano,0.6885585,True,mannelijk,jeugd,algemeen Nederlands,n/a,bureaumicrofoon,48000
dano,dano,20080301,dano,0.66858125,True,mannelijk,jeugd,algemeen Nederlands,n/a,bureaumicrofoon,48000
dano,dano,20080301,dano,0.6711167,True,mannelijk,jeugd,algemeen Nederlands,n/a,bureaumicrofoon,48000
dano,dano,20080301,dano,0.6325958,True,mannelijk,jeugd,algemeen Nederlands,n/a,bureaumicrofoon,48000
dano,dano,20080301,dano,0.587643,True,mannelijk,jeugd,algemeen Nederlands,n/a,bureaumicrofoon,48000
dano,dano,20080301,dano,0.64493346,True,mannelijk,jeugd,algemeen Nederlands,n/a,bureaumicrofoon,48000
dano,dano,20080301,dano,0.7222649,True,mannelijk,jeugd,algemeen Nederlands,n/a,bureaumicrofoon,48000
dano,dano,20080301,dano,0.63414013,True,mannelijk,jeugd,algemeen Nederlands,n/a,bureaumicrofoon,48000
dano,dano,20080301,dano,0.57988465,True,mannelijk,jeugd,algemeen Nederlands,n/a,bureaumicrofoon,48000
dano,dano,20080301,dano,0.7313741,True,mannelijk,jeugd,algemeen Nederlands,n/a,bureaumicrofoon,48000
dano,dano,20080301,dano,0.5924444,True,mannelijk,jeugd,algemeen Nederlands,n/a,bureaumicrofoon,48000
dano,dano,20080301,dano,0.52064383,True,mannelijk,jeugd,algemeen Nederlands,n/a,bureaumicrofoon,48000
dano,dano,20080301,dano,0.5279277,True,mannelijk,jeugd,algemeen Nederlands,n/a,bureaumicrofoon,48000
dano,dano,20080301,dano,0.66489077,True,mannelijk,jeugd,algemeen Nederlands,n/a,bureaumicrofoon,48000
dano,dano,20080301,dano,0.6876029,True,mannelijk,jeugd,algemeen Nederlands,n/a,bureaumicrofoon,48000
dano,dano,20080301,dano,0.6945475,True,mannelijk,jeugd,algemeen Nederlands,n/a,bureaumicrofoon,48000
dano,dano,20081018,Dano,0.49978572,False,mannelijk,jeugd,algemeen Nederlands,n/a,bureaumicrofoon,48000
dano,dano,20080301,dano,0.5812206,True,mannelijk,jeugd,algemeen Nederlands,n/a,bureaumicrofoon,48000
dano,dano,20080301,dano,0.59623384,True,mannelijk,jeugd,algemeen Nederlands,n/a,bureaumicrofoon,48000
dano,dano,20080301,dano,0.7049313,True,mannelijk,jeugd,algemeen Nederlands,n/a,bureaumicrofoon,48000
dano,dano,20080301,dano,0.6610862,True,mannelijk,jeugd,algemeen Nederlands,n/a,bureaumicrofoon,48000
dano,dano,20080301,dano,0.62582165,True,mannelijk,jeugd,algemeen Nederlands,n/a,bureaumicrofoon,48000
dano,dano,20080301,dano,0.70335215,True,mannelijk,jeugd,algemeen Nederlands,n/a,bureaumicrofoon,48000
dano,dano,20080301,dano,0.62760127,True,mannelijk,jeugd,algemeen Nederlands,n/a,bureaumicrofoon,48000
dano,dano,20080301,dano,0.63616884,True,mannelijk,jeugd,algemeen Nederlands,n/a,bureaumicrofoon,48000
dano,dano,20080301,dano,0.6717124,True,mannelijk,jeugd,algemeen Nederlands,n/a,bureaumicrofoon,48000
dano,dano,20080301,dano,0.54135704,True,mannelijk,jeugd,algemeen Nederlands,n/a,bureaumicrofoon,48000
dano,dano,20080301,dano,0.6869664,True,mannelijk,jeugd,algemeen Nederlands,n/a,bureaumicrofoon,48000
dano,dano,20080301,dano,0.6174472,True,mannelijk,jeugd,algemeen Nederlands,n/a,bureaumicrofoon,48000
dano,dano,20080301,dano,0.6347047,True,mannelijk,jeugd,algemeen Nederlands,n/a,bureaumicrofoon,48000
dano,dano,20080301,dano,0.6318095,True,mannelijk,jeugd,algemeen Nederlands,n/a,bureaumicrofoon,48000
dano,dano,20080301,dano,0.5753236,True,mannelijk,jeugd,algemeen Nederlands,n/a,bureaumicrofoon,48000
dano,dano,20080301,dano,0.46863827,True,mannelijk,jeugd,algemeen Nederlands,n/a,bureaumicrofoon,48000
dano,dano,20080301,dano,0.6654327,True,mannelijk,jeugd,algemeen Nederlands,n/a,bureaumicrofoon,48000
dano,dano,20080301,dano,0.71172035,True,mannelijk,jeugd,algemeen Nederlands,n/a,bureaumicrofoon,48000
dano,dano,20080301,dano,0.69461673,True,mannelijk,jeugd,algemeen Nederlands,n/a,bureaumicrofoon,48000
dano,dano,20080301,dano,0.7254944,True,mannelijk,jeugd,algemeen Nederlands,n/a,bureaumicrofoon,48000
dano,dano,20080301,dano,0.5600666,True,mannelijk,jeugd,algemeen Nederlands,n/a,bureaumicrofoon,48000
dano,dano,20080301,dano,0.5743832,True,mannelijk,jeugd,algemeen Nederlands,n/a,bureaumicrofoon,48000
dano,dano,20080301,dano,0.74020994,True,mannelijk,jeugd,algemeen Nederlands,n/a,bureaumicrofoon,48000
dano,dano,20080301,dano,0.5723694,True,mannelijk,jeugd,algemeen Nederlands,n/a,bureaumicrofoon,48000
dano,dano,20080301,dano,0.5665766,True,mannelijk,jeugd,algemeen Nederlands,n/a,bureaumicrofoon,48000
dano,dano,20080301,dano,0.504826,True,mannelijk,jeugd,algemeen Nederlands,n/a,bureaumicrofoon,48000
dano,dano,20080301,dano,0.583902,True,mannelijk,jeugd,algemeen Nederlands,n/a,bureaumicrofoon,48000
dano,dano,20080301,dano,0.6086743,True,mannelijk,jeugd,algemeen Nederlands,n/a,bureaumicrofoon,48000
dano,dano,20080301,dano,0.53400236,True,mannelijk,jeugd,algemeen Nederlands,n/a,bureaumicrofoon,48000
dano,dano,20080301,dano,0.6318162,True,mannelijk,jeugd,algemeen Nederlands,n/a,bureaumicrofoon,48000
dano,dano,20080301,dano,0.67715895,True,mannelijk,jeugd,algemeen Nederlands,n/a,bureaumicrofoon,48000
dano,dano,20080301,dano,0.65558094,True,mannelijk,jeugd,algemeen Nederlands,n/a,bureaumicrofoon,48000
dano,dano,20080301,dano,0.6697881,True,mannelijk,jeugd,algemeen Nederlands,n/a,bureaumicrofoon,48000
dano,dano,20080301,dano,0.5641349,True,mannelijk,jeugd,algemeen Nederlands,n/a,bureaumicrofoon,48000
dano,dano,20080301,dano,0.5932912,True,mannelijk,jeugd,algemeen Nederlands,n/a,bureaumicrofoon,48000
dano,dano,20080301,dano,0.6269183,True,mannelijk,jeugd,algemeen Nederlands,n/a,bureaumicrofoon,48000
dano,dano,20080301,dano,0.65003955,True,mannelijk,jeugd,algemeen Nederlands,n/a,bureaumicrofoon,48000
dano,dano,20080301,dano,0.6895453,True,mannelijk,jeugd,algemeen Nederlands,n/a,bureaumicrofoon,48000
dano,dano,20080301,dano,0.66298604,True,mannelijk,jeugd,algemeen Nederlands,n/a,bureaumicrofoon,48000
dano,dano,20080301,dano,0.60053694,True,mannelijk,jeugd,algemeen Nederlands,n/a,bureaumicrofoon,48000
dano,dano,20080301,dano,0.68930525,True,mannelijk,jeugd,algemeen Nederlands,n/a,bureaumicrofoon,48000
dano,dano,20080301,dano,0.69405544,True,mannelijk,jeugd,algemeen Nederlands,n/a,bureaumicrofoon,48000
dano,dano,20080301,dano,0.65331227,True,mannelijk,jeugd,algemeen Nederlands,n/a,bureaumicrofoon,48000
dano,dano,20080301,dano,0.65449774,True,mannelijk,jeugd,algemeen Nederlands,n/a,bureaumicrofoon,48000
dano,dano,20080301,dano,0.67252773,True,mannelijk,jeugd,algemeen Nederlands,n/a,bureaumicrofoon,48000
dano,dano,20080301,dano,0.71644515,True,mannelijk,jeugd,algemeen Nederlands,n/a,bureaumicrofoon,48000
dano,dano,20080301,dano,0.5476314,True,mannelijk,jeugd,algemeen Nederlands,n/a,bureaumicrofoon,48000
dano,dano,20080301,dano,0.46115798,True,mannelijk,jeugd,algemeen Nederlands,n/a,bureaumicrofoon,48000
dano,dano,20080301,dano,0.64169633,True,mannelijk,jeugd,algemeen Nederlands,n/a,bureaumicrofoon,48000
dano,dano,20080301,dano,0.5427497,True,mannelijk,jeugd,algemeen Nederlands,n/a,bureaumicrofoon,48000
dano,dano,20080205,dekeijzer,0.29526132,False,mannelijk,jeugd,algemeen Nederlands,n/a,bureaumicrofoon,48000
dano,dano,20080301,dano,0.65331227,True,mannelijk,jeugd,algemeen Nederlands,n/a,bureaumicrofoon,48000
dano,dano,20080301,dano,0.6248772,True,mannelijk,jeugd,algemeen Nederlands,n/a,bureaumicrofoon,48000
dano,dano,20080301,dano,0.65449774,True,mannelijk,jeugd,algemeen Nederlands,n/a,bureaumicrofoon,48000
dano,dano,20080301,dano,0.67252773,True,mannelijk,jeugd,algemeen Nederlands,n/a,bureaumicrofoon,48000
dano,dano,20080301,dano,0.46115798,True,mannelijk,jeugd,algemeen Nederlands,n/a,bureaumicrofoon,48000
dano,dano,20080301,dano,0.5476314,True,mannelijk,jeugd,algemeen Nederlands,n/a,bureaumicrofoon,48000
dano,dano,20080301,dano,0.64169633,True,mannelijk,jeugd,algemeen Nederlands,n/a,bureaumicrofoon,48000
dano,dano,20080301,dano,0.71644515,True,mannelijk,jeugd,algemeen Nederlands,n/a,bureaumicrofoon,48000
dano,dano,20080301,dano,0.5427497,True,mannelijk,jeugd,algemeen Nederlands,n/a,bureaumicrofoon,48000
dano,dano,20080301,dano,0.6248772,True,mannelijk,jeugd,algemeen Nederlands,n/a,bureaumicrofoon,48000
dano,dano,20080205,dekeijzer,0.29526132,False,mannelijk,jeugd,algemeen Nederlands,n/a,bureaumicrofoon,48000
dano,dano,20081018,Dano,0.6598425,False,mannelijk,jeugd,algemeen Nederlands,n/a,bureaumicrofoon,48000
dano,dano,20080301,dano,0.61465245,True,mannelijk,jeugd,algemeen Nederlands,n/a,bureaumicrofoon,48000
dano,dano,20080301,dano,0.71209496,True,mannelijk,jeugd,algemeen Nederlands,n/a,bureaumicrofoon,48000
dano,dano,20080301,dano,0.63194263,True,mannelijk,jeugd,algemeen Nederlands,n/a,bureaumicrofoon,48000
dano,dano,20080301,dano,0.5853114,True,mannelijk,jeugd,algemeen Nederlands,n/a,bureaumicrofoon,48000
dano,dano,20080301,dano,0.4845546,True,mannelijk,jeugd,algemeen Nederlands,n/a,bureaumicrofoon,48000
dano,dano,20080301,dano,0.67922616,True,mannelijk,jeugd,algemeen Nederlands,n/a,bureaumicrofoon,48000
dano,dano,20080301,dano,0.60912895,True,mannelijk,jeugd,algemeen Nederlands,n/a,bureaumicrofoon,48000
dano,dano,20080301,dano,0.62472856,True,mannelijk,jeugd,algemeen Nederlands,n/a,bureaumicrofoon,48000
dano,dano,20080301,dano,0.5326206,True,mannelijk,jeugd,algemeen Nederlands,n/a,bureaumicrofoon,48000
dano,dano,20080301,dano,0.6214394,True,mannelijk,jeugd,algemeen Nederlands,n/a,bureaumicrofoon,48000
dano,dano,20080301,dano,0.6274688,True,mannelijk,jeugd,algemeen Nederlands,n/a,bureaumicrofoon,48000
dano,dano,20080301,dano,0.50782263,True,mannelijk,jeugd,algemeen Nederlands,n/a,bureaumicrofoon,48000
dano,dano,20080301,dano,0.6742986,True,mannelijk,jeugd,algemeen Nederlands,n/a,bureaumicrofoon,48000
dano,dano,20080301,dano,0.6194663,True,mannelijk,jeugd,algemeen Nederlands,n/a,bureaumicrofoon,48000
dano,dano,20080301,dano,0.72979593,True,mannelijk,jeugd,algemeen Nederlands,n/a,bureaumicrofoon,48000
dano,dano,20081018,Dano,0.53986,False,mannelijk,jeugd,algemeen Nederlands,n/a,bureaumicrofoon,48000
dano,dano,20080301,dano,0.39783674,True,mannelijk,jeugd,algemeen Nederlands,n/a,bureaumicrofoon,48000
dano,dano,20081018,Dano,0.6121058,False,mannelijk,jeugd,algemeen Nederlands,n/a,bureaumicrofoon,48000
dano,dano,20080301,dano,0.760286,True,mannelijk,jeugd,algemeen Nederlands,n/a,bureaumicrofoon,48000
dano,dano,20080301,dano,0.63018435,True,mannelijk,jeugd,algemeen Nederlands,n/a,bureaumicrofoon,48000
dano,dano,20080301,dano,0.68680125,True,mannelijk,jeugd,algemeen Nederlands,n/a,bureaumicrofoon,48000
dano,dano,20080301,dano,0.6389897,True,mannelijk,jeugd,algemeen Nederlands,n/a,bureaumicrofoon,48000
dano,dano,20080301,dano,0.5773995,True,mannelijk,jeugd,algemeen Nederlands,n/a,bureaumicrofoon,48000
dano,dano,20080301,dano,0.58010364,True,mannelijk,jeugd,algemeen Nederlands,n/a,bureaumicrofoon,48000
dano,dano,20111018,hdeboo,0.36407378,False,mannelijk,jeugd,algemeen Nederlands,n/a,bureaumicrofoon,48000
dano,dano,20080301,dano,0.4992125,True,mannelijk,jeugd,algemeen Nederlands,n/a,bureaumicrofoon,48000
dano,dano,20080301,dano,0.6287097,True,mannelijk,jeugd,algemeen Nederlands,n/a,bureaumicrofoon,48000
dano,dano,20080301,dano,0.63638836,True,mannelijk,jeugd,algemeen Nederlands,n/a,bureaumicrofoon,48000
dano,dano,20080301,dano,0.562011,True,mannelijk,jeugd,algemeen Nederlands,n/a,bureaumicrofoon,48000
dano,dano,20080301,dano,0.7264193,True,mannelijk,jeugd,algemeen Nederlands,n/a,bureaumicrofoon,48000
dano,dano,20080301,dano,0.6591441,True,mannelijk,jeugd,algemeen Nederlands,n/a,bureaumicrofoon,48000
dano,dano,20080301,dano,0.50631756,True,mannelijk,jeugd,algemeen Nederlands,n/a,bureaumicrofoon,48000
dano,dano,20080301,dano,0.6048677,True,mannelijk,jeugd,algemeen Nederlands,n/a,bureaumicrofoon,48000
dano,dano,20080301,dano,0.7570246,True,mannelijk,jeugd,algemeen Nederlands,n/a,bureaumicrofoon,48000
dano,dano,20170801,darend,0.4121188,False,mannelijk,jeugd,algemeen Nederlands,n/a,bureaumicrofoon,48000
dano,dano,20080301,dano,0.6326797,True,mannelijk,jeugd,algemeen Nederlands,n/a,bureaumicrofoon,48000
dano,dano,20080301,dano,0.63679886,True,mannelijk,jeugd,algemeen Nederlands,n/a,bureaumicrofoon,48000
dano,dano,20080301,dano,0.56578296,True,mannelijk,jeugd,algemeen Nederlands,n/a,bureaumicrofoon,48000
dano,dano,20080301,dano,0.6653142,True,mannelijk,jeugd,algemeen Nederlands,n/a,bureaumicrofoon,48000
dano,dano,20080301,dano,0.5186889,True,mannelijk,jeugd,algemeen Nederlands,n/a,bureaumicrofoon,48000
dano,dano,20080301,dano,0.6530397,True,mannelijk,jeugd,algemeen Nederlands,n/a,bureaumicrofoon,48000
dano,dano,20080301,dano,0.6624687,True,mannelijk,jeugd,algemeen Nederlands,n/a,bureaumicrofoon,48000
dano,dano,20080301,dano,0.69476426,True,mannelijk,jeugd,algemeen Nederlands,n/a,bureaumicrofoon,48000
dano,dano,20080301,dano,0.6197572,True,mannelijk,jeugd,algemeen Nederlands,n/a,bureaumicrofoon,48000
dano,dano,20090617,asda,0.542191,False,mannelijk,jeugd,algemeen Nederlands,n/a,bureaumicrofoon,48000
dano,dano,20080301,dano,0.64206785,True,mannelijk,jeugd,algemeen Nederlands,n/a,bureaumicrofoon,48000
dano,dano,20081018,Dano,0.62521714,False,mannelijk,jeugd,algemeen Nederlands,n/a,bureaumicrofoon,48000
dano,dano,20080301,dano,0.66780555,True,mannelijk,jeugd,algemeen Nederlands,n/a,bureaumicrofoon,48000
dano,dano,20080301,dano,0.5698079,True,mannelijk,jeugd,algemeen Nederlands,n/a,bureaumicrofoon,48000
dano,dano,20080301,dano,0.6720506,True,mannelijk,jeugd,algemeen Nederlands,n/a,bureaumicrofoon,48000
dano,dano,20080301,dano,0.6993241,True,mannelijk,jeugd,algemeen Nederlands,n/a,bureaumicrofoon,48000
dano,dano,20080301,dano,0.67733395,True,mannelijk,jeugd,algemeen Nederlands,n/a,bureaumicrofoon,48000
dano,dano,20080301,dano,0.64340687,True,mannelijk,jeugd,algemeen Nederlands,n/a,bureaumicrofoon,48000
dano,dano,20080301,dano,0.5874796,True,mannelijk,jeugd,algemeen Nederlands,n/a,bureaumicrofoon,48000
dano,dano,20080301,dano,0.6656135,True,mannelijk,jeugd,algemeen Nederlands,n/a,bureaumicrofoon,48000
dano,dano,20080301,dano,0.61954975,True,mannelijk,jeugd,algemeen Nederlands,n/a,bureaumicrofoon,48000
dano,dano,20090617,asda,0.54161996,False,mannelijk,jeugd,algemeen Nederlands,n/a,bureaumicrofoon,48000
dano,dano,20080301,dano,0.6537514,True,mannelijk,jeugd,algemeen Nederlands,n/a,bureaumicrofoon,48000
dano,dano,20080301,dano,0.6658467,True,mannelijk,jeugd,algemeen Nederlands,n/a,bureaumicrofoon,48000
dano,dano,20080301,dano,0.7010255,True,mannelijk,jeugd,algemeen Nederlands,n/a,bureaumicrofoon,48000
dano,dano,20080301,dano,0.6251512,True,mannelijk,jeugd,algemeen Nederlands,n/a,bureaumicrofoon,48000
dano,dano,20080301,dano,0.42363024,True,mannelijk,jeugd,algemeen Nederlands,n/a,bureaumicrofoon,48000
dano,dano,20080301,dano,0.6608559,True,mannelijk,jeugd,algemeen Nederlands,n/a,bureaumicrofoon,48000
dano,dano,20080301,dano,0.6369173,True,mannelijk,jeugd,algemeen Nederlands,n/a,bureaumicrofoon,48000
dano,dano,20080301,dano,0.7704333,True,mannelijk,jeugd,algemeen Nederlands,n/a,bureaumicrofoon,48000
dano,dano,20080301,dano,0.63565433,True,mannelijk,jeugd,algemeen Nederlands,n/a,bureaumicrofoon,48000
dano,dano,20080301,dano,0.6576047,True,mannelijk,jeugd,algemeen Nederlands,n/a,bureaumicrofoon,48000
dano,dano,20080301,dano,0.641235,True,mannelijk,jeugd,algemeen Nederlands,n/a,bureaumicrofoon,48000
dano,dano,20090617,asda,0.6194265,False,mannelijk,jeugd,algemeen Nederlands,n/a,bureaumicrofoon,48000
dano,dano,20080301,dano,0.68819594,True,mannelijk,jeugd,algemeen Nederlands,n/a,bureaumicrofoon,48000
dano,dano,20080301,dano,0.5850448,True,mannelijk,jeugd,algemeen Nederlands,n/a,bureaumicrofoon,48000
dano,dano,20080301,dano,0.6781198,True,mannelijk,jeugd,algemeen Nederlands,n/a,bureaumicrofoon,48000
dano,dano,20080301,dano,0.63866866,True,mannelijk,jeugd,algemeen Nederlands,n/a,bureaumicrofoon,48000
dano,dano,20080301,dano,0.71247977,True,mannelijk,jeugd,algemeen Nederlands,n/a,bureaumicrofoon,48000
dano,dano,20080301,dano,0.6757165,True,mannelijk,jeugd,algemeen Nederlands,n/a,bureaumicrofoon,48000
dano,dano,20080301,dano,0.73080206,True,mannelijk,jeugd,algemeen Nederlands,n/a,bureaumicrofoon,48000
dano,dano,20080301,dano,0.5782207,True,mannelijk,jeugd,algemeen Nederlands,n/a,bureaumicrofoon,48000
dano,dano,20080301,dano,0.5811879,True,mannelijk,jeugd,algemeen Nederlands,n/a,bureaumicrofoon,48000
dano,dano,20080301,dano,0.58319193,True,mannelijk,jeugd,algemeen Nederlands,n/a,bureaumicrofoon,48000
dano,dano,20080301,dano,0.714952,True,mannelijk,jeugd,algemeen Nederlands,n/a,bureaumicrofoon,48000
dano,dano,20080301,dano,0.6418974,True,mannelijk,jeugd,algemeen Nederlands,n/a,bureaumicrofoon,48000
dano,dano,20081018,Dano,0.59589005,False,mannelijk,jeugd,algemeen Nederlands,n/a,bureaumicrofoon,48000
dano,dano,20080301,dano,0.67345,True,mannelijk,jeugd,algemeen Nederlands,n/a,bureaumicrofoon,48000
dano,dano,20080301,dano,0.677069,True,mannelijk,jeugd,algemeen Nederlands,n/a,bureaumicrofoon,48000
dano,dano,20080301,dano,0.54833055,True,mannelijk,jeugd,algemeen Nederlands,n/a,bureaumicrofoon,48000
dano,dano,20080301,dano,0.7220056,True,mannelijk,jeugd,algemeen Nederlands,n/a,bureaumicrofoon,48000
dano,dano,20080301,dano,0.6647481,True,mannelijk,jeugd,algemeen Nederlands,n/a,bureaumicrofoon,48000
dano,dano,20080301,dano,0.68022144,True,mannelijk,jeugd,algemeen Nederlands,n/a,bureaumicrofoon,48000
dano,dano,20080301,dano,0.6182085,True,mannelijk,jeugd,algemeen Nederlands,n/a,bureaumicrofoon,48000
dano,dano,20080301,dano,0.6369846,True,mannelijk,jeugd,algemeen Nederlands,n/a,bureaumicrofoon,48000
dano,dano,20080301,dano,0.6921512,True,mannelijk,jeugd,algemeen Nederlands,n/a,bureaumicrofoon,48000
dano,dano,20080301,dano,0.61199236,True,mannelijk,jeugd,algemeen Nederlands,n/a,bureaumicrofoon,48000
dano,dano,20081018,Dano,0.6421487,False,mannelijk,jeugd,algemeen Nederlands,n/a,bureaumicrofoon,48000
dano,dano,20080301,dano,0.6172658,True,mannelijk,jeugd,algemeen Nederlands,n/a,bureaumicrofoon,48000
dano,dano,20080301,dano,0.6785587,True,mannelijk,jeugd,algemeen Nederlands,n/a,bureaumicrofoon,48000
dano,dano,20080301,dano,0.66742206,True,mannelijk,jeugd,algemeen Nederlands,n/a,bureaumicrofoon,48000
dano,dano,20080301,dano,0.61240506,True,mannelijk,jeugd,algemeen Nederlands,n/a,bureaumicrofoon,48000
dano,dano,20090617,asda,0.69027245,False,mannelijk,jeugd,algemeen Nederlands,n/a,bureaumicrofoon,48000
dano,dano,20080301,dano,0.71158445,True,mannelijk,jeugd,algemeen Nederlands,n/a,bureaumicrofoon,48000
dano,dano,20080301,dano,0.51949084,True,mannelijk,jeugd,algemeen Nederlands,n/a,bureaumicrofoon,48000
dano,dano,20080301,dano,0.66036034,True,mannelijk,jeugd,algemeen Nederlands,n/a,bureaumicrofoon,48000
dano,dano,20080301,dano,0.6823455,True,mannelijk,jeugd,algemeen Nederlands,n/a,bureaumicrofoon,48000
dano,dano,20080301,dano,0.6471537,True,mannelijk,jeugd,algemeen Nederlands,n/a,bureaumicrofoon,48000
dano,dano,20090617,asda,0.6602976,False,mannelijk,jeugd,algemeen Nederlands,n/a,bureaumicrofoon,48000
dano,dano,20081018,Dano,0.646067,False,mannelijk,jeugd,algemeen Nederlands,n/a,bureaumicrofoon,48000
dano,dano,20081018,Dano,0.65483713,False,mannelijk,jeugd,algemeen Nederlands,n/a,bureaumicrofoon,48000
dano,dano,20090617,asda,0.6007762,False,mannelijk,jeugd,algemeen Nederlands,n/a,bureaumicrofoon,48000
dano,dano,20080301,dano,0.6038062,True,mannelijk,jeugd,algemeen Nederlands,n/a,bureaumicrofoon,48000
dano,dano,20080301,dano,0.65224874,True,mannelijk,jeugd,algemeen Nederlands,n/a,bureaumicrofoon,48000
dano,dano,20080301,dano,0.61126566,True,mannelijk,jeugd,algemeen Nederlands,n/a,bureaumicrofoon,48000
dano,dano,20080301,dano,0.60670614,True,mannelijk,jeugd,algemeen Nederlands,n/a,bureaumicrofoon,48000
dano,dano,20090617,asda,0.57040155,False,mannelijk,jeugd,algemeen Nederlands,n/a,bureaumicrofoon,48000
dano,dano,20080301,dano,0.6445346,True,mannelijk,jeugd,algemeen Nederlands,n/a,bureaumicrofoon,48000
dano,dano,20080301,dano,0.6355748,True,mannelijk,jeugd,algemeen Nederlands,n/a,bureaumicrofoon,48000
dano,dano,20090617,asda,0.6258633,False,mannelijk,jeugd,algemeen Nederlands,n/a,bureaumicrofoon,48000
dano,dano,20080301,dano,0.69980764,True,mannelijk,jeugd,algemeen Nederlands,n/a,bureaumicrofoon,48000
dano,dano,20080301,dano,0.699145,True,mannelijk,jeugd,algemeen Nederlands,n/a,bureaumicrofoon,48000
dano,dano,20080301,dano,0.6675967,True,mannelijk,jeugd,algemeen Nederlands,n/a,bureaumicrofoon,48000
dano,dano,20080301,dano,0.69605935,True,mannelijk,jeugd,algemeen Nederlands,n/a,bureaumicrofoon,48000
dano,dano,20080120,anonymous,0.5148696,False,mannelijk,jeugd,algemeen Nederlands,n/a,bureaumicrofoon,48000
dano,dano,20090617,asda,0.5577804,False,mannelijk,jeugd,algemeen Nederlands,n/a,bureaumicrofoon,48000
dano,dano,20080301,dano,0.56555617,True,mannelijk,jeugd,algemeen Nederlands,n/a,bureaumicrofoon,48000
dano,dano,20080301,dano,0.63214326,True,mannelijk,jeugd,algemeen Nederlands,n/a,bureaumicrofoon,48000
dano,dano,20080301,dano,0.5967243,True,mannelijk,jeugd,algemeen Nederlands,n/a,bureaumicrofoon,48000
dano,dano,20090617,asda,0.6162945,False,mannelijk,jeugd,algemeen Nederlands,n/a,bureaumicrofoon,48000
dano,dano,20090617,asda,0.6346798,False,mannelijk,jeugd,algemeen Nederlands,n/a,bureaumicrofoon,48000
dano,dano,20090617,asda,0.6920991,False,mannelijk,jeugd,algemeen Nederlands,n/a,bureaumicrofoon,48000
dano,dano,20080301,dano,0.747755,True,mannelijk,jeugd,algemeen Nederlands,n/a,bureaumicrofoon,48000
dano,dano,20080301,dano,0.6509908,True,mannelijk,jeugd,algemeen Nederlands,n/a,bureaumicrofoon,48000
dano,dano,20080301,dano,0.6446707,True,mannelijk,jeugd,algemeen Nederlands,n/a,bureaumicrofoon,48000
dano,dano,20090617,asda,0.6759503,False,mannelijk,jeugd,algemeen Nederlands,n/a,bureaumicrofoon,48000
dano,dano,20090617,asda,0.4668066,False,mannelijk,jeugd,algemeen Nederlands,n/a,bureaumicrofoon,48000
dano,dano,20090617,asda,0.59976625,False,mannelijk,jeugd,algemeen Nederlands,n/a,bureaumicrofoon,48000
dano,dano,20090617,asda,0.6673033,False,mannelijk,jeugd,algemeen Nederlands,n/a,bureaumicrofoon,48000
dano,dano,20090617,asda,0.62233454,False,mannelijk,jeugd,algemeen Nederlands,n/a,bureaumicrofoon,48000
dano,dano,20080301,dano,0.5801309,True,mannelijk,jeugd,algemeen Nederlands,n/a,bureaumicrofoon,48000
dano,dano,20090617,asda,0.5697068,False,mannelijk,jeugd,algemeen Nederlands,n/a,bureaumicrofoon,48000
dano,dano,20080301,dano,0.64974964,True,mannelijk,jeugd,algemeen Nederlands,n/a,bureaumicrofoon,48000
dano,dano,20090617,asda,0.62749285,False,mannelijk,jeugd,algemeen Nederlands,n/a,bureaumicrofoon,48000
dano,dano,20080301,dano,0.7002073,True,mannelijk,jeugd,algemeen Nederlands,n/a,bureaumicrofoon,48000
dano,dano,20080301,dano,0.58206934,True,mannelijk,jeugd,algemeen Nederlands,n/a,bureaumicrofoon,48000
dano,dano,20090617,asda,0.67611456,False,mannelijk,jeugd,algemeen Nederlands,n/a,bureaumicrofoon,48000
dano,dano,20081018,Dano,0.5647231,False,mannelijk,jeugd,algemeen Nederlands,n/a,bureaumicrofoon,48000
dano,dano,20080301,dano,0.6522366,True,mannelijk,jeugd,algemeen Nederlands,n/a,bureaumicrofoon,48000
dano,dano,20080301,dano,0.6117866,True,mannelijk,jeugd,algemeen Nederlands,n/a,bureaumicrofoon,48000
dano,dano,20080301,dano,0.6082916,True,mannelijk,jeugd,algemeen Nederlands,n/a,bureaumicrofoon,48000
dano,dano,20090617,asda,0.5665976,False,mannelijk,jeugd,algemeen Nederlands,n/a,bureaumicrofoon,48000
dano,dano,20090617,asda,0.6633489,False,mannelijk,jeugd,algemeen Nederlands,n/a,bureaumicrofoon,48000
dano,dano,20080301,dano,0.6725886,True,mannelijk,jeugd,algemeen Nederlands,n/a,bureaumicrofoon,48000
dano,dano,20080301,dano,0.64968956,True,mannelijk,jeugd,algemeen Nederlands,n/a,bureaumicrofoon,48000
dano,dano,20080301,dano,0.6263108,True,mannelijk,jeugd,algemeen Nederlands,n/a,bureaumicrofoon,48000
dano,dano,20081018,Dano,0.72402585,False,mannelijk,jeugd,algemeen Nederlands,n/a,bureaumicrofoon,48000
dano,dano,20081018,Dano,0.7070579,False,mannelijk,jeugd,algemeen Nederlands,n/a,bureaumicrofoon,48000
dano,dano,20081018,Dano,0.66618973,False,mannelijk,jeugd,algemeen Nederlands,n/a,bureaumicrofoon,48000
dano,dano,20080301,dano,0.6734122,True,mannelijk,jeugd,algemeen Nederlands,n/a,bureaumicrofoon,48000
dano,dano,20080301,dano,0.642893,True,mannelijk,jeugd,algemeen Nederlands,n/a,bureaumicrofoon,48000
dano,dano,20081018,Dano,0.69187015,False,mannelijk,jeugd,algemeen Nederlands,n/a,bureaumicrofoon,48000
dano,dano,20080301,dano,0.6378372,True,mannelijk,jeugd,algemeen Nederlands,n/a,bureaumicrofoon,48000
dano,dano,20080301,dano,0.70611554,True,mannelijk,jeugd,algemeen Nederlands,n/a,bureaumicrofoon,48000
dano,dano,20081018,Dano,0.65989876,False,mannelijk,jeugd,algemeen Nederlands,n/a,bureaumicrofoon,48000
dano,dano,20081018,Dano,0.62011623,False,mannelijk,jeugd,algemeen Nederlands,n/a,bureaumicrofoon,48000
dano,dano,20080301,dano,0.62720704,True,mannelijk,jeugd,algemeen Nederlands,n/a,bureaumicrofoon,48000
dano,dano,20080301,dano,0.64907336,True,mannelijk,jeugd,algemeen Nederlands,n/a,bureaumicrofoon,48000
dano,dano,20081018,Dano,0.5770898,False,mannelijk,jeugd,algemeen Nederlands,n/a,bureaumicrofoon,48000
dano,dano,20081018,Dano,0.6225313,False,mannelijk,jeugd,algemeen Nederlands,n/a,bureaumicrofoon,48000
dano,dano,20080301,dano,0.6398792,True,mannelijk,jeugd,algemeen Nederlands,n/a,bureaumicrofoon,48000
dano,dano,20081018,Dano,0.5992348,False,mannelijk,jeugd,algemeen Nederlands,n/a,bureaumicrofoon,48000
dano,dano,20080301,dano,0.5957091,True,mannelijk,jeugd,algemeen Nederlands,n/a,bureaumicrofoon,48000
dano,dano,20081018,Dano,0.52308273,False,mannelijk,jeugd,algemeen Nederlands,n/a,bureaumicrofoon,48000
dano,dano,20080301,dano,0.5668962,True,mannelijk,jeugd,algemeen Nederlands,n/a,bureaumicrofoon,48000
dano,dano,20080301,dano,0.6054834,True,mannelijk,jeugd,algemeen Nederlands,n/a,bureaumicrofoon,48000
dano,dano,20080301,dano,0.6421472,True,mannelijk,jeugd,algemeen Nederlands,n/a,bureaumicrofoon,48000
dano,dano,20080301,dano,0.69472027,True,mannelijk,jeugd,algemeen Nederlands,n/a,bureaumicrofoon,48000
dano,dano,20081018,Dano,0.5483076,False,mannelijk,jeugd,algemeen Nederlands,n/a,bureaumicrofoon,48000
dano,dano,20090617,asda,0.59339875,False,mannelijk,jeugd,algemeen Nederlands,n/a,bureaumicrofoon,48000
dano,dano,20080301,dano,0.61872995,True,mannelijk,jeugd,algemeen Nederlands,n/a,bureaumicrofoon,48000
dano,dano,20080301,dano,0.6626383,True,mannelijk,jeugd,algemeen Nederlands,n/a,bureaumicrofoon,48000
dano,dano,20080301,dano,0.5762843,True,mannelijk,jeugd,algemeen Nederlands,n/a,bureaumicrofoon,48000
dano,dano,20090617,asda,0.49411064,False,mannelijk,jeugd,algemeen Nederlands,n/a,bureaumicrofoon,48000
dano,dano,20080301,dano,0.6868311,True,mannelijk,jeugd,algemeen Nederlands,n/a,bureaumicrofoon,48000
dano,dano,20080301,dano,0.7294161,True,mannelijk,jeugd,algemeen Nederlands,n/a,bureaumicrofoon,48000
dano,dano,20080301,dano,0.6735433,True,mannelijk,jeugd,algemeen Nederlands,n/a,bureaumicrofoon,48000
dano,dano,20080301,dano,0.437067,True,mannelijk,jeugd,algemeen Nederlands,n/a,bureaumicrofoon,48000
dano,dano,20080301,dano,0.6076115,True,mannelijk,jeugd,algemeen Nederlands,n/a,bureaumicrofoon,48000
dano,dano,20081018,Dano,0.63452387,False,mannelijk,jeugd,algemeen Nederlands,n/a,bureaumicrofoon,48000
dano,dano,20080301,dano,0.542072,True,mannelijk,jeugd,algemeen Nederlands,n/a,bureaumicrofoon,48000
dano,dano,20090617,asda,0.60544896,False,mannelijk,jeugd,algemeen Nederlands,n/a,bureaumicrofoon,48000
dano,dano,20081018,Dano,0.66073304,False,mannelijk,jeugd,algemeen Nederlands,n/a,bureaumicrofoon,48000
dano,dano,20080301,dano,0.5438005,True,mannelijk,jeugd,algemeen Nederlands,n/a,bureaumicrofoon,48000
dano,dano,20080301,dano,0.687781,True,mannelijk,jeugd,algemeen Nederlands,n/a,bureaumicrofoon,48000
dano,dano,20080301,dano,0.6192583,True,mannelijk,jeugd,algemeen Nederlands,n/a,bureaumicrofoon,48000
dano,dano,20080301,dano,0.6369391,True,mannelijk,jeugd,algemeen Nederlands,n/a,bureaumicrofoon,48000
dano,dano,20080301,dano,0.61035895,True,mannelijk,jeugd,algemeen Nederlands,n/a,bureaumicrofoon,48000
dano,dano,20081018,Dano,0.57793444,False,mannelijk,jeugd,algemeen Nederlands,n/a,bureaumicrofoon,48000
dano,dano,20090617,asda,0.64640814,False,mannelijk,jeugd,algemeen Nederlands,n/a,bureaumicrofoon,48000
dano,dano,20080301,dano,0.63423556,True,mannelijk,jeugd,algemeen Nederlands,n/a,bureaumicrofoon,48000
dano,dano,20081018,Dano,0.6266986,False,mannelijk,jeugd,algemeen Nederlands,n/a,bureaumicrofoon,48000
dano,dano,20080301,dano,0.52984,True,mannelijk,jeugd,algemeen Nederlands,n/a,bureaumicrofoon,48000
dano,dano,20080301,dano,0.52915776,True,mannelijk,jeugd,algemeen Nederlands,n/a,bureaumicrofoon,48000
dano,dano,20081018,Dano,0.53506094,False,mannelijk,jeugd,algemeen Nederlands,n/a,bureaumicrofoon,48000
dano,dano,20081018,Dano,0.5351104,False,mannelijk,jeugd,algemeen Nederlands,n/a,bureaumicrofoon,48000
dano,dano,dano,NL,0.5422871,False,mannelijk,jeugd,algemeen Nederlands,n/a,bureaumicrofoon,48000
dano,dano,20090617,asda,0.6610607,False,mannelijk,jeugd,algemeen Nederlands,n/a,bureaumicrofoon,48000
dano,dano,20090617,asda,0.55323505,False,mannelijk,jeugd,algemeen Nederlands,n/a,bureaumicrofoon,48000
dano,dano,20080301,dano,0.6360887,True,mannelijk,jeugd,algemeen Nederlands,n/a,bureaumicrofoon,48000
dano,dano,20080301,dano,0.5593583,True,mannelijk,jeugd,algemeen Nederlands,n/a,bureaumicrofoon,48000
dano,dano,20080301,dano,0.59859633,True,mannelijk,jeugd,algemeen Nederlands,n/a,bureaumicrofoon,48000
dano,dano,20080301,dano,0.63960195,True,mannelijk,jeugd,algemeen Nederlands,n/a,bureaumicrofoon,48000
dano,dano,20090617,asda,0.56790304,False,mannelijk,jeugd,algemeen Nederlands,n/a,bureaumicrofoon,48000
dano,dano,20081018,Dano,0.5679829,False,mannelijk,jeugd,algemeen Nederlands,n/a,bureaumicrofoon,48000
dano,dano,20080301,dano,0.64538395,True,mannelijk,jeugd,algemeen Nederlands,n/a,bureaumicrofoon,48000
dano,dano,20080301,dano,0.5408152,True,mannelijk,jeugd,algemeen Nederlands,n/a,bureaumicrofoon,48000
dano,dano,20080301,dano,0.6716087,True,mannelijk,jeugd,algemeen Nederlands,n/a,bureaumicrofoon,48000
dano,dano,20080301,dano,0.5789988,True,mannelijk,jeugd,algemeen Nederlands,n/a,bureaumicrofoon,48000
dano,dano,20080301,dano,0.49932957,True,mannelijk,jeugd,algemeen Nederlands,n/a,bureaumicrofoon,48000
dano,dano,20080301,dano,0.6897901,True,mannelijk,jeugd,algemeen Nederlands,n/a,bureaumicrofoon,48000
dano,dano,20081018,Dano,0.6175889,False,mannelijk,jeugd,algemeen Nederlands,n/a,bureaumicrofoon,48000
dano,dano,20080301,dano,0.52876747,True,mannelijk,jeugd,algemeen Nederlands,n/a,bureaumicrofoon,48000
dano,dano,20081018,Dano,0.49860016,False,mannelijk,jeugd,algemeen Nederlands,n/a,bureaumicrofoon,48000
dano,dano,20080301,dano,0.5322244,True,mannelijk,jeugd,algemeen Nederlands,n/a,bureaumicrofoon,48000
dano,dano,20080301,dano,0.6726048,True,mannelijk,jeugd,algemeen Nederlands,n/a,bureaumicrofoon,48000
dano,dano,20081018,Dano,0.5872953,False,mannelijk,jeugd,algemeen Nederlands,n/a,bureaumicrofoon,48000
dano,dano,20081018,Dano,0.659377,False,mannelijk,jeugd,algemeen Nederlands,n/a,bureaumicrofoon,48000
dano,dano,20080301,dano,0.59910613,True,mannelijk,jeugd,algemeen Nederlands,n/a,bureaumicrofoon,48000
dano,dano,20081018,Dano,0.67516017,False,mannelijk,jeugd,algemeen Nederlands,n/a,bureaumicrofoon,48000
dano,dano,20081018,Dano,0.6361165,False,mannelijk,jeugd,algemeen Nederlands,n/a,bureaumicrofoon,48000
dano,dano,20080301,dano,0.5805757,True,mannelijk,jeugd,algemeen Nederlands,n/a,bureaumicrofoon,48000
dano,dano,20080301,dano,0.66794586,True,mannelijk,jeugd,algemeen Nederlands,n/a,bureaumicrofoon,48000
dano,dano,20080301,dano,0.6597482,True,mannelijk,jeugd,algemeen Nederlands,n/a,bureaumicrofoon,48000
dano,dano,20080301,dano,0.6605274,True,mannelijk,jeugd,algemeen Nederlands,n/a,bureaumicrofoon,48000
dano,dano,20080301,dano,0.5762105,True,mannelijk,jeugd,algemeen Nederlands,n/a,bureaumicrofoon,48000
dano,dano,20090617,asda,0.49399835,False,mannelijk,jeugd,algemeen Nederlands,n/a,bureaumicrofoon,48000
dano,dano,20080301,dano,0.41970763,True,mannelijk,jeugd,algemeen Nederlands,n/a,bureaumicrofoon,48000
dano,dano,20081018,Dano,0.5553317,False,mannelijk,jeugd,algemeen Nederlands,n/a,bureaumicrofoon,48000
dano,dano,20080301,dano,0.68777525,True,mannelijk,jeugd,algemeen Nederlands,n/a,bureaumicrofoon,48000
dano,dano,20080301,dano,0.5896927,True,mannelijk,jeugd,algemeen Nederlands,n/a,bureaumicrofoon,48000
dano,dano,20080301,dano,0.6099321,True,mannelijk,jeugd,algemeen Nederlands,n/a,bureaumicrofoon,48000
dano,dano,20080301,dano,0.66553193,True,mannelijk,jeugd,algemeen Nederlands,n/a,bureaumicrofoon,48000
dano,dano,20080301,dano,0.6237737,True,mannelijk,jeugd,algemeen Nederlands,n/a,bureaumicrofoon,48000
dano,dano,20080301,dano,0.6139567,True,mannelijk,jeugd,algemeen Nederlands,n/a,bureaumicrofoon,48000
dano,dano,20080301,dano,0.6257683,True,mannelijk,jeugd,algemeen Nederlands,n/a,bureaumicrofoon,48000
dano,dano,20081018,Dano,0.5756983,False,mannelijk,jeugd,algemeen Nederlands,n/a,bureaumicrofoon,48000
dano,dano,20080301,dano,0.57745135,True,mannelijk,jeugd,algemeen Nederlands,n/a,bureaumicrofoon,48000
dano,dano,20080301,dano,0.66240567,True,mannelijk,jeugd,algemeen Nederlands,n/a,bureaumicrofoon,48000
dano,dano,20081018,Dano,0.6261062,False,mannelijk,jeugd,algemeen Nederlands,n/a,bureaumicrofoon,48000
dano,dano,20081018,Dano,0.5678465,False,mannelijk,jeugd,algemeen Nederlands,n/a,bureaumicrofoon,48000
dano,dano,20090617,asda,0.46919185,False,mannelijk,jeugd,algemeen Nederlands,n/a,bureaumicrofoon,48000
dano,dano,20080301,dano,0.6363841,True,mannelijk,jeugd,algemeen Nederlands,n/a,bureaumicrofoon,48000
dano,dano,20080301,dano,0.66853184,True,mannelijk,jeugd,algemeen Nederlands,n/a,bureaumicrofoon,48000
dano,dano,20080301,dano,0.67206484,True,mannelijk,jeugd,algemeen Nederlands,n/a,bureaumicrofoon,48000
dano,dano,20080301,dano,0.5069861,True,mannelijk,jeugd,algemeen Nederlands,n/a,bureaumicrofoon,48000
dano,dano,20081018,Dano,0.5713632,False,mannelijk,jeugd,algemeen Nederlands,n/a,bureaumicrofoon,48000
dano,dano,20080301,dano,0.60665816,True,mannelijk,jeugd,algemeen Nederlands,n/a,bureaumicrofoon,48000
dano,dano,20080301,dano,0.5678606,True,mannelijk,jeugd,algemeen Nederlands,n/a,bureaumicrofoon,48000
dano,dano,20081018,Dano,0.62705636,False,mannelijk,jeugd,algemeen Nederlands,n/a,bureaumicrofoon,48000
dano,dano,20080301,dano,0.618654,True,mannelijk,jeugd,algemeen Nederlands,n/a,bureaumicrofoon,48000
dano,dano,20090617,asda,0.66652644,False,mannelijk,jeugd,algemeen Nederlands,n/a,bureaumicrofoon,48000
dano,dano,20081018,Dano,0.60138583,False,mannelijk,jeugd,algemeen Nederlands,n/a,bureaumicrofoon,48000
dano,dano,20081018,Dano,0.56689775,False,mannelijk,jeugd,algemeen Nederlands,n/a,bureaumicrofoon,48000
dano,dano,20081018,Dano,0.47864926,False,mannelijk,jeugd,algemeen Nederlands,n/a,bureaumicrofoon,48000
dano,dano,20080301,dano,0.6073992,True,mannelijk,jeugd,algemeen Nederlands,n/a,bureaumicrofoon,48000
dano,dano,20080301,dano,0.5906182,True,mannelijk,jeugd,algemeen Nederlands,n/a,bureaumicrofoon,48000
dano,dano,20080301,dano,0.6218081,True,mannelijk,jeugd,algemeen Nederlands,n/a,bureaumicrofoon,48000
dano,dano,20080301,dano,0.59750664,True,mannelijk,jeugd,algemeen Nederlands,n/a,bureaumicrofoon,48000
dano,dano,20080301,dano,0.678505,True,mannelijk,jeugd,algemeen Nederlands,n/a,bureaumicrofoon,48000
dano,dano,20080301,dano,0.6829183,True,mannelijk,jeugd,algemeen Nederlands,n/a,bureaumicrofoon,48000
dano,dano,20080301,dano,0.53382385,True,mannelijk,jeugd,algemeen Nederlands,n/a,bureaumicrofoon,48000
dano,dano,20080301,dano,0.473655,True,mannelijk,jeugd,algemeen Nederlands,n/a,bureaumicrofoon,48000
dano,dano,20080301,dano,0.6157336,True,mannelijk,jeugd,algemeen Nederlands,n/a,bureaumicrofoon,48000
dano,dano,20080301,dano,0.67570925,True,mannelijk,jeugd,algemeen Nederlands,n/a,bureaumicrofoon,48000
dano,dano,20081018,Dano,0.48174196,False,mannelijk,jeugd,algemeen Nederlands,n/a,bureaumicrofoon,48000
dano,dano,20080301,dano,0.39371097,True,mannelijk,jeugd,algemeen Nederlands,n/a,bureaumicrofoon,48000
dano,dano,20081018,Dano,0.61422956,False,mannelijk,jeugd,algemeen Nederlands,n/a,bureaumicrofoon,48000
dano,dano,20080301,dano,0.6268151,True,mannelijk,jeugd,algemeen Nederlands,n/a,bureaumicrofoon,48000
dano,dano,20081018,Dano,0.6013291,False,mannelijk,jeugd,algemeen Nederlands,n/a,bureaumicrofoon,48000
dano,dano,20080301,dano,0.6905393,True,mannelijk,jeugd,algemeen Nederlands,n/a,bureaumicrofoon,48000
dano,dano,20081018,Dano,0.5898496,False,mannelijk,jeugd,algemeen Nederlands,n/a,bureaumicrofoon,48000
dano,dano,20080301,dano,0.68932784,True,mannelijk,jeugd,algemeen Nederlands,n/a,bureaumicrofoon,48000
dano,dano,20080301,dano,0.7362604,True,mannelijk,jeugd,algemeen Nederlands,n/a,bureaumicrofoon,48000
dano,dano,20081018,Dano,0.673388,False,mannelijk,jeugd,algemeen Nederlands,n/a,bureaumicrofoon,48000
dano,dano,20081018,Dano,0.61182755,False,mannelijk,jeugd,algemeen Nederlands,n/a,bureaumicrofoon,48000
dano,dano,20081018,Dano,0.62230295,False,mannelijk,jeugd,algemeen Nederlands,n/a,bureaumicrofoon,48000
dano,dano,20081018,Dano,0.6901201,False,mannelijk,jeugd,algemeen Nederlands,n/a,bureaumicrofoon,48000
dano,dano,20081018,Dano,0.56358147,False,mannelijk,jeugd,algemeen Nederlands,n/a,bureaumicrofoon,48000
dano,dano,20080301,dano,0.60513866,True,mannelijk,jeugd,algemeen Nederlands,n/a,bureaumicrofoon,48000
dano,dano,20080301,dano,0.54371244,True,mannelijk,jeugd,algemeen Nederlands,n/a,bureaumicrofoon,48000
dano,dano,20080301,dano,0.60357356,True,mannelijk,jeugd,algemeen Nederlands,n/a,bureaumicrofoon,48000
dano,dano,20081018,Dano,0.5620965,False,mannelijk,jeugd,algemeen Nederlands,n/a,bureaumicrofoon,48000
dano,dano,20080301,dano,0.6354677,True,mannelijk,jeugd,algemeen Nederlands,n/a,bureaumicrofoon,48000
dano,dano,20081018,Dano,0.57452726,False,mannelijk,jeugd,algemeen Nederlands,n/a,bureaumicrofoon,48000
dano,dano,20080301,dano,0.66115487,True,mannelijk,jeugd,algemeen Nederlands,n/a,bureaumicrofoon,48000
dano,dano,20081018,Dano,0.45763502,False,mannelijk,jeugd,algemeen Nederlands,n/a,bureaumicrofoon,48000
dano,dano,20080301,dano,0.66875374,True,mannelijk,jeugd,algemeen Nederlands,n/a,bureaumicrofoon,48000
dano,dano,20081018,Dano,0.5992591,False,mannelijk,jeugd,algemeen Nederlands,n/a,bureaumicrofoon,48000
dano,dano,20081018,Dano,0.61783075,False,mannelijk,jeugd,algemeen Nederlands,n/a,bureaumicrofoon,48000
dano,dano,20081018,Dano,0.6629852,False,mannelijk,jeugd,algemeen Nederlands,n/a,bureaumicrofoon,48000
dano,dano,20090629,Sjiel3,0.45467478,False,mannelijk,jeugd,algemeen Nederlands,n/a,bureaumicrofoon,48000
dano,dano,20080301,dano,0.58600134,True,mannelijk,jeugd,algemeen Nederlands,n/a,bureaumicrofoon,48000
dano,dano,20081018,Dano,0.48638758,False,mannelijk,jeugd,algemeen Nederlands,n/a,bureaumicrofoon,48000
dano,dano,20080301,dano,0.5446694,True,mannelijk,jeugd,algemeen Nederlands,n/a,bureaumicrofoon,48000
dano,dano,20081018,Dano,0.69755685,False,mannelijk,jeugd,algemeen Nederlands,n/a,bureaumicrofoon,48000
dano,dano,20080301,dano,0.6264672,True,mannelijk,jeugd,algemeen Nederlands,n/a,bureaumicrofoon,48000
dano,dano,20081018,Dano,0.54632205,False,mannelijk,jeugd,algemeen Nederlands,n/a,bureaumicrofoon,48000
dano,dano,20081018,Dano,0.6256564,False,mannelijk,jeugd,algemeen Nederlands,n/a,bureaumicrofoon,48000
dano,dano,20081018,Dano,0.5508301,False,mannelijk,jeugd,algemeen Nederlands,n/a,bureaumicrofoon,48000
dano,dano,20080301,dano,0.7206708,True,mannelijk,jeugd,algemeen Nederlands,n/a,bureaumicrofoon,48000
dano,dano,20080301,dano,0.5922894,True,mannelijk,jeugd,algemeen Nederlands,n/a,bureaumicrofoon,48000
dano,dano,20080301,dano,0.6989314,True,mannelijk,jeugd,algemeen Nederlands,n/a,bureaumicrofoon,48000
dano,dano,20081018,Dano,0.36545566,False,mannelijk,jeugd,algemeen Nederlands,n/a,bureaumicrofoon,48000
dano,dano,20080301,dano,0.66327685,True,mannelijk,jeugd,algemeen Nederlands,n/a,bureaumicrofoon,48000
dano,dano,20080301,dano,0.7128323,True,mannelijk,jeugd,algemeen Nederlands,n/a,bureaumicrofoon,48000
dano,dano,20080301,dano,0.63024855,True,mannelijk,jeugd,algemeen Nederlands,n/a,bureaumicrofoon,48000
dano,dano,20080301,dano,0.6538081,True,mannelijk,jeugd,algemeen Nederlands,n/a,bureaumicrofoon,48000
dano,dano,20080301,dano,0.6446003,True,mannelijk,jeugd,algemeen Nederlands,n/a,bureaumicrofoon,48000
dano,dano,20081018,Dano,0.4722218,False,mannelijk,jeugd,algemeen Nederlands,n/a,bureaumicrofoon,48000
dano,dano,20080301,dano,0.5540332,True,mannelijk,jeugd,algemeen Nederlands,n/a,bureaumicrofoon,48000
dano,dano,20081018,Dano,0.604715,False,mannelijk,jeugd,algemeen Nederlands,n/a,bureaumicrofoon,48000
dano,dano,20081018,Dano,0.60693955,False,mannelijk,jeugd,algemeen Nederlands,n/a,bureaumicrofoon,48000
dano,dano,20080301,dano,0.6126468,True,mannelijk,jeugd,algemeen Nederlands,n/a,bureaumicrofoon,48000
dano,dano,20080301,dano,0.66200966,True,mannelijk,jeugd,algemeen Nederlands,n/a,bureaumicrofoon,48000
dano,dano,20080301,dano,0.6899574,True,mannelijk,jeugd,algemeen Nederlands,n/a,bureaumicrofoon,48000
dano,dano,20080301,dano,0.61600727,True,mannelijk,jeugd,algemeen Nederlands,n/a,bureaumicrofoon,48000
dano,dano,20081018,Dano,0.5298276,False,mannelijk,jeugd,algemeen Nederlands,n/a,bureaumicrofoon,48000
dano,dano,20080301,dano,0.7071382,True,mannelijk,jeugd,algemeen Nederlands,n/a,bureaumicrofoon,48000
dano,dano,20080301,dano,0.7065097,True,mannelijk,jeugd,algemeen Nederlands,n/a,bureaumicrofoon,48000
dano,dano,20080301,dano,0.6849927,True,mannelijk,jeugd,algemeen Nederlands,n/a,bureaumicrofoon,48000
dano,dano,20080301,dano,0.650516,True,mannelijk,jeugd,algemeen Nederlands,n/a,bureaumicrofoon,48000
dano,dano,20080301,dano,0.6552702,True,mannelijk,jeugd,algemeen Nederlands,n/a,bureaumicrofoon,48000
dano,dano,20080301,dano,0.6669233,True,mannelijk,jeugd,algemeen Nederlands,n/a,bureaumicrofoon,48000
dano,dano,20080301,dano,0.58654016,True,mannelijk,jeugd,algemeen Nederlands,n/a,bureaumicrofoon,48000
dano,dano,20080301,dano,0.65993583,True,mannelijk,jeugd,algemeen Nederlands,n/a,bureaumicrofoon,48000
dano,dano,20080301,dano,0.64064,True,mannelijk,jeugd,algemeen Nederlands,n/a,bureaumicrofoon,48000
dano,dano,20081018,Dano,0.6332748,False,mannelijk,jeugd,algemeen Nederlands,n/a,bureaumicrofoon,48000
dano,dano,20080301,dano,0.62243986,True,mannelijk,jeugd,algemeen Nederlands,n/a,bureaumicrofoon,48000
dano,dano,20080301,dano,0.6709553,True,mannelijk,jeugd,algemeen Nederlands,n/a,bureaumicrofoon,48000
dano,dano,20080301,dano,0.6227335,True,mannelijk,jeugd,algemeen Nederlands,n/a,bureaumicrofoon,48000
dano,dano,20080301,dano,0.65156096,True,mannelijk,jeugd,algemeen Nederlands,n/a,bureaumicrofoon,48000
dano,dano,20080301,dano,0.6119453,True,mannelijk,jeugd,algemeen Nederlands,n/a,bureaumicrofoon,48000
dano,dano,20080301,dano,0.65715456,True,mannelijk,jeugd,algemeen Nederlands,n/a,bureaumicrofoon,48000
dano,dano,20080301,dano,0.6468874,True,mannelijk,jeugd,algemeen Nederlands,n/a,bureaumicrofoon,48000
dano,dano,20080301,dano,0.69326043,True,mannelijk,jeugd,algemeen Nederlands,n/a,bureaumicrofoon,48000
dano,dano,20081018,Dano,0.5719406,False,mannelijk,jeugd,algemeen Nederlands,n/a,bureaumicrofoon,48000
dano,dano,20080301,dano,0.46984628,True,mannelijk,jeugd,algemeen Nederlands,n/a,bureaumicrofoon,48000
dano,dano,20081018,Dano,0.6632829,False,mannelijk,jeugd,algemeen Nederlands,n/a,bureaumicrofoon,48000
dano,dano,20080301,dano,0.6313251,True,mannelijk,jeugd,algemeen Nederlands,n/a,bureaumicrofoon,48000
dano,dano,20090617,asda,0.57891965,False,mannelijk,jeugd,algemeen Nederlands,n/a,bureaumicrofoon,48000
dano,dano,20081018,Dano,0.5017077,False,mannelijk,jeugd,algemeen Nederlands,n/a,bureaumicrofoon,48000
dano,dano,20081018,Dano,0.58219564,False,mannelijk,jeugd,algemeen Nederlands,n/a,bureaumicrofoon,48000
dano,dano,20081018,Dano,0.5024713,False,mannelijk,jeugd,algemeen Nederlands,n/a,bureaumicrofoon,48000
dano,dano,20080301,dano,0.48771882,True,mannelijk,jeugd,algemeen Nederlands,n/a,bureaumicrofoon,48000
dano,dano,20080301,dano,0.49748948,True,mannelijk,jeugd,algemeen Nederlands,n/a,bureaumicrofoon,48000
dano,dano,20081018,Dano,0.6007505,False,mannelijk,jeugd,algemeen Nederlands,n/a,bureaumicrofoon,48000
dano,dano,20081018,Dano,0.54941773,False,mannelijk,jeugd,algemeen Nederlands,n/a,bureaumicrofoon,48000
dano,dano,20080301,dano,0.58696485,True,mannelijk,jeugd,algemeen Nederlands,n/a,bureaumicrofoon,48000
dano,dano,20080301,dano,0.6669344,True,mannelijk,jeugd,algemeen Nederlands,n/a,bureaumicrofoon,48000
dano,dano,20080301,dano,0.42257315,True,mannelijk,jeugd,algemeen Nederlands,n/a,bureaumicrofoon,48000
dano,dano,20080301,dano,0.6480373,True,mannelijk,jeugd,algemeen Nederlands,n/a,bureaumicrofoon,48000
dano,dano,20080301,dano,0.68409896,True,mannelijk,jeugd,algemeen Nederlands,n/a,bureaumicrofoon,48000
dano,dano,20090617,asda,0.54889596,False,mannelijk,jeugd,algemeen Nederlands,n/a,bureaumicrofoon,48000
dano,dano,20080301,dano,0.52428615,True,mannelijk,jeugd,algemeen Nederlands,n/a,bureaumicrofoon,48000
dano,dano,20081018,Dano,0.56746256,False,mannelijk,jeugd,algemeen Nederlands,n/a,bureaumicrofoon,48000
dano,dano,20081018,Dano,0.5359471,False,mannelijk,jeugd,algemeen Nederlands,n/a,bureaumicrofoon,48000
dano,dano,20080301,dano,0.6136694,True,mannelijk,jeugd,algemeen Nederlands,n/a,bureaumicrofoon,48000
dano,dano,20080301,dano,0.59887207,True,mannelijk,jeugd,algemeen Nederlands,n/a,bureaumicrofoon,48000
dano,dano,20090617,asda,0.6428168,False,mannelijk,jeugd,algemeen Nederlands,n/a,bureaumicrofoon,48000
dano,dano,20081018,Dano,0.62854993,False,mannelijk,jeugd,algemeen Nederlands,n/a,bureaumicrofoon,48000
dano,dano,20080301,dano,0.7026609,True,mannelijk,jeugd,algemeen Nederlands,n/a,bureaumicrofoon,48000
dano,dano,20080301,dano,0.5802007,True,mannelijk,jeugd,algemeen Nederlands,n/a,bureaumicrofoon,48000
dano,dano,20080301,dano,0.6909015,True,mannelijk,jeugd,algemeen Nederlands,n/a,bureaumicrofoon,48000
dano,dano,20080301,dano,0.6197243,True,mannelijk,jeugd,algemeen Nederlands,n/a,bureaumicrofoon,48000
dano,dano,20081018,Dano,0.5482236,False,mannelijk,jeugd,algemeen Nederlands,n/a,bureaumicrofoon,48000
dano,dano,20080301,dano,0.6007695,True,mannelijk,jeugd,algemeen Nederlands,n/a,bureaumicrofoon,48000
dano,dano,20080301,dano,0.5686406,True,mannelijk,jeugd,algemeen Nederlands,n/a,bureaumicrofoon,48000
dano,dano,20080301,dano,0.57965076,True,mannelijk,jeugd,algemeen Nederlands,n/a,bureaumicrofoon,48000
dano,dano,20081018,Dano,0.5850423,False,mannelijk,jeugd,algemeen Nederlands,n/a,bureaumicrofoon,48000
dano,dano,20090108,peterbeter,0.4534511,False,mannelijk,jeugd,algemeen Nederlands,n/a,bureaumicrofoon,48000
dano,dano,20081018,Dano,0.45110846,False,mannelijk,jeugd,algemeen Nederlands,n/a,bureaumicrofoon,48000
dano,dano,20081018,Dano,0.3671713,False,mannelijk,jeugd,algemeen Nederlands,n/a,bureaumicrofoon,48000
dano,dano,20080301,dano,0.5636463,True,mannelijk,jeugd,algemeen Nederlands,n/a,bureaumicrofoon,48000
dano,dano,20081018,Dano,0.44275463,False,mannelijk,jeugd,algemeen Nederlands,n/a,bureaumicrofoon,48000
dano,dano,20081018,Dano,0.54664516,False,mannelijk,jeugd,algemeen Nederlands,n/a,bureaumicrofoon,48000
dano,dano,20081018,Dano,0.3449871,False,mannelijk,jeugd,algemeen Nederlands,n/a,bureaumicrofoon,48000
dano,dano,20080301,dano,0.6327621,True,mannelijk,jeugd,algemeen Nederlands,n/a,bureaumicrofoon,48000
dano,dano,20080301,dano,0.50896585,True,mannelijk,jeugd,algemeen Nederlands,n/a,bureaumicrofoon,48000
dano,dano,20080301,dano,0.6509108,True,mannelijk,jeugd,algemeen Nederlands,n/a,bureaumicrofoon,48000
dano,dano,20081018,Dano,0.43943733,False,mannelijk,jeugd,algemeen Nederlands,n/a,bureaumicrofoon,48000
dano,dano,20080301,dano,0.5727508,True,mannelijk,jeugd,algemeen Nederlands,n/a,bureaumicrofoon,48000
dano,dano,20080301,dano,0.6733273,True,mannelijk,jeugd,algemeen Nederlands,n/a,bureaumicrofoon,48000
dano,dano,20081018,Dano,0.59562254,False,mannelijk,jeugd,algemeen Nederlands,n/a,bureaumicrofoon,48000
dano,dano,20080301,dano,0.5908537,True,mannelijk,jeugd,algemeen Nederlands,n/a,bureaumicrofoon,48000
dano,dano,20080301,dano,0.53594416,True,mannelijk,jeugd,algemeen Nederlands,n/a,bureaumicrofoon,48000
dano,dano,20081018,Dano,0.68578863,False,mannelijk,jeugd,algemeen Nederlands,n/a,bureaumicrofoon,48000
dano,dano,20080301,dano,0.6337105,True,mannelijk,jeugd,algemeen Nederlands,n/a,bureaumicrofoon,48000
dano,dano,20080301,dano,0.6675521,True,mannelijk,jeugd,algemeen Nederlands,n/a,bureaumicrofoon,48000
dano,dano,20080301,dano,0.7211609,True,mannelijk,jeugd,algemeen Nederlands,n/a,bureaumicrofoon,48000
dano,dano,20080301,dano,0.6409153,True,mannelijk,jeugd,algemeen Nederlands,n/a,bureaumicrofoon,48000
dano,dano,20080301,dano,0.7167601,True,mannelijk,jeugd,algemeen Nederlands,n/a,bureaumicrofoon,48000
dano,dano,20080301,dano,0.57594436,True,mannelijk,jeugd,algemeen Nederlands,n/a,bureaumicrofoon,48000
dano,dano,20080301,dano,0.5767505,True,mannelijk,jeugd,algemeen Nederlands,n/a,bureaumicrofoon,48000
dano,dano,20080301,dano,0.5000041,True,mannelijk,jeugd,algemeen Nederlands,n/a,bureaumicrofoon,48000
dano,dano,20080301,dano,0.6779164,True,mannelijk,jeugd,algemeen Nederlands,n/a,bureaumicrofoon,48000
dano,dano,20080301,dano,0.6125809,True,mannelijk,jeugd,algemeen Nederlands,n/a,bureaumicrofoon,48000
dano,dano,20080301,dano,0.62421197,True,mannelijk,jeugd,algemeen Nederlands,n/a,bureaumicrofoon,48000
dano,dano,20081018,Dano,0.53737557,False,mannelijk,jeugd,algemeen Nederlands,n/a,bureaumicrofoon,48000
dano,dano,20080301,dano,0.53088665,True,mannelijk,jeugd,algemeen Nederlands,n/a,bureaumicrofoon,48000
dano,dano,20080301,dano,0.62720346,True,mannelijk,jeugd,algemeen Nederlands,n/a,bureaumicrofoon,48000
dano,dano,20081018,Dano,0.657012,False,mannelijk,jeugd,algemeen Nederlands,n/a,bureaumicrofoon,48000
dano,dano,20080301,dano,0.63694954,True,mannelijk,jeugd,algemeen Nederlands,n/a,bureaumicrofoon,48000
dano,dano,20080301,dano,0.60766053,True,mannelijk,jeugd,algemeen Nederlands,n/a,bureaumicrofoon,48000
dano,dano,20080301,dano,0.5274935,True,mannelijk,jeugd,algemeen Nederlands,n/a,bureaumicrofoon,48000
dano,dano,20080301,dano,0.66395104,True,mannelijk,jeugd,algemeen Nederlands,n/a,bureaumicrofoon,48000
dano,dano,20080301,dano,0.57164544,True,mannelijk,jeugd,algemeen Nederlands,n/a,bureaumicrofoon,48000
dano,dano,20080301,dano,0.65070426,True,mannelijk,jeugd,algemeen Nederlands,n/a,bureaumicrofoon,48000
dano,dano,20081018,Dano,0.53934276,False,mannelijk,jeugd,algemeen Nederlands,n/a,bureaumicrofoon,48000
dano,dano,20081018,Dano,0.40461272,False,mannelijk,jeugd,algemeen Nederlands,n/a,bureaumicrofoon,48000
dano,dano,20080301,dano,0.6483654,True,mannelijk,jeugd,algemeen Nederlands,n/a,bureaumicrofoon,48000
dano,dano,20080301,dano,0.6943605,True,mannelijk,jeugd,algemeen Nederlands,n/a,bureaumicrofoon,48000
dano,dano,20080301,dano,0.6880358,True,mannelijk,jeugd,algemeen Nederlands,n/a,bureaumicrofoon,48000
dano,dano,20080301,dano,0.63228065,True,mannelijk,jeugd,algemeen Nederlands,n/a,bureaumicrofoon,48000
dano,dano,20081018,Dano,0.518153,False,mannelijk,jeugd,algemeen Nederlands,n/a,bureaumicrofoon,48000
dano,dano,20090617,asda,0.67625624,False,mannelijk,jeugd,algemeen Nederlands,n/a,bureaumicrofoon,48000
dano,dano,20080301,dano,0.6826273,True,mannelijk,jeugd,algemeen Nederlands,n/a,bureaumicrofoon,48000
dano,dano,20080301,dano,0.668206,True,mannelijk,jeugd,algemeen Nederlands,n/a,bureaumicrofoon,48000
dano,dano,20080301,dano,0.630479,True,mannelijk,jeugd,algemeen Nederlands,n/a,bureaumicrofoon,48000
dano,dano,20080301,dano,0.5763824,True,mannelijk,jeugd,algemeen Nederlands,n/a,bureaumicrofoon,48000
dano,dano,20080301,dano,0.58474475,True,mannelijk,jeugd,algemeen Nederlands,n/a,bureaumicrofoon,48000
dano,dano,20080301,dano,0.583324,True,mannelijk,jeugd,algemeen Nederlands,n/a,bureaumicrofoon,48000
dano,dano,20080301,dano,0.6019537,True,mannelijk,jeugd,algemeen Nederlands,n/a,bureaumicrofoon,48000
dano,dano,20090617,asda,0.6642823,False,mannelijk,jeugd,algemeen Nederlands,n/a,bureaumicrofoon,48000
dano,dano,20081018,Dano,0.43866837,False,mannelijk,jeugd,algemeen Nederlands,n/a,bureaumicrofoon,48000
dano,dano,20080301,dano,0.67206,True,mannelijk,jeugd,algemeen Nederlands,n/a,bureaumicrofoon,48000
dano,dano,20090617,asda,0.57714283,False,mannelijk,jeugd,algemeen Nederlands,n/a,bureaumicrofoon,48000
dano,dano,20080301,dano,0.60500765,True,mannelijk,jeugd,algemeen Nederlands,n/a,bureaumicrofoon,48000
dano,dano,20080301,dano,0.70102334,True,mannelijk,jeugd,algemeen Nederlands,n/a,bureaumicrofoon,48000
dano,dano,20080301,dano,0.54658633,True,mannelijk,jeugd,algemeen Nederlands,n/a,bureaumicrofoon,48000
dano,dano,20081018,Dano,0.63705873,False,mannelijk,jeugd,algemeen Nederlands,n/a,bureaumicrofoon,48000
dano,dano,20080301,dano,0.5959766,True,mannelijk,jeugd,algemeen Nederlands,n/a,bureaumicrofoon,48000
dano,dano,20081018,Dano,0.6393416,False,mannelijk,jeugd,algemeen Nederlands,n/a,bureaumicrofoon,48000
dano,dano,20080301,dano,0.65768254,True,mannelijk,jeugd,algemeen Nederlands,n/a,bureaumicrofoon,48000
dano,dano,20080301,dano,0.63859135,True,mannelijk,jeugd,algemeen Nederlands,n/a,bureaumicrofoon,48000
dano,dano,20090617,asda,0.58403397,False,mannelijk,jeugd,algemeen Nederlands,n/a,bureaumicrofoon,48000
dano,dano,20080301,dano,0.6875001,True,mannelijk,jeugd,algemeen Nederlands,n/a,bureaumicrofoon,48000
dano,dano,20090617,asda,0.7041354,False,mannelijk,jeugd,algemeen Nederlands,n/a,bureaumicrofoon,48000
dano,dano,20081018,Dano,0.6332078,False,mannelijk,jeugd,algemeen Nederlands,n/a,bureaumicrofoon,48000
dano,dano,20111119,bverhoeff,0.4555504,False,mannelijk,jeugd,algemeen Nederlands,n/a,bureaumicrofoon,48000
dano,dano,20080301,dano,0.63865864,True,mannelijk,jeugd,algemeen Nederlands,n/a,bureaumicrofoon,48000
dano,dano,20090617,asda,0.67778444,False,mannelijk,jeugd,algemeen Nederlands,n/a,bureaumicrofoon,48000
dano,dano,20090617,asda,0.59393466,False,mannelijk,jeugd,algemeen Nederlands,n/a,bureaumicrofoon,48000
dano,dano,20090617,asda,0.57262015,False,mannelijk,jeugd,algemeen Nederlands,n/a,bureaumicrofoon,48000
dano,dano,20080301,dano,0.567394,True,mannelijk,jeugd,algemeen Nederlands,n/a,bureaumicrofoon,48000
dano,dano,20090617,asda,0.5047578,False,mannelijk,jeugd,algemeen Nederlands,n/a,bureaumicrofoon,48000
dano,dano,20080301,dano,0.6498158,True,mannelijk,jeugd,algemeen Nederlands,n/a,bureaumicrofoon,48000
dano,dano,20080301,dano,0.5555544,True,mannelijk,jeugd,algemeen Nederlands,n/a,bureaumicrofoon,48000
dano,dano,20080301,dano,0.6054417,True,mannelijk,jeugd,algemeen Nederlands,n/a,bureaumicrofoon,48000
dano,dano,20081018,Dano,0.6381351,False,mannelijk,jeugd,algemeen Nederlands,n/a,bureaumicrofoon,48000
dano,dano,20080301,dano,0.5518627,True,mannelijk,jeugd,algemeen Nederlands,n/a,bureaumicrofoon,48000
dano,dano,20080301,dano,0.58649206,True,mannelijk,jeugd,algemeen Nederlands,n/a,bureaumicrofoon,48000
dano,dano,20080301,dano,0.5975932,True,mannelijk,jeugd,algemeen Nederlands,n/a,bureaumicrofoon,48000
dano,dano,20081018,Dano,0.56537867,False,mannelijk,jeugd,algemeen Nederlands,n/a,bureaumicrofoon,48000
dano,dano,20081018,Dano,0.55915284,False,mannelijk,jeugd,algemeen Nederlands,n/a,bureaumicrofoon,48000
dano,dano,20081018,Dano,0.68151516,False,mannelijk,jeugd,algemeen Nederlands,n/a,bureaumicrofoon,48000
dano,dano,20080301,dano,0.6839906,True,mannelijk,jeugd,algemeen Nederlands,n/a,bureaumicrofoon,48000
dano,dano,20090617,asda,0.56811535,False,mannelijk,jeugd,algemeen Nederlands,n/a,bureaumicrofoon,48000
dano,dano,20080301,dano,0.5473405,True,mannelijk,jeugd,algemeen Nederlands,n/a,bureaumicrofoon,48000
dano,dano,20080301,dano,0.55213225,True,mannelijk,jeugd,algemeen Nederlands,n/a,bureaumicrofoon,48000
dano,dano,20080301,dano,0.61879677,True,mannelijk,jeugd,algemeen Nederlands,n/a,bureaumicrofoon,48000
dano,dano,20080301,dano,0.5237624,True,mannelijk,jeugd,algemeen Nederlands,n/a,bureaumicrofoon,48000
dano,dano,20080301,dano,0.6468109,True,mannelijk,jeugd,algemeen Nederlands,n/a,bureaumicrofoon,48000
dano,dano,20080301,dano,0.61423653,True,mannelijk,jeugd,algemeen Nederlands,n/a,bureaumicrofoon,48000
dano,dano,20081018,Dano,0.516504,False,mannelijk,jeugd,algemeen Nederlands,n/a,bureaumicrofoon,48000
dano,dano,20080301,dano,0.6463704,True,mannelijk,jeugd,algemeen Nederlands,n/a,bureaumicrofoon,48000
dano,dano,20080301,dano,0.6703065,True,mannelijk,jeugd,algemeen Nederlands,n/a,bureaumicrofoon,48000
dano,dano,20080301,dano,0.63736147,True,mannelijk,jeugd,algemeen Nederlands,n/a,bureaumicrofoon,48000
dano,dano,20080301,dano,0.6126691,True,mannelijk,jeugd,algemeen Nederlands,n/a,bureaumicrofoon,48000
dano,dano,20080301,dano,0.65273976,True,mannelijk,jeugd,algemeen Nederlands,n/a,bureaumicrofoon,48000
dano,dano,20080301,dano,0.7173352,True,mannelijk,jeugd,algemeen Nederlands,n/a,bureaumicrofoon,48000
dano,dano,20080301,dano,0.5882632,True,mannelijk,jeugd,algemeen Nederlands,n/a,bureaumicrofoon,48000
dano,dano,20080301,dano,0.6077601,True,mannelijk,jeugd,algemeen Nederlands,n/a,bureaumicrofoon,48000
dano,dano,20081018,Dano,0.58289325,False,mannelijk,jeugd,algemeen Nederlands,n/a,bureaumicrofoon,48000
dano,dano,20090617,asda,0.6097034,False,mannelijk,jeugd,algemeen Nederlands,n/a,bureaumicrofoon,48000
dano,dano,20081018,Dano,0.5250761,False,mannelijk,jeugd,algemeen Nederlands,n/a,bureaumicrofoon,48000
dano,dano,20080301,dano,0.6464566,True,mannelijk,jeugd,algemeen Nederlands,n/a,bureaumicrofoon,48000
dano,dano,20080301,dano,0.7384405,True,mannelijk,jeugd,algemeen Nederlands,n/a,bureaumicrofoon,48000
dano,dano,20080301,dano,0.6430986,True,mannelijk,jeugd,algemeen Nederlands,n/a,bureaumicrofoon,48000
dano,dano,20090617,asda,0.5236822,False,mannelijk,jeugd,algemeen Nederlands,n/a,bureaumicrofoon,48000
dano,dano,20090617,asda,0.6283518,False,mannelijk,jeugd,algemeen Nederlands,n/a,bureaumicrofoon,48000
dano,dano,20080301,dano,0.65726024,True,mannelijk,jeugd,algemeen Nederlands,n/a,bureaumicrofoon,48000
dano,dano,20090617,asda,0.68450606,False,mannelijk,jeugd,algemeen Nederlands,n/a,bureaumicrofoon,48000
dano,dano,20080301,dano,0.6534494,True,mannelijk,jeugd,algemeen Nederlands,n/a,bureaumicrofoon,48000
dano,dano,20080301,dano,0.5485121,True,mannelijk,jeugd,algemeen Nederlands,n/a,bureaumicrofoon,48000
dano,dano,20080301,dano,0.6706693,True,mannelijk,jeugd,algemeen Nederlands,n/a,bureaumicrofoon,48000
dano,dano,20090617,asda,0.56734735,False,mannelijk,jeugd,algemeen Nederlands,n/a,bureaumicrofoon,48000
dano,dano,20080301,dano,0.60912627,True,mannelijk,jeugd,algemeen Nederlands,n/a,bureaumicrofoon,48000
dano,dano,20090617,asda,0.65804017,False,mannelijk,jeugd,algemeen Nederlands,n/a,bureaumicrofoon,48000
dano,dano,20080301,dano,0.65129244,True,mannelijk,jeugd,algemeen Nederlands,n/a,bureaumicrofoon,48000
dano,dano,20080301,dano,0.644052,True,mannelijk,jeugd,algemeen Nederlands,n/a,bureaumicrofoon,48000
dano,dano,20080301,dano,0.62267226,True,mannelijk,jeugd,algemeen Nederlands,n/a,bureaumicrofoon,48000
dano,dano,20081018,Dano,0.6028848,False,mannelijk,jeugd,algemeen Nederlands,n/a,bureaumicrofoon,48000
dano,dano,20080301,dano,0.50031745,True,mannelijk,jeugd,algemeen Nederlands,n/a,bureaumicrofoon,48000
dano,dano,20081018,Dano,0.52751434,False,mannelijk,jeugd,algemeen Nederlands,n/a,bureaumicrofoon,48000
dano,dano,20090617,Johan,0.5151071,False,mannelijk,jeugd,algemeen Nederlands,n/a,bureaumicrofoon,48000
dano,dano,20080301,dano,0.47733268,True,mannelijk,jeugd,algemeen Nederlands,n/a,bureaumicrofoon,48000
dano,dano,20080301,dano,0.6681864,True,mannelijk,jeugd,algemeen Nederlands,n/a,bureaumicrofoon,48000
dano,dano,20090617,asda,0.6028379,False,mannelijk,jeugd,algemeen Nederlands,n/a,bureaumicrofoon,48000
dano,dano,20080301,dano,0.6043116,True,mannelijk,jeugd,algemeen Nederlands,n/a,bureaumicrofoon,48000
dano,dano,20081018,Dano,0.49765998,False,mannelijk,jeugd,algemeen Nederlands,n/a,bureaumicrofoon,48000
dano,dano,20081018,Dano,0.47609174,False,mannelijk,jeugd,algemeen Nederlands,n/a,bureaumicrofoon,48000
dano,dano,20080301,dano,0.6566303,True,mannelijk,jeugd,algemeen Nederlands,n/a,bureaumicrofoon,48000
dano,dano,20080301,dano,0.5463331,True,mannelijk,jeugd,algemeen Nederlands,n/a,bureaumicrofoon,48000
dano,dano,20080301,dano,0.62053245,True,mannelijk,jeugd,algemeen Nederlands,n/a,bureaumicrofoon,48000
dano,dano,20081018,Dano,0.53990555,False,mannelijk,jeugd,algemeen Nederlands,n/a,bureaumicrofoon,48000
dano,dano,20081018,Dano,0.59952176,False,mannelijk,jeugd,algemeen Nederlands,n/a,bureaumicrofoon,48000
dano,dano,20081018,Dano,0.55546165,False,mannelijk,jeugd,algemeen Nederlands,n/a,bureaumicrofoon,48000
dano,dano,20081018,Dano,0.53495187,False,mannelijk,jeugd,algemeen Nederlands,n/a,bureaumicrofoon,48000
dano,dano,20080301,dano,0.5167029,True,mannelijk,jeugd,algemeen Nederlands,n/a,bureaumicrofoon,48000
dano,dano,20080301,dano,0.56912935,True,mannelijk,jeugd,algemeen Nederlands,n/a,bureaumicrofoon,48000
dano,dano,20081018,Dano,0.53745985,False,mannelijk,jeugd,algemeen Nederlands,n/a,bureaumicrofoon,48000
dano,dano,20081018,Dano,0.5396143,False,mannelijk,jeugd,algemeen Nederlands,n/a,bureaumicrofoon,48000
dano,dano,20080301,dano,0.5768301,True,mannelijk,jeugd,algemeen Nederlands,n/a,bureaumicrofoon,48000
dano,dano,20081018,Dano,0.4095258,False,mannelijk,jeugd,algemeen Nederlands,n/a,bureaumicrofoon,48000
dano,dano,20090617,asda,0.4859504,False,mannelijk,jeugd,algemeen Nederlands,n/a,bureaumicrofoon,48000
dano,dano,20080301,dano,0.5303824,True,mannelijk,jeugd,algemeen Nederlands,n/a,bureaumicrofoon,48000
dano,dano,20081018,Dano,0.5127188,False,mannelijk,jeugd,algemeen Nederlands,n/a,bureaumicrofoon,48000
dano,dano,20090617,asda,0.4458145,False,mannelijk,jeugd,algemeen Nederlands,n/a,bureaumicrofoon,48000
dano,dano,20090719,Vrest,0.50301147,False,mannelijk,jeugd,algemeen Nederlands,n/a,bureaumicrofoon,48000
dano,dano,20080301,dano,0.6257425,True,mannelijk,jeugd,algemeen Nederlands,n/a,bureaumicrofoon,48000
dano,dano,20080301,dano,0.6339905,True,mannelijk,jeugd,algemeen Nederlands,n/a,bureaumicrofoon,48000
dano,dano,20081018,Dano,0.43129575,False,mannelijk,jeugd,algemeen Nederlands,n/a,bureaumicrofoon,48000
dano,dano,20090617,asda,0.5831647,False,mannelijk,jeugd,algemeen Nederlands,n/a,bureaumicrofoon,48000
dano,dano,20080301,dano,0.60188764,True,mannelijk,jeugd,algemeen Nederlands,n/a,bureaumicrofoon,48000
dano,dano,20081018,Dano,0.59207237,False,mannelijk,jeugd,algemeen Nederlands,n/a,bureaumicrofoon,48000
dano,dano,20081018,Dano,0.593642,False,mannelijk,jeugd,algemeen Nederlands,n/a,bureaumicrofoon,48000
dano,dano,20081018,Dano,0.61873853,False,mannelijk,jeugd,algemeen Nederlands,n/a,bureaumicrofoon,48000
dano,dano,20080301,dano,0.62060285,True,mannelijk,jeugd,algemeen Nederlands,n/a,bureaumicrofoon,48000
dano,dano,20080301,dano,0.4539107,True,mannelijk,jeugd,algemeen Nederlands,n/a,bureaumicrofoon,48000
dano,dano,20090719,Vrest,0.45328426,False,mannelijk,jeugd,algemeen Nederlands,n/a,bureaumicrofoon,48000
dano,dano,20080301,dano,0.49920884,True,mannelijk,jeugd,algemeen Nederlands,n/a,bureaumicrofoon,48000
dano,dano,20080301,dano,0.73093796,True,mannelijk,jeugd,algemeen Nederlands,n/a,bureaumicrofoon,48000
dano,dano,20081018,Dano,0.6243083,False,mannelijk,jeugd,algemeen Nederlands,n/a,bureaumicrofoon,48000
dano,dano,20080301,dano,0.6333896,True,mannelijk,jeugd,algemeen Nederlands,n/a,bureaumicrofoon,48000
dano,dano,20080301,dano,0.6397463,True,mannelijk,jeugd,algemeen Nederlands,n/a,bureaumicrofoon,48000
dano,dano,20090617,asda,0.63939697,False,mannelijk,jeugd,algemeen Nederlands,n/a,bureaumicrofoon,48000
dano,dano,20090617,asda,0.54187727,False,mannelijk,jeugd,algemeen Nederlands,n/a,bureaumicrofoon,48000
dano,dano,20080301,dano,0.5405698,True,mannelijk,jeugd,algemeen Nederlands,n/a,bureaumicrofoon,48000
dano,dano,20080301,dano,0.6755731,True,mannelijk,jeugd,algemeen Nederlands,n/a,bureaumicrofoon,48000
dano,dano,20080301,dano,0.62239885,True,mannelijk,jeugd,algemeen Nederlands,n/a,bureaumicrofoon,48000
dano,dano,20080301,dano,0.5576768,True,mannelijk,jeugd,algemeen Nederlands,n/a,bureaumicrofoon,48000
dano,dano,20080301,dano,0.6869122,True,mannelijk,jeugd,algemeen Nederlands,n/a,bureaumicrofoon,48000
dano,dano,20090617,asda,0.7455686,False,mannelijk,jeugd,algemeen Nederlands,n/a,bureaumicrofoon,48000
dano,dano,20090617,asda,0.60211515,False,mannelijk,jeugd,algemeen Nederlands,n/a,bureaumicrofoon,48000
dano,dano,20090617,asda,0.6793934,False,mannelijk,jeugd,algemeen Nederlands,n/a,bureaumicrofoon,48000
dano,dano,20080301,dano,0.6590657,True,mannelijk,jeugd,algemeen Nederlands,n/a,bureaumicrofoon,48000
dano,dano,20080301,dano,0.58270437,True,mannelijk,jeugd,algemeen Nederlands,n/a,bureaumicrofoon,48000
dano,dano,20080301,dano,0.6391758,True,mannelijk,jeugd,algemeen Nederlands,n/a,bureaumicrofoon,48000
dano,dano,20080301,dano,0.62194544,True,mannelijk,jeugd,algemeen Nederlands,n/a,bureaumicrofoon,48000
dano,dano,20080301,dano,0.54065114,True,mannelijk,jeugd,algemeen Nederlands,n/a,bureaumicrofoon,48000
dano,dano,20080301,dano,0.7110383,True,mannelijk,jeugd,algemeen Nederlands,n/a,bureaumicrofoon,48000
dano,dano,20080301,dano,0.6494932,True,mannelijk,jeugd,algemeen Nederlands,n/a,bureaumicrofoon,48000
dano,dano,20090719,Vrest,0.47322637,False,mannelijk,jeugd,algemeen Nederlands,n/a,bureaumicrofoon,48000
dano,dano,20080301,dano,0.65258276,True,mannelijk,jeugd,algemeen Nederlands,n/a,bureaumicrofoon,48000
dano,dano,20090617,asda,0.52039397,False,mannelijk,jeugd,algemeen Nederlands,n/a,bureaumicrofoon,48000
dano,dano,20080301,dano,0.6603214,True,mannelijk,jeugd,algemeen Nederlands,n/a,bureaumicrofoon,48000
dano,dano,20090617,asda,0.5579046,False,mannelijk,jeugd,algemeen Nederlands,n/a,bureaumicrofoon,48000
dano,dano,20080301,dano,0.54928404,True,mannelijk,jeugd,algemeen Nederlands,n/a,bureaumicrofoon,48000
dano,dano,20090617,asda,0.61689353,False,mannelijk,jeugd,algemeen Nederlands,n/a,bureaumicrofoon,48000
dano,dano,20081018,Dano,0.42827755,False,mannelijk,jeugd,algemeen Nederlands,n/a,bureaumicrofoon,48000
dano,dano,20080301,dano,0.60890496,True,mannelijk,jeugd,algemeen Nederlands,n/a,bureaumicrofoon,48000
dano,dano,20090617,asda,0.48328003,False,mannelijk,jeugd,algemeen Nederlands,n/a,bureaumicrofoon,48000
dano,dano,20090617,asda,0.6040368,False,mannelijk,jeugd,algemeen Nederlands,n/a,bureaumicrofoon,48000
dano,dano,20090617,asda,0.5871532,False,mannelijk,jeugd,algemeen Nederlands,n/a,bureaumicrofoon,48000
dano,dano,20090617,asda,0.5514625,False,mannelijk,jeugd,algemeen Nederlands,n/a,bureaumicrofoon,48000
dano,dano,20080120,anonymous,0.5511777,False,mannelijk,jeugd,algemeen Nederlands,n/a,bureaumicrofoon,48000
dano,dano,20080301,dano,0.65062463,True,mannelijk,jeugd,algemeen Nederlands,n/a,bureaumicrofoon,48000
dano,dano,20081018,Dano,0.67919517,False,mannelijk,jeugd,algemeen Nederlands,n/a,bureaumicrofoon,48000
dano,dano,20080301,dano,0.6225569,True,mannelijk,jeugd,algemeen Nederlands,n/a,bureaumicrofoon,48000
dano,dano,20090617,asda,0.6413652,False,mannelijk,jeugd,algemeen Nederlands,n/a,bureaumicrofoon,48000
dano,dano,20080301,dano,0.5740323,True,mannelijk,jeugd,algemeen Nederlands,n/a,bureaumicrofoon,48000
dano,dano,20080301,dano,0.592813,True,mannelijk,jeugd,algemeen Nederlands,n/a,bureaumicrofoon,48000
dano,dano,20080301,dano,0.69278353,True,mannelijk,jeugd,algemeen Nederlands,n/a,bureaumicrofoon,48000
dano,dano,20080301,dano,0.6285762,True,mannelijk,jeugd,algemeen Nederlands,n/a,bureaumicrofoon,48000
dano,dano,20080301,dano,0.5670548,True,mannelijk,jeugd,algemeen Nederlands,n/a,bureaumicrofoon,48000
dano,dano,20080301,dano,0.64688164,True,mannelijk,jeugd,algemeen Nederlands,n/a,bureaumicrofoon,48000
dano,dano,20111119,bverhoeff,0.55046165,False,mannelijk,jeugd,algemeen Nederlands,n/a,bureaumicrofoon,48000
dano,dano,20080301,dano,0.51022774,True,mannelijk,jeugd,algemeen Nederlands,n/a,bureaumicrofoon,48000
dano,dano,20081018,Dano,0.6359367,False,mannelijk,jeugd,algemeen Nederlands,n/a,bureaumicrofoon,48000
dano,dano,20080301,dano,0.6000538,True,mannelijk,jeugd,algemeen Nederlands,n/a,bureaumicrofoon,48000
dano,dano,20080301,dano,0.637691,True,mannelijk,jeugd,algemeen Nederlands,n/a,bureaumicrofoon,48000
dano,dano,20081018,Dano,0.6670984,False,mannelijk,jeugd,algemeen Nederlands,n/a,bureaumicrofoon,48000
dano,dano,20080301,dano,0.6689922,True,mannelijk,jeugd,algemeen Nederlands,n/a,bureaumicrofoon,48000
dano,dano,20080301,dano,0.65576553,True,mannelijk,jeugd,algemeen Nederlands,n/a,bureaumicrofoon,48000
dano,dano,20080301,dano,0.51509464,True,mannelijk,jeugd,algemeen Nederlands,n/a,bureaumicrofoon,48000
dano,dano,20080301,dano,0.6874269,True,mannelijk,jeugd,algemeen Nederlands,n/a,bureaumicrofoon,48000
dano,dano,20081018,Dano,0.610801,False,mannelijk,jeugd,algemeen Nederlands,n/a,bureaumicrofoon,48000
dano,dano,20080301,dano,0.5814307,True,mannelijk,jeugd,algemeen Nederlands,n/a,bureaumicrofoon,48000
dano,dano,20080301,dano,0.55891395,True,mannelijk,jeugd,algemeen Nederlands,n/a,bureaumicrofoon,48000
dano,dano,20081018,Dano,0.6327554,False,mannelijk,jeugd,algemeen Nederlands,n/a,bureaumicrofoon,48000
dano,dano,20080301,dano,0.4743418,True,mannelijk,jeugd,algemeen Nederlands,n/a,bureaumicrofoon,48000
dano,dano,20090617,asda,0.6038169,False,mannelijk,jeugd,algemeen Nederlands,n/a,bureaumicrofoon,48000
dano,dano,20170801,darend,0.34940764,False,mannelijk,jeugd,algemeen Nederlands,n/a,bureaumicrofoon,48000
dano,dano,20080301,dano,0.5952488,True,mannelijk,jeugd,algemeen Nederlands,n/a,bureaumicrofoon,48000
dano,dano,20080301,dano,0.6531946,True,mannelijk,jeugd,algemeen Nederlands,n/a,bureaumicrofoon,48000
dano,dano,20090617,asda,0.5445017,False,mannelijk,jeugd,algemeen Nederlands,n/a,bureaumicrofoon,48000
dano,dano,20080301,dano,0.5044571,True,mannelijk,jeugd,algemeen Nederlands,n/a,bureaumicrofoon,48000
dano,dano,20090617,asda,0.70235616,False,mannelijk,jeugd,algemeen Nederlands,n/a,bureaumicrofoon,48000
dano,dano,20090617,asda,0.5712144,False,mannelijk,jeugd,algemeen Nederlands,n/a,bureaumicrofoon,48000
dano,dano,20111119,bverhoeff,0.40933275,False,mannelijk,jeugd,algemeen Nederlands,n/a,bureaumicrofoon,48000
dano,dano,20090617,asda,0.5315915,False,mannelijk,jeugd,algemeen Nederlands,n/a,bureaumicrofoon,48000
dano,dano,20080301,dano,0.5496279,True,mannelijk,jeugd,algemeen Nederlands,n/a,bureaumicrofoon,48000
dano,dano,20090617,asda,0.5781399,False,mannelijk,jeugd,algemeen Nederlands,n/a,bureaumicrofoon,48000
dano,dano,20120329,xatr,0.5634704,False,mannelijk,jeugd,algemeen Nederlands,n/a,bureaumicrofoon,48000
dano,dano,20090617,asda,0.5700331,False,mannelijk,jeugd,algemeen Nederlands,n/a,bureaumicrofoon,48000
dano,dano,20080301,dano,0.6903434,True,mannelijk,jeugd,algemeen Nederlands,n/a,bureaumicrofoon,48000
dano,dano,20080301,dano,0.6137122,True,mannelijk,jeugd,algemeen Nederlands,n/a,bureaumicrofoon,48000
dano,dano,20090617,asda,0.64053434,False,mannelijk,jeugd,algemeen Nederlands,n/a,bureaumicrofoon,48000
dano,dano,20090617,asda,0.68280816,False,mannelijk,jeugd,algemeen Nederlands,n/a,bureaumicrofoon,48000
dano,dano,dano,NL,0.57455224,False,mannelijk,jeugd,algemeen Nederlands,n/a,bureaumicrofoon,48000
dano,dano,20080301,dano,0.5983908,True,mannelijk,jeugd,algemeen Nederlands,n/a,bureaumicrofoon,48000
dano,dano,20080301,dano,0.60411,True,mannelijk,jeugd,algemeen Nederlands,n/a,bureaumicrofoon,48000
dano,dano,20090617,asda,0.49779856,False,mannelijk,jeugd,algemeen Nederlands,n/a,bureaumicrofoon,48000
dano,dano,20090617,asda,0.611758,False,mannelijk,jeugd,algemeen Nederlands,n/a,bureaumicrofoon,48000
dano,dano,20090617,asda,0.5551015,False,mannelijk,jeugd,algemeen Nederlands,n/a,bureaumicrofoon,48000
dano,dano,20080301,dano,0.6536185,True,mannelijk,jeugd,algemeen Nederlands,n/a,bureaumicrofoon,48000
dano,dano,20090617,asda,0.6419295,False,mannelijk,jeugd,algemeen Nederlands,n/a,bureaumicrofoon,48000
dano,dano,20081018,Dano,0.6028404,False,mannelijk,jeugd,algemeen Nederlands,n/a,bureaumicrofoon,48000
dano,dano,20080301,dano,0.540183,True,mannelijk,jeugd,algemeen Nederlands,n/a,bureaumicrofoon,48000
dano,dano,20081018,Dano,0.5359616,False,mannelijk,jeugd,algemeen Nederlands,n/a,bureaumicrofoon,48000
dano,dano,20080301,dano,0.56887275,True,mannelijk,jeugd,algemeen Nederlands,n/a,bureaumicrofoon,48000
dano,dano,20130827,jw,0.39419436,False,mannelijk,jeugd,algemeen Nederlands,n/a,bureaumicrofoon,48000
dano,dano,20080301,dano,0.57819396,True,mannelijk,jeugd,algemeen Nederlands,n/a,bureaumicrofoon,48000
dano,dano,20090617,asda,0.61134183,False,mannelijk,jeugd,algemeen Nederlands,n/a,bureaumicrofoon,48000
dano,dano,20090617,asda,0.6137681,False,mannelijk,jeugd,algemeen Nederlands,n/a,bureaumicrofoon,48000
dano,dano,20090617,asda,0.61028534,False,mannelijk,jeugd,algemeen Nederlands,n/a,bureaumicrofoon,48000
dano,dano,20090617,asda,0.51054823,False,mannelijk,jeugd,algemeen Nederlands,n/a,bureaumicrofoon,48000
dano,dano,20080301,dano,0.5890738,True,mannelijk,jeugd,algemeen Nederlands,n/a,bureaumicrofoon,48000
dano,dano,20080301,dano,0.6264887,True,mannelijk,jeugd,algemeen Nederlands,n/a,bureaumicrofoon,48000
dano,dano,20080301,dano,0.63005507,True,mannelijk,jeugd,algemeen Nederlands,n/a,bureaumicrofoon,48000
dano,dano,20090617,asda,0.6320331,False,mannelijk,jeugd,algemeen Nederlands,n/a,bureaumicrofoon,48000
dano,dano,20081018,Dano,0.58329046,False,mannelijk,jeugd,algemeen Nederlands,n/a,bureaumicrofoon,48000
dano,dano,20090617,asda,0.5431849,False,mannelijk,jeugd,algemeen Nederlands,n/a,bureaumicrofoon,48000
dano,dano,20080301,dano,0.610932,True,mannelijk,jeugd,algemeen Nederlands,n/a,bureaumicrofoon,48000
dano,dano,20090617,asda,0.6014482,False,mannelijk,jeugd,algemeen Nederlands,n/a,bureaumicrofoon,48000
dano,dano,20081018,Dano,0.5472821,False,mannelijk,jeugd,algemeen Nederlands,n/a,bureaumicrofoon,48000
dano,dano,20090617,asda,0.66648877,False,mannelijk,jeugd,algemeen Nederlands,n/a,bureaumicrofoon,48000
dano,dano,20080301,dano,0.6348829,True,mannelijk,jeugd,algemeen Nederlands,n/a,bureaumicrofoon,48000
dano,dano,20080301,dano,0.66508543,True,mannelijk,jeugd,algemeen Nederlands,n/a,bureaumicrofoon,48000
dano,dano,20090617,asda,0.54349434,False,mannelijk,jeugd,algemeen Nederlands,n/a,bureaumicrofoon,48000
dano,dano,20080301,dano,0.59679663,True,mannelijk,jeugd,algemeen Nederlands,n/a,bureaumicrofoon,48000
dano,dano,20090617,asda,0.63932014,False,mannelijk,jeugd,algemeen Nederlands,n/a,bureaumicrofoon,48000
dano,dano,20090617,asda,0.58202946,False,mannelijk,jeugd,algemeen Nederlands,n/a,bureaumicrofoon,48000
dano,dano,20080301,dano,0.5971575,True,mannelijk,jeugd,algemeen Nederlands,n/a,bureaumicrofoon,48000
dano,dano,20080301,dano,0.6026057,True,mannelijk,jeugd,algemeen Nederlands,n/a,bureaumicrofoon,48000
dano,dano,20090617,asda,0.554613,False,mannelijk,jeugd,algemeen Nederlands,n/a,bureaumicrofoon,48000
dano,dano,20080301,dano,0.6743772,True,mannelijk,jeugd,algemeen Nederlands,n/a,bureaumicrofoon,48000
dano,dano,20090617,asda,0.5048816,False,mannelijk,jeugd,algemeen Nederlands,n/a,bureaumicrofoon,48000
dano,dano,20080301,dano,0.57332015,True,mannelijk,jeugd,algemeen Nederlands,n/a,bureaumicrofoon,48000
dano,dano,20090617,asda,0.45507815,False,mannelijk,jeugd,algemeen Nederlands,n/a,bureaumicrofoon,48000
dano,dano,20090617,asda,0.6721194,False,mannelijk,jeugd,algemeen Nederlands,n/a,bureaumicrofoon,48000
dano,dano,20080301,dano,0.62991405,True,mannelijk,jeugd,algemeen Nederlands,n/a,bureaumicrofoon,48000
dano,dano,20080301,dano,0.5895935,True,mannelijk,jeugd,algemeen Nederlands,n/a,bureaumicrofoon,48000
dano,dano,20090617,asda,0.71831715,False,mannelijk,jeugd,algemeen Nederlands,n/a,bureaumicrofoon,48000
dano,dano,20081018,Dano,0.5563843,False,mannelijk,jeugd,algemeen Nederlands,n/a,bureaumicrofoon,48000
dano,dano,20120315,vrielance,0.5016773,False,mannelijk,jeugd,algemeen Nederlands,n/a,bureaumicrofoon,48000
dano,dano,dano,NL,0.41399872,False,mannelijk,jeugd,algemeen Nederlands,n/a,bureaumicrofoon,48000
dano,dano,20090617,asda,0.43226618,False,mannelijk,jeugd,algemeen Nederlands,n/a,bureaumicrofoon,48000
dano,dano,20080120,erikapekop,0.48666263,False,mannelijk,jeugd,algemeen Nederlands,n/a,bureaumicrofoon,48000
dano,dano,20090617,asda,0.35785747,False,mannelijk,jeugd,algemeen Nederlands,n/a,bureaumicrofoon,48000
dano,dano,dano,NL,0.3691521,False,mannelijk,jeugd,algemeen Nederlands,n/a,bureaumicrofoon,48000
dano,dano,20080120,erikapekop,0.38347018,False,mannelijk,jeugd,algemeen Nederlands,n/a,bureaumicrofoon,48000
dano,dano,20081018,Dano,0.45225662,False,mannelijk,jeugd,algemeen Nederlands,n/a,bureaumicrofoon,48000
dano,dano,20081018,Dano,0.4370674,False,mannelijk,jeugd,algemeen Nederlands,n/a,bureaumicrofoon,48000
dano,dano,20141218,Harm,0.48453957,False,mannelijk,jeugd,algemeen Nederlands,n/a,bureaumicrofoon,48000
dano,dano,20141218,Harm,0.4318117,False,mannelijk,jeugd,algemeen Nederlands,n/a,bureaumicrofoon,48000
dano,dano,20080301,dano,0.5048692,True,mannelijk,jeugd,algemeen Nederlands,n/a,bureaumicrofoon,48000
dano,dano,20080301,dano,0.4437206,True,mannelijk,jeugd,algemeen Nederlands,n/a,bureaumicrofoon,48000
dano,dano,20080301,dano,0.42712462,True,mannelijk,jeugd,algemeen Nederlands,n/a,bureaumicrofoon,48000
dano,dano,20141218,Harm,0.59043914,False,mannelijk,jeugd,algemeen Nederlands,n/a,bureaumicrofoon,48000
dano,dano,20141218,Harm,0.5148894,False,mannelijk,jeugd,algemeen Nederlands,n/a,bureaumicrofoon,48000
dano,dano,20080301,dano,0.42065895,True,mannelijk,jeugd,algemeen Nederlands,n/a,bureaumicrofoon,48000
dano,dano,20081018,Dano,0.39788207,False,mannelijk,jeugd,algemeen Nederlands,n/a,bureaumicrofoon,48000
dano,dano,20141218,Harm,0.58295214,False,mannelijk,jeugd,algemeen Nederlands,n/a,bureaumicrofoon,48000
dano,dano,20080301,dano,0.53749716,True,mannelijk,jeugd,algemeen Nederlands,n/a,bureaumicrofoon,48000
dano,dano,20080301,dano,0.4507911,True,mannelijk,jeugd,algemeen Nederlands,n/a,bureaumicrofoon,48000
dano,dano,20141218,Harm,0.46919668,False,mannelijk,jeugd,algemeen Nederlands,n/a,bureaumicrofoon,48000
dano,dano,20080325,Leontje,0.3831795,False,mannelijk,jeugd,algemeen Nederlands,n/a,bureaumicrofoon,48000
dano,dano,20090629,Sjiel2,0.42876765,False,mannelijk,jeugd,algemeen Nederlands,n/a,bureaumicrofoon,48000
dano,dano,20080120,erikapekop,0.47429842,False,mannelijk,jeugd,algemeen Nederlands,n/a,bureaumicrofoon,48000
dano,dano,20141218,Harm,0.46135932,False,mannelijk,jeugd,algemeen Nederlands,n/a,bureaumicrofoon,48000
dano,dano,20080301,dano,0.47333008,True,mannelijk,jeugd,algemeen Nederlands,n/a,bureaumicrofoon,48000
dano,dano,20080301,dano,0.3543768,True,mannelijk,jeugd,algemeen Nederlands,n/a,bureaumicrofoon,48000
dano,dano,20090629,Sjiel4,0.46081015,False,mannelijk,jeugd,algemeen Nederlands,n/a,bureaumicrofoon,48000
dano,dano,20081018,Dano,0.48661327,False,mannelijk,jeugd,algemeen Nederlands,n/a,bureaumicrofoon,48000
dano,dano,20090719,Vrest,0.41381603,False,mannelijk,jeugd,algemeen Nederlands,n/a,bureaumicrofoon,48000
dano,dano,20080120,erikapekop,0.3990617,False,mannelijk,jeugd,algemeen Nederlands,n/a,bureaumicrofoon,48000
dano,dano,20080120,erikapekop,0.40467992,False,mannelijk,jeugd,algemeen Nederlands,n/a,bureaumicrofoon,48000
dano,dano,dano,NL,0.44753885,False,mannelijk,jeugd,algemeen Nederlands,n/a,bureaumicrofoon,48000
dano,dano,20090617,asda,0.37685728,False,mannelijk,jeugd,algemeen Nederlands,n/a,bureaumicrofoon,48000
dano,dano,20090719,Vrest,0.3904745,False,mannelijk,jeugd,algemeen Nederlands,n/a,bureaumicrofoon,48000
dano,dano,20080301,dano,0.3439894,True,mannelijk,jeugd,algemeen Nederlands,n/a,bureaumicrofoon,48000
dano,dano,20080414,boergait,0.39368832,False,mannelijk,jeugd,algemeen Nederlands,n/a,bureaumicrofoon,48000
Dano,Dano,20081018,Dano,0.69717574,True,mannelijk,jeugd,algemeen Nederlands,n/a,headsetmicrofoon,48000
dano,dano,dano,NL,0.47127348,False,mannelijk,jeugd,algemeen Nederlands,n/a,bureaumicrofoon,48000
Dano,Dano,20081018,Dano,0.7134099,True,mannelijk,jeugd,algemeen Nederlands,n/a,headsetmicrofoon,48000
Dano,Dano,20081018,Dano,0.7115321,True,mannelijk,jeugd,algemeen Nederlands,n/a,headsetmicrofoon,48000
Dano,Dano,20081018,Dano,0.53051925,True,mannelijk,jeugd,algemeen Nederlands,n/a,headsetmicrofoon,48000
Dano,Dano,20090617,asda,0.6192014,False,mannelijk,jeugd,algemeen Nederlands,n/a,headsetmicrofoon,48000
Dano,Dano,20081018,Dano,0.7363205,True,mannelijk,jeugd,algemeen Nederlands,n/a,headsetmicrofoon,48000
Dano,Dano,20081018,Dano,0.74669164,True,mannelijk,jeugd,algemeen Nederlands,n/a,headsetmicrofoon,48000
Dano,Dano,20081018,Dano,0.6246775,True,mannelijk,jeugd,algemeen Nederlands,n/a,headsetmicrofoon,48000
Dano,Dano,20081018,Dano,0.7120205,True,mannelijk,jeugd,algemeen Nederlands,n/a,headsetmicrofoon,48000
Dano,Dano,20081018,Dano,0.514544,True,mannelijk,jeugd,algemeen Nederlands,n/a,headsetmicrofoon,48000
Dano,Dano,20081018,Dano,0.678739,True,mannelijk,jeugd,algemeen Nederlands,n/a,headsetmicrofoon,48000
Dano,Dano,20081018,Dano,0.6842679,True,mannelijk,jeugd,algemeen Nederlands,n/a,headsetmicrofoon,48000
Dano,Dano,20120203,jopie282,0.35551137,False,mannelijk,jeugd,algemeen Nederlands,n/a,headsetmicrofoon,48000
Dano,Dano,20081018,Dano,0.6645564,True,mannelijk,jeugd,algemeen Nederlands,n/a,headsetmicrofoon,48000
Dano,Dano,20081018,Dano,0.653357,True,mannelijk,jeugd,algemeen Nederlands,n/a,headsetmicrofoon,48000
Dano,Dano,20081018,Dano,0.7226318,True,mannelijk,jeugd,algemeen Nederlands,n/a,headsetmicrofoon,48000
Dano,Dano,20081018,Dano,0.69298804,True,mannelijk,jeugd,algemeen Nederlands,n/a,headsetmicrofoon,48000
Dano,Dano,20081018,Dano,0.6335829,True,mannelijk,jeugd,algemeen Nederlands,n/a,headsetmicrofoon,48000
Dano,Dano,20081018,Dano,0.70222986,True,mannelijk,jeugd,algemeen Nederlands,n/a,headsetmicrofoon,48000
Dano,Dano,20090617,asda,0.6550178,False,mannelijk,jeugd,algemeen Nederlands,n/a,headsetmicrofoon,48000
Dano,Dano,20081018,Dano,0.73323536,True,mannelijk,jeugd,algemeen Nederlands,n/a,headsetmicrofoon,48000
Dano,Dano,20081018,Dano,0.7484867,True,mannelijk,jeugd,algemeen Nederlands,n/a,headsetmicrofoon,48000
Dano,Dano,20081018,Dano,0.6015825,True,mannelijk,jeugd,algemeen Nederlands,n/a,headsetmicrofoon,48000
Dano,Dano,20081018,Dano,0.5356984,True,mannelijk,jeugd,algemeen Nederlands,n/a,headsetmicrofoon,48000
Dano,Dano,20081018,Dano,0.70022845,True,mannelijk,jeugd,algemeen Nederlands,n/a,headsetmicrofoon,48000
Dano,Dano,20081018,Dano,0.70847154,True,mannelijk,jeugd,algemeen Nederlands,n/a,headsetmicrofoon,48000
Dano,Dano,20081018,Dano,0.63373476,True,mannelijk,jeugd,algemeen Nederlands,n/a,headsetmicrofoon,48000
Dano,Dano,20081018,Dano,0.6180352,True,mannelijk,jeugd,algemeen Nederlands,n/a,headsetmicrofoon,48000
Dano,Dano,20081018,Dano,0.71024,True,mannelijk,jeugd,algemeen Nederlands,n/a,headsetmicrofoon,48000
Dano,Dano,20081018,Dano,0.678867,True,mannelijk,jeugd,algemeen Nederlands,n/a,headsetmicrofoon,48000
Dano,Dano,20080301,dano,0.63872874,False,mannelijk,jeugd,algemeen Nederlands,n/a,headsetmicrofoon,48000
Dano,Dano,20081018,Dano,0.64284194,True,mannelijk,jeugd,algemeen Nederlands,n/a,headsetmicrofoon,48000
Dano,Dano,20090617,asda,0.69721967,False,mannelijk,jeugd,algemeen Nederlands,n/a,headsetmicrofoon,48000
Dano,Dano,20090617,asda,0.605914,False,mannelijk,jeugd,algemeen Nederlands,n/a,headsetmicrofoon,48000
Dano,Dano,20081018,Dano,0.672017,True,mannelijk,jeugd,algemeen Nederlands,n/a,headsetmicrofoon,48000
Dano,Dano,20090617,asda,0.69137025,False,mannelijk,jeugd,algemeen Nederlands,n/a,headsetmicrofoon,48000
Dano,Dano,20081018,Dano,0.6516771,True,mannelijk,jeugd,algemeen Nederlands,n/a,headsetmicrofoon,48000
Dano,Dano,20081018,Dano,0.5349074,True,mannelijk,jeugd,algemeen Nederlands,n/a,headsetmicrofoon,48000
Dano,Dano,20081018,Dano,0.68318224,True,mannelijk,jeugd,algemeen Nederlands,n/a,headsetmicrofoon,48000
Dano,Dano,20081018,Dano,0.625615,True,mannelijk,jeugd,algemeen Nederlands,n/a,headsetmicrofoon,48000
Dano,Dano,20081018,Dano,0.6583389,True,mannelijk,jeugd,algemeen Nederlands,n/a,headsetmicrofoon,48000
Dano,Dano,20081018,Dano,0.70638454,True,mannelijk,jeugd,algemeen Nederlands,n/a,headsetmicrofoon,48000
Dano,Dano,20081018,Dano,0.6179897,True,mannelijk,jeugd,algemeen Nederlands,n/a,headsetmicrofoon,48000
Dano,Dano,20081018,Dano,0.7097058,True,mannelijk,jeugd,algemeen Nederlands,n/a,headsetmicrofoon,48000
Dano,Dano,20081018,Dano,0.7328216,True,mannelijk,jeugd,algemeen Nederlands,n/a,headsetmicrofoon,48000
Dano,Dano,20090617,asda,0.6576787,False,mannelijk,jeugd,algemeen Nederlands,n/a,headsetmicrofoon,48000
Dano,Dano,20081018,Dano,0.7199017,True,mannelijk,jeugd,algemeen Nederlands,n/a,headsetmicrofoon,48000
Dano,Dano,20080301,dano,0.64964163,False,mannelijk,jeugd,algemeen Nederlands,n/a,headsetmicrofoon,48000
Dano,Dano,20081018,Dano,0.65951085,True,mannelijk,jeugd,algemeen Nederlands,n/a,headsetmicrofoon,48000
Dano,Dano,20081018,Dano,0.7203271,True,mannelijk,jeugd,algemeen Nederlands,n/a,headsetmicrofoon,48000
Dano,Dano,20081018,Dano,0.7072588,True,mannelijk,jeugd,algemeen Nederlands,n/a,headsetmicrofoon,48000
Dano,Dano,20081018,Dano,0.6387044,True,mannelijk,jeugd,algemeen Nederlands,n/a,headsetmicrofoon,48000
Dano,Dano,20090617,asda,0.5771518,False,mannelijk,jeugd,algemeen Nederlands,n/a,headsetmicrofoon,48000
Dano,Dano,20081018,Dano,0.4821126,True,mannelijk,jeugd,algemeen Nederlands,n/a,headsetmicrofoon,48000
Dano,Dano,20081018,Dano,0.67891604,True,mannelijk,jeugd,algemeen Nederlands,n/a,headsetmicrofoon,48000
Dano,Dano,20090617,asda,0.68931913,False,mannelijk,jeugd,algemeen Nederlands,n/a,headsetmicrofoon,48000
Dano,Dano,20081018,Dano,0.72125393,True,mannelijk,jeugd,algemeen Nederlands,n/a,headsetmicrofoon,48000
Dano,Dano,20081018,Dano,0.6479334,True,mannelijk,jeugd,algemeen Nederlands,n/a,headsetmicrofoon,48000
Dano,Dano,20081018,Dano,0.68578523,True,mannelijk,jeugd,algemeen Nederlands,n/a,headsetmicrofoon,48000
Dantheman,Dantheman,20100110,Dantheman,0.7295016,True,mannelijk,volwassen,algemeen Nederlands,n/a,headsetmicrofoon,48000
Dantheman,Dantheman,20091213,DJNL,0.590002,False,mannelijk,volwassen,algemeen Nederlands,n/a,headsetmicrofoon,48000
Dantheman,Dantheman,20100110,Dantheman,0.7726446,True,mannelijk,volwassen,algemeen Nederlands,n/a,headsetmicrofoon,48000
Dantheman,Dantheman,20100110,Dantheman,0.7183648,True,mannelijk,volwassen,algemeen Nederlands,n/a,headsetmicrofoon,48000
Dantheman,Dantheman,20100110,Dantheman,0.74127907,True,mannelijk,volwassen,algemeen Nederlands,n/a,headsetmicrofoon,48000
Dantheman,Dantheman,20100110,Dantheman,0.73298573,True,mannelijk,volwassen,algemeen Nederlands,n/a,headsetmicrofoon,48000
Dantheman,Dantheman,20100110,Dantheman,0.73945117,True,mannelijk,volwassen,algemeen Nederlands,n/a,headsetmicrofoon,48000
Dantheman,Dantheman,20100110,Dantheman,0.7346659,True,mannelijk,volwassen,algemeen Nederlands,n/a,headsetmicrofoon,48000
Dantheman,Dantheman,20100110,Dantheman,0.65721667,True,mannelijk,volwassen,algemeen Nederlands,n/a,headsetmicrofoon,48000
Dantheman,Dantheman,20100110,Dantheman,0.725572,True,mannelijk,volwassen,algemeen Nederlands,n/a,headsetmicrofoon,48000
Dantheman,Dantheman,20100110,Dantheman,0.72434145,True,mannelijk,volwassen,algemeen Nederlands,n/a,headsetmicrofoon,48000
Dantheman,Dantheman,20100110,Dantheman,0.65817446,True,mannelijk,volwassen,algemeen Nederlands,n/a,headsetmicrofoon,48000
Dantheman,Dantheman,20100110,Dantheman,0.7645676,True,mannelijk,volwassen,algemeen Nederlands,n/a,headsetmicrofoon,48000
Dantheman,Dantheman,20100110,Dantheman,0.81657714,True,mannelijk,volwassen,algemeen Nederlands,n/a,headsetmicrofoon,48000
Dantheman,Dantheman,20100110,Dantheman,0.72667074,True,mannelijk,volwassen,algemeen Nederlands,n/a,headsetmicrofoon,48000
Dantheman,Dantheman,20100110,Dantheman,0.6403809,True,mannelijk,volwassen,algemeen Nederlands,n/a,headsetmicrofoon,48000
Dantheman,Dantheman,20100110,Dantheman,0.7836108,True,mannelijk,volwassen,algemeen Nederlands,n/a,headsetmicrofoon,48000
Dantheman,Dantheman,20100110,Dantheman,0.7766752,True,mannelijk,volwassen,algemeen Nederlands,n/a,headsetmicrofoon,48000
Dantheman,Dantheman,20100110,Dantheman,0.653942,True,mannelijk,volwassen,algemeen Nederlands,n/a,headsetmicrofoon,48000
Dantheman,Dantheman,20091213,DJNL,0.63769823,False,mannelijk,volwassen,algemeen Nederlands,n/a,headsetmicrofoon,48000
Dantheman,Dantheman,20100110,Dantheman,0.64869833,True,mannelijk,volwassen,algemeen Nederlands,n/a,headsetmicrofoon,48000
Dantheman,Dantheman,20130407,DantheMan,0.58538455,False,mannelijk,volwassen,algemeen Nederlands,n/a,headsetmicrofoon,48000
Dantheman,Dantheman,20100110,Dantheman,0.6196863,True,mannelijk,volwassen,algemeen Nederlands,n/a,headsetmicrofoon,48000
Dantheman,Dantheman,20091213,DJNL,0.62839055,False,mannelijk,volwassen,algemeen Nederlands,n/a,headsetmicrofoon,48000
Dantheman,Dantheman,20100110,Dantheman,0.6713797,True,mannelijk,volwassen,algemeen Nederlands,n/a,headsetmicrofoon,48000
Dantheman,Dantheman,20100110,Dantheman,0.6411526,True,mannelijk,volwassen,algemeen Nederlands,n/a,headsetmicrofoon,48000
Dantheman,Dantheman,20100110,Dantheman,0.6855606,True,mannelijk,volwassen,algemeen Nederlands,n/a,headsetmicrofoon,48000
Dantheman,Dantheman,20100110,Dantheman,0.6033155,True,mannelijk,volwassen,algemeen Nederlands,n/a,headsetmicrofoon,48000
Dantheman,Dantheman,20130407,DantheMan,0.54855347,False,mannelijk,volwassen,algemeen Nederlands,n/a,headsetmicrofoon,48000
Dantheman,Dantheman,20130407,DantheMan,0.6063301,False,mannelijk,volwassen,algemeen Nederlands,n/a,headsetmicrofoon,48000
Dantheman,Dantheman,20100110,Dantheman,0.65687054,True,mannelijk,volwassen,algemeen Nederlands,n/a,headsetmicrofoon,48000
Dantheman,Dantheman,20100110,Dantheman,0.6929007,True,mannelijk,volwassen,algemeen Nederlands,n/a,headsetmicrofoon,48000
Dantheman,Dantheman,20100110,Dantheman,0.67274284,True,mannelijk,volwassen,algemeen Nederlands,n/a,headsetmicrofoon,48000
Dantheman,Dantheman,20100110,Dantheman,0.6689117,True,mannelijk,volwassen,algemeen Nederlands,n/a,headsetmicrofoon,48000
Dantheman,Dantheman,20100110,Dantheman,0.7328265,True,mannelijk,volwassen,algemeen Nederlands,n/a,headsetmicrofoon,48000
Dantheman,Dantheman,20091213,DJNL,0.6431757,False,mannelijk,volwassen,algemeen Nederlands,n/a,headsetmicrofoon,48000
Dantheman,Dantheman,20100110,Dantheman,0.6527159,True,mannelijk,volwassen,algemeen Nederlands,n/a,headsetmicrofoon,48000
Dantheman,Dantheman,20100110,Dantheman,0.61923414,True,mannelijk,volwassen,algemeen Nederlands,n/a,headsetmicrofoon,48000
DantheMan,DantheMan,20091213,DJNL,0.6065694,False,mannelijk,volwassen,algemeen Nederlands,n/a,headsetmicrofoon (USB),48000
Dantheman,Dantheman,20100110,Dantheman,0.7192596,True,mannelijk,volwassen,algemeen Nederlands,n/a,headsetmicrofoon,48000
DantheMan,DantheMan,20091213,DJNL,0.53968406,False,mannelijk,volwassen,algemeen Nederlands,n/a,headsetmicrofoon (USB),48000
DantheMan,DantheMan,20091213,DJNL,0.59469336,False,mannelijk,volwassen,algemeen Nederlands,n/a,headsetmicrofoon (USB),48000
DantheMan,DantheMan,20130407,DantheMan,0.61800647,True,mannelijk,volwassen,algemeen Nederlands,n/a,headsetmicrofoon (USB),48000
DantheMan,DantheMan,20091213,DJNL,0.6009102,False,mannelijk,volwassen,algemeen Nederlands,n/a,headsetmicrofoon (USB),48000
DantheMan,DantheMan,20091213,DJNL,0.66877043,False,mannelijk,volwassen,algemeen Nederlands,n/a,headsetmicrofoon (USB),48000
DantheMan,DantheMan,20130407,DantheMan,0.6855116,True,mannelijk,volwassen,algemeen Nederlands,n/a,headsetmicrofoon (USB),48000
DantheMan,DantheMan,20091213,DJNL,0.59688556,False,mannelijk,volwassen,algemeen Nederlands,n/a,headsetmicrofoon (USB),48000
DantheMan,DantheMan,20130407,DantheMan,0.56543744,True,mannelijk,volwassen,algemeen Nederlands,n/a,headsetmicrofoon (USB),48000
DantheMan,DantheMan,20091213,DJNL,0.60066175,False,mannelijk,volwassen,algemeen Nederlands,n/a,headsetmicrofoon (USB),48000
DantheMan,DantheMan,20130407,DantheMan,0.65757716,True,mannelijk,volwassen,algemeen Nederlands,n/a,headsetmicrofoon (USB),48000
DantheMan,DantheMan,20091213,DJNL,0.65388215,False,mannelijk,volwassen,algemeen Nederlands,n/a,headsetmicrofoon (USB),48000
DantheMan,DantheMan,20130407,DantheMan,0.7121737,True,mannelijk,volwassen,algemeen Nederlands,n/a,headsetmicrofoon (USB),48000
DantheMan,DantheMan,20130407,DantheMan,0.74374914,True,mannelijk,volwassen,algemeen Nederlands,n/a,headsetmicrofoon (USB),48000
DantheMan,DantheMan,20130407,DantheMan,0.609012,True,mannelijk,volwassen,algemeen Nederlands,n/a,headsetmicrofoon (USB),48000
DantheMan,DantheMan,20091213,DJNL,0.57468307,False,mannelijk,volwassen,algemeen Nederlands,n/a,headsetmicrofoon (USB),48000
DantheMan,DantheMan,20130407,DantheMan,0.70637536,True,mannelijk,volwassen,algemeen Nederlands,n/a,headsetmicrofoon (USB),48000
DantheMan,DantheMan,20100110,Dantheman,0.673501,False,mannelijk,volwassen,algemeen Nederlands,n/a,headsetmicrofoon (USB),48000
DantheMan,DantheMan,20130407,DantheMan,0.63849974,True,mannelijk,volwassen,algemeen Nederlands,n/a,headsetmicrofoon (USB),48000
DantheMan,DantheMan,20130407,DantheMan,0.6644221,True,mannelijk,volwassen,algemeen Nederlands,n/a,headsetmicrofoon (USB),48000
DantheMan,DantheMan,20091213,DJNL,0.64025015,False,mannelijk,volwassen,algemeen Nederlands,n/a,headsetmicrofoon (USB),48000
DantheMan,DantheMan,20091213,DJNL,0.64524233,False,mannelijk,volwassen,algemeen Nederlands,n/a,headsetmicrofoon (USB),48000
DantheMan,DantheMan,20091213,DJNL,0.65080583,False,mannelijk,volwassen,algemeen Nederlands,n/a,headsetmicrofoon (USB),48000
DantheMan,DantheMan,20130407,DantheMan,0.697022,True,mannelijk,volwassen,algemeen Nederlands,n/a,headsetmicrofoon (USB),48000
DantheMan,DantheMan,20130407,DantheMan,0.65256,True,mannelijk,volwassen,algemeen Nederlands,n/a,headsetmicrofoon (USB),48000
DantheMan,DantheMan,20091213,DJNL,0.50835323,False,mannelijk,volwassen,algemeen Nederlands,n/a,headsetmicrofoon (USB),48000
DantheMan,DantheMan,20091213,DJNL,0.7051525,False,mannelijk,volwassen,algemeen Nederlands,n/a,headsetmicrofoon (USB),48000
DantheMan,DantheMan,20130407,DantheMan,0.5506702,True,mannelijk,volwassen,algemeen Nederlands,n/a,headsetmicrofoon (USB),48000
DantheMan,DantheMan,20091213,DJNL,0.62925005,False,mannelijk,volwassen,algemeen Nederlands,n/a,headsetmicrofoon (USB),48000
darend,darend,20170801,darend,0.82602215,True,mannelijk,volwassen,Noordwestelijk,n/a,other,48000
darend,darend,20170801,darend,0.5936217,True,mannelijk,volwassen,Noordwestelijk,n/a,other,48000
darend,darend,20170801,darend,0.6562523,True,mannelijk,volwassen,Noordwestelijk,n/a,other,48000
darend,darend,20170801,darend,0.8330441,True,mannelijk,volwassen,Noordwestelijk,n/a,other,48000
darend,darend,20170801,darend,0.74116063,True,mannelijk,volwassen,Noordwestelijk,n/a,other,48000
darend,darend,20170801,darend,0.7321218,True,mannelijk,volwassen,Noordwestelijk,n/a,other,48000
darend,darend,20170801,darend,0.7453232,True,mannelijk,volwassen,Noordwestelijk,n/a,other,48000
dekeijzer,dekeijzer,20080205,dekeijzer,0.57147694,True,mannelijk,volwassen,algemeen Nederlands,n/a,anders,48000
dekeijzer,dekeijzer,20080205,dekeijzer,0.59957117,True,mannelijk,volwassen,algemeen Nederlands,n/a,anders,48000
darend,darend,20170801,darend,0.7198814,True,mannelijk,volwassen,Noordwestelijk,n/a,other,48000
darend,darend,20080912,fvdbeek,0.5110558,False,mannelijk,volwassen,Noordwestelijk,n/a,other,48000
dekeijzer,dekeijzer,20080205,dekeijzer,0.5954479,True,mannelijk,volwassen,algemeen Nederlands,n/a,anders,48000
dekeijzer,dekeijzer,20080711,Robin,0.4705035,False,mannelijk,volwassen,algemeen Nederlands,n/a,anders,48000
dekeijzer,dekeijzer,20080205,dekeijzer,0.3686486,True,mannelijk,volwassen,algemeen Nederlands,n/a,anders,48000
dekeijzer,dekeijzer,20080205,dekeijzer,0.5516656,True,mannelijk,volwassen,algemeen Nederlands,n/a,anders,48000
dekeijzer,dekeijzer,20080205,dekeijzer,0.6082495,True,mannelijk,volwassen,algemeen Nederlands,n/a,anders,48000
DJNL,DJNL,20091213,DJNL,0.736112,True,mannelijk,volwassen,algemeen Nederlands,n/a,headsetmicrofoon,48000
DJNL,DJNL,20091213,DJNL,0.7085638,True,mannelijk,volwassen,algemeen Nederlands,n/a,headsetmicrofoon,48000
DJNL,DJNL,20091213,DJNL,0.69193363,True,mannelijk,volwassen,algemeen Nederlands,n/a,headsetmicrofoon,48000
DJNL,DJNL,20091213,DJNL,0.69337523,True,mannelijk,volwassen,algemeen Nederlands,n/a,headsetmicrofoon,48000
DJNL,DJNL,20091213,DJNL,0.7311783,True,mannelijk,volwassen,algemeen Nederlands,n/a,headsetmicrofoon,48000
DJNL,DJNL,20091213,DJNL,0.68416643,True,mannelijk,volwassen,algemeen Nederlands,n/a,headsetmicrofoon,48000
DJNL,DJNL,20091213,DJNL,0.60258716,True,mannelijk,volwassen,algemeen Nederlands,n/a,headsetmicrofoon,48000
DJNL,DJNL,20100110,Dantheman,0.6423548,False,mannelijk,volwassen,algemeen Nederlands,n/a,headsetmicrofoon,48000
DJNL,DJNL,20091213,DJNL,0.66893286,True,mannelijk,volwassen,algemeen Nederlands,n/a,headsetmicrofoon,48000
Duckie,Duckie,20091018,Duckie,0.6940545,True,mannelijk,volwassen,algemeen Nederlands,n/a,headsetmicrofoon,48000
Duckie,Duckie,20091018,Duckie,0.6793682,True,mannelijk,volwassen,algemeen Nederlands,n/a,headsetmicrofoon,48000
Duckie,Duckie,20091018,Duckie,0.6476969,True,mannelijk,volwassen,algemeen Nederlands,n/a,headsetmicrofoon,48000
Duckie,Duckie,20091018,Duckie,0.7696618,True,mannelijk,volwassen,algemeen Nederlands,n/a,headsetmicrofoon,48000
Duckie,Duckie,20091018,Duckie,0.7418491,True,mannelijk,volwassen,algemeen Nederlands,n/a,headsetmicrofoon,48000
Duckie,Duckie,20091018,Duckie,0.6747582,True,mannelijk,volwassen,algemeen Nederlands,n/a,headsetmicrofoon,48000
Duckie,Duckie,20091018,Duckie,0.678741,True,mannelijk,volwassen,algemeen Nederlands,n/a,headsetmicrofoon,48000
Duckie,Duckie,20091018,Duckie,0.71693677,True,mannelijk,volwassen,algemeen Nederlands,n/a,headsetmicrofoon,48000
Duckie,Duckie,20091018,Duckie,0.7290182,True,mannelijk,volwassen,algemeen Nederlands,n/a,headsetmicrofoon,48000
Duckie,Duckie,20091018,Duckie,0.73476994,True,mannelijk,volwassen,algemeen Nederlands,n/a,headsetmicrofoon,48000
Duckie,Duckie,20091018,Duckie,0.7193699,True,mannelijk,volwassen,algemeen Nederlands,n/a,headsetmicrofoon,48000
Duckie,Duckie,20091018,Duckie,0.7201029,True,mannelijk,volwassen,algemeen Nederlands,n/a,headsetmicrofoon,48000
Duckie,Duckie,20091018,Duckie,0.682145,True,mannelijk,volwassen,algemeen Nederlands,n/a,headsetmicrofoon,48000
Duckie,Duckie,20091018,Duckie,0.6969411,True,mannelijk,volwassen,algemeen Nederlands,n/a,headsetmicrofoon,48000
Duckie,Duckie,20091018,Duckie,0.63921726,True,mannelijk,volwassen,algemeen Nederlands,n/a,headsetmicrofoon,48000
Duckie,Duckie,20091018,Duckie,0.7102914,True,mannelijk,volwassen,algemeen Nederlands,n/a,headsetmicrofoon,48000
Duckie,Duckie,20091018,Duckie,0.6866159,True,mannelijk,volwassen,algemeen Nederlands,n/a,headsetmicrofoon,48000
Duckie,Duckie,20091018,Duckie,0.7386678,True,mannelijk,volwassen,algemeen Nederlands,n/a,headsetmicrofoon,48000
Duckie,Duckie,20091018,Duckie,0.69298244,True,mannelijk,volwassen,algemeen Nederlands,n/a,headsetmicrofoon,48000
Duckie,Duckie,20091018,Duckie,0.68228775,True,mannelijk,volwassen,algemeen Nederlands,n/a,headsetmicrofoon,48000
Duckie,Duckie,20091018,Duckie,0.6567371,True,mannelijk,volwassen,algemeen Nederlands,n/a,headsetmicrofoon,48000
Duckie,Duckie,20091018,Duckie,0.6870289,True,mannelijk,volwassen,algemeen Nederlands,n/a,headsetmicrofoon,48000
Duckie,Duckie,20091018,Duckie,0.6750638,True,mannelijk,volwassen,algemeen Nederlands,n/a,headsetmicrofoon,48000
Duckie,Duckie,20091018,Duckie,0.701692,True,mannelijk,volwassen,algemeen Nederlands,n/a,headsetmicrofoon,48000
Duckie,Duckie,20091018,Duckie,0.7146796,True,mannelijk,volwassen,algemeen Nederlands,n/a,headsetmicrofoon,48000
Duckie,Duckie,20091018,Duckie,0.61325103,True,mannelijk,volwassen,algemeen Nederlands,n/a,headsetmicrofoon,48000
Duckie,Duckie,20091018,Duckie,0.6995611,True,mannelijk,volwassen,algemeen Nederlands,n/a,headsetmicrofoon,48000
Duckie,Duckie,20091018,Duckie,0.71691155,True,mannelijk,volwassen,algemeen Nederlands,n/a,headsetmicrofoon,48000
Duckie,Duckie,20091018,Duckie,0.6669426,True,mannelijk,volwassen,algemeen Nederlands,n/a,headsetmicrofoon,48000
Duckie,Duckie,20091018,Duckie,0.6911006,True,mannelijk,volwassen,algemeen Nederlands,n/a,headsetmicrofoon,48000
Duckie,Duckie,20091018,Duckie,0.49258593,True,mannelijk,volwassen,algemeen Nederlands,n/a,headsetmicrofoon,48000
Duckie,Duckie,20091018,Duckie,0.668055,True,mannelijk,volwassen,algemeen Nederlands,n/a,headsetmicrofoon,48000
Duckie,Duckie,20091018,Duckie,0.7135959,True,mannelijk,volwassen,algemeen Nederlands,n/a,headsetmicrofoon,48000
Duckie,Duckie,20091018,Duckie,0.6778177,True,mannelijk,volwassen,algemeen Nederlands,n/a,headsetmicrofoon,48000
Duckie,Duckie,20091018,Duckie,0.6193034,True,mannelijk,volwassen,algemeen Nederlands,n/a,headsetmicrofoon,48000
Duckie,Duckie,20091018,Duckie,0.6812165,True,mannelijk,volwassen,algemeen Nederlands,n/a,headsetmicrofoon,48000
Duckie,Duckie,20091018,Duckie,0.58803,True,mannelijk,volwassen,algemeen Nederlands,n/a,headsetmicrofoon,48000
Duckie,Duckie,20091018,Duckie,0.67857575,True,mannelijk,volwassen,algemeen Nederlands,n/a,headsetmicrofoon,48000
Duckie,Duckie,20091018,Duckie,0.68138576,True,mannelijk,volwassen,algemeen Nederlands,n/a,headsetmicrofoon,48000
Eelco,Eelco,20150731,Eelco,0.6954242,True,mannelijk,volwassen,Zuidoostelijk,n/a,microfoon in laptop,48000
Eelco,Eelco,20150731,Eelco,0.7505519,True,mannelijk,volwassen,Zuidoostelijk,n/a,microfoon in laptop,48000
Eelco,Eelco,20150731,Eelco,0.75493526,True,mannelijk,volwassen,Zuidoostelijk,n/a,microfoon in laptop,48000
Eelco,Eelco,20150731,Eelco,0.7282673,True,mannelijk,volwassen,Zuidoostelijk,n/a,microfoon in laptop,48000
Eelco,Eelco,20150731,Eelco,0.7762728,True,mannelijk,volwassen,Zuidoostelijk,n/a,microfoon in laptop,48000
Eelco,Eelco,20150731,Eelco,0.7802365,True,mannelijk,volwassen,Zuidoostelijk,n/a,microfoon in laptop,48000
Eelco,Eelco,20150731,Eelco,0.59950256,True,mannelijk,volwassen,Zuidoostelijk,n/a,microfoon in laptop,48000
Eelco,Eelco,20150731,Eelco,0.62485147,True,mannelijk,volwassen,Zuidoostelijk,n/a,microfoon in laptop,48000
Eelco,Eelco,20150731,Eelco,0.76928926,True,mannelijk,volwassen,Zuidoostelijk,n/a,microfoon in laptop,48000
erikapekop,erikapekop,20080120,anonymous,0.68678033,False,mannelijk,volwassen,algemeen Nederlands,n/a,headsetmicrofoon,48000
erikapekop,erikapekop,20080120,erikapekop,0.6503555,True,mannelijk,volwassen,algemeen Nederlands,n/a,headsetmicrofoon,48000
erikapekop,erikapekop,20080120,anonymous,0.6330741,False,mannelijk,volwassen,algemeen Nederlands,n/a,headsetmicrofoon,48000
erikapekop,erikapekop,20080120,anonymous,0.64081764,False,mannelijk,volwassen,algemeen Nederlands,n/a,headsetmicrofoon,48000
erikapekop,erikapekop,20080120,anonymous,0.65436745,False,mannelijk,volwassen,algemeen Nederlands,n/a,headsetmicrofoon,48000
erikapekop,erikapekop,20080120,anonymous,0.70764256,False,mannelijk,volwassen,algemeen Nederlands,n/a,headsetmicrofoon,48000
erikapekop,erikapekop,20080120,anonymous,0.7037895,False,mannelijk,volwassen,algemeen Nederlands,n/a,headsetmicrofoon,48000
erikapekop,erikapekop,20080120,erikapekop,0.68727434,True,mannelijk,volwassen,algemeen Nederlands,n/a,headsetmicrofoon,48000
erikapekop,erikapekop,20080120,anonymous,0.7493482,False,mannelijk,volwassen,algemeen Nederlands,n/a,headsetmicrofoon,48000
fin,fin,20140323,fin,0.54220474,True,mannelijk,volwassen,algemeen Nederlands,n/a,headsetmicrofoon,48000
fin,fin,20140323,fin,0.49565572,True,mannelijk,volwassen,algemeen Nederlands,n/a,headsetmicrofoon,48000
fin,fin,20140323,fin,0.57109547,True,mannelijk,volwassen,algemeen Nederlands,n/a,headsetmicrofoon,48000
fin,fin,20140323,fin,0.61722004,True,mannelijk,volwassen,algemeen Nederlands,n/a,headsetmicrofoon,48000
fin,fin,20131123,Kaas,0.4330166,False,mannelijk,volwassen,algemeen Nederlands,n/a,headsetmicrofoon,48000
fin,fin,20140323,fin,0.4280421,True,mannelijk,volwassen,algemeen Nederlands,n/a,headsetmicrofoon,48000
fin,fin,20131120,HOIHOIsuperdatjulliehiermeebezigzijn,0.5201522,False,mannelijk,volwassen,algemeen Nederlands,n/a,headsetmicrofoon,48000
fin,fin,20140323,fin,0.5477394,True,mannelijk,volwassen,algemeen Nederlands,n/a,headsetmicrofoon,48000
fin,fin,20140323,fin,0.44877124,True,mannelijk,volwassen,algemeen Nederlands,n/a,headsetmicrofoon,48000
fin,fin,20140323,fin,0.6237829,True,mannelijk,volwassen,algemeen Nederlands,n/a,headsetmicrofoon,48000
fin,fin,20140323,fin,0.69361395,True,mannelijk,volwassen,algemeen Nederlands,n/a,headsetmicrofoon,48000
fin,fin,20131120,HOIHOIsuperdatjulliehiermeebezigzijn,0.56892854,False,mannelijk,volwassen,algemeen Nederlands,n/a,headsetmicrofoon,48000
fin,fin,20131123,kaas,0.420046,False,mannelijk,volwassen,algemeen Nederlands,n/a,headsetmicrofoon,48000
fin,fin,20140323,fin,0.57549286,True,mannelijk,volwassen,algemeen Nederlands,n/a,headsetmicrofoon,48000
fin,fin,20131123,Kaas,0.48117405,False,mannelijk,volwassen,algemeen Nederlands,n/a,headsetmicrofoon,48000
fin,fin,20131120,HOIHOIsuperdatjulliehiermeebezigzijn,0.50428987,False,mannelijk,volwassen,algemeen Nederlands,n/a,headsetmicrofoon,48000
fin,fin,20131120,HOIHOIsuperdatjulliehiermeebezigzijn,0.5941019,False,mannelijk,volwassen,algemeen Nederlands,n/a,headsetmicrofoon,48000
fin,fin,20140323,fin,0.52856845,True,mannelijk,volwassen,algemeen Nederlands,n/a,headsetmicrofoon,48000
fin,fin,20131120,HOIHOIsuperdatjulliehiermeebezigzijn,0.6175968,False,mannelijk,volwassen,algemeen Nederlands,n/a,headsetmicrofoon,48000
fin,fin,20131120,HOIHOIsuperdatjulliehiermeebezigzijn,0.59745425,False,mannelijk,volwassen,algemeen Nederlands,n/a,headsetmicrofoon,48000
fin,fin,20140323,fin,0.55576336,True,mannelijk,volwassen,algemeen Nederlands,n/a,headsetmicrofoon,48000
fin,fin,20131120,HOIHOIsuperdatjulliehiermeebezigzijn,0.51425236,False,mannelijk,volwassen,algemeen Nederlands,n/a,headsetmicrofoon,48000
fin,fin,20131120,HOIHOIsuperdatjulliehiermeebezigzijn,0.5033512,False,mannelijk,volwassen,algemeen Nederlands,n/a,headsetmicrofoon,48000
fin,fin,20131123,kaas,0.47146946,False,mannelijk,volwassen,algemeen Nederlands,n/a,headsetmicrofoon,48000
fin,fin,20131120,HOIHOIsuperdatjulliehiermeebezigzijn,0.57619786,False,mannelijk,volwassen,algemeen Nederlands,n/a,headsetmicrofoon,48000
fin,fin,20140323,fin,0.4684548,True,mannelijk,volwassen,algemeen Nederlands,n/a,headsetmicrofoon,48000
fin,fin,20131120,HOIHOIsuperdatjulliehiermeebezigzijn,0.5210302,False,mannelijk,volwassen,algemeen Nederlands,n/a,headsetmicrofoon,48000
fin,fin,20140323,fin,0.49947783,True,mannelijk,volwassen,algemeen Nederlands,n/a,headsetmicrofoon,48000
fin,fin,20131120,HOIHOIsuperdatjulliehiermeebezigzijn,0.40931267,False,mannelijk,volwassen,algemeen Nederlands,n/a,headsetmicrofoon,48000
fin,fin,20131120,HOIHOIsuperdatjulliehiermeebezigzijn,0.66622514,False,mannelijk,volwassen,algemeen Nederlands,n/a,headsetmicrofoon,48000
fin,fin,20140323,fin,0.5969596,True,mannelijk,volwassen,algemeen Nederlands,n/a,headsetmicrofoon,48000
fin,fin,20140323,fin,0.5626181,True,mannelijk,volwassen,algemeen Nederlands,n/a,headsetmicrofoon,48000
fin,fin,20131120,HOIHOIsuperdatjulliehiermeebezigzijn,0.648765,False,mannelijk,volwassen,algemeen Nederlands,n/a,headsetmicrofoon,48000
fin,fin,20131120,HOIHOIsuperdatjulliehiermeebezigzijn,0.5659578,False,mannelijk,volwassen,algemeen Nederlands,n/a,headsetmicrofoon,48000
fin,fin,20140323,fin,0.66605544,True,mannelijk,volwassen,algemeen Nederlands,n/a,headsetmicrofoon,48000
fin,fin,20131120,HOIHOIsuperdatjulliehiermeebezigzijn,0.56882614,False,mannelijk,volwassen,algemeen Nederlands,n/a,headsetmicrofoon,48000
fin,fin,20131120,HOIHOIsuperdatjulliehiermeebezigzijn,0.6000707,False,mannelijk,volwassen,algemeen Nederlands,n/a,headsetmicrofoon,48000
fin,fin,20140323,fin,0.6176765,True,mannelijk,volwassen,algemeen Nederlands,n/a,headsetmicrofoon,48000
flake,flake,20080406,flake,0.63886297,True,mannelijk,volwassen,algemeen Nederlands,n/a,headsetmicrofoon (USB),48000
fin,fin,20140323,fin,0.50291395,True,mannelijk,volwassen,algemeen Nederlands,n/a,headsetmicrofoon,48000
flake,flake,20080406,flake,0.6909499,True,mannelijk,volwassen,algemeen Nederlands,n/a,headsetmicrofoon (USB),48000
flake,flake,20080406,flake,0.63979864,True,mannelijk,volwassen,algemeen Nederlands,n/a,headsetmicrofoon (USB),48000
flake,flake,20080406,flake,0.59734535,True,mannelijk,volwassen,algemeen Nederlands,n/a,headsetmicrofoon (USB),48000
flake,flake,20080406,flake,0.75239456,True,mannelijk,volwassen,algemeen Nederlands,n/a,headsetmicrofoon (USB),48000
flake,flake,20080406,flake,0.5338862,True,mannelijk,volwassen,algemeen Nederlands,n/a,headsetmicrofoon (USB),48000
flake,flake,20080406,flake,0.6223983,True,mannelijk,volwassen,algemeen Nederlands,n/a,headsetmicrofoon (USB),48000
flake,flake,20080406,flake,0.6305394,True,mannelijk,volwassen,algemeen Nederlands,n/a,headsetmicrofoon (USB),48000
flake,flake,20080406,flake,0.6302865,True,mannelijk,volwassen,algemeen Nederlands,n/a,headsetmicrofoon (USB),48000
flake,flake,20080406,flake,0.6586092,True,mannelijk,volwassen,algemeen Nederlands,n/a,headsetmicrofoon (USB),48000
flake,flake,20080406,flake,0.6405948,True,mannelijk,volwassen,algemeen Nederlands,n/a,headsetmicrofoon (USB),48000
flake,flake,20080406,flake,0.6269505,True,mannelijk,volwassen,algemeen Nederlands,n/a,headsetmicrofoon (USB),48000
flake,flake,20080406,flake,0.63682055,True,mannelijk,volwassen,algemeen Nederlands,n/a,headsetmicrofoon (USB),48000
flake,flake,20080406,flake,0.60608315,True,mannelijk,volwassen,algemeen Nederlands,n/a,headsetmicrofoon (USB),48000
flake,flake,20080406,flake,0.5450101,True,mannelijk,volwassen,algemeen Nederlands,n/a,headsetmicrofoon (USB),48000
flake,flake,20080406,flake,0.59462076,True,mannelijk,volwassen,algemeen Nederlands,n/a,headsetmicrofoon (USB),48000
flake,flake,20080406,flake,0.67306274,True,mannelijk,volwassen,algemeen Nederlands,n/a,headsetmicrofoon (USB),48000
flake,flake,20080406,flake,0.62232506,True,mannelijk,volwassen,algemeen Nederlands,n/a,headsetmicrofoon (USB),48000
flake,flake,20080406,flake,0.4922899,True,mannelijk,volwassen,algemeen Nederlands,n/a,headsetmicrofoon (USB),48000
floor,floor,20080909,floor,0.7368685,True,vrouwelijk,volwassen,algemeen Nederlands,n/a,headsetmicrofoon,48000
floor,floor,20080909,floor,0.67850924,True,vrouwelijk,volwassen,algemeen Nederlands,n/a,headsetmicrofoon,48000
floor,floor,20080909,floor,0.59667504,True,vrouwelijk,volwassen,algemeen Nederlands,n/a,headsetmicrofoon,48000
floor,floor,20080909,floor,0.57547987,True,vrouwelijk,volwassen,algemeen Nederlands,n/a,headsetmicrofoon,48000
floor,floor,20080909,floor,0.6749177,True,vrouwelijk,volwassen,algemeen Nederlands,n/a,headsetmicrofoon,48000
floor,floor,20080909,floor,0.6678991,True,vrouwelijk,volwassen,algemeen Nederlands,n/a,headsetmicrofoon,48000
floor,floor,20080909,floor,0.7555051,True,vrouwelijk,volwassen,algemeen Nederlands,n/a,headsetmicrofoon,48000
floor,floor,20080909,floor,0.6881918,True,vrouwelijk,volwassen,algemeen Nederlands,n/a,headsetmicrofoon,48000
funco,funco,20090401,funco,0.73800194,True,mannelijk,volwassen,algemeen Nederlands,n/a,headsetmicrofoon,48000
funco,funco,20090401,funco,0.81417423,True,mannelijk,volwassen,algemeen Nederlands,n/a,headsetmicrofoon,48000
floor,floor,20080909,floor,0.63412255,True,vrouwelijk,volwassen,algemeen Nederlands,n/a,headsetmicrofoon,48000
funco,funco,20090401,funco,0.6741817,True,mannelijk,volwassen,algemeen Nederlands,n/a,headsetmicrofoon,48000
funco,funco,20090401,funco,0.7112665,True,mannelijk,volwassen,algemeen Nederlands,n/a,headsetmicrofoon,48000
funco,funco,20090401,funco,0.74856544,True,mannelijk,volwassen,algemeen Nederlands,n/a,headsetmicrofoon,48000
funco,funco,20090401,funco,0.7940723,True,mannelijk,volwassen,algemeen Nederlands,n/a,headsetmicrofoon,48000
funco,funco,20090401,funco,0.6797936,True,mannelijk,volwassen,algemeen Nederlands,n/a,headsetmicrofoon,48000
funco,funco,20090401,funco,0.6376301,True,mannelijk,volwassen,algemeen Nederlands,n/a,headsetmicrofoon,48000
funco,funco,20090401,funco,0.8191074,True,mannelijk,volwassen,algemeen Nederlands,n/a,headsetmicrofoon,48000
fvdbeek,fvdbeek,20080912,fvdbeek,0.765676,True,mannelijk,volwassen,Noordelijk-centraal,n/a,headsetmicrofoon,48000
fvdbeek,fvdbeek,20080912,fvdbeek,0.69578516,True,mannelijk,volwassen,Noordelijk-centraal,n/a,headsetmicrofoon,48000
fvdbeek,fvdbeek,20080912,fvdbeek,0.7157367,True,mannelijk,volwassen,Noordelijk-centraal,n/a,headsetmicrofoon,48000
fvdbeek,fvdbeek,20080912,fvdbeek,0.73451084,True,mannelijk,volwassen,Noordelijk-centraal,n/a,headsetmicrofoon,48000
fvdbeek,fvdbeek,20080912,fvdbeek,0.7621465,True,mannelijk,volwassen,Noordelijk-centraal,n/a,headsetmicrofoon,48000
fvdbeek,fvdbeek,20080912,fvdbeek,0.71540415,True,mannelijk,volwassen,Noordelijk-centraal,n/a,headsetmicrofoon,48000
fvdbeek,fvdbeek,20080912,fvdbeek,0.75256586,True,mannelijk,volwassen,Noordelijk-centraal,n/a,headsetmicrofoon,48000
fvdbeek,fvdbeek,20080912,fvdbeek,0.7391666,True,mannelijk,volwassen,Noordelijk-centraal,n/a,headsetmicrofoon,48000
fvdbeek,fvdbeek,20080912,fvdbeek,0.6845978,True,mannelijk,volwassen,Noordelijk-centraal,n/a,headsetmicrofoon,48000
fvdbeek,fvdbeek,20080912,fvdbeek,0.6901579,True,mannelijk,volwassen,Noordelijk-centraal,n/a,headsetmicrofoon,48000
fvdbeek,fvdbeek,20080912,fvdbeek,0.7350002,True,mannelijk,volwassen,Noordelijk-centraal,n/a,headsetmicrofoon,48000
fvdbeek,fvdbeek,20080912,fvdbeek,0.7373309,True,mannelijk,volwassen,Noordelijk-centraal,n/a,headsetmicrofoon,48000
fvdbeek,fvdbeek,20080912,fvdbeek,0.5709348,True,mannelijk,volwassen,Noordelijk-centraal,n/a,headsetmicrofoon,48000
fvdbeek,fvdbeek,20080912,fvdbeek,0.7563175,True,mannelijk,volwassen,Noordelijk-centraal,n/a,headsetmicrofoon,48000
fvdbeek,fvdbeek,20080912,fvdbeek,0.6056187,True,mannelijk,volwassen,Noordelijk-centraal,n/a,headsetmicrofoon,48000
fvdbeek,fvdbeek,20080912,fvdbeek,0.75979364,True,mannelijk,volwassen,Noordelijk-centraal,n/a,headsetmicrofoon,48000
fvdbeek,fvdbeek,20080912,fvdbeek,0.73353696,True,mannelijk,volwassen,Noordelijk-centraal,n/a,headsetmicrofoon,48000
fvdbeek,fvdbeek,20080912,fvdbeek,0.69993687,True,mannelijk,volwassen,Noordelijk-centraal,n/a,headsetmicrofoon,48000
fvdbeek,fvdbeek,20080912,fvdbeek,0.6762179,True,mannelijk,volwassen,Noordelijk-centraal,n/a,headsetmicrofoon,48000
fvdbeek,fvdbeek,20080912,fvdbeek,0.7226403,True,mannelijk,volwassen,Noordelijk-centraal,n/a,headsetmicrofoon,48000
fvdbeek,fvdbeek,20080912,fvdbeek,0.71744645,True,mannelijk,volwassen,Noordelijk-centraal,n/a,headsetmicrofoon,48000
fvdbeek,fvdbeek,20080912,fvdbeek,0.66305435,True,mannelijk,volwassen,Noordelijk-centraal,n/a,headsetmicrofoon,48000
fvdbeek,fvdbeek,20080912,fvdbeek,0.71319246,True,mannelijk,volwassen,Noordelijk-centraal,n/a,headsetmicrofoon,48000
fvdbeek,fvdbeek,20080912,fvdbeek,0.67914295,True,mannelijk,volwassen,Noordelijk-centraal,n/a,headsetmicrofoon,48000
fvdbeek,fvdbeek,20080912,fvdbeek,0.7154354,True,mannelijk,volwassen,Noordelijk-centraal,n/a,headsetmicrofoon,48000
fvdbeek,fvdbeek,20080912,fvdbeek,0.708702,True,mannelijk,volwassen,Noordelijk-centraal,n/a,headsetmicrofoon,48000
fvdbeek,fvdbeek,20080912,fvdbeek,0.6455176,True,mannelijk,volwassen,Noordelijk-centraal,n/a,headsetmicrofoon,48000
fvdbeek,fvdbeek,20080912,fvdbeek,0.7820569,True,mannelijk,volwassen,Noordelijk-centraal,n/a,headsetmicrofoon,48000
fvdbeek,fvdbeek,20080912,fvdbeek,0.64685,True,mannelijk,volwassen,Noordelijk-centraal,n/a,headsetmicrofoon,48000
fvdbeek,fvdbeek,20080912,fvdbeek,0.7041158,True,mannelijk,volwassen,Noordelijk-centraal,n/a,headsetmicrofoon,48000
fvdbeek,fvdbeek,20080912,fvdbeek,0.63611877,True,mannelijk,volwassen,Noordelijk-centraal,n/a,headsetmicrofoon,48000
fvdbeek,fvdbeek,20080912,fvdbeek,0.71964216,True,mannelijk,volwassen,Noordelijk-centraal,n/a,headsetmicrofoon,48000
fvdbeek,fvdbeek,20080912,fvdbeek,0.7370183,True,mannelijk,volwassen,Noordelijk-centraal,n/a,headsetmicrofoon,48000
fvdbeek,fvdbeek,20080912,fvdbeek,0.75611347,True,mannelijk,volwassen,Noordelijk-centraal,n/a,headsetmicrofoon,48000
fvdbeek,fvdbeek,20080912,fvdbeek,0.7572116,True,mannelijk,volwassen,Noordelijk-centraal,n/a,headsetmicrofoon,48000
fvdbeek,fvdbeek,20080912,fvdbeek,0.80260193,True,mannelijk,volwassen,Noordelijk-centraal,n/a,headsetmicrofoon,48000
fvdbeek,fvdbeek,20080912,fvdbeek,0.7692547,True,mannelijk,volwassen,Noordelijk-centraal,n/a,headsetmicrofoon,48000
fvdbeek,fvdbeek,20080912,fvdbeek,0.79680264,True,mannelijk,volwassen,Noordelijk-centraal,n/a,headsetmicrofoon,48000
fvdbeek,fvdbeek,20080912,fvdbeek,0.461881,True,mannelijk,volwassen,Noordelijk-centraal,n/a,headsetmicrofoon,48000
fvdbeek,fvdbeek,20080912,fvdbeek,0.7009384,True,mannelijk,volwassen,Noordelijk-centraal,n/a,headsetmicrofoon,48000
fvdbeek,fvdbeek,20080912,fvdbeek,0.7314875,True,mannelijk,volwassen,Noordelijk-centraal,n/a,headsetmicrofoon,48000
fvdbeek,fvdbeek,20080912,fvdbeek,0.600144,True,mannelijk,volwassen,Noordelijk-centraal,n/a,headsetmicrofoon,48000
fvdbeek,fvdbeek,20080912,fvdbeek,0.7342869,True,mannelijk,volwassen,Noordelijk-centraal,n/a,headsetmicrofoon,48000
fvdbeek,fvdbeek,20080912,fvdbeek,0.64277905,True,mannelijk,volwassen,Noordelijk-centraal,n/a,headsetmicrofoon,48000
fvdbeek,fvdbeek,20080912,fvdbeek,0.71064043,True,mannelijk,volwassen,Noordelijk-centraal,n/a,headsetmicrofoon,48000
fvdbeek,fvdbeek,20080912,fvdbeek,0.6981083,True,mannelijk,volwassen,Noordelijk-centraal,n/a,headsetmicrofoon,48000
fvdbeek,fvdbeek,20080912,fvdbeek,0.73449755,True,mannelijk,volwassen,Noordelijk-centraal,n/a,headsetmicrofoon,48000
fvdbeek,fvdbeek,20080912,fvdbeek,0.770077,True,mannelijk,volwassen,Noordelijk-centraal,n/a,headsetmicrofoon,48000
fvdbeek,fvdbeek,20080912,fvdbeek,0.5114001,True,mannelijk,volwassen,Noordelijk-centraal,n/a,headsetmicrofoon,48000
Gandyman,Gandyman,20080205,Gandyman,0.63093936,True,mannelijk,volwassen,algemeen Nederlands,n/a,bureaumicrofoon,48000
Gandyman,Gandyman,20080205,Gandyman,0.69569314,True,mannelijk,volwassen,algemeen Nederlands,n/a,bureaumicrofoon,48000
Gandyman,Gandyman,20080205,Gandyman,0.5283158,True,mannelijk,volwassen,algemeen Nederlands,n/a,bureaumicrofoon,48000
Gandyman,Gandyman,20080205,Ggandyman,0.7112131,False,mannelijk,volwassen,algemeen Nederlands,n/a,bureaumicrofoon,48000
Gandyman,Gandyman,20080205,Gandyman,0.7355298,True,mannelijk,volwassen,algemeen Nederlands,n/a,bureaumicrofoon,48000
Gandyman,Gandyman,20080205,Gandyman,0.6780206,True,mannelijk,volwassen,algemeen Nederlands,n/a,bureaumicrofoon,48000
Gandyman,Gandyman,20080205,Gandyman,0.7128347,True,mannelijk,volwassen,algemeen Nederlands,n/a,bureaumicrofoon,48000
Gandyman,Gandyman,20080205,Gandyman,0.68024766,True,mannelijk,volwassen,algemeen Nederlands,n/a,bureaumicrofoon,48000
Gandyman,Gandyman,20080205,Gandyman,0.79491335,True,mannelijk,volwassen,algemeen Nederlands,n/a,bureaumicrofoon,48000
geniekort,geniekort,20140528,geniekort,0.7894541,True,mannelijk,jeugd,algemeen Nederlands,n/a,bureaumicrofoon,48000
geniekort,geniekort,20140528,geniekort,0.66083974,True,mannelijk,jeugd,algemeen Nederlands,n/a,bureaumicrofoon,48000
geniekort,geniekort,20140528,geniekort,0.7693434,True,mannelijk,jeugd,algemeen Nederlands,n/a,bureaumicrofoon,48000
geniekort,geniekort,20140528,geniekort,0.79322934,True,mannelijk,jeugd,algemeen Nederlands,n/a,bureaumicrofoon,48000
geniekort,geniekort,20140528,geniekort,0.7853267,True,mannelijk,jeugd,algemeen Nederlands,n/a,bureaumicrofoon,48000
geniekort,geniekort,20140528,geniekort,0.80304366,True,mannelijk,jeugd,algemeen Nederlands,n/a,bureaumicrofoon,48000
geniekort,geniekort,20140528,geniekort,0.7487936,True,mannelijk,jeugd,algemeen Nederlands,n/a,bureaumicrofoon,48000
geniekort,geniekort,20140528,geniekort,0.80952406,True,mannelijk,jeugd,algemeen Nederlands,n/a,bureaumicrofoon,48000
geniekort,geniekort,20140528,geniekort,0.781005,True,mannelijk,jeugd,algemeen Nederlands,n/a,bureaumicrofoon,48000
Gerwin,Gerwin,20090423,Gerwin,0.70715797,True,mannelijk,jeugd,algemeen Nederlands,n/a,headsetmicrofoon,48000
Gerwin,Gerwin,20090423,Gerwin,0.6323011,True,mannelijk,jeugd,algemeen Nederlands,n/a,headsetmicrofoon,48000
Gerwin,Gerwin,20090423,Gerwin,0.7156762,True,mannelijk,jeugd,algemeen Nederlands,n/a,headsetmicrofoon,48000
Gerwin,Gerwin,20090423,Gerwin,0.64205,True,mannelijk,jeugd,algemeen Nederlands,n/a,headsetmicrofoon,48000
Gerwin,Gerwin,20090423,Gerwin,0.6119622,True,mannelijk,jeugd,algemeen Nederlands,n/a,headsetmicrofoon,48000
Gerwin,Gerwin,20090423,Gerwin,0.6627331,True,mannelijk,jeugd,algemeen Nederlands,n/a,headsetmicrofoon,48000
Gerwin,Gerwin,20090423,Gerwin,0.6133141,True,mannelijk,jeugd,algemeen Nederlands,n/a,headsetmicrofoon,48000
Gerwin,Gerwin,20090423,Gerwin,0.69748735,True,mannelijk,jeugd,algemeen Nederlands,n/a,headsetmicrofoon,48000
Gerwin,Gerwin,20090423,Gerwin,0.61353904,True,mannelijk,jeugd,algemeen Nederlands,n/a,headsetmicrofoon,48000
Gerwin,Gerwin,20090423,Gerwin,0.59730744,True,mannelijk,jeugd,algemeen Nederlands,n/a,headsetmicrofoon,48000
Gerwin,Gerwin,20090423,Gerwin,0.6553577,True,mannelijk,jeugd,algemeen Nederlands,n/a,headsetmicrofoon,48000
Gerwin,Gerwin,20090423,Gerwin,0.6876989,True,mannelijk,jeugd,algemeen Nederlands,n/a,headsetmicrofoon,48000
Gerwin,Gerwin,20090423,Gerwin,0.67861116,True,mannelijk,jeugd,algemeen Nederlands,n/a,headsetmicrofoon,48000
Gerwin,Gerwin,20090423,Gerwin,0.59701574,True,mannelijk,jeugd,algemeen Nederlands,n/a,headsetmicrofoon,48000
Gerwin,Gerwin,20090423,Gerwin,0.65144825,True,mannelijk,jeugd,algemeen Nederlands,n/a,headsetmicrofoon,48000
Gerwin,Gerwin,20090423,Gerwin,0.71082366,True,mannelijk,jeugd,algemeen Nederlands,n/a,headsetmicrofoon,48000
Gerwin,Gerwin,20090423,Gerwin,0.47020632,True,mannelijk,jeugd,algemeen Nederlands,n/a,headsetmicrofoon,48000
Gerwin,Gerwin,20090423,Gerwin,0.6836397,True,mannelijk,jeugd,algemeen Nederlands,n/a,headsetmicrofoon,48000
Gerwin,Gerwin,20090423,Gerwin,0.71112555,True,mannelijk,jeugd,algemeen Nederlands,n/a,headsetmicrofoon,48000
Gerwin,Gerwin,20090423,Gerwin,0.7009624,True,mannelijk,jeugd,algemeen Nederlands,n/a,headsetmicrofoon,48000
Gerwin,Gerwin,20090423,Gerwin,0.7450499,True,mannelijk,jeugd,algemeen Nederlands,n/a,headsetmicrofoon,48000
Gerwin,Gerwin,20090423,Gerwin,0.6771617,True,mannelijk,jeugd,algemeen Nederlands,n/a,headsetmicrofoon,48000
Gerwin,Gerwin,20090423,Gerwin,0.66955125,True,mannelijk,jeugd,algemeen Nederlands,n/a,headsetmicrofoon,48000
Gerwin,Gerwin,20090423,Gerwin,0.7181517,True,mannelijk,jeugd,algemeen Nederlands,n/a,headsetmicrofoon,48000
Gerwin,Gerwin,20090423,Gerwin,0.7120854,True,mannelijk,jeugd,algemeen Nederlands,n/a,headsetmicrofoon,48000
Gerwin,Gerwin,20090423,Gerwin,0.72320783,True,mannelijk,jeugd,algemeen Nederlands,n/a,headsetmicrofoon,48000
Gerwin,Gerwin,20090423,Gerwin,0.77144957,True,mannelijk,jeugd,algemeen Nederlands,n/a,headsetmicrofoon,48000
Gerwin,Gerwin,20090423,Gerwin,0.67736715,True,mannelijk,jeugd,algemeen Nederlands,n/a,headsetmicrofoon,48000
Gerwin,Gerwin,20090423,Gerwin,0.4129706,True,mannelijk,jeugd,algemeen Nederlands,n/a,headsetmicrofoon,48000
Gerwin,Gerwin,20090423,Gerwin,0.6956033,True,mannelijk,jeugd,algemeen Nederlands,n/a,headsetmicrofoon,48000
Gerwin,Gerwin,20090423,Gerwin,0.78302526,True,mannelijk,jeugd,algemeen Nederlands,n/a,headsetmicrofoon,48000
Gerwin,Gerwin,20090423,Gerwin,0.71957195,True,mannelijk,jeugd,algemeen Nederlands,n/a,headsetmicrofoon,48000
Gerwin,Gerwin,20090423,Gerwin,0.67907625,True,mannelijk,jeugd,algemeen Nederlands,n/a,headsetmicrofoon,48000
Gerwin,Gerwin,20090423,Gerwin,0.67983544,True,mannelijk,jeugd,algemeen Nederlands,n/a,headsetmicrofoon,48000
Gerwin,Gerwin,20090423,Gerwin,0.51832914,True,mannelijk,jeugd,algemeen Nederlands,n/a,headsetmicrofoon,48000
Gerwin,Gerwin,20090423,Gerwin,0.6541749,True,mannelijk,jeugd,algemeen Nederlands,n/a,headsetmicrofoon,48000
Gerwin,Gerwin,20090423,Gerwin,0.7099545,True,mannelijk,jeugd,algemeen Nederlands,n/a,headsetmicrofoon,48000
Gerwin,Gerwin,20090423,Gerwin,0.71981645,True,mannelijk,jeugd,algemeen Nederlands,n/a,headsetmicrofoon,48000
Gerwin,Gerwin,20090423,Gerwin,0.6507356,True,mannelijk,jeugd,algemeen Nederlands,n/a,headsetmicrofoon,48000
Gerwin,Gerwin,20090423,Gerwin,0.6330737,True,mannelijk,jeugd,algemeen Nederlands,n/a,headsetmicrofoon,48000
Gerwin,Gerwin,20090423,Gerwin,0.6289855,True,mannelijk,jeugd,algemeen Nederlands,n/a,headsetmicrofoon,48000
Gerwin,Gerwin,20090423,Gerwin,0.6313833,True,mannelijk,jeugd,algemeen Nederlands,n/a,headsetmicrofoon,48000
Gerwin,Gerwin,20090423,Gerwin,0.71892416,True,mannelijk,jeugd,algemeen Nederlands,n/a,headsetmicrofoon,48000
Gerwin,Gerwin,20090423,Gerwin,0.750031,True,mannelijk,jeugd,algemeen Nederlands,n/a,headsetmicrofoon,48000
Gerwin,Gerwin,20090423,Gerwin,0.71356714,True,mannelijk,jeugd,algemeen Nederlands,n/a,headsetmicrofoon,48000
Gerwin,Gerwin,20090423,Gerwin,0.6170297,True,mannelijk,jeugd,algemeen Nederlands,n/a,headsetmicrofoon,48000
Gerwin,Gerwin,20090423,Gerwin,0.695377,True,mannelijk,jeugd,algemeen Nederlands,n/a,headsetmicrofoon,48000
Gerwin,Gerwin,20090423,Gerwin,0.7472739,True,mannelijk,jeugd,algemeen Nederlands,n/a,headsetmicrofoon,48000
Gerwin,Gerwin,20090423,Gerwin,0.6675668,True,mannelijk,jeugd,algemeen Nederlands,n/a,headsetmicrofoon,48000
Gerwin,Gerwin,20090423,Gerwin,0.6548363,True,mannelijk,jeugd,algemeen Nederlands,n/a,headsetmicrofoon,48000
Gerwin,Gerwin,20090423,Gerwin,0.74542797,True,mannelijk,jeugd,algemeen Nederlands,n/a,headsetmicrofoon,48000
Gerwin,Gerwin,20090423,Gerwin,0.60946214,True,mannelijk,jeugd,algemeen Nederlands,n/a,headsetmicrofoon,48000
Gerwin,Gerwin,20090423,Gerwin,0.7523837,True,mannelijk,jeugd,algemeen Nederlands,n/a,headsetmicrofoon,48000
Gerwin,Gerwin,20090423,Gerwin,0.73207545,True,mannelijk,jeugd,algemeen Nederlands,n/a,headsetmicrofoon,48000
Gerwin,Gerwin,20090423,Gerwin,0.7226621,True,mannelijk,jeugd,algemeen Nederlands,n/a,headsetmicrofoon,48000
Gerwin,Gerwin,20090423,Gerwin,0.6651041,True,mannelijk,jeugd,algemeen Nederlands,n/a,headsetmicrofoon,48000
Gerwin,Gerwin,20090423,Gerwin,0.76833344,True,mannelijk,jeugd,algemeen Nederlands,n/a,headsetmicrofoon,48000
Gerwin,Gerwin,20090423,Gerwin,0.67621976,True,mannelijk,jeugd,algemeen Nederlands,n/a,headsetmicrofoon,48000
Gerwin,Gerwin,20090423,Gerwin,0.69348544,True,mannelijk,jeugd,algemeen Nederlands,n/a,headsetmicrofoon,48000
Gerwin,Gerwin,20090423,Gerwin,0.7644936,True,mannelijk,jeugd,algemeen Nederlands,n/a,headsetmicrofoon,48000
Gerwin,Gerwin,20090423,Gerwin,0.6629244,True,mannelijk,jeugd,algemeen Nederlands,n/a,headsetmicrofoon,48000
Gerwin,Gerwin,20090423,Gerwin,0.7077203,True,mannelijk,jeugd,algemeen Nederlands,n/a,headsetmicrofoon,48000
Gerwin,Gerwin,20090423,Gerwin,0.7361275,True,mannelijk,jeugd,algemeen Nederlands,n/a,headsetmicrofoon,48000
Gerwin,Gerwin,20090423,Gerwin,0.6167869,True,mannelijk,jeugd,algemeen Nederlands,n/a,headsetmicrofoon,48000
Gerwin,Gerwin,20090423,Gerwin,0.6879319,True,mannelijk,jeugd,algemeen Nederlands,n/a,headsetmicrofoon,48000
Gerwin,Gerwin,20090423,Gerwin,0.66134304,True,mannelijk,jeugd,algemeen Nederlands,n/a,headsetmicrofoon,48000
Gerwin,Gerwin,20090423,Gerwin,0.69086975,True,mannelijk,jeugd,algemeen Nederlands,n/a,headsetmicrofoon,48000
Gerwin,Gerwin,20090423,Gerwin,0.56203103,True,mannelijk,jeugd,algemeen Nederlands,n/a,headsetmicrofoon,48000
Gerwin,Gerwin,20090423,Gerwin,0.6463065,True,mannelijk,jeugd,algemeen Nederlands,n/a,headsetmicrofoon,48000
Gerwin,Gerwin,20090423,Gerwin,0.6506999,True,mannelijk,jeugd,algemeen Nederlands,n/a,headsetmicrofoon,48000
Gerwin,Gerwin,20090423,Gerwin,0.4006791,True,mannelijk,jeugd,algemeen Nederlands,n/a,headsetmicrofoon,48000
Gerwin,Gerwin,20090423,Gerwin,0.5612892,True,mannelijk,jeugd,algemeen Nederlands,n/a,headsetmicrofoon,48000
Gerwin,Gerwin,20090423,Gerwin,0.6312312,True,mannelijk,jeugd,algemeen Nederlands,n/a,headsetmicrofoon,48000
Gerwin,Gerwin,20090423,Gerwin,0.55682915,True,mannelijk,jeugd,algemeen Nederlands,n/a,headsetmicrofoon,48000
Gerwin,Gerwin,20090423,Gerwin,0.54381406,True,mannelijk,jeugd,algemeen Nederlands,n/a,headsetmicrofoon,48000
Gerwin,Gerwin,20090423,Gerwin,0.7340061,True,mannelijk,jeugd,algemeen Nederlands,n/a,headsetmicrofoon,48000
Gerwin,Gerwin,20090423,Gerwin,0.7600965,True,mannelijk,jeugd,algemeen Nederlands,n/a,headsetmicrofoon,48000
Gerwin,Gerwin,20090423,Gerwin,0.6977097,True,mannelijk,jeugd,algemeen Nederlands,n/a,headsetmicrofoon,48000
Gerwin,Gerwin,20090423,Gerwin,0.7182232,True,mannelijk,jeugd,algemeen Nederlands,n/a,headsetmicrofoon,48000
Gerwin,Gerwin,20090423,Gerwin,0.726295,True,mannelijk,jeugd,algemeen Nederlands,n/a,headsetmicrofoon,48000
Gerwin,Gerwin,20090423,Gerwin,0.7284968,True,mannelijk,jeugd,algemeen Nederlands,n/a,headsetmicrofoon,48000
Gerwin,Gerwin,20090423,Gerwin,0.6698307,True,mannelijk,jeugd,algemeen Nederlands,n/a,headsetmicrofoon,48000
Gerwin,Gerwin,20090423,Gerwin,0.69794846,True,mannelijk,jeugd,algemeen Nederlands,n/a,headsetmicrofoon,48000
Gerwin,Gerwin,20090423,Gerwin,0.8124218,True,mannelijk,jeugd,algemeen Nederlands,n/a,headsetmicrofoon,48000
Gerwin,Gerwin,20090423,Gerwin,0.66830385,True,mannelijk,jeugd,algemeen Nederlands,n/a,headsetmicrofoon,48000
Gerwin,Gerwin,20090423,Gerwin,0.7019675,True,mannelijk,jeugd,algemeen Nederlands,n/a,headsetmicrofoon,48000
Gerwin,Gerwin,20090423,Gerwin,0.72407854,True,mannelijk,jeugd,algemeen Nederlands,n/a,headsetmicrofoon,48000
Gerwin,Gerwin,20090423,Gerwin,0.72219396,True,mannelijk,jeugd,algemeen Nederlands,n/a,headsetmicrofoon,48000
Gerwin,Gerwin,20090423,Gerwin,0.73714244,True,mannelijk,jeugd,algemeen Nederlands,n/a,headsetmicrofoon,48000
Gerwin,Gerwin,20090423,Gerwin,0.73255837,True,mannelijk,jeugd,algemeen Nederlands,n/a,headsetmicrofoon,48000
Gerwin,Gerwin,20090423,Gerwin,0.69899654,True,mannelijk,jeugd,algemeen Nederlands,n/a,headsetmicrofoon,48000
Gerwin,Gerwin,20090423,Gerwin,0.6808393,True,mannelijk,jeugd,algemeen Nederlands,n/a,headsetmicrofoon,48000
Gerwin,Gerwin,20090423,Gerwin,0.61548483,True,mannelijk,jeugd,algemeen Nederlands,n/a,headsetmicrofoon,48000
Gerwin,Gerwin,20090423,Gerwin,0.689285,True,mannelijk,jeugd,algemeen Nederlands,n/a,headsetmicrofoon,48000
Gerwin,Gerwin,20090423,Gerwin,0.5997505,True,mannelijk,jeugd,algemeen Nederlands,n/a,headsetmicrofoon,48000
Gerwin,Gerwin,20090423,Gerwin,0.70406723,True,mannelijk,jeugd,algemeen Nederlands,n/a,headsetmicrofoon,48000
Gerwin,Gerwin,20090423,Gerwin,0.6415097,True,mannelijk,jeugd,algemeen Nederlands,n/a,headsetmicrofoon,48000
Gerwin,Gerwin,20090423,Gerwin,0.77516556,True,mannelijk,jeugd,algemeen Nederlands,n/a,headsetmicrofoon,48000
Gerwin,Gerwin,20090423,Gerwin,0.57212275,True,mannelijk,jeugd,algemeen Nederlands,n/a,headsetmicrofoon,48000
Gerwin,Gerwin,20090423,Gerwin,0.6817443,True,mannelijk,jeugd,algemeen Nederlands,n/a,headsetmicrofoon,48000
Gerwin,Gerwin,20090423,Gerwin,0.7263,True,mannelijk,jeugd,algemeen Nederlands,n/a,headsetmicrofoon,48000
Gerwin,Gerwin,20090423,Gerwin,0.6832356,True,mannelijk,jeugd,algemeen Nederlands,n/a,headsetmicrofoon,48000
Gerwin,Gerwin,20090423,Gerwin,0.71688306,True,mannelijk,jeugd,algemeen Nederlands,n/a,headsetmicrofoon,48000
Gerwin,Gerwin,20090423,Gerwin,0.7131344,True,mannelijk,jeugd,algemeen Nederlands,n/a,headsetmicrofoon,48000
Gerwin,Gerwin,20090423,Gerwin,0.67296624,True,mannelijk,jeugd,algemeen Nederlands,n/a,headsetmicrofoon,48000
Gerwin,Gerwin,20090423,Gerwin,0.7016512,True,mannelijk,jeugd,algemeen Nederlands,n/a,headsetmicrofoon,48000
Gerwin,Gerwin,20090423,Gerwin,0.6186477,True,mannelijk,jeugd,algemeen Nederlands,n/a,headsetmicrofoon,48000
Gerwin,Gerwin,20090423,Gerwin,0.7430843,True,mannelijk,jeugd,algemeen Nederlands,n/a,headsetmicrofoon,48000
Gerwin,Gerwin,20090423,Gerwin,0.7360347,True,mannelijk,jeugd,algemeen Nederlands,n/a,headsetmicrofoon,48000
Gerwin,Gerwin,20090423,Gerwin,0.7615796,True,mannelijk,jeugd,algemeen Nederlands,n/a,headsetmicrofoon,48000
Gerwin,Gerwin,20090423,Gerwin,0.52980876,True,mannelijk,jeugd,algemeen Nederlands,n/a,headsetmicrofoon,48000
Gerwin,Gerwin,20090423,Gerwin,0.73252356,True,mannelijk,jeugd,algemeen Nederlands,n/a,headsetmicrofoon,48000
Gerwin,Gerwin,20090423,Gerwin,0.6279321,True,mannelijk,jeugd,algemeen Nederlands,n/a,headsetmicrofoon,48000
Gerwin,Gerwin,20090423,Gerwin,0.6805153,True,mannelijk,jeugd,algemeen Nederlands,n/a,headsetmicrofoon,48000
Gerwin,Gerwin,20090423,Gerwin,0.5221304,True,mannelijk,jeugd,algemeen Nederlands,n/a,headsetmicrofoon,48000
Gerwin,Gerwin,20090423,Gerwin,0.7757664,True,mannelijk,jeugd,algemeen Nederlands,n/a,headsetmicrofoon,48000
Gerwin,Gerwin,20090423,Gerwin,0.6642778,True,mannelijk,jeugd,algemeen Nederlands,n/a,headsetmicrofoon,48000
Gerwin,Gerwin,20090423,Gerwin,0.6209912,True,mannelijk,jeugd,algemeen Nederlands,n/a,headsetmicrofoon,48000
Gerwin,Gerwin,20090423,Gerwin,0.6254477,True,mannelijk,jeugd,algemeen Nederlands,n/a,headsetmicrofoon,48000
Gerwin,Gerwin,20090423,Gerwin,0.7318425,True,mannelijk,jeugd,algemeen Nederlands,n/a,headsetmicrofoon,48000
Gerwin,Gerwin,20090423,Gerwin,0.62598294,True,mannelijk,jeugd,algemeen Nederlands,n/a,headsetmicrofoon,48000
Gerwin,Gerwin,20090423,Gerwin,0.7124924,True,mannelijk,jeugd,algemeen Nederlands,n/a,headsetmicrofoon,48000
Gerwin,Gerwin,20090423,Gerwin,0.65855825,True,mannelijk,jeugd,algemeen Nederlands,n/a,headsetmicrofoon,48000
Gerwin,Gerwin,20090423,Gerwin,0.6383654,True,mannelijk,jeugd,algemeen Nederlands,n/a,headsetmicrofoon,48000
Gerwin,Gerwin,20090423,Gerwin,0.7938558,True,mannelijk,jeugd,algemeen Nederlands,n/a,headsetmicrofoon,48000
Gerwin,Gerwin,20090423,Gerwin,0.7443373,True,mannelijk,jeugd,algemeen Nederlands,n/a,headsetmicrofoon,48000
Gerwin,Gerwin,20090423,Gerwin,0.7229973,True,mannelijk,jeugd,algemeen Nederlands,n/a,headsetmicrofoon,48000
Gerwin,Gerwin,20090423,Gerwin,0.7087864,True,mannelijk,jeugd,algemeen Nederlands,n/a,headsetmicrofoon,48000
Gerwin,Gerwin,20090423,Gerwin,0.7651096,True,mannelijk,jeugd,algemeen Nederlands,n/a,headsetmicrofoon,48000
Ggandyman,Ggandyman,20080205,Gandyman,0.654614,False,mannelijk,volwassen,algemeen Nederlands,n/a,bureaumicrofoon,48000
Ggandyman,Ggandyman,20080205,Gandyman,0.59697515,False,mannelijk,volwassen,algemeen Nederlands,n/a,bureaumicrofoon,48000
Ggandyman,Ggandyman,20080205,Ggandyman,0.70577204,True,mannelijk,volwassen,algemeen Nederlands,n/a,bureaumicrofoon,48000
Ggandyman,Ggandyman,20080205,Gandyman,0.7609052,False,mannelijk,volwassen,algemeen Nederlands,n/a,bureaumicrofoon,48000
Ggandyman,Ggandyman,20080205,Gandyman,0.7284748,False,mannelijk,volwassen,algemeen Nederlands,n/a,bureaumicrofoon,48000
Ggandyman,Ggandyman,20080205,Gandyman,0.68992853,False,mannelijk,volwassen,algemeen Nederlands,n/a,bureaumicrofoon,48000
Ggandyman,Ggandyman,20080205,Ggandyman,0.6157032,True,mannelijk,volwassen,algemeen Nederlands,n/a,bureaumicrofoon,48000
Ggandyman,Ggandyman,20080205,Gandyman,0.68250895,False,mannelijk,volwassen,algemeen Nederlands,n/a,bureaumicrofoon,48000
Ggandyman,Ggandyman,20080205,Gandyman,0.6589118,False,mannelijk,volwassen,algemeen Nederlands,n/a,bureaumicrofoon,48000
gjsuu,gjsuu,20110311,GJSUU,0.74626195,False,mannelijk,volwassen,algemeen Nederlands,n/a,headsetmicrofoon,48000
gjsuu,gjsuu,20110305,gjsuu,0.7249062,True,mannelijk,volwassen,algemeen Nederlands,n/a,headsetmicrofoon,48000
gjsuu,gjsuu,20110305,gjsuu,0.74610364,True,mannelijk,volwassen,algemeen Nederlands,n/a,headsetmicrofoon,48000
gjsuu,gjsuu,20110305,gjsuu,0.8045871,True,mannelijk,volwassen,algemeen Nederlands,n/a,headsetmicrofoon,48000
gjsuu,gjsuu,20110305,gjsuu,0.76633847,True,mannelijk,volwassen,algemeen Nederlands,n/a,headsetmicrofoon,48000
gjsuu,gjsuu,20110305,gjsuu,0.8255302,True,mannelijk,volwassen,algemeen Nederlands,n/a,headsetmicrofoon,48000
gjsuu,gjsuu,20110305,gjsuu,0.77532464,True,mannelijk,volwassen,algemeen Nederlands,n/a,headsetmicrofoon,48000
gjsuu,gjsuu,20110305,gjsuu,0.6781284,True,mannelijk,volwassen,algemeen Nederlands,n/a,headsetmicrofoon,48000
gjsuu,gjsuu,20110305,gjsuu,0.7756838,True,mannelijk,volwassen,algemeen Nederlands,n/a,headsetmicrofoon,48000
gjsuu,gjsuu,20110305,gjsuu,0.53160685,True,mannelijk,volwassen,algemeen Nederlands,n/a,headsetmicrofoon,48000
gjsuu,gjsuu,20110311,GJSUU,0.76756614,False,mannelijk,volwassen,algemeen Nederlands,n/a,headsetmicrofoon,48000
gjsuu,gjsuu,20110305,gjsuu,0.79032385,True,mannelijk,volwassen,algemeen Nederlands,n/a,headsetmicrofoon,48000
gjsuu,gjsuu,20110311,GJSUU,0.7787272,False,mannelijk,volwassen,algemeen Nederlands,n/a,headsetmicrofoon,48000
gjsuu,gjsuu,20110311,GJSUU,0.73428124,False,mannelijk,volwassen,algemeen Nederlands,n/a,headsetmicrofoon,48000
gjsuu,gjsuu,20110311,GJSUU,0.71708834,False,mannelijk,volwassen,algemeen Nederlands,n/a,headsetmicrofoon,48000
gjsuu,gjsuu,20110311,GJSUU,0.71583384,False,mannelijk,volwassen,algemeen Nederlands,n/a,headsetmicrofoon,48000
gjsuu,gjsuu,20110305,gjsuu,0.67270654,True,mannelijk,volwassen,algemeen Nederlands,n/a,headsetmicrofoon,48000
gjsuu,gjsuu,20110305,gjsuu,0.7782279,True,mannelijk,volwassen,algemeen Nederlands,n/a,headsetmicrofoon,48000
gjsuu,gjsuu,20110305,gjsuu,0.7486042,True,mannelijk,volwassen,algemeen Nederlands,n/a,headsetmicrofoon,48000
GJSUU,GJSUU,20110311,GJSUU,0.82075214,True,mannelijk,volwassen,algemeen Nederlands,n/a,headsetmicrofoon,48000
GJSUU,GJSUU,20110311,GJSUU,0.6965236,True,mannelijk,volwassen,algemeen Nederlands,n/a,headsetmicrofoon,48000
GJSUU,GJSUU,20110311,GJSUU,0.8091727,True,mannelijk,volwassen,algemeen Nederlands,n/a,headsetmicrofoon,48000
GJSUU,GJSUU,20110311,GJSUU,0.7572767,True,mannelijk,volwassen,algemeen Nederlands,n/a,headsetmicrofoon,48000
GJSUU,GJSUU,20110311,GJSUU,0.6567312,True,mannelijk,volwassen,algemeen Nederlands,n/a,headsetmicrofoon,48000
GJSUU,GJSUU,20110311,GJSUU,0.7469981,True,mannelijk,volwassen,algemeen Nederlands,n/a,headsetmicrofoon,48000
GJSUU,GJSUU,20110311,GJSUU,0.78309906,True,mannelijk,volwassen,algemeen Nederlands,n/a,headsetmicrofoon,48000
gosiemople,gosiemople,20130619,gosiemople,0.73864746,True,mannelijk,volwassen,algemeen Nederlands,n/a,headsetmicrofoon (USB),48000
GJSUU,GJSUU,20110311,GJSUU,0.71991503,True,mannelijk,volwassen,algemeen Nederlands,n/a,headsetmicrofoon,48000
gosiemople,gosiemople,20130619,gosiemople,0.80343264,True,mannelijk,volwassen,algemeen Nederlands,n/a,headsetmicrofoon (USB),48000
GJSUU,GJSUU,20110311,GJSUU,0.79877937,True,mannelijk,volwassen,algemeen Nederlands,n/a,headsetmicrofoon,48000
gosiemople,gosiemople,20130619,gosiemople,0.76079696,True,mannelijk,volwassen,algemeen Nederlands,n/a,headsetmicrofoon (USB),48000
gosiemople,gosiemople,20130619,gosiemople,0.7108387,True,mannelijk,volwassen,algemeen Nederlands,n/a,headsetmicrofoon (USB),48000
gosiemople,gosiemople,20130619,gosiemople,0.7072719,True,mannelijk,volwassen,algemeen Nederlands,n/a,headsetmicrofoon (USB),48000
gosiemople,gosiemople,20130619,gosiemople,0.73504907,True,mannelijk,volwassen,algemeen Nederlands,n/a,headsetmicrofoon (USB),48000
gosiemople,gosiemople,20130619,gosiemople,0.78377163,True,mannelijk,volwassen,algemeen Nederlands,n/a,headsetmicrofoon (USB),48000
gosiemople,gosiemople,20130619,gosiemople,0.660372,True,mannelijk,volwassen,algemeen Nederlands,n/a,headsetmicrofoon (USB),48000
gosiemople,gosiemople,20130619,gosiemople,0.69861543,True,mannelijk,volwassen,algemeen Nederlands,n/a,headsetmicrofoon (USB),48000
gosiemople,gosiemople,20130619,gosiemople,0.713153,True,mannelijk,volwassen,algemeen Nederlands,n/a,headsetmicrofoon (USB),48000
gosiemople,gosiemople,20130619,gosiemople,0.68256235,True,mannelijk,volwassen,algemeen Nederlands,n/a,headsetmicrofoon (USB),48000
gosiemople,gosiemople,20130619,gosiemople,0.66787773,True,mannelijk,volwassen,algemeen Nederlands,n/a,headsetmicrofoon (USB),48000
gosiemople,gosiemople,20130619,gosiemople,0.75950253,True,mannelijk,volwassen,algemeen Nederlands,n/a,headsetmicrofoon (USB),48000
gosiemople,gosiemople,20130619,gosiemople,0.70282316,True,mannelijk,volwassen,algemeen Nederlands,n/a,headsetmicrofoon (USB),48000
gosiemople,gosiemople,20130619,gosiemople,0.72778726,True,mannelijk,volwassen,algemeen Nederlands,n/a,headsetmicrofoon (USB),48000
gosiemople,gosiemople,20130619,gosiemople,0.67378163,True,mannelijk,volwassen,algemeen Nederlands,n/a,headsetmicrofoon (USB),48000
gosiemople,gosiemople,20130619,gosiemople,0.6908753,True,mannelijk,volwassen,algemeen Nederlands,n/a,headsetmicrofoon (USB),48000
gosiemople,gosiemople,20130619,gosiemople,0.70718545,True,mannelijk,volwassen,algemeen Nederlands,n/a,headsetmicrofoon (USB),48000
gosiemople,gosiemople,20130619,gosiemople,0.69254404,True,mannelijk,volwassen,algemeen Nederlands,n/a,headsetmicrofoon (USB),48000
Gurbe,Gurbe,20091123,Gurbe,0.61240774,True,mannelijk,volwassen,Noordelijk-centraal,n/a,headsetmicrofoon (USB),48000
Gurbe,Gurbe,20091123,Gurbe,0.62999904,True,mannelijk,volwassen,Noordelijk-centraal,n/a,headsetmicrofoon (USB),48000
Gurbe,Gurbe,20091123,Gurbe,0.65372145,True,mannelijk,volwassen,Noordelijk-centraal,n/a,headsetmicrofoon (USB),48000
Gurbe,Gurbe,20091123,Gurbe,0.74358517,True,mannelijk,volwassen,Noordelijk-centraal,n/a,headsetmicrofoon (USB),48000
Gurbe,Gurbe,20091123,Gurbe,0.60491306,True,mannelijk,volwassen,Noordelijk-centraal,n/a,headsetmicrofoon (USB),48000
Gurbe,Gurbe,20091123,Gurbe,0.582391,True,mannelijk,volwassen,Noordelijk-centraal,n/a,headsetmicrofoon (USB),48000
Gurbe,Gurbe,20091123,Gurbe,0.6217197,True,mannelijk,volwassen,Noordelijk-centraal,n/a,headsetmicrofoon (USB),48000
Gurbe,Gurbe,20091123,Gurbe,0.56528926,True,mannelijk,volwassen,Noordelijk-centraal,n/a,headsetmicrofoon (USB),48000
Gurbe,Gurbe,20091123,Gurbe,0.6320686,True,mannelijk,volwassen,Noordelijk-centraal,n/a,headsetmicrofoon (USB),48000
Gurbe,Gurbe,20091123,Gurbe,0.61851317,True,mannelijk,volwassen,Noordelijk-centraal,n/a,headsetmicrofoon (USB),48000
Gurbe,Gurbe,20091123,Gurbe,0.60702217,True,mannelijk,volwassen,Noordelijk-centraal,n/a,headsetmicrofoon (USB),48000
Gurbe,Gurbe,20091123,Gurbe,0.5840561,True,mannelijk,volwassen,Noordelijk-centraal,n/a,headsetmicrofoon (USB),48000
Gurbe,Gurbe,20091123,Gurbe,0.73822457,True,mannelijk,volwassen,Noordelijk-centraal,n/a,headsetmicrofoon (USB),48000
Gurbe,Gurbe,20091123,Gurbe,0.7105018,True,mannelijk,volwassen,Noordelijk-centraal,n/a,headsetmicrofoon (USB),48000
Gurbe,Gurbe,20091123,Gurbe,0.6975734,True,mannelijk,volwassen,Noordelijk-centraal,n/a,headsetmicrofoon (USB),48000
Gurbe,Gurbe,20091123,Gurbe,0.7404133,True,mannelijk,volwassen,Noordelijk-centraal,n/a,headsetmicrofoon (USB),48000
Gurbe,Gurbe,20091123,Gurbe,0.62135464,True,mannelijk,volwassen,Noordelijk-centraal,n/a,headsetmicrofoon (USB),48000
Gurbe,Gurbe,20091123,Gurbe,0.56298286,True,mannelijk,volwassen,Noordelijk-centraal,n/a,headsetmicrofoon (USB),48000
Gurbe,Gurbe,20091123,Gurbe,0.6405231,True,mannelijk,volwassen,Noordelijk-centraal,n/a,headsetmicrofoon (USB),48000
Hansje1980,Hansje1980,20081128,Hansje1980,0.59105,True,mannelijk,volwassen,Zuidoostelijk,n/a,headsetmicrofoon,48000
Hansje1980,Hansje1980,20081128,Hansje1980,0.65600675,True,mannelijk,volwassen,Zuidoostelijk,n/a,headsetmicrofoon,48000
Hansje1980,Hansje1980,20081128,Hansje1980,0.50329816,True,mannelijk,volwassen,Zuidoostelijk,n/a,headsetmicrofoon,48000
Hansje1980,Hansje1980,20081128,Hansje1980,0.71515286,True,mannelijk,volwassen,Zuidoostelijk,n/a,headsetmicrofoon,48000
Hansje1980,Hansje1980,20090629,Sjiel3,0.5151763,False,mannelijk,volwassen,Zuidoostelijk,n/a,headsetmicrofoon,48000
Hansje1980,Hansje1980,20081128,Hansje1980,0.53779334,True,mannelijk,volwassen,Zuidoostelijk,n/a,headsetmicrofoon,48000
Hansje1980,Hansje1980,20081128,Hansje1980,0.6007966,True,mannelijk,volwassen,Zuidoostelijk,n/a,headsetmicrofoon,48000
Hansje1980,Hansje1980,20081128,Hansje1980,0.6038048,True,mannelijk,volwassen,Zuidoostelijk,n/a,headsetmicrofoon,48000
Hansje1980,Hansje1980,20081128,Hansje1980,0.7250711,True,mannelijk,volwassen,Zuidoostelijk,n/a,headsetmicrofoon,48000
Harm,Harm,20141218,Harm,0.67901516,True,mannelijk,volwassen,algemeen Nederlands,n/a,headsetmicrofoon (USB),48000
Harm,Harm,20141218,Harm,0.8030946,True,mannelijk,volwassen,algemeen Nederlands,n/a,headsetmicrofoon (USB),48000
Harm,Harm,20141218,Harm,0.78018314,True,mannelijk,volwassen,algemeen Nederlands,n/a,headsetmicrofoon (USB),48000
Harm,Harm,20141218,Harm,0.7053281,True,mannelijk,volwassen,algemeen Nederlands,n/a,headsetmicrofoon (USB),48000
Harm,Harm,20141218,Harm,0.72905284,True,mannelijk,volwassen,algemeen Nederlands,n/a,headsetmicrofoon (USB),48000
Harm,Harm,20141218,Harm,0.6710949,True,mannelijk,volwassen,algemeen Nederlands,n/a,headsetmicrofoon (USB),48000
Harm,Harm,20141218,Harm,0.61556435,True,mannelijk,volwassen,algemeen Nederlands,n/a,headsetmicrofoon (USB),48000
Harm,Harm,20141218,Harm,0.72757316,True,mannelijk,volwassen,algemeen Nederlands,n/a,headsetmicrofoon (USB),48000
Harm,Harm,20141218,Harm,0.6065539,True,mannelijk,volwassen,algemeen Nederlands,n/a,headsetmicrofoon (USB),48000
Harm,Harm,20141218,Harm,0.7637334,True,mannelijk,volwassen,algemeen Nederlands,n/a,headsetmicrofoon (USB),48000
Harm,Harm,20141218,Harm,0.70221823,True,mannelijk,volwassen,algemeen Nederlands,n/a,headsetmicrofoon (USB),48000
Harm,Harm,20141218,Harm,0.7472196,True,mannelijk,volwassen,algemeen Nederlands,n/a,headsetmicrofoon (USB),48000
Harm,Harm,20141218,Harm,0.74143517,True,mannelijk,volwassen,algemeen Nederlands,n/a,headsetmicrofoon (USB),48000
Harm,Harm,20141218,Harm,0.7425558,True,mannelijk,volwassen,algemeen Nederlands,n/a,headsetmicrofoon (USB),48000
Harm,Harm,20141218,Harm,0.6180966,True,mannelijk,volwassen,algemeen Nederlands,n/a,headsetmicrofoon (USB),48000
Harm,Harm,20141218,Harm,0.7280333,True,mannelijk,volwassen,algemeen Nederlands,n/a,headsetmicrofoon (USB),48000
Harm,Harm,20141218,Harm,0.75567025,True,mannelijk,volwassen,algemeen Nederlands,n/a,headsetmicrofoon (USB),48000
Harm,Harm,20141218,Harm,0.7364747,True,mannelijk,volwassen,algemeen Nederlands,n/a,headsetmicrofoon (USB),48000
Harm,Harm,20141218,Harm,0.7833232,True,mannelijk,volwassen,algemeen Nederlands,n/a,headsetmicrofoon (USB),48000
Harm,Harm,20141218,Harm,0.7067325,True,mannelijk,volwassen,algemeen Nederlands,n/a,headsetmicrofoon (USB),48000
Harm,Harm,20141218,Harm,0.638381,True,mannelijk,volwassen,algemeen Nederlands,n/a,headsetmicrofoon (USB),48000
Harm,Harm,20141218,Harm,0.7202922,True,mannelijk,volwassen,algemeen Nederlands,n/a,headsetmicrofoon (USB),48000
Harm,Harm,20141218,Harm,0.52087444,True,mannelijk,volwassen,algemeen Nederlands,n/a,headsetmicrofoon (USB),48000
Harm,Harm,20141218,Harm,0.71591616,True,mannelijk,volwassen,algemeen Nederlands,n/a,headsetmicrofoon (USB),48000
Harm,Harm,20141218,Harm,0.6502466,True,mannelijk,volwassen,algemeen Nederlands,n/a,headsetmicrofoon (USB),48000
Harm,Harm,20141218,Harm,0.5932745,True,mannelijk,volwassen,algemeen Nederlands,n/a,headsetmicrofoon (USB),48000
Harm,Harm,20141218,Harm,0.53694075,True,mannelijk,volwassen,algemeen Nederlands,n/a,headsetmicrofoon (USB),48000
Harm,Harm,20141218,Harm,0.7184597,True,mannelijk,volwassen,algemeen Nederlands,n/a,headsetmicrofoon (USB),48000
Harm,Harm,20141218,Harm,0.7059562,True,mannelijk,volwassen,algemeen Nederlands,n/a,headsetmicrofoon (USB),48000
Harm,Harm,20141218,Harm,0.7207178,True,mannelijk,volwassen,algemeen Nederlands,n/a,headsetmicrofoon (USB),48000
Harm,Harm,20141218,Harm,0.6984161,True,mannelijk,volwassen,algemeen Nederlands,n/a,headsetmicrofoon (USB),48000
Harm,Harm,20141218,Harm,0.6693665,True,mannelijk,volwassen,algemeen Nederlands,n/a,headsetmicrofoon (USB),48000
Harm,Harm,20141218,Harm,0.7758676,True,mannelijk,volwassen,algemeen Nederlands,n/a,headsetmicrofoon (USB),48000
Harm,Harm,20141218,Harm,0.69073635,True,mannelijk,volwassen,algemeen Nederlands,n/a,headsetmicrofoon (USB),48000
Harm,Harm,20141218,Harm,0.6792159,True,mannelijk,volwassen,algemeen Nederlands,n/a,headsetmicrofoon (USB),48000
Harm,Harm,20141218,Harm,0.7461785,True,mannelijk,volwassen,algemeen Nederlands,n/a,headsetmicrofoon (USB),48000
Harm,Harm,20141218,Harm,0.65883076,True,mannelijk,volwassen,algemeen Nederlands,n/a,headsetmicrofoon (USB),48000
Harm,Harm,20141218,Harm,0.6978607,True,mannelijk,volwassen,algemeen Nederlands,n/a,headsetmicrofoon (USB),48000
Harm,Harm,20141218,Harm,0.8071844,True,mannelijk,volwassen,algemeen Nederlands,n/a,headsetmicrofoon (USB),48000
Harm,Harm,20141218,Harm,0.46518302,True,mannelijk,volwassen,algemeen Nederlands,n/a,headsetmicrofoon (USB),48000
Harm,Harm,20141218,Harm,0.7016083,True,mannelijk,volwassen,algemeen Nederlands,n/a,headsetmicrofoon (USB),48000
Harm,Harm,20141218,Harm,0.6700702,True,mannelijk,volwassen,algemeen Nederlands,n/a,headsetmicrofoon (USB),48000
Harm,Harm,20141218,Harm,0.67999965,True,mannelijk,volwassen,algemeen Nederlands,n/a,headsetmicrofoon (USB),48000
Harm,Harm,20141218,Harm,0.71532035,True,mannelijk,volwassen,algemeen Nederlands,n/a,headsetmicrofoon (USB),48000
Harm,Harm,20141218,Harm,0.7879516,True,mannelijk,volwassen,algemeen Nederlands,n/a,headsetmicrofoon (USB),48000
Harm,Harm,20141218,Harm,0.7018949,True,mannelijk,volwassen,algemeen Nederlands,n/a,headsetmicrofoon (USB),48000
Harm,Harm,20141218,Harm,0.73981166,True,mannelijk,volwassen,algemeen Nederlands,n/a,headsetmicrofoon (USB),48000
Harm,Harm,20141218,Harm,0.7424817,True,mannelijk,volwassen,algemeen Nederlands,n/a,headsetmicrofoon (USB),48000
Harm,Harm,20141218,Harm,0.76359224,True,mannelijk,volwassen,algemeen Nederlands,n/a,headsetmicrofoon (USB),48000
Harm,Harm,20141218,Harm,0.6954458,True,mannelijk,volwassen,algemeen Nederlands,n/a,headsetmicrofoon (USB),48000
Harm,Harm,20141218,Harm,0.7525301,True,mannelijk,volwassen,algemeen Nederlands,n/a,headsetmicrofoon (USB),48000
Harm,Harm,20141218,Harm,0.4810692,True,mannelijk,volwassen,algemeen Nederlands,n/a,headsetmicrofoon (USB),48000
Harm,Harm,20141218,Harm,0.66428924,True,mannelijk,volwassen,algemeen Nederlands,n/a,headsetmicrofoon (USB),48000
Harm,Harm,20141218,Harm,0.78063655,True,mannelijk,volwassen,algemeen Nederlands,n/a,headsetmicrofoon (USB),48000
Harm,Harm,20141218,Harm,0.754002,True,mannelijk,volwassen,algemeen Nederlands,n/a,headsetmicrofoon (USB),48000
Harm,Harm,20141218,Harm,0.7999978,True,mannelijk,volwassen,algemeen Nederlands,n/a,headsetmicrofoon (USB),48000
Harm,Harm,20141218,Harm,0.73220044,True,mannelijk,volwassen,algemeen Nederlands,n/a,headsetmicrofoon (USB),48000
Harm,Harm,20141218,Harm,0.78561497,True,mannelijk,volwassen,algemeen Nederlands,n/a,headsetmicrofoon (USB),48000
Harm,Harm,20141218,Harm,0.79150116,True,mannelijk,volwassen,algemeen Nederlands,n/a,headsetmicrofoon (USB),48000
Harm,Harm,20141218,Harm,0.6943557,True,mannelijk,volwassen,algemeen Nederlands,n/a,headsetmicrofoon (USB),48000
Harm,Harm,20141218,Harm,0.7792386,True,mannelijk,volwassen,algemeen Nederlands,n/a,headsetmicrofoon (USB),48000
Harm,Harm,20141218,Harm,0.69508207,True,mannelijk,volwassen,algemeen Nederlands,n/a,headsetmicrofoon (USB),48000
Harm,Harm,20141218,Harm,0.7480873,True,mannelijk,volwassen,algemeen Nederlands,n/a,headsetmicrofoon (USB),48000
Harm,Harm,20141218,Harm,0.6268644,True,mannelijk,volwassen,algemeen Nederlands,n/a,headsetmicrofoon (USB),48000
Harm,Harm,20141218,Harm,0.6420878,True,mannelijk,volwassen,algemeen Nederlands,n/a,headsetmicrofoon (USB),48000
Harm,Harm,20141218,Harm,0.7154329,True,mannelijk,volwassen,algemeen Nederlands,n/a,headsetmicrofoon (USB),48000
Harm,Harm,20141218,Harm,0.70946676,True,mannelijk,volwassen,algemeen Nederlands,n/a,headsetmicrofoon (USB),48000
Harm,Harm,20141218,Harm,0.64455533,True,mannelijk,volwassen,algemeen Nederlands,n/a,headsetmicrofoon (USB),48000
Harm,Harm,20141218,Harm,0.74025357,True,mannelijk,volwassen,algemeen Nederlands,n/a,headsetmicrofoon (USB),48000
Harm,Harm,20141218,Harm,0.77571464,True,mannelijk,volwassen,algemeen Nederlands,n/a,headsetmicrofoon (USB),48000
Harm,Harm,20141218,Harm,0.6727003,True,mannelijk,volwassen,algemeen Nederlands,n/a,headsetmicrofoon (USB),48000
Harm,Harm,20141218,Harm,0.5554241,True,mannelijk,volwassen,algemeen Nederlands,n/a,headsetmicrofoon (USB),48000
Harm,Harm,20141218,Harm,0.7205223,True,mannelijk,volwassen,algemeen Nederlands,n/a,headsetmicrofoon (USB),48000
Harm,Harm,20141218,Harm,0.7172203,True,mannelijk,volwassen,algemeen Nederlands,n/a,headsetmicrofoon (USB),48000
Harm,Harm,20141218,Harm,0.73106706,True,mannelijk,volwassen,algemeen Nederlands,n/a,headsetmicrofoon (USB),48000
Harm,Harm,20141218,Harm,0.62772334,True,mannelijk,volwassen,algemeen Nederlands,n/a,headsetmicrofoon (USB),48000
Harm,Harm,20141218,Harm,0.73710465,True,mannelijk,volwassen,algemeen Nederlands,n/a,headsetmicrofoon (USB),48000
Harm,Harm,20141218,Harm,0.6329428,True,mannelijk,volwassen,algemeen Nederlands,n/a,headsetmicrofoon (USB),48000
Harm,Harm,20141218,Harm,0.74712014,True,mannelijk,volwassen,algemeen Nederlands,n/a,headsetmicrofoon (USB),48000
Harm,Harm,20141218,Harm,0.7528709,True,mannelijk,volwassen,algemeen Nederlands,n/a,headsetmicrofoon (USB),48000
Harm,Harm,20141218,Harm,0.5972237,True,mannelijk,volwassen,algemeen Nederlands,n/a,headsetmicrofoon (USB),48000
Harm,Harm,20141218,Harm,0.7921834,True,mannelijk,volwassen,algemeen Nederlands,n/a,headsetmicrofoon (USB),48000
Harm,Harm,20141218,Harm,0.6581207,True,mannelijk,volwassen,algemeen Nederlands,n/a,headsetmicrofoon (USB),48000
Harm,Harm,20141218,Harm,0.69566524,True,mannelijk,volwassen,algemeen Nederlands,n/a,headsetmicrofoon (USB),48000
Harm,Harm,20141218,Harm,0.73479784,True,mannelijk,volwassen,algemeen Nederlands,n/a,headsetmicrofoon (USB),48000
Harm,Harm,20141218,Harm,0.71267843,True,mannelijk,volwassen,algemeen Nederlands,n/a,headsetmicrofoon (USB),48000
Harm,Harm,20141218,Harm,0.7450407,True,mannelijk,volwassen,algemeen Nederlands,n/a,headsetmicrofoon (USB),48000
Harm,Harm,20141218,Harm,0.6944392,True,mannelijk,volwassen,algemeen Nederlands,n/a,headsetmicrofoon (USB),48000
Harm,Harm,20141218,Harm,0.69289535,True,mannelijk,volwassen,algemeen Nederlands,n/a,headsetmicrofoon (USB),48000
hdeboo,hdeboo,20111018,hdeboo,0.71628404,True,mannelijk,volwassen,algemeen Nederlands,n/a,headsetmicrofoon,48000
hdeboo,hdeboo,20111018,hdeboo,0.67722404,True,mannelijk,volwassen,algemeen Nederlands,n/a,headsetmicrofoon,48000
hdeboo,hdeboo,20111018,hdeboo,0.6848356,True,mannelijk,volwassen,algemeen Nederlands,n/a,headsetmicrofoon,48000
hdeboo,hdeboo,20111018,hdeboo,0.65572065,True,mannelijk,volwassen,algemeen Nederlands,n/a,headsetmicrofoon,48000
hdeboo,hdeboo,20111018,hdeboo,0.7365947,True,mannelijk,volwassen,algemeen Nederlands,n/a,headsetmicrofoon,48000
hdeboo,hdeboo,20111018,hdeboo,0.56635547,True,mannelijk,volwassen,algemeen Nederlands,n/a,headsetmicrofoon,48000
hdeboo,hdeboo,20111018,hdeboo,0.42983538,True,mannelijk,volwassen,algemeen Nederlands,n/a,headsetmicrofoon,48000
hdeboo,hdeboo,20111018,hdeboo,0.68750554,True,mannelijk,volwassen,algemeen Nederlands,n/a,headsetmicrofoon,48000
hdeboo,hdeboo,20111018,hdeboo,0.690307,True,mannelijk,volwassen,algemeen Nederlands,n/a,headsetmicrofoon,48000
heinbali,heinbali,20120326,heinbali,0.68679786,True,mannelijk,volwassen,Zuidoostelijk,n/a,headsetmicrofoon,48000
heinbali,heinbali,20120326,heinbali,0.7466891,True,mannelijk,volwassen,Zuidoostelijk,n/a,headsetmicrofoon,48000
heinbali,heinbali,20120326,heinbali,0.7433746,True,mannelijk,volwassen,Zuidoostelijk,n/a,headsetmicrofoon,48000
heinbali,heinbali,20120326,heinbali,0.67247105,True,mannelijk,volwassen,Zuidoostelijk,n/a,headsetmicrofoon,48000
heinbali,heinbali,20120326,heinbali,0.6865218,True,mannelijk,volwassen,Zuidoostelijk,n/a,headsetmicrofoon,48000
heinbali,heinbali,20120326,heinbali,0.755715,True,mannelijk,volwassen,Zuidoostelijk,n/a,headsetmicrofoon,48000
heinbali,heinbali,20120326,heinbali,0.6302113,True,mannelijk,volwassen,Zuidoostelijk,n/a,headsetmicrofoon,48000
heinbali,heinbali,20120326,heinbali,0.70961237,True,mannelijk,volwassen,Zuidoostelijk,n/a,headsetmicrofoon,48000
heinbali,heinbali,20120326,heinbali,0.7678257,True,mannelijk,volwassen,Zuidoostelijk,n/a,headsetmicrofoon,48000
HOIHOIsuperdatjulliehiermeebezigzijn,HOIHOIsuperdatjulliehiermeebezigzijn,20131120,HOIHOIsuperdatjulliehiermeebezigzijn,0.73503584,True,mannelijk,volwassen,algemeen Nederlands,n/a,headsetmicrofoon,48000
HOIHOIsuperdatjulliehiermeebezigzijn,HOIHOIsuperdatjulliehiermeebezigzijn,20131120,HOIHOIsuperdatjulliehiermeebezigzijn,0.7309956,True,mannelijk,volwassen,algemeen Nederlands,n/a,headsetmicrofoon,48000
HOIHOIsuperdatjulliehiermeebezigzijn,HOIHOIsuperdatjulliehiermeebezigzijn,20131120,HOIHOIsuperdatjulliehiermeebezigzijn,0.73972684,True,mannelijk,volwassen,algemeen Nederlands,n/a,headsetmicrofoon,48000
HOIHOIsuperdatjulliehiermeebezigzijn,HOIHOIsuperdatjulliehiermeebezigzijn,20131120,HOIHOIsuperdatjulliehiermeebezigzijn,0.7467842,True,mannelijk,volwassen,algemeen Nederlands,n/a,headsetmicrofoon,48000
HOIHOIsuperdatjulliehiermeebezigzijn,HOIHOIsuperdatjulliehiermeebezigzijn,20131120,HOIHOIsuperdatjulliehiermeebezigzijn,0.70046794,True,mannelijk,volwassen,algemeen Nederlands,n/a,headsetmicrofoon,48000
HOIHOIsuperdatjulliehiermeebezigzijn,HOIHOIsuperdatjulliehiermeebezigzijn,20131120,HOIHOIsuperdatjulliehiermeebezigzijn,0.7389588,True,mannelijk,volwassen,algemeen Nederlands,n/a,headsetmicrofoon,48000
HOIHOIsuperdatjulliehiermeebezigzijn,HOIHOIsuperdatjulliehiermeebezigzijn,20131120,HOIHOIsuperdatjulliehiermeebezigzijn,0.6970644,True,mannelijk,volwassen,algemeen Nederlands,n/a,headsetmicrofoon,48000
HOIHOIsuperdatjulliehiermeebezigzijn,HOIHOIsuperdatjulliehiermeebezigzijn,20131120,HOIHOIsuperdatjulliehiermeebezigzijn,0.6757206,True,mannelijk,volwassen,algemeen Nederlands,n/a,headsetmicrofoon,48000
HOIHOIsuperdatjulliehiermeebezigzijn,HOIHOIsuperdatjulliehiermeebezigzijn,20131120,HOIHOIsuperdatjulliehiermeebezigzijn,0.6626246,True,mannelijk,volwassen,algemeen Nederlands,n/a,headsetmicrofoon,48000
Hyshinara,Hyshinara,20080326,Hyshinara,0.60888433,True,mannelijk,volwassen,algemeen Nederlands,n/a,headsetmicrofoon (USB),48000
Hyshinara,Hyshinara,20080912,fvdbeek,0.49081582,False,mannelijk,volwassen,algemeen Nederlands,n/a,headsetmicrofoon (USB),48000
Hyshinara,Hyshinara,20080912,fvdbeek,0.5460904,False,mannelijk,volwassen,algemeen Nederlands,n/a,headsetmicrofoon (USB),48000
Hyshinara,Hyshinara,20080326,Hyshinara,0.5437131,True,mannelijk,volwassen,algemeen Nederlands,n/a,headsetmicrofoon (USB),48000
Hyshinara,Hyshinara,20080326,Hyshinara,0.47555512,True,mannelijk,volwassen,algemeen Nederlands,n/a,headsetmicrofoon (USB),48000
Hyshinara,Hyshinara,20080326,Hyshinara,0.5299037,True,mannelijk,volwassen,algemeen Nederlands,n/a,headsetmicrofoon (USB),48000
Hyshinara,Hyshinara,20080326,Hyshinara,0.531271,True,mannelijk,volwassen,algemeen Nederlands,n/a,headsetmicrofoon (USB),48000
Hyshinara,Hyshinara,20080430,Alblasco1702,0.5097968,False,mannelijk,volwassen,algemeen Nederlands,n/a,headsetmicrofoon (USB),48000
Hyshinara,Hyshinara,20090629,Sjiel3,0.50755876,False,mannelijk,volwassen,algemeen Nederlands,n/a,headsetmicrofoon (USB),48000
jan,jan,20080606,jan,0.74072474,True,mannelijk,volwassen,Zuidoostelijk,n/a,headsetmicrofoon (USB),48000
jan,jan,20080606,jan,0.7270769,True,mannelijk,volwassen,Zuidoostelijk,n/a,headsetmicrofoon (USB),48000
jan,jan,20080606,jan,0.69343996,True,mannelijk,volwassen,Zuidoostelijk,n/a,headsetmicrofoon (USB),48000
jan,jan,20080606,jan,0.67472243,True,mannelijk,volwassen,Zuidoostelijk,n/a,headsetmicrofoon (USB),48000
jan,jan,20080606,jan,0.690187,True,mannelijk,volwassen,Zuidoostelijk,n/a,headsetmicrofoon (USB),48000
jan,jan,20080606,jan,0.6666837,True,mannelijk,volwassen,Zuidoostelijk,n/a,headsetmicrofoon (USB),48000
jan,jan,20081022,JaricFjodorowBelarus,0.6418666,False,mannelijk,volwassen,Zuidoostelijk,n/a,headsetmicrofoon (USB),48000
jan,jan,20080606,jan,0.73750854,True,mannelijk,volwassen,Zuidoostelijk,n/a,headsetmicrofoon (USB),48000
jan,jan,20080606,jan,0.72190964,True,mannelijk,volwassen,Zuidoostelijk,n/a,headsetmicrofoon (USB),48000
jan,jan,20080606,jan,0.6787003,True,mannelijk,volwassen,Zuidoostelijk,n/a,headsetmicrofoon (USB),48000
jan,jan,20080606,jan,0.69741887,True,mannelijk,volwassen,Zuidoostelijk,n/a,headsetmicrofoon (USB),48000
jan,jan,20080606,jan,0.6567131,True,mannelijk,volwassen,Zuidoostelijk,n/a,headsetmicrofoon (USB),48000
jan,jan,20080606,jan,0.5622857,True,mannelijk,volwassen,Zuidoostelijk,n/a,headsetmicrofoon (USB),48000
jan,jan,20080606,jan,0.6570076,True,mannelijk,volwassen,Zuidoostelijk,n/a,headsetmicrofoon (USB),48000
jan,jan,20080606,jan,0.45621616,True,mannelijk,volwassen,Zuidoostelijk,n/a,headsetmicrofoon (USB),48000
jan,jan,20080606,jan,0.53833735,True,mannelijk,volwassen,Zuidoostelijk,n/a,headsetmicrofoon (USB),48000
jan,jan,20080606,jan,0.6753315,True,mannelijk,volwassen,Zuidoostelijk,n/a,headsetmicrofoon (USB),48000
jan,jan,20080606,jan,0.6880036,True,mannelijk,volwassen,Zuidoostelijk,n/a,headsetmicrofoon (USB),48000
jan,jan,20080606,jan,0.63704747,True,mannelijk,volwassen,Zuidoostelijk,n/a,headsetmicrofoon (USB),48000
JaricFjodorowBelarus,JaricFjodorowBelarus,20081022,JaricFjodorowBelarus,0.6354909,True,mannelijk,jeugd,anders,n/a,headsetmicrofoon (USB),48000
JaricFjodorowBelarus,JaricFjodorowBelarus,20081022,JaricFjodorowBelarus,0.66456807,True,mannelijk,jeugd,anders,n/a,headsetmicrofoon (USB),48000
JaricFjodorowBelarus,JaricFjodorowBelarus,20081022,JaricFjodorowBelarus,0.63075984,True,mannelijk,jeugd,anders,n/a,headsetmicrofoon (USB),48000
JaricFjodorowBelarus,JaricFjodorowBelarus,20081022,JaricFjodorowBelarus,0.6119642,True,mannelijk,jeugd,anders,n/a,headsetmicrofoon (USB),48000
JaricFjodorowBelarus,JaricFjodorowBelarus,20081022,JaricFjodorowBelarus,0.7150738,True,mannelijk,jeugd,anders,n/a,headsetmicrofoon (USB),48000
JaricFjodorowBelarus,JaricFjodorowBelarus,20081022,JaricFjodorowBelarus,0.58992624,True,mannelijk,jeugd,anders,n/a,headsetmicrofoon (USB),48000
JaricFjodorowBelarus,JaricFjodorowBelarus,20081022,JaricFjodorowBelarus,0.5479571,True,mannelijk,jeugd,anders,n/a,headsetmicrofoon (USB),48000
JaricFjodorowBelarus,JaricFjodorowBelarus,20081022,JaricFjodorowBelarus,0.7554599,True,mannelijk,jeugd,anders,n/a,headsetmicrofoon (USB),48000
JaricFjodorowBelarus,JaricFjodorowBelarus,20081022,JaricFjodorowBelarus,0.5856737,True,mannelijk,jeugd,anders,n/a,headsetmicrofoon (USB),48000
JaricFjodorowBelarus,JaricFjodorowBelarus,20081022,JaricFjodorowBelarus,0.6715505,True,mannelijk,jeugd,anders,n/a,headsetmicrofoon (USB),48000
JaricFjodorowBelarus,JaricFjodorowBelarus,20081022,JaricFjodorowBelarus,0.72491825,True,mannelijk,jeugd,anders,n/a,headsetmicrofoon (USB),48000
JaricFjodorowBelarus,JaricFjodorowBelarus,20081022,JaricFjodorowBelarus,0.6028161,True,mannelijk,jeugd,anders,n/a,headsetmicrofoon (USB),48000
JaricFjodorowBelarus,JaricFjodorowBelarus,20081022,JaricFjodorowBelarus,0.6117816,True,mannelijk,jeugd,anders,n/a,headsetmicrofoon (USB),48000
JaricFjodorowBelarus,JaricFjodorowBelarus,20081022,JaricFjodorowBelarus,0.63245857,True,mannelijk,jeugd,anders,n/a,headsetmicrofoon (USB),48000
JaricFjodorowBelarus,JaricFjodorowBelarus,20081022,JaricFjodorowBelarus,0.6700454,True,mannelijk,jeugd,anders,n/a,headsetmicrofoon (USB),48000
JaricFjodorowBelarus,JaricFjodorowBelarus,20081022,JaricFjodorowBelarus,0.75855666,True,mannelijk,jeugd,anders,n/a,headsetmicrofoon (USB),48000
JaricFjodorowBelarus,JaricFjodorowBelarus,20081022,JaricFjodorowBelarus,0.7533284,True,mannelijk,jeugd,anders,n/a,headsetmicrofoon (USB),48000
JaricFjodorowBelarus,JaricFjodorowBelarus,20081022,JaricFjodorowBelarus,0.79192054,True,mannelijk,jeugd,anders,n/a,headsetmicrofoon (USB),48000
JaricFjodorowBelarus,JaricFjodorowBelarus,20081022,JaricFjodorowBelarus,0.7101582,True,mannelijk,jeugd,anders,n/a,headsetmicrofoon (USB),48000
JensVerwaerde,JensVerwaerde,20121219,JensVerwaerde,0.669413,True,mannelijk,volwassen,anders,n/a,webcam microfoon,48000
JensVerwaerde,JensVerwaerde,20121219,JensVerwaerde,0.60256374,True,mannelijk,volwassen,anders,n/a,webcam microfoon,48000
JensVerwaerde,JensVerwaerde,20121219,JensVerwaerde,0.6283092,True,mannelijk,volwassen,anders,n/a,webcam microfoon,48000
JensVerwaerde,JensVerwaerde,20121219,JensVerwaerde,0.76322055,True,mannelijk,volwassen,anders,n/a,webcam microfoon,48000
JensVerwaerde,JensVerwaerde,20121219,JensVerwaerde,0.6345552,True,mannelijk,volwassen,anders,n/a,webcam microfoon,48000
JensVerwaerde,JensVerwaerde,20121219,JensVerwaerde,0.7138586,True,mannelijk,volwassen,anders,n/a,webcam microfoon,48000
JensVerwaerde,JensVerwaerde,20121219,JensVerwaerde,0.5833868,True,mannelijk,volwassen,anders,n/a,webcam microfoon,48000
jeroen,jeroen,20090125,jeroen,0.65258646,True,mannelijk,volwassen,algemeen Nederlands,n/a,microfoon in laptop,48000
JensVerwaerde,JensVerwaerde,20121219,JensVerwaerde,0.5530566,True,mannelijk,volwassen,anders,n/a,webcam microfoon,48000
jeroen,jeroen,20090125,jeroen,0.5729064,True,mannelijk,volwassen,algemeen Nederlands,n/a,microfoon in laptop,48000
JensVerwaerde,JensVerwaerde,20121219,JensVerwaerde,0.6466143,True,mannelijk,volwassen,anders,n/a,webcam microfoon,48000
jeroen,jeroen,20090125,jeroen,0.5728771,True,mannelijk,volwassen,algemeen Nederlands,n/a,microfoon in laptop,48000
jeroen,jeroen,20090125,jeroen,0.58478403,True,mannelijk,volwassen,algemeen Nederlands,n/a,microfoon in laptop,48000
jeroen,jeroen,20090125,jeroen,0.64585334,True,mannelijk,volwassen,algemeen Nederlands,n/a,microfoon in laptop,48000
jeroen,jeroen,20090125,jeroen,0.60879433,True,mannelijk,volwassen,algemeen Nederlands,n/a,microfoon in laptop,48000
jeroen,jeroen,20090125,jeroen,0.6869905,True,mannelijk,volwassen,algemeen Nederlands,n/a,microfoon in laptop,48000
jeroen,jeroen,20090125,jeroen,0.64295924,True,mannelijk,volwassen,algemeen Nederlands,n/a,microfoon in laptop,48000
jillis,jillis,20080404,jillis,0.62156224,True,mannelijk,jeugd,Noordwestelijk,n/a,headsetmicrofoon,48000
jeroen,jeroen,20090125,jeroen,0.59494376,True,mannelijk,volwassen,algemeen Nederlands,n/a,microfoon in laptop,48000
jillis,jillis,20080404,jillis,0.71187687,True,mannelijk,jeugd,Noordwestelijk,n/a,headsetmicrofoon,48000
jillis,jillis,20080404,jillis,0.7350394,True,mannelijk,jeugd,Noordwestelijk,n/a,headsetmicrofoon,48000
jillis,jillis,20080404,jillis,0.6979395,True,mannelijk,jeugd,Noordwestelijk,n/a,headsetmicrofoon,48000
jillis,jillis,20080404,jillis,0.7072139,True,mannelijk,jeugd,Noordwestelijk,n/a,headsetmicrofoon,48000
jillis,jillis,20080404,jillis,0.7166389,True,mannelijk,jeugd,Noordwestelijk,n/a,headsetmicrofoon,48000
jillis,jillis,20080404,jillis,0.60504425,True,mannelijk,jeugd,Noordwestelijk,n/a,headsetmicrofoon,48000
jillis,jillis,20080404,jillis,0.7475089,True,mannelijk,jeugd,Noordwestelijk,n/a,headsetmicrofoon,48000
jillis,jillis,20080404,jillis,0.68966115,True,mannelijk,jeugd,Noordwestelijk,n/a,headsetmicrofoon,48000
jillis,jillis,20080404,jillis,0.6123967,True,mannelijk,jeugd,Noordwestelijk,n/a,headsetmicrofoon,48000
jillis,jillis,20080404,jillis,0.63473904,True,mannelijk,jeugd,Noordwestelijk,n/a,headsetmicrofoon,48000
jillis,jillis,20080404,jillis,0.5877069,True,mannelijk,jeugd,Noordwestelijk,n/a,headsetmicrofoon,48000
jillis,jillis,20080404,jillis,0.5890772,True,mannelijk,jeugd,Noordwestelijk,n/a,headsetmicrofoon,48000
jillis,jillis,20080404,jillis,0.6906822,True,mannelijk,jeugd,Noordwestelijk,n/a,headsetmicrofoon,48000
jillis,jillis,20080404,jillis,0.7291715,True,mannelijk,jeugd,Noordwestelijk,n/a,headsetmicrofoon,48000
jillis,jillis,20080404,jillis,0.62186,True,mannelijk,jeugd,Noordwestelijk,n/a,headsetmicrofoon,48000
jillis,jillis,20080404,jillis,0.58437383,True,mannelijk,jeugd,Noordwestelijk,n/a,headsetmicrofoon,48000
jillis,jillis,20080404,jillis,0.642279,True,mannelijk,jeugd,Noordwestelijk,n/a,headsetmicrofoon,48000
Johan,Johan,20090617,Johan,0.7347452,True,mannelijk,volwassen,algemeen Nederlands,n/a,bureaumicrofoon,48000
Johan,Johan,20090617,Johan,0.64894265,True,mannelijk,volwassen,algemeen Nederlands,n/a,bureaumicrofoon,48000
jillis,jillis,20080404,jillis,0.7747263,True,mannelijk,jeugd,Noordwestelijk,n/a,headsetmicrofoon,48000
Johan,Johan,20090617,Johan,0.7059908,True,mannelijk,volwassen,algemeen Nederlands,n/a,bureaumicrofoon,48000
Johan,Johan,20090617,Johan,0.6619146,True,mannelijk,volwassen,algemeen Nederlands,n/a,bureaumicrofoon,48000
Johan,Johan,20090617,Johan,0.71303993,True,mannelijk,volwassen,algemeen Nederlands,n/a,bureaumicrofoon,48000
Johan,Johan,20090617,Johan,0.80472016,True,mannelijk,volwassen,algemeen Nederlands,n/a,bureaumicrofoon,48000
Johan,Johan,20090617,Johan,0.6841545,True,mannelijk,volwassen,algemeen Nederlands,n/a,bureaumicrofoon,48000
Johan,Johan,20090617,Johan,0.6854844,True,mannelijk,volwassen,algemeen Nederlands,n/a,bureaumicrofoon,48000
Johan,Johan,20090617,Johan,0.6978613,True,mannelijk,volwassen,algemeen Nederlands,n/a,bureaumicrofoon,48000
Johan,Johan,20090617,Johan,0.78462225,True,mannelijk,volwassen,algemeen Nederlands,n/a,bureaumicrofoon,48000
Johan,Johan,20090617,Johan,0.68360275,True,mannelijk,volwassen,algemeen Nederlands,n/a,bureaumicrofoon,48000
Johan,Johan,20090617,Johan,0.7960732,True,mannelijk,volwassen,algemeen Nederlands,n/a,bureaumicrofoon,48000
Johan,Johan,20090617,Johan,0.7673254,True,mannelijk,volwassen,algemeen Nederlands,n/a,bureaumicrofoon,48000
Johan,Johan,20090617,Johan,0.6983147,True,mannelijk,volwassen,algemeen Nederlands,n/a,bureaumicrofoon,48000
Johan,Johan,20090617,Johan,0.7548852,True,mannelijk,volwassen,algemeen Nederlands,n/a,bureaumicrofoon,48000
Johan,Johan,20090617,Johan,0.67814755,True,mannelijk,volwassen,algemeen Nederlands,n/a,bureaumicrofoon,48000
Johan,Johan,20090617,Johan,0.64224994,True,mannelijk,volwassen,algemeen Nederlands,n/a,bureaumicrofoon,48000
Johan,Johan,20090617,Johan,0.7345308,True,mannelijk,volwassen,algemeen Nederlands,n/a,bureaumicrofoon,48000
Johan,Johan,20090617,Johan,0.6843635,True,mannelijk,volwassen,algemeen Nederlands,n/a,bureaumicrofoon,48000
Johan,Johan,20090617,Johan,0.69100434,True,mannelijk,volwassen,algemeen Nederlands,n/a,bureaumicrofoon,48000
Johan,Johan,20090617,Johan,0.76973164,True,mannelijk,volwassen,algemeen Nederlands,n/a,bureaumicrofoon,48000
Johan,Johan,20090617,Johan,0.7515709,True,mannelijk,volwassen,algemeen Nederlands,n/a,bureaumicrofoon,48000
Johan,Johan,20090617,Johan,0.805359,True,mannelijk,volwassen,algemeen Nederlands,n/a,bureaumicrofoon,48000
Johan,Johan,20090617,Johan,0.71149707,True,mannelijk,volwassen,algemeen Nederlands,n/a,bureaumicrofoon,48000
Johan,Johan,20090617,Johan,0.7272954,True,mannelijk,volwassen,algemeen Nederlands,n/a,bureaumicrofoon,48000
Johan,Johan,20090617,Johan,0.7396843,True,mannelijk,volwassen,algemeen Nederlands,n/a,bureaumicrofoon,48000
Johan,Johan,20090617,Johan,0.7450168,True,mannelijk,volwassen,algemeen Nederlands,n/a,bureaumicrofoon,48000
JohanLingen,JohanLingen,20080302,JohanLingen,0.7139563,True,mannelijk,volwassen,Noordwestelijk,n/a,headsetmicrofoon,48000
Johan,Johan,20090617,Johan,0.7474077,True,mannelijk,volwassen,algemeen Nederlands,n/a,bureaumicrofoon,48000
Johan,Johan,20090617,Johan,0.7932136,True,mannelijk,volwassen,algemeen Nederlands,n/a,bureaumicrofoon,48000
JohanLingen,JohanLingen,20080302,JohanLingen,0.7193781,True,mannelijk,volwassen,Noordwestelijk,n/a,headsetmicrofoon,48000
JohanLingen,JohanLingen,20080302,JohanLingen,0.7572736,True,mannelijk,volwassen,Noordwestelijk,n/a,headsetmicrofoon,48000
JohanLingen,JohanLingen,20080302,JohanLingen,0.6558533,True,mannelijk,volwassen,Noordwestelijk,n/a,headsetmicrofoon,48000
JohanLingen,JohanLingen,20080302,JohanLingen,0.8037813,True,mannelijk,volwassen,Noordwestelijk,n/a,headsetmicrofoon,48000
JohanLingen,JohanLingen,20080302,JohanLingen,0.7800981,True,mannelijk,volwassen,Noordwestelijk,n/a,headsetmicrofoon,48000
JohanLingen,JohanLingen,20080302,JohanLingen,0.7570871,True,mannelijk,volwassen,Noordwestelijk,n/a,headsetmicrofoon,48000
JohanLingen,JohanLingen,20080302,JohanLingen,0.6970134,True,mannelijk,volwassen,Noordwestelijk,n/a,headsetmicrofoon,48000
JohanLingen,JohanLingen,20080302,JohanLingen,0.6543637,True,mannelijk,volwassen,Noordwestelijk,n/a,headsetmicrofoon,48000
JohanLingen,JohanLingen,20080302,JohanLingen,0.72898364,True,mannelijk,volwassen,Noordwestelijk,n/a,headsetmicrofoon,48000
JohanLingen,JohanLingen,20080302,JohanLingen,0.66495687,True,mannelijk,volwassen,Noordwestelijk,n/a,headsetmicrofoon,48000
JohanLingen,JohanLingen,20080302,JohanLingen,0.54685986,True,mannelijk,volwassen,Noordwestelijk,n/a,headsetmicrofoon,48000
JohanLingen,JohanLingen,20080302,JohanLingen,0.7533857,True,mannelijk,volwassen,Noordwestelijk,n/a,headsetmicrofoon,48000
JohanLingen,JohanLingen,20080302,JohanLingen,0.6829625,True,mannelijk,volwassen,Noordwestelijk,n/a,headsetmicrofoon,48000
JohanLingen,JohanLingen,20080302,JohanLingen,0.81777465,True,mannelijk,volwassen,Noordwestelijk,n/a,headsetmicrofoon,48000
JohanLingen,JohanLingen,20080302,JohanLingen,0.7183688,True,mannelijk,volwassen,Noordwestelijk,n/a,headsetmicrofoon,48000
JohanLingen,JohanLingen,20080302,JohanLingen,0.67016804,True,mannelijk,volwassen,Noordwestelijk,n/a,headsetmicrofoon,48000
JohanLingen,JohanLingen,20080302,JohanLingen,0.68781424,True,mannelijk,volwassen,Noordwestelijk,n/a,headsetmicrofoon,48000
JohanLingen,JohanLingen,20080302,JohanLingen,0.6471398,True,mannelijk,volwassen,Noordwestelijk,n/a,headsetmicrofoon,48000
JohanLingen,JohanLingen,20080302,JohanLingen,0.77013075,True,mannelijk,volwassen,Noordwestelijk,n/a,headsetmicrofoon,48000
JohanLingen,JohanLingen,20080302,JohanLingen,0.7174698,True,mannelijk,volwassen,Noordwestelijk,n/a,headsetmicrofoon,48000
JohanLingen,JohanLingen,20080302,JohanLingen,0.66530156,True,mannelijk,volwassen,Noordwestelijk,n/a,headsetmicrofoon,48000
JohanLingen,JohanLingen,20080302,JohanLingen,0.6427522,True,mannelijk,volwassen,Noordwestelijk,n/a,headsetmicrofoon,48000
JohanLingen,JohanLingen,20080302,JohanLingen,0.6135032,True,mannelijk,volwassen,Noordwestelijk,n/a,headsetmicrofoon,48000
JohanLingen,JohanLingen,20080302,JohanLingen,0.5574006,True,mannelijk,volwassen,Noordwestelijk,n/a,headsetmicrofoon,48000
JohanLingen,JohanLingen,20080302,JohanLingen,0.7465763,True,mannelijk,volwassen,Noordwestelijk,n/a,headsetmicrofoon,48000
JohanLingen,JohanLingen,20080302,JohanLingen,0.7062025,True,mannelijk,volwassen,Noordwestelijk,n/a,headsetmicrofoon,48000
JohanLingen,JohanLingen,20080302,JohanLingen,0.7268597,True,mannelijk,volwassen,Noordwestelijk,n/a,headsetmicrofoon,48000
JohanLingen,JohanLingen,20080302,JohanLingen,0.7360817,True,mannelijk,volwassen,Noordwestelijk,n/a,headsetmicrofoon,48000
JohanLingen,JohanLingen,20080302,JohanLingen,0.7532326,True,mannelijk,volwassen,Noordwestelijk,n/a,headsetmicrofoon,48000
JohanLingen,JohanLingen,20080302,JohanLingen,0.69081926,True,mannelijk,volwassen,Noordwestelijk,n/a,headsetmicrofoon,48000
JohanLingen,JohanLingen,20080302,JohanLingen,0.7033256,True,mannelijk,volwassen,Noordwestelijk,n/a,headsetmicrofoon,48000
JohanLingen,JohanLingen,20080302,JohanLingen,0.6428731,True,mannelijk,volwassen,Noordwestelijk,n/a,headsetmicrofoon,48000
JohanLingen,JohanLingen,20080302,JohanLingen,0.76244646,True,mannelijk,volwassen,Noordwestelijk,n/a,headsetmicrofoon,48000
JohanLingen,JohanLingen,20080302,JohanLingen,0.72889197,True,mannelijk,volwassen,Noordwestelijk,n/a,headsetmicrofoon,48000
JohanLingen,JohanLingen,20080302,JohanLingen,0.7092451,True,mannelijk,volwassen,Noordwestelijk,n/a,headsetmicrofoon,48000
JohanLingen,JohanLingen,20080302,JohanLingen,0.705991,True,mannelijk,volwassen,Noordwestelijk,n/a,headsetmicrofoon,48000
JohanLingen,JohanLingen,20080302,JohanLingen,0.70075935,True,mannelijk,volwassen,Noordwestelijk,n/a,headsetmicrofoon,48000
JohanLingen,JohanLingen,20080302,JohanLingen,0.6626975,True,mannelijk,volwassen,Noordwestelijk,n/a,headsetmicrofoon,48000
JohanLingen,JohanLingen,20080302,JohanLingen,0.6839026,True,mannelijk,volwassen,Noordwestelijk,n/a,headsetmicrofoon,48000
JohanLingen,JohanLingen,20080302,JohanLingen,0.698058,True,mannelijk,volwassen,Noordwestelijk,n/a,headsetmicrofoon,48000
JohanLingen,JohanLingen,20080302,JohanLingen,0.7245261,True,mannelijk,volwassen,Noordwestelijk,n/a,headsetmicrofoon,48000
JohanLingen,JohanLingen,20080302,JohanLingen,0.5579409,True,mannelijk,volwassen,Noordwestelijk,n/a,headsetmicrofoon,48000
JohanLingen,JohanLingen,20080302,JohanLingen,0.7471857,True,mannelijk,volwassen,Noordwestelijk,n/a,headsetmicrofoon,48000
JohanLingen,JohanLingen,20080302,JohanLingen,0.689019,True,mannelijk,volwassen,Noordwestelijk,n/a,headsetmicrofoon,48000
JohanLingen,JohanLingen,20080302,JohanLingen,0.6939821,True,mannelijk,volwassen,Noordwestelijk,n/a,headsetmicrofoon,48000
JohanLingen,JohanLingen,20080302,JohanLingen,0.7037432,True,mannelijk,volwassen,Noordwestelijk,n/a,headsetmicrofoon,48000
JohanLingen,JohanLingen,20080302,JohanLingen,0.7426655,True,mannelijk,volwassen,Noordwestelijk,n/a,headsetmicrofoon,48000
JohanLingen,JohanLingen,20080302,JohanLingen,0.61584115,True,mannelijk,volwassen,Noordwestelijk,n/a,headsetmicrofoon,48000
JohanLingen,JohanLingen,20080302,JohanLingen,0.7103821,True,mannelijk,volwassen,Noordwestelijk,n/a,headsetmicrofoon,48000
JohanLingen,JohanLingen,20080302,JohanLingen,0.5878159,True,mannelijk,volwassen,Noordwestelijk,n/a,headsetmicrofoon,48000
JohanLingen,JohanLingen,20080302,JohanLingen,0.756759,True,mannelijk,volwassen,Noordwestelijk,n/a,headsetmicrofoon,48000
JohanLingen,JohanLingen,20080302,JohanLingen,0.67777383,True,mannelijk,volwassen,Noordwestelijk,n/a,headsetmicrofoon,48000
JohanLingen,JohanLingen,20080302,JohanLingen,0.7048995,True,mannelijk,volwassen,Noordwestelijk,n/a,headsetmicrofoon,48000
JohanLingen,JohanLingen,20080302,JohanLingen,0.5194537,True,mannelijk,volwassen,Noordwestelijk,n/a,headsetmicrofoon,48000
JohanLingen,JohanLingen,20080302,JohanLingen,0.683624,True,mannelijk,volwassen,Noordwestelijk,n/a,headsetmicrofoon,48000
JohanLingen,JohanLingen,20080302,JohanLingen,0.7512078,True,mannelijk,volwassen,Noordwestelijk,n/a,headsetmicrofoon,48000
JohanLingen,JohanLingen,20080302,JohanLingen,0.62200224,True,mannelijk,volwassen,Noordwestelijk,n/a,headsetmicrofoon,48000
JohanLingen,JohanLingen,20080302,JohanLingen,0.65592897,True,mannelijk,volwassen,Noordwestelijk,n/a,headsetmicrofoon,48000
JohanLingen,JohanLingen,20080302,JohanLingen,0.7460935,True,mannelijk,volwassen,Noordwestelijk,n/a,headsetmicrofoon,48000
JohanLingen,JohanLingen,20080302,JohanLingen,0.57305527,True,mannelijk,volwassen,Noordwestelijk,n/a,headsetmicrofoon,48000
JohanLingen,JohanLingen,20080302,JohanLingen,0.63166493,True,mannelijk,volwassen,Noordwestelijk,n/a,headsetmicrofoon,48000
JohanLingen,JohanLingen,20080302,JohanLingen,0.7854432,True,mannelijk,volwassen,Noordwestelijk,n/a,headsetmicrofoon,48000
JohanLingen,JohanLingen,20080302,JohanLingen,0.7472054,True,mannelijk,volwassen,Noordwestelijk,n/a,headsetmicrofoon,48000
JohanLingen,JohanLingen,20080302,JohanLingen,0.7645589,True,mannelijk,volwassen,Noordwestelijk,n/a,headsetmicrofoon,48000
JohanLingen,JohanLingen,20080302,JohanLingen,0.64568925,True,mannelijk,volwassen,Noordwestelijk,n/a,headsetmicrofoon,48000
JohanLingen,JohanLingen,20080302,JohanLingen,0.6591325,True,mannelijk,volwassen,Noordwestelijk,n/a,headsetmicrofoon,48000
JohanLingen,JohanLingen,20080302,JohanLingen,0.69236183,True,mannelijk,volwassen,Noordwestelijk,n/a,headsetmicrofoon,48000
JohanLingen,JohanLingen,20080302,JohanLingen,0.7846068,True,mannelijk,volwassen,Noordwestelijk,n/a,headsetmicrofoon,48000
JohanLingen,JohanLingen,20080302,JohanLingen,0.7732052,True,mannelijk,volwassen,Noordwestelijk,n/a,headsetmicrofoon,48000
JohanLingen,JohanLingen,20080302,JohanLingen,0.79011893,True,mannelijk,volwassen,Noordwestelijk,n/a,headsetmicrofoon,48000
JohanLingen,JohanLingen,20080302,JohanLingen,0.8370207,True,mannelijk,volwassen,Noordwestelijk,n/a,headsetmicrofoon,48000
JohanLingen,JohanLingen,20080302,JohanLingen,0.669248,True,mannelijk,volwassen,Noordwestelijk,n/a,headsetmicrofoon,48000
JohanLingen,JohanLingen,20080302,JohanLingen,0.69787276,True,mannelijk,volwassen,Noordwestelijk,n/a,headsetmicrofoon,48000
JohanLingen,JohanLingen,20080302,JohanLingen,0.7985425,True,mannelijk,volwassen,Noordwestelijk,n/a,headsetmicrofoon,48000
JohanLingen,JohanLingen,20080302,JohanLingen,0.71513003,True,mannelijk,volwassen,Noordwestelijk,n/a,headsetmicrofoon,48000
JohanLingen,JohanLingen,20080302,JohanLingen,0.7396105,True,mannelijk,volwassen,Noordwestelijk,n/a,headsetmicrofoon,48000
JohanLingen,JohanLingen,20080302,JohanLingen,0.668036,True,mannelijk,volwassen,Noordwestelijk,n/a,headsetmicrofoon,48000
JohanLingen,JohanLingen,20080302,JohanLingen,0.7001742,True,mannelijk,volwassen,Noordwestelijk,n/a,headsetmicrofoon,48000
JohanLingen,JohanLingen,20080302,JohanLingen,0.59158754,True,mannelijk,volwassen,Noordwestelijk,n/a,headsetmicrofoon,48000
JohanLingen,JohanLingen,20080302,JohanLingen,0.63154936,True,mannelijk,volwassen,Noordwestelijk,n/a,headsetmicrofoon,48000
JohanLingen,JohanLingen,20080302,JohanLingen,0.5000866,True,mannelijk,volwassen,Noordwestelijk,n/a,headsetmicrofoon,48000
JohanLingen,JohanLingen,20080302,JohanLingen,0.707741,True,mannelijk,volwassen,Noordwestelijk,n/a,headsetmicrofoon,48000
JohanLingen,JohanLingen,20080302,JohanLingen,0.7103295,True,mannelijk,volwassen,Noordwestelijk,n/a,headsetmicrofoon,48000
JohanLingen,JohanLingen,20080302,JohanLingen,0.7073827,True,mannelijk,volwassen,Noordwestelijk,n/a,headsetmicrofoon,48000
JohanLingen,JohanLingen,20080302,JohanLingen,0.7222713,True,mannelijk,volwassen,Noordwestelijk,n/a,headsetmicrofoon,48000
JohanLingen,JohanLingen,20080302,JohanLingen,0.72730505,True,mannelijk,volwassen,Noordwestelijk,n/a,headsetmicrofoon,48000
JohanLingen,JohanLingen,20080302,JohanLingen,0.5723223,True,mannelijk,volwassen,Noordwestelijk,n/a,headsetmicrofoon,48000
JohanLingen,JohanLingen,20080302,JohanLingen,0.664207,True,mannelijk,volwassen,Noordwestelijk,n/a,headsetmicrofoon,48000
JohanLingen,JohanLingen,20080302,JohanLingen,0.7043692,True,mannelijk,volwassen,Noordwestelijk,n/a,headsetmicrofoon,48000
JohanLingen,JohanLingen,20080302,JohanLingen,0.7258992,True,mannelijk,volwassen,Noordwestelijk,n/a,headsetmicrofoon,48000
JohanLingen,JohanLingen,20080302,JohanLingen,0.66156065,True,mannelijk,volwassen,Noordwestelijk,n/a,headsetmicrofoon,48000
JohanLingen,JohanLingen,20080302,JohanLingen,0.728986,True,mannelijk,volwassen,Noordwestelijk,n/a,headsetmicrofoon,48000
JohanLingen,JohanLingen,20080302,JohanLingen,0.7236796,True,mannelijk,volwassen,Noordwestelijk,n/a,headsetmicrofoon,48000
JohanLingen,JohanLingen,20080302,JohanLingen,0.67236555,True,mannelijk,volwassen,Noordwestelijk,n/a,headsetmicrofoon,48000
JohanLingen,JohanLingen,20080302,JohanLingen,0.71655595,True,mannelijk,volwassen,Noordwestelijk,n/a,headsetmicrofoon,48000
JohanLingen,JohanLingen,20080302,JohanLingen,0.7184608,True,mannelijk,volwassen,Noordwestelijk,n/a,headsetmicrofoon,48000
JohanLingen,JohanLingen,20080302,JohanLingen,0.71077,True,mannelijk,volwassen,Noordwestelijk,n/a,headsetmicrofoon,48000
JohanLingen,JohanLingen,20080302,JohanLingen,0.7842494,True,mannelijk,volwassen,Noordwestelijk,n/a,headsetmicrofoon,48000
JohanLingen,JohanLingen,20080302,JohanLingen,0.6668295,True,mannelijk,volwassen,Noordwestelijk,n/a,headsetmicrofoon,48000
JohanLingen,JohanLingen,20080302,JohanLingen,0.69559956,True,mannelijk,volwassen,Noordwestelijk,n/a,headsetmicrofoon,48000
JohanLingen,JohanLingen,20080302,JohanLingen,0.6783338,True,mannelijk,volwassen,Noordwestelijk,n/a,headsetmicrofoon,48000
JohanLingen,JohanLingen,20080302,JohanLingen,0.66617817,True,mannelijk,volwassen,Noordwestelijk,n/a,headsetmicrofoon,48000
JohanLingen,JohanLingen,20080302,JohanLingen,0.7459452,True,mannelijk,volwassen,Noordwestelijk,n/a,headsetmicrofoon,48000
JohanLingen,JohanLingen,20080302,JohanLingen,0.6528515,True,mannelijk,volwassen,Noordwestelijk,n/a,headsetmicrofoon,48000
JohanLingen,JohanLingen,20080302,JohanLingen,0.71548617,True,mannelijk,volwassen,Noordwestelijk,n/a,headsetmicrofoon,48000
JohanLingen,JohanLingen,20080302,JohanLingen,0.6575955,True,mannelijk,volwassen,Noordwestelijk,n/a,headsetmicrofoon,48000
JohanLingen,JohanLingen,20080302,JohanLingen,0.71090543,True,mannelijk,volwassen,Noordwestelijk,n/a,headsetmicrofoon,48000
JohanLingen,JohanLingen,20080302,JohanLingen,0.66131914,True,mannelijk,volwassen,Noordwestelijk,n/a,headsetmicrofoon,48000
JohanLingen,JohanLingen,20080302,JohanLingen,0.7326062,True,mannelijk,volwassen,Noordwestelijk,n/a,headsetmicrofoon,48000
JohanLingen,JohanLingen,20080302,JohanLingen,0.65574956,True,mannelijk,volwassen,Noordwestelijk,n/a,headsetmicrofoon,48000
JohanLingen,JohanLingen,20080302,JohanLingen,0.6204982,True,mannelijk,volwassen,Noordwestelijk,n/a,headsetmicrofoon,48000
JohanLingen,JohanLingen,20080302,JohanLingen,0.68819726,True,mannelijk,volwassen,Noordwestelijk,n/a,headsetmicrofoon,48000
JohanLingen,JohanLingen,20080302,JohanLingen,0.66117096,True,mannelijk,volwassen,Noordwestelijk,n/a,headsetmicrofoon,48000
JohanLingen,JohanLingen,20080302,JohanLingen,0.49508852,True,mannelijk,volwassen,Noordwestelijk,n/a,headsetmicrofoon,48000
JohanLingen,JohanLingen,20080302,JohanLingen,0.6075697,True,mannelijk,volwassen,Noordwestelijk,n/a,headsetmicrofoon,48000
JohanLingen,JohanLingen,20080302,JohanLingen,0.71465266,True,mannelijk,volwassen,Noordwestelijk,n/a,headsetmicrofoon,48000
JohanLingen,JohanLingen,20080302,JohanLingen,0.67438674,True,mannelijk,volwassen,Noordwestelijk,n/a,headsetmicrofoon,48000
JohanLingen,JohanLingen,20080302,JohanLingen,0.7325811,True,mannelijk,volwassen,Noordwestelijk,n/a,headsetmicrofoon,48000
JohanLingen,JohanLingen,20080302,JohanLingen,0.4926049,True,mannelijk,volwassen,Noordwestelijk,n/a,headsetmicrofoon,48000
JohanLingen,JohanLingen,20080302,JohanLingen,0.59212965,True,mannelijk,volwassen,Noordwestelijk,n/a,headsetmicrofoon,48000
JohanLingen,JohanLingen,20080302,JohanLingen,0.56054944,True,mannelijk,volwassen,Noordwestelijk,n/a,headsetmicrofoon,48000
JohanLingen,JohanLingen,20080302,JohanLingen,0.5439287,True,mannelijk,volwassen,Noordwestelijk,n/a,headsetmicrofoon,48000
JohanLingen,JohanLingen,20080302,JohanLingen,0.5834775,True,mannelijk,volwassen,Noordwestelijk,n/a,headsetmicrofoon,48000
JohanLingen,JohanLingen,20080302,JohanLingen,0.60913146,True,mannelijk,volwassen,Noordwestelijk,n/a,headsetmicrofoon,48000
JohanLingen,JohanLingen,20080302,JohanLingen,0.5411918,True,mannelijk,volwassen,Noordwestelijk,n/a,headsetmicrofoon,48000
JohanLingen,JohanLingen,20080302,JohanLingen,0.56198114,True,mannelijk,volwassen,Noordwestelijk,n/a,headsetmicrofoon,48000
JohanLingen,JohanLingen,20080302,JohanLingen,0.6135664,True,mannelijk,volwassen,Noordwestelijk,n/a,headsetmicrofoon,48000
JohanLingen,JohanLingen,20110422,bakeds,0.5502688,False,mannelijk,volwassen,Noordwestelijk,n/a,headsetmicrofoon,48000
JohanLingen,JohanLingen,20080302,JohanLingen,0.5523193,True,mannelijk,volwassen,Noordwestelijk,n/a,headsetmicrofoon,48000
JohanLingen,JohanLingen,20080302,JohanLingen,0.5222361,True,mannelijk,volwassen,Noordwestelijk,n/a,headsetmicrofoon,48000
JohanLingen,JohanLingen,20080302,JohanLingen,0.5267019,True,mannelijk,volwassen,Noordwestelijk,n/a,headsetmicrofoon,48000
JohanLingen,JohanLingen,20080302,JohanLingen,0.5890425,True,mannelijk,volwassen,Noordwestelijk,n/a,headsetmicrofoon,48000
JohanLingen,JohanLingen,20080802,MSypkensSmit,0.48070458,False,mannelijk,volwassen,Noordwestelijk,n/a,headsetmicrofoon,48000
JohanLingen,JohanLingen,20110422,bakeds,0.54713666,False,mannelijk,volwassen,Noordwestelijk,n/a,headsetmicrofoon,48000
JohanLingen,JohanLingen,20080302,JohanLingen,0.4694681,True,mannelijk,volwassen,Noordwestelijk,n/a,headsetmicrofoon,48000
JohanLingen,JohanLingen,20110422,bakeds,0.3160792,False,mannelijk,volwassen,Noordwestelijk,n/a,headsetmicrofoon,48000
JohanLingen,JohanLingen,20080302,JohanLingen,0.46732122,True,mannelijk,volwassen,Noordwestelijk,n/a,headsetmicrofoon,48000
JohanLingen,JohanLingen,20080302,JohanLingen,0.577052,True,mannelijk,volwassen,Noordwestelijk,n/a,headsetmicrofoon,48000
john332,john332,20090412,john332,0.5942794,True,mannelijk,jeugd,algemeen Nederlands,n/a,bureaumicrofoon,48000
john332,john332,20090412,john332,0.49450922,True,mannelijk,jeugd,algemeen Nederlands,n/a,bureaumicrofoon,48000
john332,john332,20090412,john332,0.6748402,True,mannelijk,jeugd,algemeen Nederlands,n/a,bureaumicrofoon,48000
john332,john332,20090412,john332,0.6811749,True,mannelijk,jeugd,algemeen Nederlands,n/a,bureaumicrofoon,48000
john332,john332,20090412,john332,0.62458384,True,mannelijk,jeugd,algemeen Nederlands,n/a,bureaumicrofoon,48000
john332,john332,20090412,john332,0.69974196,True,mannelijk,jeugd,algemeen Nederlands,n/a,bureaumicrofoon,48000
john332,john332,20090412,john332,0.3646039,True,mannelijk,jeugd,algemeen Nederlands,n/a,bureaumicrofoon,48000
john332,john332,20090412,john332,0.58493114,True,mannelijk,jeugd,algemeen Nederlands,n/a,bureaumicrofoon,48000
john332,john332,20090412,john332,0.64079416,True,mannelijk,jeugd,algemeen Nederlands,n/a,bureaumicrofoon,48000
john332,john332,20090412,john332,0.6418062,True,mannelijk,jeugd,algemeen Nederlands,n/a,bureaumicrofoon,48000
john332,john332,20090412,john332,0.527462,True,mannelijk,jeugd,algemeen Nederlands,n/a,bureaumicrofoon,48000
john332,john332,20090412,john332,0.42276114,True,mannelijk,jeugd,algemeen Nederlands,n/a,bureaumicrofoon,48000
john332,john332,20090412,john332,0.44563958,True,mannelijk,jeugd,algemeen Nederlands,n/a,bureaumicrofoon,48000
john332,john332,20090412,john332,0.5699327,True,mannelijk,jeugd,algemeen Nederlands,n/a,bureaumicrofoon,48000
john332,john332,20090412,john332,0.39193153,True,mannelijk,jeugd,algemeen Nederlands,n/a,bureaumicrofoon,48000
john332,john332,20090412,john332,0.6245692,True,mannelijk,jeugd,algemeen Nederlands,n/a,bureaumicrofoon,48000
john332,john332,20080909,floor,0.39445066,False,mannelijk,jeugd,algemeen Nederlands,n/a,bureaumicrofoon,48000
john332,john332,20090412,john332,0.65711194,True,mannelijk,jeugd,algemeen Nederlands,n/a,bureaumicrofoon,48000
john332,john332,20090412,john332,0.58018726,True,mannelijk,jeugd,algemeen Nederlands,n/a,bureaumicrofoon,48000
jokohoko,jokohoko,20081203,jokohoko,0.61159015,True,mannelijk,volwassen,algemeen Nederlands,n/a,headsetmicrofoon,48000
jokohoko,jokohoko,20081203,jokohoko,0.40340942,True,mannelijk,volwassen,algemeen Nederlands,n/a,headsetmicrofoon,48000
jokohoko,jokohoko,20081203,jokohoko,0.47089356,True,mannelijk,volwassen,algemeen Nederlands,n/a,headsetmicrofoon,48000
jokohoko,jokohoko,20081203,jokohoko,0.5550301,True,mannelijk,volwassen,algemeen Nederlands,n/a,headsetmicrofoon,48000
jokohoko,jokohoko,20081203,jokohoko,0.5938635,True,mannelijk,volwassen,algemeen Nederlands,n/a,headsetmicrofoon,48000
jokohoko,jokohoko,20081203,jokohoko,0.51906574,True,mannelijk,volwassen,algemeen Nederlands,n/a,headsetmicrofoon,48000
jokohoko,jokohoko,20081203,jokohoko,0.4322598,True,mannelijk,volwassen,algemeen Nederlands,n/a,headsetmicrofoon,48000
jokohoko,jokohoko,20081203,jokohoko,0.5559529,True,mannelijk,volwassen,algemeen Nederlands,n/a,headsetmicrofoon,48000
jokohoko,jokohoko,20081203,jokohoko,0.5585785,True,mannelijk,volwassen,algemeen Nederlands,n/a,headsetmicrofoon,48000
jonas,jonas,20080220,jonascms,0.59945273,False,mannelijk,jeugd,algemeen Nederlands,n/a,bureaumicrofoon,48000
jonas,jonas,20090826,jonas,0.48868284,True,mannelijk,jeugd,algemeen Nederlands,n/a,bureaumicrofoon,48000
jonas,jonas,20090826,jonas,0.58557683,True,mannelijk,jeugd,algemeen Nederlands,n/a,bureaumicrofoon,48000
jonas,jonas,20090826,jonas,0.47736853,True,mannelijk,jeugd,algemeen Nederlands,n/a,bureaumicrofoon,48000
jonas,jonas,20090826,jonas,0.63265413,True,mannelijk,jeugd,algemeen Nederlands,n/a,bureaumicrofoon,48000
jonas,jonas,20080220,jonascms,0.53982013,False,mannelijk,jeugd,algemeen Nederlands,n/a,bureaumicrofoon,48000
jonas,jonas,20090826,jonas,0.55139434,True,mannelijk,jeugd,algemeen Nederlands,n/a,bureaumicrofoon,48000
jonas,jonas,20090826,jonas,0.5783401,True,mannelijk,jeugd,algemeen Nederlands,n/a,bureaumicrofoon,48000
jonas,jonas,20090826,jonas,0.5631995,True,mannelijk,jeugd,algemeen Nederlands,n/a,bureaumicrofoon,48000
jonascms,jonascms,20080220,jonascms,0.6475872,True,mannelijk,jeugd,algemeen Nederlands,n/a,bureaumicrofoon,48000
jonascms,jonascms,20080220,jonascms,0.62832594,True,mannelijk,jeugd,algemeen Nederlands,n/a,bureaumicrofoon,48000
jonascms,jonascms,20080220,jonascms,0.6288886,True,mannelijk,jeugd,algemeen Nederlands,n/a,bureaumicrofoon,48000
jonascms,jonascms,20080220,jonascms,0.6232289,True,mannelijk,jeugd,algemeen Nederlands,n/a,bureaumicrofoon,48000
jonascms,jonascms,20080220,jonascms,0.569205,True,mannelijk,jeugd,algemeen Nederlands,n/a,bureaumicrofoon,48000
jonascms,jonascms,20080220,jonascms,0.5981591,True,mannelijk,jeugd,algemeen Nederlands,n/a,bureaumicrofoon,48000
jonascms,jonascms,20080220,jonascms,0.400714,True,mannelijk,jeugd,algemeen Nederlands,n/a,bureaumicrofoon,48000
jonascms,jonascms,20080220,jonascms,0.53943217,True,mannelijk,jeugd,algemeen Nederlands,n/a,bureaumicrofoon,48000
jonascms,jonascms,20090826,jonas,0.4826988,False,mannelijk,jeugd,algemeen Nederlands,n/a,bureaumicrofoon,48000
jonascms,jonascms,20090826,jonas,0.57616556,False,mannelijk,jeugd,algemeen Nederlands,n/a,bureaumicrofoon,48000
jonascms,jonascms,20080220,jonascms,0.5587933,True,mannelijk,jeugd,algemeen Nederlands,n/a,bureaumicrofoon,48000
jonascms,jonascms,20090826,jonas,0.56139624,False,mannelijk,jeugd,algemeen Nederlands,n/a,bureaumicrofoon,48000
jonascms,jonascms,20090826,jonas,0.5683718,False,mannelijk,jeugd,algemeen Nederlands,n/a,bureaumicrofoon,48000
jonascms,jonascms,20080220,jonascms,0.6354569,True,mannelijk,jeugd,algemeen Nederlands,n/a,bureaumicrofoon,48000
jonascms,jonascms,20090826,jonas,0.6202639,False,mannelijk,jeugd,algemeen Nederlands,n/a,bureaumicrofoon,48000
jonascms,jonascms,20090826,jonas,0.49798363,False,mannelijk,jeugd,algemeen Nederlands,n/a,bureaumicrofoon,48000
jonascms,jonascms,20090826,jonas,0.5893009,False,mannelijk,jeugd,algemeen Nederlands,n/a,bureaumicrofoon,48000
jopie282,jopie282,20120203,jopie282,0.49768305,True,mannelijk,volwassen,algemeen Nederlands,n/a,headsetmicrofoon,48000
jonascms,jonascms,20090826,jonas,0.56896186,False,mannelijk,jeugd,algemeen Nederlands,n/a,bureaumicrofoon,48000
jopie282,jopie282,20120203,jopie282,0.71340775,True,mannelijk,volwassen,algemeen Nederlands,n/a,headsetmicrofoon,48000
jonascms,jonascms,20090826,jonas,0.68019134,False,mannelijk,jeugd,algemeen Nederlands,n/a,bureaumicrofoon,48000
jopie282,jopie282,20120203,jopie282,0.5933521,True,mannelijk,volwassen,algemeen Nederlands,n/a,headsetmicrofoon,48000
jopie282,jopie282,20120203,jopie282,0.6237358,True,mannelijk,volwassen,algemeen Nederlands,n/a,headsetmicrofoon,48000
jopie282,jopie282,20120203,jopie282,0.58529323,True,mannelijk,volwassen,algemeen Nederlands,n/a,headsetmicrofoon,48000
jopie282,jopie282,20120203,jopie282,0.57675385,True,mannelijk,volwassen,algemeen Nederlands,n/a,headsetmicrofoon,48000
jopie282,jopie282,20120203,jopie282,0.5816488,True,mannelijk,volwassen,algemeen Nederlands,n/a,headsetmicrofoon,48000
jopie282,jopie282,20120203,jopie282,0.58174217,True,mannelijk,volwassen,algemeen Nederlands,n/a,headsetmicrofoon,48000
jopie282,jopie282,20120203,jopie282,0.58343697,True,mannelijk,volwassen,algemeen Nederlands,n/a,headsetmicrofoon,48000
jopie282,jopie282,20120203,jopie282,0.53539574,True,mannelijk,volwassen,algemeen Nederlands,n/a,headsetmicrofoon,48000
jopie282,jopie282,20120203,jopie282,0.5187689,True,mannelijk,volwassen,algemeen Nederlands,n/a,headsetmicrofoon,48000
jopie282,jopie282,20120203,jopie282,0.605109,True,mannelijk,volwassen,algemeen Nederlands,n/a,headsetmicrofoon,48000
jopie282,jopie282,20120203,jopie282,0.4871859,True,mannelijk,volwassen,algemeen Nederlands,n/a,headsetmicrofoon,48000
jopie282,jopie282,20120203,jopie282,0.5127741,True,mannelijk,volwassen,algemeen Nederlands,n/a,headsetmicrofoon,48000
jopie282,jopie282,20120203,jopie282,0.5586864,True,mannelijk,volwassen,algemeen Nederlands,n/a,headsetmicrofoon,48000
jopie282,jopie282,20120203,jopie282,0.5243056,True,mannelijk,volwassen,algemeen Nederlands,n/a,headsetmicrofoon,48000
jopie282,jopie282,20120203,jopie282,0.41438067,True,mannelijk,volwassen,algemeen Nederlands,n/a,headsetmicrofoon,48000
jopie282,jopie282,20120203,jopie282,0.45919827,True,mannelijk,volwassen,algemeen Nederlands,n/a,headsetmicrofoon,48000
jopie282,jopie282,20120203,jopie282,0.4425612,True,mannelijk,volwassen,algemeen Nederlands,n/a,headsetmicrofoon,48000
jw,jw,20130827,jw,0.7680201,True,mannelijk,volwassen,Zuidwestelijk,n/a,headsetmicrofoon,48000
jw,jw,20130827,jw,0.76573694,True,mannelijk,volwassen,Zuidwestelijk,n/a,headsetmicrofoon,48000
jw,jw,20130827,jw,0.69441676,True,mannelijk,volwassen,Zuidwestelijk,n/a,headsetmicrofoon,48000
jw,jw,20130827,jw,0.64648217,True,mannelijk,volwassen,Zuidwestelijk,n/a,headsetmicrofoon,48000
jw,jw,20130827,jw,0.67477715,True,mannelijk,volwassen,Zuidwestelijk,n/a,headsetmicrofoon,48000
jw,jw,20130827,jw,0.7235843,True,mannelijk,volwassen,Zuidwestelijk,n/a,headsetmicrofoon,48000
jw,jw,20130827,jw,0.6928636,True,mannelijk,volwassen,Zuidwestelijk,n/a,headsetmicrofoon,48000
jw,jw,20130827,jw,0.7349653,True,mannelijk,volwassen,Zuidwestelijk,n/a,headsetmicrofoon,48000
jw,jw,20130827,jw,0.6805186,True,mannelijk,volwassen,Zuidwestelijk,n/a,headsetmicrofoon,48000
jw,jw,20130827,jw,0.68544066,True,mannelijk,volwassen,Zuidwestelijk,n/a,headsetmicrofoon,48000
jw,jw,20130827,jw,0.7246238,True,mannelijk,volwassen,Zuidwestelijk,n/a,headsetmicrofoon,48000
jw,jw,20130827,jw,0.7201019,True,mannelijk,volwassen,Zuidwestelijk,n/a,headsetmicrofoon,48000
jw,jw,20130827,jw,0.740921,True,mannelijk,volwassen,Zuidwestelijk,n/a,headsetmicrofoon,48000
jw,jw,20130827,jw,0.71161854,True,mannelijk,volwassen,Zuidwestelijk,n/a,headsetmicrofoon,48000
jw,jw,20130827,jw,0.7800921,True,mannelijk,volwassen,Zuidwestelijk,n/a,headsetmicrofoon,48000
jw,jw,20130827,jw,0.7576552,True,mannelijk,volwassen,Zuidwestelijk,n/a,headsetmicrofoon,48000
jw,jw,20130827,jw,0.69791913,True,mannelijk,volwassen,Zuidwestelijk,n/a,headsetmicrofoon,48000
jw,jw,20130827,jw,0.6222265,True,mannelijk,volwassen,Zuidwestelijk,n/a,headsetmicrofoon,48000
jwvl,jwvl,20181202,jwvl,0.7324029,True,mannelijk,volwassen,Zuidwestelijk,n/a,microfoon in laptop,48000
jwvl,jwvl,20181202,jwvl,0.55055785,True,mannelijk,volwassen,Zuidwestelijk,n/a,microfoon in laptop,48000
jwvl,jwvl,20181202,jwvl,0.6593627,True,mannelijk,volwassen,Zuidwestelijk,n/a,microfoon in laptop,48000
jw,jw,20130827,jw,0.73686886,True,mannelijk,volwassen,Zuidwestelijk,n/a,headsetmicrofoon,48000
jwvl,jwvl,20181202,jwvl,0.5834832,True,mannelijk,volwassen,Zuidwestelijk,n/a,microfoon in laptop,48000
jwvl,jwvl,20181202,jwvl,0.5808365,True,mannelijk,volwassen,Zuidwestelijk,n/a,microfoon in laptop,48000
jwvl,jwvl,20181202,jwvl,0.75452507,True,mannelijk,volwassen,Zuidwestelijk,n/a,microfoon in laptop,48000
jwvl,jwvl,20181202,jwvl,0.7138699,True,mannelijk,volwassen,Zuidwestelijk,n/a,microfoon in laptop,48000
jwvl,jwvl,20181202,jwvl,0.66461647,True,mannelijk,volwassen,Zuidwestelijk,n/a,microfoon in laptop,48000
jwvl,jwvl,20181202,jwvl,0.6526016,True,mannelijk,volwassen,Zuidwestelijk,n/a,microfoon in laptop,48000
jwvl,jwvl,20181202,jwvl,0.6959065,True,mannelijk,volwassen,Zuidwestelijk,n/a,microfoon in laptop,48000
jwvl,jwvl,20181202,jwvl,0.64271724,True,mannelijk,volwassen,Zuidwestelijk,n/a,microfoon in laptop,48000
jwvl,jwvl,20181202,jwvl,0.61868775,True,mannelijk,volwassen,Zuidwestelijk,n/a,microfoon in laptop,48000
jwvl,jwvl,20181202,jwvl,0.70640695,True,mannelijk,volwassen,Zuidwestelijk,n/a,microfoon in laptop,48000
jwvl,jwvl,20181202,jwvl,0.71521074,True,mannelijk,volwassen,Zuidwestelijk,n/a,microfoon in laptop,48000
jwvl,jwvl,20181202,jwvl,0.72449434,True,mannelijk,volwassen,Zuidwestelijk,n/a,microfoon in laptop,48000
jwvl,jwvl,20181202,jwvl,0.62646174,True,mannelijk,volwassen,Zuidwestelijk,n/a,microfoon in laptop,48000
jwvl,jwvl,20181202,jwvl,0.6834693,True,mannelijk,volwassen,Zuidwestelijk,n/a,microfoon in laptop,48000
jwvl,jwvl,20181202,jwvl,0.60324764,True,mannelijk,volwassen,Zuidwestelijk,n/a,microfoon in laptop,48000
jwvl,jwvl,20181202,jwvl,0.7135923,True,mannelijk,volwassen,Zuidwestelijk,n/a,microfoon in laptop,48000
kaas,kaas,20131123,kaas,0.64635956,True,mannelijk,volwassen,algemeen Nederlands,n/a,headsetmicrofoon,48000
kaas,kaas,20131123,Kaas,0.68580157,False,mannelijk,volwassen,algemeen Nederlands,n/a,headsetmicrofoon,48000
kaas,kaas,20131123,kaas,0.74688697,True,mannelijk,volwassen,algemeen Nederlands,n/a,headsetmicrofoon,48000
kaas,kaas,20131123,Kaas,0.67952013,False,mannelijk,volwassen,algemeen Nederlands,n/a,headsetmicrofoon,48000
kaas,kaas,20131123,kaas,0.6578158,True,mannelijk,volwassen,algemeen Nederlands,n/a,headsetmicrofoon,48000
kaas,kaas,20131123,kaas,0.70993835,True,mannelijk,volwassen,algemeen Nederlands,n/a,headsetmicrofoon,48000
kaas,kaas,20131123,Kaas,0.727829,False,mannelijk,volwassen,algemeen Nederlands,n/a,headsetmicrofoon,48000
kaas,kaas,20131123,Kaas,0.6826262,False,mannelijk,volwassen,algemeen Nederlands,n/a,headsetmicrofoon,48000
kaas,kaas,20131123,Kaas,0.76766086,False,mannelijk,volwassen,algemeen Nederlands,n/a,headsetmicrofoon,48000
kaas,kaas,20131123,Kaas,0.6587351,False,mannelijk,volwassen,algemeen Nederlands,n/a,headsetmicrofoon,48000
kaas,kaas,20131123,Kaas,0.70755136,False,mannelijk,volwassen,algemeen Nederlands,n/a,headsetmicrofoon,48000
kaas,kaas,20131123,Kaas,0.6652714,False,mannelijk,volwassen,algemeen Nederlands,n/a,headsetmicrofoon,48000
kaas,kaas,20131123,Kaas,0.69287485,False,mannelijk,volwassen,algemeen Nederlands,n/a,headsetmicrofoon,48000
kaas,kaas,20131120,HOIHOIsuperdatjulliehiermeebezigzijn,0.66108036,False,mannelijk,volwassen,algemeen Nederlands,n/a,headsetmicrofoon,48000
kaas,kaas,20131123,Kaas,0.5582037,False,mannelijk,volwassen,algemeen Nederlands,n/a,headsetmicrofoon,48000
kaas,kaas,20131123,kaas,0.7078646,True,mannelijk,volwassen,algemeen Nederlands,n/a,headsetmicrofoon,48000
kaas,kaas,20131120,HOIHOIsuperdatjulliehiermeebezigzijn,0.64248157,False,mannelijk,volwassen,algemeen Nederlands,n/a,headsetmicrofoon,48000
kaas,kaas,20131123,kaas,0.74940026,True,mannelijk,volwassen,algemeen Nederlands,n/a,headsetmicrofoon,48000
kaas,kaas,20131123,Kaas,0.6455459,False,mannelijk,volwassen,algemeen Nederlands,n/a,headsetmicrofoon,48000
Kaas,Kaas,20131123,Kaas,0.7336182,True,mannelijk,volwassen,algemeen Nederlands,n/a,headsetmicrofoon,48000
Kaas,Kaas,20131123,Kaas,0.7271204,True,mannelijk,volwassen,algemeen Nederlands,n/a,headsetmicrofoon,48000
Kaas,Kaas,20131123,Kaas,0.7016252,True,mannelijk,volwassen,algemeen Nederlands,n/a,headsetmicrofoon,48000
Kaas,Kaas,20131123,Kaas,0.7649554,True,mannelijk,volwassen,algemeen Nederlands,n/a,headsetmicrofoon,48000
Kaas,Kaas,20131123,Kaas,0.7024642,True,mannelijk,volwassen,algemeen Nederlands,n/a,headsetmicrofoon,48000
Kaas,Kaas,20131123,Kaas,0.7759275,True,mannelijk,volwassen,algemeen Nederlands,n/a,headsetmicrofoon,48000
Kaas,Kaas,20131123,Kaas,0.6647239,True,mannelijk,volwassen,algemeen Nederlands,n/a,headsetmicrofoon,48000
Kaas,Kaas,20131123,kaas,0.67907214,False,mannelijk,volwassen,algemeen Nederlands,n/a,headsetmicrofoon,48000
Kaas,Kaas,20131123,kaas,0.69306624,False,mannelijk,volwassen,algemeen Nederlands,n/a,headsetmicrofoon,48000
Kaas,Kaas,20131123,kaas,0.77553356,False,mannelijk,volwassen,algemeen Nederlands,n/a,headsetmicrofoon,48000
Kaas,Kaas,20131123,Kaas,0.74366564,True,mannelijk,volwassen,algemeen Nederlands,n/a,headsetmicrofoon,48000
Kaas,Kaas,20131123,kaas,0.7043555,False,mannelijk,volwassen,algemeen Nederlands,n/a,headsetmicrofoon,48000
Kaas,Kaas,20131123,Kaas,0.6497285,True,mannelijk,volwassen,algemeen Nederlands,n/a,headsetmicrofoon,48000
Kaas,Kaas,20131123,kaas,0.72985566,False,mannelijk,volwassen,algemeen Nederlands,n/a,headsetmicrofoon,48000
Kaas,Kaas,20131123,kaas,0.7278115,False,mannelijk,volwassen,algemeen Nederlands,n/a,headsetmicrofoon,48000
Kaas,Kaas,20131123,Kaas,0.75181186,True,mannelijk,volwassen,algemeen Nederlands,n/a,headsetmicrofoon,48000
Kaas,Kaas,20131123,Kaas,0.6971797,True,mannelijk,volwassen,algemeen Nederlands,n/a,headsetmicrofoon,48000
Kaas,Kaas,20131123,kaas,0.71856165,False,mannelijk,volwassen,algemeen Nederlands,n/a,headsetmicrofoon,48000
Kaas,Kaas,20131123,kaas,0.67596936,False,mannelijk,volwassen,algemeen Nederlands,n/a,headsetmicrofoon,48000
Kaas,Kaas,20131123,kaas,0.71142256,False,mannelijk,volwassen,algemeen Nederlands,n/a,headsetmicrofoon,48000
Kaas,Kaas,20131123,Kaas,0.77493393,True,mannelijk,volwassen,algemeen Nederlands,n/a,headsetmicrofoon,48000
Kaas,Kaas,20131123,Kaas,0.6515442,True,mannelijk,volwassen,algemeen Nederlands,n/a,headsetmicrofoon,48000
Kaas,Kaas,20131123,Kaas,0.7601509,True,mannelijk,volwassen,algemeen Nederlands,n/a,headsetmicrofoon,48000
Kaas,Kaas,20131123,Kaas,0.74911505,True,mannelijk,volwassen,algemeen Nederlands,n/a,headsetmicrofoon,48000
Kaas,Kaas,20131123,Kaas,0.6373318,True,mannelijk,volwassen,algemeen Nederlands,n/a,headsetmicrofoon,48000
Kaas,Kaas,20131123,kaas,0.7155707,False,mannelijk,volwassen,algemeen Nederlands,n/a,headsetmicrofoon,48000
Kaas,Kaas,20131123,Kaas,0.69656587,True,mannelijk,volwassen,algemeen Nederlands,n/a,headsetmicrofoon,48000
Kaas,Kaas,20131123,Kaas,0.7626796,True,mannelijk,volwassen,algemeen Nederlands,n/a,headsetmicrofoon,48000
Kaas,Kaas,20131123,Kaas,0.6975037,True,mannelijk,volwassen,algemeen Nederlands,n/a,headsetmicrofoon,48000
kevin,kevin,20170510,kevin,0.4909994,True,mannelijk,volwassen,algemeen Nederlands,n/a,headsetmicrofoon,48000
kevin,kevin,20170510,kevin,0.6836839,True,mannelijk,volwassen,algemeen Nederlands,n/a,headsetmicrofoon,48000
kevin,kevin,20170510,kevin,0.7007563,True,mannelijk,volwassen,algemeen Nederlands,n/a,headsetmicrofoon,48000
kevin,kevin,20170510,kevin,0.6520643,True,mannelijk,volwassen,algemeen Nederlands,n/a,headsetmicrofoon,48000
kevin,kevin,20170510,kevin,0.66941667,True,mannelijk,volwassen,algemeen Nederlands,n/a,headsetmicrofoon,48000
kevin,kevin,20170510,kevin,0.77432394,True,mannelijk,volwassen,algemeen Nederlands,n/a,headsetmicrofoon,48000
kevin,kevin,20170510,kevin,0.71439457,True,mannelijk,volwassen,algemeen Nederlands,n/a,headsetmicrofoon,48000
kevin,kevin,20170510,kevin,0.6641381,True,mannelijk,volwassen,algemeen Nederlands,n/a,headsetmicrofoon,48000
kevin,kevin,20170510,kevin,0.6630783,True,mannelijk,volwassen,algemeen Nederlands,n/a,headsetmicrofoon,48000
kevin,kevin,20170510,kevin,0.64780676,True,mannelijk,volwassen,algemeen Nederlands,n/a,headsetmicrofoon,48000
kevin,kevin,20170510,kevin,0.57561564,True,mannelijk,volwassen,algemeen Nederlands,n/a,headsetmicrofoon,48000
kevin,kevin,20170510,kevin,0.7295323,True,mannelijk,volwassen,algemeen Nederlands,n/a,headsetmicrofoon,48000
kevin,kevin,20170510,kevin,0.68636817,True,mannelijk,volwassen,algemeen Nederlands,n/a,headsetmicrofoon,48000
kevin,kevin,20170510,kevin,0.6546706,True,mannelijk,volwassen,algemeen Nederlands,n/a,headsetmicrofoon,48000
kevin,kevin,20170510,kevin,0.71459365,True,mannelijk,volwassen,algemeen Nederlands,n/a,headsetmicrofoon,48000
kevin,kevin,20170510,kevin,0.59322906,True,mannelijk,volwassen,algemeen Nederlands,n/a,headsetmicrofoon,48000
kevin,kevin,20170510,kevin,0.7206761,True,mannelijk,volwassen,algemeen Nederlands,n/a,headsetmicrofoon,48000
kevin,kevin,20170510,kevin,0.56962407,True,mannelijk,volwassen,algemeen Nederlands,n/a,headsetmicrofoon,48000
kevin,kevin,20170510,kevin,0.86035824,True,mannelijk,volwassen,algemeen Nederlands,n/a,headsetmicrofoon,48000
kevin,kevin,20170510,kevin,0.6016578,True,mannelijk,volwassen,algemeen Nederlands,n/a,headsetmicrofoon,48000
kevin,kevin,20170510,kevin,0.5758827,True,mannelijk,volwassen,algemeen Nederlands,n/a,headsetmicrofoon,48000
kevin,kevin,20170510,kevin,0.5720212,True,mannelijk,volwassen,algemeen Nederlands,n/a,headsetmicrofoon,48000
kevin,kevin,20170510,kevin,0.5961911,True,mannelijk,volwassen,algemeen Nederlands,n/a,headsetmicrofoon,48000
kevin,kevin,20170510,kevin,0.56369364,True,mannelijk,volwassen,algemeen Nederlands,n/a,headsetmicrofoon,48000
kevin,kevin,20170510,kevin,0.52176714,True,mannelijk,volwassen,algemeen Nederlands,n/a,headsetmicrofoon,48000
kevin,kevin,20170510,kevin,0.4811093,True,mannelijk,volwassen,algemeen Nederlands,n/a,headsetmicrofoon,48000
kevin,kevin,20170510,kevin,0.5106193,True,mannelijk,volwassen,algemeen Nederlands,n/a,headsetmicrofoon,48000
kevin,kevin,20170510,kevin,0.51818204,True,mannelijk,volwassen,algemeen Nederlands,n/a,headsetmicrofoon,48000
kevin,kevin,20170510,kevin,0.6020818,True,mannelijk,volwassen,algemeen Nederlands,n/a,headsetmicrofoon,48000
kevin,kevin,20170510,kevin,0.57606673,True,mannelijk,volwassen,algemeen Nederlands,n/a,headsetmicrofoon,48000
kevin,kevin,20170510,kevin,0.59503114,True,mannelijk,volwassen,algemeen Nederlands,n/a,headsetmicrofoon,48000
kevin,kevin,20170510,kevin,0.5562761,True,mannelijk,volwassen,algemeen Nederlands,n/a,headsetmicrofoon,48000
kevin,kevin,20170510,kevin,0.6112838,True,mannelijk,volwassen,algemeen Nederlands,n/a,headsetmicrofoon,48000
kevin,kevin,20170510,kevin,0.54402006,True,mannelijk,volwassen,algemeen Nederlands,n/a,headsetmicrofoon,48000
kevin,kevin,20170510,kevin,0.4612646,True,mannelijk,volwassen,algemeen Nederlands,n/a,headsetmicrofoon,48000
kevin,kevin,20170510,kevin,0.5532236,True,mannelijk,volwassen,algemeen Nederlands,n/a,headsetmicrofoon,48000
kevin,kevin,20170510,kevin,0.52480596,True,mannelijk,volwassen,algemeen Nederlands,n/a,headsetmicrofoon,48000
kevin,kevin,20170510,kevin,0.40963212,True,mannelijk,volwassen,algemeen Nederlands,n/a,headsetmicrofoon,48000
kevin,kevin,20170510,kevin,0.5082078,True,mannelijk,volwassen,algemeen Nederlands,n/a,headsetmicrofoon,48000
kevin,kevin,20170510,kevin,0.5584989,True,mannelijk,volwassen,algemeen Nederlands,n/a,headsetmicrofoon,48000
kevin,kevin,20170510,kevin,0.55735457,True,mannelijk,volwassen,algemeen Nederlands,n/a,headsetmicrofoon,48000
kevin,kevin,20170510,kevin,0.6173454,True,mannelijk,volwassen,algemeen Nederlands,n/a,headsetmicrofoon,48000
kevin,kevin,20170510,kevin,0.5673033,True,mannelijk,volwassen,algemeen Nederlands,n/a,headsetmicrofoon,48000
kevin,kevin,20170510,kevin,0.55565083,True,mannelijk,volwassen,algemeen Nederlands,n/a,headsetmicrofoon,48000
kevin,kevin,20170510,kevin,0.66737974,True,mannelijk,volwassen,algemeen Nederlands,n/a,headsetmicrofoon,48000
kevin,kevin,20170510,kevin,0.61406094,True,mannelijk,volwassen,algemeen Nederlands,n/a,headsetmicrofoon,48000
lennarthuizing,lennarthuizing,20130819,lennarthuizing,0.63877875,True,mannelijk,volwassen,algemeen Nederlands,n/a,microfoon in laptop,48000
kevin,kevin,20170510,kevin,0.5476716,True,mannelijk,volwassen,algemeen Nederlands,n/a,headsetmicrofoon,48000
lennarthuizing,lennarthuizing,20130819,lennarthuizing,0.5953304,True,mannelijk,volwassen,algemeen Nederlands,n/a,microfoon in laptop,48000
lennarthuizing,lennarthuizing,20130819,lennarthuizing,0.5877192,True,mannelijk,volwassen,algemeen Nederlands,n/a,microfoon in laptop,48000
kevin,kevin,20170510,kevin,0.55677116,True,mannelijk,volwassen,algemeen Nederlands,n/a,headsetmicrofoon,48000
kevin,kevin,20170510,kevin,0.5177375,True,mannelijk,volwassen,algemeen Nederlands,n/a,headsetmicrofoon,48000
lennarthuizing,lennarthuizing,20130819,lennarthuizing,0.57261825,True,mannelijk,volwassen,algemeen Nederlands,n/a,microfoon in laptop,48000
lennarthuizing,lennarthuizing,20130819,lennarthuizing,0.61209667,True,mannelijk,volwassen,algemeen Nederlands,n/a,microfoon in laptop,48000
lennarthuizing,lennarthuizing,20130819,lennarthuizing,0.5489135,True,mannelijk,volwassen,algemeen Nederlands,n/a,microfoon in laptop,48000
lennarthuizing,lennarthuizing,20130819,lennarthuizing,0.5896981,True,mannelijk,volwassen,algemeen Nederlands,n/a,microfoon in laptop,48000
lennarthuizing,lennarthuizing,20130819,lennarthuizing,0.5753498,True,mannelijk,volwassen,algemeen Nederlands,n/a,microfoon in laptop,48000
lennarthuizing,lennarthuizing,20130819,lennarthuizing,0.55139303,True,mannelijk,volwassen,algemeen Nederlands,n/a,microfoon in laptop,48000
lennarthuizing,lennarthuizing,20130819,lennarthuizing,0.5884769,True,mannelijk,volwassen,algemeen Nederlands,n/a,microfoon in laptop,48000
lennarthuizing,lennarthuizing,20130819,lennarthuizing,0.56403744,True,mannelijk,volwassen,algemeen Nederlands,n/a,microfoon in laptop,48000
lennarthuizing,lennarthuizing,20130819,lennarthuizing,0.5926113,True,mannelijk,volwassen,algemeen Nederlands,n/a,microfoon in laptop,48000
lennarthuizing,lennarthuizing,20100110,Dantheman,0.54431874,False,mannelijk,volwassen,algemeen Nederlands,n/a,microfoon in laptop,48000
lennarthuizing,lennarthuizing,20130819,lennarthuizing,0.53046936,True,mannelijk,volwassen,algemeen Nederlands,n/a,microfoon in laptop,48000
lennarthuizing,lennarthuizing,20130819,lennarthuizing,0.5594899,True,mannelijk,volwassen,algemeen Nederlands,n/a,microfoon in laptop,48000
lennarthuizing,lennarthuizing,20130819,lennarthuizing,0.6492752,True,mannelijk,volwassen,algemeen Nederlands,n/a,microfoon in laptop,48000
lennarthuizing,lennarthuizing,20130819,lennarthuizing,0.478661,True,mannelijk,volwassen,algemeen Nederlands,n/a,microfoon in laptop,48000
lennarthuizing,lennarthuizing,20130819,lennarthuizing,0.55387384,True,mannelijk,volwassen,algemeen Nederlands,n/a,microfoon in laptop,48000
lennarthuizing,lennarthuizing,20130819,lennarthuizing,0.68990123,True,mannelijk,volwassen,algemeen Nederlands,n/a,microfoon in laptop,48000
lennarthuizing,lennarthuizing,20130819,lennarthuizing,0.60874903,True,mannelijk,volwassen,algemeen Nederlands,n/a,microfoon in laptop,48000
lennarthuizing,lennarthuizing,20130819,lennarthuizing,0.6495447,True,mannelijk,volwassen,algemeen Nederlands,n/a,microfoon in laptop,48000
lennarthuizing,lennarthuizing,20130819,lennarthuizing,0.64601356,True,mannelijk,volwassen,algemeen Nederlands,n/a,microfoon in laptop,48000
lennarthuizing,lennarthuizing,20130819,lennarthuizing,0.6092951,True,mannelijk,volwassen,algemeen Nederlands,n/a,microfoon in laptop,48000
lennarthuizing,lennarthuizing,20130819,lennarthuizing,0.5024822,True,mannelijk,volwassen,algemeen Nederlands,n/a,microfoon in laptop,48000
lennarthuizing,lennarthuizing,20130819,lennarthuizing,0.6283111,True,mannelijk,volwassen,algemeen Nederlands,n/a,microfoon in laptop,48000
lennarthuizing,lennarthuizing,20130819,lennarthuizing,0.6110512,True,mannelijk,volwassen,algemeen Nederlands,n/a,microfoon in laptop,48000
lennarthuizing,lennarthuizing,20130819,lennarthuizing,0.6230947,True,mannelijk,volwassen,algemeen Nederlands,n/a,microfoon in laptop,48000
lennarthuizing,lennarthuizing,20130819,lennarthuizing,0.6330732,True,mannelijk,volwassen,algemeen Nederlands,n/a,microfoon in laptop,48000
lennarthuizing,lennarthuizing,20130819,lennarthuizing,0.58381605,True,mannelijk,volwassen,algemeen Nederlands,n/a,microfoon in laptop,48000
lennarthuizing,lennarthuizing,20130819,lennarthuizing,0.55236906,True,mannelijk,volwassen,algemeen Nederlands,n/a,microfoon in laptop,48000
lennarthuizing,lennarthuizing,20130819,lennarthuizing,0.58691776,True,mannelijk,volwassen,algemeen Nederlands,n/a,microfoon in laptop,48000
lennarthuizing,lennarthuizing,20130819,lennarthuizing,0.5415164,True,mannelijk,volwassen,algemeen Nederlands,n/a,microfoon in laptop,48000
lennarthuizing,lennarthuizing,20130819,lennarthuizing,0.61195683,True,mannelijk,volwassen,algemeen Nederlands,n/a,microfoon in laptop,48000
lennarthuizing,lennarthuizing,20130819,lennarthuizing,0.6870833,True,mannelijk,volwassen,algemeen Nederlands,n/a,microfoon in laptop,48000
lennarthuizing,lennarthuizing,20130819,lennarthuizing,0.634389,True,mannelijk,volwassen,algemeen Nederlands,n/a,microfoon in laptop,48000
lennarthuizing,lennarthuizing,20130819,lennarthuizing,0.6252485,True,mannelijk,volwassen,algemeen Nederlands,n/a,microfoon in laptop,48000
lennarthuizing,lennarthuizing,20130819,lennarthuizing,0.6858351,True,mannelijk,volwassen,algemeen Nederlands,n/a,microfoon in laptop,48000
Leontje,Leontje,20080325,Leontje,0.656877,True,mannelijk,volwassen,algemeen Nederlands,n/a,bureaumicrofoon,48000
lennarthuizing,lennarthuizing,20130819,lennarthuizing,0.5016533,True,mannelijk,volwassen,algemeen Nederlands,n/a,microfoon in laptop,48000
lennarthuizing,lennarthuizing,20130819,lennarthuizing,0.6533078,True,mannelijk,volwassen,algemeen Nederlands,n/a,microfoon in laptop,48000
Leontje,Leontje,20080325,Leontje,0.41855368,True,mannelijk,volwassen,algemeen Nederlands,n/a,bureaumicrofoon,48000
Leontje,Leontje,20080325,Leontje,0.6694311,True,mannelijk,volwassen,algemeen Nederlands,n/a,bureaumicrofoon,48000
Leontje,Leontje,20080325,Leontje,0.662167,True,mannelijk,volwassen,algemeen Nederlands,n/a,bureaumicrofoon,48000
Leontje,Leontje,20080325,Leontje,0.7245245,True,mannelijk,volwassen,algemeen Nederlands,n/a,bureaumicrofoon,48000
Leontje,Leontje,20080325,Leontje,0.68326855,True,mannelijk,volwassen,algemeen Nederlands,n/a,bureaumicrofoon,48000
Leontje,Leontje,20080325,Leontje,0.67185915,True,mannelijk,volwassen,algemeen Nederlands,n/a,bureaumicrofoon,48000
Leontje,Leontje,20080325,Leontje,0.6576015,True,mannelijk,volwassen,algemeen Nederlands,n/a,bureaumicrofoon,48000
Leontje,Leontje,20080325,Leontje,0.59617925,True,mannelijk,volwassen,algemeen Nederlands,n/a,bureaumicrofoon,48000
linforcer,linforcer,20080504,linforcer,0.5891546,True,mannelijk,jeugd,algemeen Nederlands,n/a,headsetmicrofoon,48000
linforcer,linforcer,20080504,linforcer,0.67784387,True,mannelijk,jeugd,algemeen Nederlands,n/a,headsetmicrofoon,48000
linforcer,linforcer,20080504,linforcer,0.6084796,True,mannelijk,jeugd,algemeen Nederlands,n/a,headsetmicrofoon,48000
linforcer,linforcer,20080504,linforcer,0.7095376,True,mannelijk,jeugd,algemeen Nederlands,n/a,headsetmicrofoon,48000
linforcer,linforcer,20080504,linforcer,0.69879943,True,mannelijk,jeugd,algemeen Nederlands,n/a,headsetmicrofoon,48000
linforcer,linforcer,20080504,linforcer,0.46846318,True,mannelijk,jeugd,algemeen Nederlands,n/a,headsetmicrofoon,48000
linforcer,linforcer,20080504,linforcer,0.72778255,True,mannelijk,jeugd,algemeen Nederlands,n/a,headsetmicrofoon,48000
linforcer,linforcer,20080504,linforcer,0.551563,True,mannelijk,jeugd,algemeen Nederlands,n/a,headsetmicrofoon,48000
linforcer,linforcer,20080504,linforcer,0.67649305,True,mannelijk,jeugd,algemeen Nederlands,n/a,headsetmicrofoon,48000
marjan,marjan,20080514,marjan,0.5483275,True,vrouwelijk,volwassen,Noordoostelijk,n/a,webcam microfoon,48000
marjan,marjan,20080514,marjan,0.49083936,True,vrouwelijk,volwassen,Noordoostelijk,n/a,webcam microfoon,48000
marjan,marjan,20080514,marjan,0.4426549,True,vrouwelijk,volwassen,Noordoostelijk,n/a,webcam microfoon,48000
marjan,marjan,20080514,marjan,0.48241842,True,vrouwelijk,volwassen,Noordoostelijk,n/a,webcam microfoon,48000
marjan,marjan,20080514,marjan,0.5411258,True,vrouwelijk,volwassen,Noordoostelijk,n/a,webcam microfoon,48000
marjan,marjan,20080514,marjan,0.42980802,True,vrouwelijk,volwassen,Noordoostelijk,n/a,webcam microfoon,48000
marjan,marjan,20090423,Gerwin,0.40442717,False,vrouwelijk,volwassen,Noordoostelijk,n/a,webcam microfoon,48000
Mivalo,Mivalo,20090813,Mivalo,0.6928143,True,mannelijk,volwassen,algemeen Nederlands,n/a,studiomicrofoon,48000
Mivalo,Mivalo,20090813,Mivalo,0.61069536,True,mannelijk,volwassen,algemeen Nederlands,n/a,studiomicrofoon,48000
marjan,marjan,20080514,marjan,0.4806186,True,vrouwelijk,volwassen,Noordoostelijk,n/a,webcam microfoon,48000
marjan,marjan,20080514,marjan,0.44171488,True,vrouwelijk,volwassen,Noordoostelijk,n/a,webcam microfoon,48000
Mivalo,Mivalo,20090813,Mivalo,0.6434982,True,mannelijk,volwassen,algemeen Nederlands,n/a,studiomicrofoon,48000
Mivalo,Mivalo,20090813,Mivalo,0.62819135,True,mannelijk,volwassen,algemeen Nederlands,n/a,studiomicrofoon,48000
Mivalo,Mivalo,20090813,Mivalo,0.6052422,True,mannelijk,volwassen,algemeen Nederlands,n/a,studiomicrofoon,48000
Mivalo,Mivalo,20090813,Mivalo,0.5802014,True,mannelijk,volwassen,algemeen Nederlands,n/a,studiomicrofoon,48000
Mivalo,Mivalo,20090813,Mivalo,0.5703726,True,mannelijk,volwassen,algemeen Nederlands,n/a,studiomicrofoon,48000
Mivalo,Mivalo,20090813,Mivalo,0.7187526,True,mannelijk,volwassen,algemeen Nederlands,n/a,studiomicrofoon,48000
Mivalo,Mivalo,20090813,Mivalo,0.6470099,True,mannelijk,volwassen,algemeen Nederlands,n/a,studiomicrofoon,48000
MSypkensSmit,MSypkensSmit,20080802,MSypkensSmit,0.78813004,True,mannelijk,volwassen,algemeen Nederlands,n/a,headsetmicrofoon,48000
MSypkensSmit,MSypkensSmit,20080802,MSypkensSmit,0.7502621,True,mannelijk,volwassen,algemeen Nederlands,n/a,headsetmicrofoon,48000
MSypkensSmit,MSypkensSmit,20080802,MSypkensSmit,0.7192483,True,mannelijk,volwassen,algemeen Nederlands,n/a,headsetmicrofoon,48000
MSypkensSmit,MSypkensSmit,20080802,MSypkensSmit,0.6573613,True,mannelijk,volwassen,algemeen Nederlands,n/a,headsetmicrofoon,48000
MSypkensSmit,MSypkensSmit,20080802,MSypkensSmit,0.7779618,True,mannelijk,volwassen,algemeen Nederlands,n/a,headsetmicrofoon,48000
MSypkensSmit,MSypkensSmit,20080802,MSypkensSmit,0.7593891,True,mannelijk,volwassen,algemeen Nederlands,n/a,headsetmicrofoon,48000
MSypkensSmit,MSypkensSmit,20080802,MSypkensSmit,0.77229387,True,mannelijk,volwassen,algemeen Nederlands,n/a,headsetmicrofoon,48000
MSypkensSmit,MSypkensSmit,20080802,MSypkensSmit,0.7576475,True,mannelijk,volwassen,algemeen Nederlands,n/a,headsetmicrofoon,48000
MSypkensSmit,MSypkensSmit,20080802,MSypkensSmit,0.7394684,True,mannelijk,volwassen,algemeen Nederlands,n/a,headsetmicrofoon,48000
MSypkensSmit,MSypkensSmit,20080802,MSypkensSmit,0.7228067,True,mannelijk,volwassen,algemeen Nederlands,n/a,headsetmicrofoon,48000
MSypkensSmit,MSypkensSmit,20080802,MSypkensSmit,0.77489334,True,mannelijk,volwassen,algemeen Nederlands,n/a,headsetmicrofoon,48000
MSypkensSmit,MSypkensSmit,20080802,MSypkensSmit,0.7358872,True,mannelijk,volwassen,algemeen Nederlands,n/a,headsetmicrofoon,48000
MSypkensSmit,MSypkensSmit,20080802,MSypkensSmit,0.67763376,True,mannelijk,volwassen,algemeen Nederlands,n/a,headsetmicrofoon,48000
MSypkensSmit,MSypkensSmit,20080802,MSypkensSmit,0.7460964,True,mannelijk,volwassen,algemeen Nederlands,n/a,headsetmicrofoon,48000
MSypkensSmit,MSypkensSmit,20080802,MSypkensSmit,0.7155272,True,mannelijk,volwassen,algemeen Nederlands,n/a,headsetmicrofoon,48000
MSypkensSmit,MSypkensSmit,20080802,MSypkensSmit,0.73330534,True,mannelijk,volwassen,algemeen Nederlands,n/a,headsetmicrofoon,48000
MSypkensSmit,MSypkensSmit,20080802,MSypkensSmit,0.7383096,True,mannelijk,volwassen,algemeen Nederlands,n/a,headsetmicrofoon,48000
MSypkensSmit,MSypkensSmit,20080802,MSypkensSmit,0.67309177,True,mannelijk,volwassen,algemeen Nederlands,n/a,headsetmicrofoon,48000
MSypkensSmit,MSypkensSmit,20080802,MSypkensSmit,0.7104206,True,mannelijk,volwassen,algemeen Nederlands,n/a,headsetmicrofoon,48000
MSypkensSmit,MSypkensSmit,20080802,MSypkensSmit,0.7663756,True,mannelijk,volwassen,algemeen Nederlands,n/a,headsetmicrofoon,48000
MSypkensSmit,MSypkensSmit,20080802,MSypkensSmit,0.70639336,True,mannelijk,volwassen,algemeen Nederlands,n/a,headsetmicrofoon,48000
MSypkensSmit,MSypkensSmit,20080802,MSypkensSmit,0.7203543,True,mannelijk,volwassen,algemeen Nederlands,n/a,headsetmicrofoon,48000
MSypkensSmit,MSypkensSmit,20080802,MSypkensSmit,0.62159026,True,mannelijk,volwassen,algemeen Nederlands,n/a,headsetmicrofoon,48000
MSypkensSmit,MSypkensSmit,20080802,MSypkensSmit,0.75464296,True,mannelijk,volwassen,algemeen Nederlands,n/a,headsetmicrofoon,48000
MSypkensSmit,MSypkensSmit,20080802,MSypkensSmit,0.70675075,True,mannelijk,volwassen,algemeen Nederlands,n/a,headsetmicrofoon,48000
MSypkensSmit,MSypkensSmit,20080802,MSypkensSmit,0.65874326,True,mannelijk,volwassen,algemeen Nederlands,n/a,headsetmicrofoon,48000
MSypkensSmit,MSypkensSmit,20080802,MSypkensSmit,0.7562245,True,mannelijk,volwassen,algemeen Nederlands,n/a,headsetmicrofoon,48000
MSypkensSmit,MSypkensSmit,20080802,MSypkensSmit,0.7051253,True,mannelijk,volwassen,algemeen Nederlands,n/a,headsetmicrofoon,48000
MSypkensSmit,MSypkensSmit,20080802,MSypkensSmit,0.70133436,True,mannelijk,volwassen,algemeen Nederlands,n/a,headsetmicrofoon,48000
MSypkensSmit,MSypkensSmit,20080802,MSypkensSmit,0.72463197,True,mannelijk,volwassen,algemeen Nederlands,n/a,headsetmicrofoon,48000
MSypkensSmit,MSypkensSmit,20080802,MSypkensSmit,0.68517506,True,mannelijk,volwassen,algemeen Nederlands,n/a,headsetmicrofoon,48000
MSypkensSmit,MSypkensSmit,20080802,MSypkensSmit,0.6506208,True,mannelijk,volwassen,algemeen Nederlands,n/a,headsetmicrofoon,48000
MSypkensSmit,MSypkensSmit,20080802,MSypkensSmit,0.6811451,True,mannelijk,volwassen,algemeen Nederlands,n/a,headsetmicrofoon,48000
MSypkensSmit,MSypkensSmit,20080802,MSypkensSmit,0.713261,True,mannelijk,volwassen,algemeen Nederlands,n/a,headsetmicrofoon,48000
MSypkensSmit,MSypkensSmit,20080802,MSypkensSmit,0.7542662,True,mannelijk,volwassen,algemeen Nederlands,n/a,headsetmicrofoon,48000
MSypkensSmit,MSypkensSmit,20080802,MSypkensSmit,0.74228644,True,mannelijk,volwassen,algemeen Nederlands,n/a,headsetmicrofoon,48000
MSypkensSmit,MSypkensSmit,20080802,MSypkensSmit,0.8040359,True,mannelijk,volwassen,algemeen Nederlands,n/a,headsetmicrofoon,48000
MSypkensSmit,MSypkensSmit,20080802,MSypkensSmit,0.598408,True,mannelijk,volwassen,algemeen Nederlands,n/a,headsetmicrofoon,48000
MSypkensSmit,MSypkensSmit,20080802,MSypkensSmit,0.647797,True,mannelijk,volwassen,algemeen Nederlands,n/a,headsetmicrofoon,48000
MSypkensSmit,MSypkensSmit,20080802,MSypkensSmit,0.64046663,True,mannelijk,volwassen,algemeen Nederlands,n/a,headsetmicrofoon,48000
MSypkensSmit,MSypkensSmit,20080802,MSypkensSmit,0.59051543,True,mannelijk,volwassen,algemeen Nederlands,n/a,headsetmicrofoon,48000
MSypkensSmit,MSypkensSmit,20080802,MSypkensSmit,0.48352957,True,mannelijk,volwassen,algemeen Nederlands,n/a,headsetmicrofoon,48000
MSypkensSmit,MSypkensSmit,20080802,MSypkensSmit,0.5698497,True,mannelijk,volwassen,algemeen Nederlands,n/a,headsetmicrofoon,48000
MSypkensSmit,MSypkensSmit,20080802,MSypkensSmit,0.4156165,True,mannelijk,volwassen,algemeen Nederlands,n/a,headsetmicrofoon,48000
MSypkensSmit,MSypkensSmit,20080802,MSypkensSmit,0.55516076,True,mannelijk,volwassen,algemeen Nederlands,n/a,headsetmicrofoon,48000
MSypkensSmit,MSypkensSmit,20080802,MSypkensSmit,0.58526087,True,mannelijk,volwassen,algemeen Nederlands,n/a,headsetmicrofoon,48000
MSypkensSmit,MSypkensSmit,20080802,MSypkensSmit,0.67203593,True,mannelijk,volwassen,algemeen Nederlands,n/a,headsetmicrofoon,48000
MSypkensSmit,MSypkensSmit,20080802,MSypkensSmit,0.69055104,True,mannelijk,volwassen,algemeen Nederlands,n/a,headsetmicrofoon,48000
MSypkensSmit,MSypkensSmit,20080802,MSypkensSmit,0.6100776,True,mannelijk,volwassen,algemeen Nederlands,n/a,headsetmicrofoon,48000
MSypkensSmit,MSypkensSmit,20080802,MSypkensSmit,0.618539,True,mannelijk,volwassen,algemeen Nederlands,n/a,headsetmicrofoon,48000
MSypkensSmit,MSypkensSmit,20080802,MSypkensSmit,0.6635034,True,mannelijk,volwassen,algemeen Nederlands,n/a,headsetmicrofoon,48000
MSypkensSmit,MSypkensSmit,20080802,MSypkensSmit,0.60896254,True,mannelijk,volwassen,algemeen Nederlands,n/a,headsetmicrofoon,48000
MSypkensSmit,MSypkensSmit,20080802,MSypkensSmit,0.704664,True,mannelijk,volwassen,algemeen Nederlands,n/a,headsetmicrofoon,48000
MSypkensSmit,MSypkensSmit,20080802,MSypkensSmit,0.584321,True,mannelijk,volwassen,algemeen Nederlands,n/a,headsetmicrofoon,48000
MSypkensSmit,MSypkensSmit,20080802,MSypkensSmit,0.6995435,True,mannelijk,volwassen,algemeen Nederlands,n/a,headsetmicrofoon,48000
MSypkensSmit,MSypkensSmit,20080802,MSypkensSmit,0.6953058,True,mannelijk,volwassen,algemeen Nederlands,n/a,headsetmicrofoon,48000
MSypkensSmit,MSypkensSmit,20080802,MSypkensSmit,0.63883036,True,mannelijk,volwassen,algemeen Nederlands,n/a,headsetmicrofoon,48000
MSypkensSmit,MSypkensSmit,20080802,MSypkensSmit,0.6384915,True,mannelijk,volwassen,algemeen Nederlands,n/a,headsetmicrofoon,48000
MSypkensSmit,MSypkensSmit,20080802,MSypkensSmit,0.48644185,True,mannelijk,volwassen,algemeen Nederlands,n/a,headsetmicrofoon,48000
MSypkensSmit,MSypkensSmit,20080802,MSypkensSmit,0.6575054,True,mannelijk,volwassen,algemeen Nederlands,n/a,headsetmicrofoon,48000
MSypkensSmit,MSypkensSmit,20080802,MSypkensSmit,0.57319087,True,mannelijk,volwassen,algemeen Nederlands,n/a,headsetmicrofoon,48000
MSypkensSmit,MSypkensSmit,20080802,MSypkensSmit,0.46914965,True,mannelijk,volwassen,algemeen Nederlands,n/a,headsetmicrofoon,48000
MSypkensSmit,MSypkensSmit,20080802,MSypkensSmit,0.5959742,True,mannelijk,volwassen,algemeen Nederlands,n/a,headsetmicrofoon,48000
MSypkensSmit,MSypkensSmit,20080802,MSypkensSmit,0.546671,True,mannelijk,volwassen,algemeen Nederlands,n/a,headsetmicrofoon,48000
MSypkensSmit,MSypkensSmit,20080802,MSypkensSmit,0.601214,True,mannelijk,volwassen,algemeen Nederlands,n/a,headsetmicrofoon,48000
MSypkensSmit,MSypkensSmit,20080802,MSypkensSmit,0.4439587,True,mannelijk,volwassen,algemeen Nederlands,n/a,headsetmicrofoon,48000
MSypkensSmit,MSypkensSmit,20080802,MSypkensSmit,0.5530319,True,mannelijk,volwassen,algemeen Nederlands,n/a,headsetmicrofoon,48000
MSypkensSmit,MSypkensSmit,20080802,MSypkensSmit,0.6209543,True,mannelijk,volwassen,algemeen Nederlands,n/a,headsetmicrofoon,48000
MSypkensSmit,MSypkensSmit,20080802,MSypkensSmit,0.5668438,True,mannelijk,volwassen,algemeen Nederlands,n/a,headsetmicrofoon,48000
MSypkensSmit,MSypkensSmit,20080802,MSypkensSmit,0.5644636,True,mannelijk,volwassen,algemeen Nederlands,n/a,headsetmicrofoon,48000
MSypkensSmit,MSypkensSmit,20080802,MSypkensSmit,0.62606084,True,mannelijk,volwassen,algemeen Nederlands,n/a,headsetmicrofoon,48000
MSypkensSmit,MSypkensSmit,20080802,MSypkensSmit,0.5536641,True,mannelijk,volwassen,algemeen Nederlands,n/a,headsetmicrofoon,48000
MSypkensSmit,MSypkensSmit,20080802,MSypkensSmit,0.6999675,True,mannelijk,volwassen,algemeen Nederlands,n/a,headsetmicrofoon,48000
MSypkensSmit,MSypkensSmit,20080802,MSypkensSmit,0.66355836,True,mannelijk,volwassen,algemeen Nederlands,n/a,headsetmicrofoon,48000
MSypkensSmit,MSypkensSmit,20080802,MSypkensSmit,0.56925565,True,mannelijk,volwassen,algemeen Nederlands,n/a,headsetmicrofoon,48000
MSypkensSmit,MSypkensSmit,20080802,MSypkensSmit,0.4955598,True,mannelijk,volwassen,algemeen Nederlands,n/a,headsetmicrofoon,48000
MSypkensSmit,MSypkensSmit,20080802,MSypkensSmit,0.6502549,True,mannelijk,volwassen,algemeen Nederlands,n/a,headsetmicrofoon,48000
MSypkensSmit,MSypkensSmit,20080802,MSypkensSmit,0.64244497,True,mannelijk,volwassen,algemeen Nederlands,n/a,headsetmicrofoon,48000
MSypkensSmit,MSypkensSmit,20080802,MSypkensSmit,0.6117152,True,mannelijk,volwassen,algemeen Nederlands,n/a,headsetmicrofoon,48000
MSypkensSmit,MSypkensSmit,20080802,MSypkensSmit,0.6130345,True,mannelijk,volwassen,algemeen Nederlands,n/a,headsetmicrofoon,48000
MSypkensSmit,MSypkensSmit,20080802,MSypkensSmit,0.48314783,True,mannelijk,volwassen,algemeen Nederlands,n/a,headsetmicrofoon,48000
MSypkensSmit,MSypkensSmit,20080802,MSypkensSmit,0.43218657,True,mannelijk,volwassen,algemeen Nederlands,n/a,headsetmicrofoon,48000
MSypkensSmit,MSypkensSmit,20080802,MSypkensSmit,0.56691414,True,mannelijk,volwassen,algemeen Nederlands,n/a,headsetmicrofoon,48000
MSypkensSmit,MSypkensSmit,20080802,MSypkensSmit,0.52060556,True,mannelijk,volwassen,algemeen Nederlands,n/a,headsetmicrofoon,48000
MSypkensSmit,MSypkensSmit,20080802,MSypkensSmit,0.47888336,True,mannelijk,volwassen,algemeen Nederlands,n/a,headsetmicrofoon,48000
MSypkensSmit,MSypkensSmit,20080802,MSypkensSmit,0.5126842,True,mannelijk,volwassen,algemeen Nederlands,n/a,headsetmicrofoon,48000
MSypkensSmit,MSypkensSmit,20080802,MSypkensSmit,0.4742574,True,mannelijk,volwassen,algemeen Nederlands,n/a,headsetmicrofoon,48000
MSypkensSmit,MSypkensSmit,20080802,MSypkensSmit,0.44643697,True,mannelijk,volwassen,algemeen Nederlands,n/a,headsetmicrofoon,48000
MSypkensSmit,MSypkensSmit,20080802,MSypkensSmit,0.5597812,True,mannelijk,volwassen,algemeen Nederlands,n/a,headsetmicrofoon,48000
MSypkensSmit,MSypkensSmit,20080802,MSypkensSmit,0.63645697,True,mannelijk,volwassen,algemeen Nederlands,n/a,headsetmicrofoon,48000
MSypkensSmit,MSypkensSmit,20080802,MSypkensSmit,0.5636853,True,mannelijk,volwassen,algemeen Nederlands,n/a,headsetmicrofoon,48000
MSypkensSmit,MSypkensSmit,20080802,MSypkensSmit,0.6163726,True,mannelijk,volwassen,algemeen Nederlands,n/a,headsetmicrofoon,48000
MSypkensSmit,MSypkensSmit,20080802,MSypkensSmit,0.67799956,True,mannelijk,volwassen,algemeen Nederlands,n/a,headsetmicrofoon,48000
MSypkensSmit,MSypkensSmit,20080802,MSypkensSmit,0.64521956,True,mannelijk,volwassen,algemeen Nederlands,n/a,headsetmicrofoon,48000
MSypkensSmit,MSypkensSmit,20080802,MSypkensSmit,0.6402854,True,mannelijk,volwassen,algemeen Nederlands,n/a,headsetmicrofoon,48000
MSypkensSmit,MSypkensSmit,20080802,MSypkensSmit,0.5786452,True,mannelijk,volwassen,algemeen Nederlands,n/a,headsetmicrofoon,48000
MSypkensSmit,MSypkensSmit,20080802,MSypkensSmit,0.62360454,True,mannelijk,volwassen,algemeen Nederlands,n/a,headsetmicrofoon,48000
MSypkensSmit,MSypkensSmit,20080802,MSypkensSmit,0.60123754,True,mannelijk,volwassen,algemeen Nederlands,n/a,headsetmicrofoon,48000
MSypkensSmit,MSypkensSmit,20080802,MSypkensSmit,0.65605736,True,mannelijk,volwassen,algemeen Nederlands,n/a,headsetmicrofoon,48000
MSypkensSmit,MSypkensSmit,20080802,MSypkensSmit,0.6554872,True,mannelijk,volwassen,algemeen Nederlands,n/a,headsetmicrofoon,48000
MSypkensSmit,MSypkensSmit,20080802,MSypkensSmit,0.6080693,True,mannelijk,volwassen,algemeen Nederlands,n/a,headsetmicrofoon,48000
MSypkensSmit,MSypkensSmit,20080802,MSypkensSmit,0.6474936,True,mannelijk,volwassen,algemeen Nederlands,n/a,headsetmicrofoon,48000
MSypkensSmit,MSypkensSmit,20080802,MSypkensSmit,0.66813433,True,mannelijk,volwassen,algemeen Nederlands,n/a,headsetmicrofoon,48000
MSypkensSmit,MSypkensSmit,20080802,MSypkensSmit,0.72459364,True,mannelijk,volwassen,algemeen Nederlands,n/a,headsetmicrofoon,48000
MSypkensSmit,MSypkensSmit,20080802,MSypkensSmit,0.6656687,True,mannelijk,volwassen,algemeen Nederlands,n/a,headsetmicrofoon,48000
MSypkensSmit,MSypkensSmit,20080802,MSypkensSmit,0.7066921,True,mannelijk,volwassen,algemeen Nederlands,n/a,headsetmicrofoon,48000
MSypkensSmit,MSypkensSmit,20080802,MSypkensSmit,0.6384032,True,mannelijk,volwassen,algemeen Nederlands,n/a,headsetmicrofoon,48000
MSypkensSmit,MSypkensSmit,20080802,MSypkensSmit,0.6556989,True,mannelijk,volwassen,algemeen Nederlands,n/a,headsetmicrofoon,48000
MSypkensSmit,MSypkensSmit,20080802,MSypkensSmit,0.73341197,True,mannelijk,volwassen,algemeen Nederlands,n/a,headsetmicrofoon,48000
MSypkensSmit,MSypkensSmit,20080802,MSypkensSmit,0.5495685,True,mannelijk,volwassen,algemeen Nederlands,n/a,headsetmicrofoon,48000
MSypkensSmit,MSypkensSmit,20080802,MSypkensSmit,0.5740518,True,mannelijk,volwassen,algemeen Nederlands,n/a,headsetmicrofoon,48000
MSypkensSmit,MSypkensSmit,20080802,MSypkensSmit,0.65214777,True,mannelijk,volwassen,algemeen Nederlands,n/a,headsetmicrofoon,48000
MSypkensSmit,MSypkensSmit,20080802,MSypkensSmit,0.53702104,True,mannelijk,volwassen,algemeen Nederlands,n/a,headsetmicrofoon,48000
MSypkensSmit,MSypkensSmit,20080802,MSypkensSmit,0.4340874,True,mannelijk,volwassen,algemeen Nederlands,n/a,headsetmicrofoon,48000
MSypkensSmit,MSypkensSmit,20080802,MSypkensSmit,0.5534227,True,mannelijk,volwassen,algemeen Nederlands,n/a,headsetmicrofoon,48000
MSypkensSmit,MSypkensSmit,20080802,MSypkensSmit,0.55416703,True,mannelijk,volwassen,algemeen Nederlands,n/a,headsetmicrofoon,48000
MSypkensSmit,MSypkensSmit,20080504,linforcer,0.44598976,False,mannelijk,volwassen,algemeen Nederlands,n/a,headsetmicrofoon,48000
MSypkensSmit,MSypkensSmit,20080802,MSypkensSmit,0.5414448,True,mannelijk,volwassen,algemeen Nederlands,n/a,headsetmicrofoon,48000
MSypkensSmit,MSypkensSmit,20080802,MSypkensSmit,0.52452797,True,mannelijk,volwassen,algemeen Nederlands,n/a,headsetmicrofoon,48000
MSypkensSmit,MSypkensSmit,20080802,MSypkensSmit,0.53775346,True,mannelijk,volwassen,algemeen Nederlands,n/a,headsetmicrofoon,48000
MSypkensSmit,MSypkensSmit,20080802,MSypkensSmit,0.39363432,True,mannelijk,volwassen,algemeen Nederlands,n/a,headsetmicrofoon,48000
MSypkensSmit,MSypkensSmit,20080802,MSypkensSmit,0.53749436,True,mannelijk,volwassen,algemeen Nederlands,n/a,headsetmicrofoon,48000
MSypkensSmit,MSypkensSmit,20080802,MSypkensSmit,0.60503197,True,mannelijk,volwassen,algemeen Nederlands,n/a,headsetmicrofoon,48000
MSypkensSmit,MSypkensSmit,20080802,MSypkensSmit,0.56333923,True,mannelijk,volwassen,algemeen Nederlands,n/a,headsetmicrofoon,48000
MSypkensSmit,MSypkensSmit,20080802,MSypkensSmit,0.50090206,True,mannelijk,volwassen,algemeen Nederlands,n/a,headsetmicrofoon,48000
MSypkensSmit,MSypkensSmit,20080802,MSypkensSmit,0.56633145,True,mannelijk,volwassen,algemeen Nederlands,n/a,headsetmicrofoon,48000
MSypkensSmit,MSypkensSmit,20080802,MSypkensSmit,0.56199384,True,mannelijk,volwassen,algemeen Nederlands,n/a,headsetmicrofoon,48000
MSypkensSmit,MSypkensSmit,20080802,MSypkensSmit,0.6138065,True,mannelijk,volwassen,algemeen Nederlands,n/a,headsetmicrofoon,48000
MSypkensSmit,MSypkensSmit,20080802,MSypkensSmit,0.59629655,True,mannelijk,volwassen,algemeen Nederlands,n/a,headsetmicrofoon,48000
MSypkensSmit,MSypkensSmit,20080802,MSypkensSmit,0.5413009,True,mannelijk,volwassen,algemeen Nederlands,n/a,headsetmicrofoon,48000
MSypkensSmit,MSypkensSmit,20080802,MSypkensSmit,0.4712612,True,mannelijk,volwassen,algemeen Nederlands,n/a,headsetmicrofoon,48000
MSypkensSmit,MSypkensSmit,20080802,MSypkensSmit,0.55636054,True,mannelijk,volwassen,algemeen Nederlands,n/a,headsetmicrofoon,48000
MSypkensSmit,MSypkensSmit,20080504,linforcer,0.5002034,False,mannelijk,volwassen,algemeen Nederlands,n/a,headsetmicrofoon,48000
MSypkensSmit,MSypkensSmit,20080802,MSypkensSmit,0.6203591,True,mannelijk,volwassen,algemeen Nederlands,n/a,headsetmicrofoon,48000
MSypkensSmit,MSypkensSmit,20080802,MSypkensSmit,0.56059563,True,mannelijk,volwassen,algemeen Nederlands,n/a,headsetmicrofoon,48000
MSypkensSmit,MSypkensSmit,20080802,MSypkensSmit,0.5091069,True,mannelijk,volwassen,algemeen Nederlands,n/a,headsetmicrofoon,48000
MSypkensSmit,MSypkensSmit,20080802,MSypkensSmit,0.57542413,True,mannelijk,volwassen,algemeen Nederlands,n/a,headsetmicrofoon,48000
MSypkensSmit,MSypkensSmit,20080802,MSypkensSmit,0.59081805,True,mannelijk,volwassen,algemeen Nederlands,n/a,headsetmicrofoon,48000
MSypkensSmit,MSypkensSmit,20080802,MSypkensSmit,0.5614926,True,mannelijk,volwassen,algemeen Nederlands,n/a,headsetmicrofoon,48000
MSypkensSmit,MSypkensSmit,20080802,MSypkensSmit,0.56168014,True,mannelijk,volwassen,algemeen Nederlands,n/a,headsetmicrofoon,48000
MSypkensSmit,MSypkensSmit,20080802,MSypkensSmit,0.62297237,True,mannelijk,volwassen,algemeen Nederlands,n/a,headsetmicrofoon,48000
MSypkensSmit,MSypkensSmit,20080802,MSypkensSmit,0.60864735,True,mannelijk,volwassen,algemeen Nederlands,n/a,headsetmicrofoon,48000
MSypkensSmit,MSypkensSmit,20080802,MSypkensSmit,0.66880184,True,mannelijk,volwassen,algemeen Nederlands,n/a,headsetmicrofoon,48000
MSypkensSmit,MSypkensSmit,20080802,MSypkensSmit,0.68347955,True,mannelijk,volwassen,algemeen Nederlands,n/a,headsetmicrofoon,48000
MSypkensSmit,MSypkensSmit,20080802,MSypkensSmit,0.6948615,True,mannelijk,volwassen,algemeen Nederlands,n/a,headsetmicrofoon,48000
MSypkensSmit,MSypkensSmit,20080802,MSypkensSmit,0.6363809,True,mannelijk,volwassen,algemeen Nederlands,n/a,headsetmicrofoon,48000
MSypkensSmit,MSypkensSmit,20080802,MSypkensSmit,0.6777171,True,mannelijk,volwassen,algemeen Nederlands,n/a,headsetmicrofoon,48000
MSypkensSmit,MSypkensSmit,20080802,MSypkensSmit,0.6021176,True,mannelijk,volwassen,algemeen Nederlands,n/a,headsetmicrofoon,48000
MSypkensSmit,MSypkensSmit,20080802,MSypkensSmit,0.6707339,True,mannelijk,volwassen,algemeen Nederlands,n/a,headsetmicrofoon,48000
MSypkensSmit,MSypkensSmit,20080802,MSypkensSmit,0.6224912,True,mannelijk,volwassen,algemeen Nederlands,n/a,headsetmicrofoon,48000
MSypkensSmit,MSypkensSmit,20080802,MSypkensSmit,0.5742965,True,mannelijk,volwassen,algemeen Nederlands,n/a,headsetmicrofoon,48000
MSypkensSmit,MSypkensSmit,20080802,MSypkensSmit,0.6354054,True,mannelijk,volwassen,algemeen Nederlands,n/a,headsetmicrofoon,48000
MSypkensSmit,MSypkensSmit,20080802,MSypkensSmit,0.73464835,True,mannelijk,volwassen,algemeen Nederlands,n/a,headsetmicrofoon,48000
MSypkensSmit,MSypkensSmit,20080802,MSypkensSmit,0.62446797,True,mannelijk,volwassen,algemeen Nederlands,n/a,headsetmicrofoon,48000
MSypkensSmit,MSypkensSmit,20080802,MSypkensSmit,0.66775644,True,mannelijk,volwassen,algemeen Nederlands,n/a,headsetmicrofoon,48000
MSypkensSmit,MSypkensSmit,20080802,MSypkensSmit,0.5111741,True,mannelijk,volwassen,algemeen Nederlands,n/a,headsetmicrofoon,48000
MSypkensSmit,MSypkensSmit,20080802,MSypkensSmit,0.60266054,True,mannelijk,volwassen,algemeen Nederlands,n/a,headsetmicrofoon,48000
MSypkensSmit,MSypkensSmit,20080802,MSypkensSmit,0.67004347,True,mannelijk,volwassen,algemeen Nederlands,n/a,headsetmicrofoon,48000
MSypkensSmit,MSypkensSmit,20080802,MSypkensSmit,0.64413244,True,mannelijk,volwassen,algemeen Nederlands,n/a,headsetmicrofoon,48000
MSypkensSmit,MSypkensSmit,20080802,MSypkensSmit,0.66735256,True,mannelijk,volwassen,algemeen Nederlands,n/a,headsetmicrofoon,48000
MSypkensSmit,MSypkensSmit,20080802,MSypkensSmit,0.6731156,True,mannelijk,volwassen,algemeen Nederlands,n/a,headsetmicrofoon,48000
MSypkensSmit,MSypkensSmit,20080802,MSypkensSmit,0.6029092,True,mannelijk,volwassen,algemeen Nederlands,n/a,headsetmicrofoon,48000
MSypkensSmit,MSypkensSmit,20080802,MSypkensSmit,0.56907046,True,mannelijk,volwassen,algemeen Nederlands,n/a,headsetmicrofoon,48000
MSypkensSmit,MSypkensSmit,20080802,MSypkensSmit,0.57394063,True,mannelijk,volwassen,algemeen Nederlands,n/a,headsetmicrofoon,48000
MSypkensSmit,MSypkensSmit,20080802,MSypkensSmit,0.46296036,True,mannelijk,volwassen,algemeen Nederlands,n/a,headsetmicrofoon,48000
MSypkensSmit,MSypkensSmit,20080802,MSypkensSmit,0.5439036,True,mannelijk,volwassen,algemeen Nederlands,n/a,headsetmicrofoon,48000
MSypkensSmit,MSypkensSmit,20080802,MSypkensSmit,0.67391,True,mannelijk,volwassen,algemeen Nederlands,n/a,headsetmicrofoon,48000
MSypkensSmit,MSypkensSmit,20080802,MSypkensSmit,0.5571904,True,mannelijk,volwassen,algemeen Nederlands,n/a,headsetmicrofoon,48000
mw,mw,20080616,mw,0.50231564,True,vrouwelijk,volwassen,Zuidoostelijk,n/a,headsetmicrofoon,48000
mw,mw,20080616,mw,0.59946597,True,vrouwelijk,volwassen,Zuidoostelijk,n/a,headsetmicrofoon,48000
MSypkensSmit,MSypkensSmit,20080802,MSypkensSmit,0.57934,True,mannelijk,volwassen,algemeen Nederlands,n/a,headsetmicrofoon,48000
mw,mw,20080616,mw,0.7164178,True,vrouwelijk,volwassen,Zuidoostelijk,n/a,headsetmicrofoon,48000
mw,mw,20080616,mw,0.5416372,True,vrouwelijk,volwassen,Zuidoostelijk,n/a,headsetmicrofoon,48000
mw,mw,20080616,mw,0.67909455,True,vrouwelijk,volwassen,Zuidoostelijk,n/a,headsetmicrofoon,48000
mw,mw,20080616,mw,0.7355448,True,vrouwelijk,volwassen,Zuidoostelijk,n/a,headsetmicrofoon,48000
mw,mw,20080616,mw,0.60243094,True,vrouwelijk,volwassen,Zuidoostelijk,n/a,headsetmicrofoon,48000
mw,mw,20080616,mw,0.7147847,True,vrouwelijk,volwassen,Zuidoostelijk,n/a,headsetmicrofoon,48000
mw,mw,20080616,mw,0.56674284,True,vrouwelijk,volwassen,Zuidoostelijk,n/a,headsetmicrofoon,48000
mw,mw,20080616,mw,0.6840012,True,vrouwelijk,volwassen,Zuidoostelijk,n/a,headsetmicrofoon,48000
mw,mw,20080616,mw,0.5168703,True,vrouwelijk,volwassen,Zuidoostelijk,n/a,headsetmicrofoon,48000
mw,mw,20080616,mw,0.6086017,True,vrouwelijk,volwassen,Zuidoostelijk,n/a,headsetmicrofoon,48000
mw,mw,20080616,mw,0.6298121,True,vrouwelijk,volwassen,Zuidoostelijk,n/a,headsetmicrofoon,48000
mw,mw,20080616,mw,0.6176902,True,vrouwelijk,volwassen,Zuidoostelijk,n/a,headsetmicrofoon,48000
mw,mw,20080616,mw,0.558967,True,vrouwelijk,volwassen,Zuidoostelijk,n/a,headsetmicrofoon,48000
mw,mw,20080616,mw,0.7509482,True,vrouwelijk,volwassen,Zuidoostelijk,n/a,headsetmicrofoon,48000
mw,mw,20080616,mw,0.67561126,True,vrouwelijk,volwassen,Zuidoostelijk,n/a,headsetmicrofoon,48000
mw,mw,20080616,mw,0.5710949,True,vrouwelijk,volwassen,Zuidoostelijk,n/a,headsetmicrofoon,48000
mw,mw,20080616,mw,0.7697581,True,vrouwelijk,volwassen,Zuidoostelijk,n/a,headsetmicrofoon,48000
mw,mw,20080404,jillis,0.39894444,False,vrouwelijk,volwassen,Zuidoostelijk,n/a,headsetmicrofoon,48000
mw,mw,20080616,mw,0.46184894,True,vrouwelijk,volwassen,Zuidoostelijk,n/a,headsetmicrofoon,48000
mw,mw,20080909,floor,0.46097553,False,vrouwelijk,volwassen,Zuidoostelijk,n/a,headsetmicrofoon,48000
mw,mw,20080616,mw,0.53704476,True,vrouwelijk,volwassen,Zuidoostelijk,n/a,headsetmicrofoon,48000
mw,mw,20080909,floor,0.55780506,False,vrouwelijk,volwassen,Zuidoostelijk,n/a,headsetmicrofoon,48000
mw,mw,20080302,ruth,0.45921278,False,vrouwelijk,volwassen,Zuidoostelijk,n/a,headsetmicrofoon,48000
mw,mw,20080909,floor,0.49250808,False,vrouwelijk,volwassen,Zuidoostelijk,n/a,headsetmicrofoon,48000
mw,mw,20080404,jillis,0.52921796,False,vrouwelijk,volwassen,Zuidoostelijk,n/a,headsetmicrofoon,48000
mw,mw,20080909,floor,0.5461122,False,vrouwelijk,volwassen,Zuidoostelijk,n/a,headsetmicrofoon,48000
mw,mw,20080909,floor,0.5252139,False,vrouwelijk,volwassen,Zuidoostelijk,n/a,headsetmicrofoon,48000
NL,NL,dano,NL,0.59846807,True,unknown,unknown,unknown,n/a,unknown,48000
NL,NL,20090617,asda,0.55317605,False,unknown,unknown,unknown,n/a,unknown,48000
NL,NL,20080301,dano,0.6347561,False,unknown,unknown,unknown,n/a,unknown,48000
NL,NL,20080301,dano,0.72145677,False,unknown,unknown,unknown,n/a,unknown,48000
NL,NL,20090617,asda,0.57533985,False,unknown,unknown,unknown,n/a,unknown,48000
NL,NL,20080301,dano,0.6374047,False,unknown,unknown,unknown,n/a,unknown,48000
NL,NL,20090617,asda,0.6107451,False,unknown,unknown,unknown,n/a,unknown,48000
NL,NL,20080301,dano,0.70397747,False,unknown,unknown,unknown,n/a,unknown,48000
NL,NL,20080301,dano,0.68565595,False,unknown,unknown,unknown,n/a,unknown,48000
nvthielen,nvthielen,20130913,nvthielen,0.4949565,True,mannelijk,volwassen,algemeen Nederlands,n/a,studiomicrofoon,48000
nvthielen,nvthielen,20130913,nvthielen,0.5796872,True,mannelijk,volwassen,algemeen Nederlands,n/a,studiomicrofoon,48000
nvthielen,nvthielen,20130913,nvthielen,0.32147372,True,mannelijk,volwassen,algemeen Nederlands,n/a,studiomicrofoon,48000
nvthielen,nvthielen,20130913,nvthielen,0.52311724,True,mannelijk,volwassen,algemeen Nederlands,n/a,studiomicrofoon,48000
nvthielen,nvthielen,20130913,nvthielen,0.4539755,True,mannelijk,volwassen,algemeen Nederlands,n/a,studiomicrofoon,48000
nvthielen,nvthielen,20130913,nvthielen,0.47968704,True,mannelijk,volwassen,algemeen Nederlands,n/a,studiomicrofoon,48000
nvthielen,nvthielen,20130913,nvthielen,0.44598064,True,mannelijk,volwassen,algemeen Nederlands,n/a,studiomicrofoon,48000
nvthielen,nvthielen,20130913,nvthielen,0.48215795,True,mannelijk,volwassen,algemeen Nederlands,n/a,studiomicrofoon,48000
nvthielen,nvthielen,20130913,nvthielen,0.52286637,True,mannelijk,volwassen,algemeen Nederlands,n/a,studiomicrofoon,48000
nvthielen,nvthielen,20140212,SvenKortekaas,0.33508348,False,mannelijk,volwassen,algemeen Nederlands,n/a,studiomicrofoon,48000
nvthielen,nvthielen,20080404,jillis,0.26969343,False,mannelijk,volwassen,algemeen Nederlands,n/a,studiomicrofoon,48000
nvthielen,nvthielen,20140212,SvenKortekaas,0.36503315,False,mannelijk,volwassen,algemeen Nederlands,n/a,studiomicrofoon,48000
nvthielen,nvthielen,20120318,roelof,0.26881033,False,mannelijk,volwassen,algemeen Nederlands,n/a,studiomicrofoon,48000
nvthielen,nvthielen,20140212,SvenKortekaas,0.23458448,False,mannelijk,volwassen,algemeen Nederlands,n/a,studiomicrofoon,48000
nvthielen,nvthielen,20080606,jan,0.30984575,False,mannelijk,volwassen,algemeen Nederlands,n/a,studiomicrofoon,48000
nvthielen,nvthielen,20140212,SvenKortekaas,0.30783316,False,mannelijk,volwassen,algemeen Nederlands,n/a,studiomicrofoon,48000
nvthielen,nvthielen,20090423,Gerwin,0.31634957,False,mannelijk,volwassen,algemeen Nederlands,n/a,studiomicrofoon,48000
nvthielen,nvthielen,20130913,nvthielen,0.40957,True,mannelijk,volwassen,algemeen Nederlands,n/a,studiomicrofoon,48000
nvthielen,nvthielen,20130913,nvthielen,0.34481728,True,mannelijk,volwassen,algemeen Nederlands,n/a,studiomicrofoon,48000
nvthielen,nvthielen,20130913,nvthielen,0.4818752,True,mannelijk,volwassen,algemeen Nederlands,n/a,studiomicrofoon,48000
nvthielen,nvthielen,20130913,nvthielen,0.51243794,True,mannelijk,volwassen,algemeen Nederlands,n/a,studiomicrofoon,48000
nvthielen,nvthielen,20130913,nvthielen,0.43924445,True,mannelijk,volwassen,algemeen Nederlands,n/a,studiomicrofoon,48000
nvthielen,nvthielen,20130913,nvthielen,0.42909738,True,mannelijk,volwassen,algemeen Nederlands,n/a,studiomicrofoon,48000
nvthielen,nvthielen,20130913,nvthielen,0.5127112,True,mannelijk,volwassen,algemeen Nederlands,n/a,studiomicrofoon,48000
nvthielen,nvthielen,20130913,nvthielen,0.386875,True,mannelijk,volwassen,algemeen Nederlands,n/a,studiomicrofoon,48000
nvthielen,nvthielen,20130913,nvthielen,0.36694497,True,mannelijk,volwassen,algemeen Nederlands,n/a,studiomicrofoon,48000
nvthielen,nvthielen,20130913,nvthielen,0.37294245,True,mannelijk,volwassen,algemeen Nederlands,n/a,studiomicrofoon,48000
nvthielen,nvthielen,20080301,dano,0.15608758,False,mannelijk,volwassen,algemeen Nederlands,n/a,studiomicrofoon,48000
nvthielen,nvthielen,20110311,GJSUU,0.300646,False,mannelijk,volwassen,algemeen Nederlands,n/a,studiomicrofoon,48000
nvthielen,nvthielen,20080605,Blackdrive,0.22982723,False,mannelijk,volwassen,algemeen Nederlands,n/a,studiomicrofoon,48000
nvthielen,nvthielen,20090826,jonas,0.16091947,False,mannelijk,volwassen,algemeen Nederlands,n/a,studiomicrofoon,48000
nvthielen,nvthielen,20140228,Yannis,0.3610046,False,mannelijk,volwassen,algemeen Nederlands,n/a,studiomicrofoon,48000
nvthielen,nvthielen,20080711,Robin,0.26182967,False,mannelijk,volwassen,algemeen Nederlands,n/a,studiomicrofoon,48000
nvthielen,nvthielen,20160115,tomasf,0.26424292,False,mannelijk,volwassen,algemeen Nederlands,n/a,studiomicrofoon,48000
nvthielen,nvthielen,20130913,nvthielen,0.33193392,True,mannelijk,volwassen,algemeen Nederlands,n/a,studiomicrofoon,48000
nvthielen,nvthielen,20130913,nvthielen,0.3363756,True,mannelijk,volwassen,algemeen Nederlands,n/a,studiomicrofoon,48000
nvthielen,nvthielen,20160115,tomasf,0.3143779,False,mannelijk,volwassen,algemeen Nederlands,n/a,studiomicrofoon,48000
nvthielen,nvthielen,20080711,Robin,0.25655946,False,mannelijk,volwassen,algemeen Nederlands,n/a,studiomicrofoon,48000
nvthielen,nvthielen,20160115,tomasf,0.39421654,False,mannelijk,volwassen,algemeen Nederlands,n/a,studiomicrofoon,48000
nvthielen,nvthielen,20130913,nvthielen,0.36559036,True,mannelijk,volwassen,algemeen Nederlands,n/a,studiomicrofoon,48000
nvthielen,nvthielen,20130913,nvthielen,0.47950232,True,mannelijk,volwassen,algemeen Nederlands,n/a,studiomicrofoon,48000
nvthielen,nvthielen,20130913,nvthielen,0.38686642,True,mannelijk,volwassen,algemeen Nederlands,n/a,studiomicrofoon,48000
nvthielen,nvthielen,20130913,nvthielen,0.5014814,True,mannelijk,volwassen,algemeen Nederlands,n/a,studiomicrofoon,48000
nvthielen,nvthielen,20140212,SvenKortekaas,0.37981468,False,mannelijk,volwassen,algemeen Nederlands,n/a,studiomicrofoon,48000
nvthielen,nvthielen,20130913,nvthielen,0.43164003,True,mannelijk,volwassen,algemeen Nederlands,n/a,studiomicrofoon,48000
nvthielen,nvthielen,20130913,nvthielen,0.3759474,True,mannelijk,volwassen,algemeen Nederlands,n/a,studiomicrofoon,48000
nvthielen,nvthielen,20130913,nvthielen,0.40460926,True,mannelijk,volwassen,algemeen Nederlands,n/a,studiomicrofoon,48000
nvthielen,nvthielen,20130913,nvthielen,0.3690309,True,mannelijk,volwassen,algemeen Nederlands,n/a,studiomicrofoon,48000
nvthielen,nvthielen,20130913,nvthielen,0.4714624,True,mannelijk,volwassen,algemeen Nederlands,n/a,studiomicrofoon,48000
nvthielen,nvthielen,20130913,nvthielen,0.4438221,True,mannelijk,volwassen,algemeen Nederlands,n/a,studiomicrofoon,48000
nvthielen,nvthielen,20081203,jokohoko,0.30852222,False,mannelijk,volwassen,algemeen Nederlands,n/a,studiomicrofoon,48000
nvthielen,nvthielen,20081128,Hansje1980,0.39996326,False,mannelijk,volwassen,algemeen Nederlands,n/a,studiomicrofoon,48000
nvthielen,nvthielen,20110311,GJSUU,0.36173907,False,mannelijk,volwassen,algemeen Nederlands,n/a,studiomicrofoon,48000
nvthielen,nvthielen,20130913,nvthielen,0.3373548,True,mannelijk,volwassen,algemeen Nederlands,n/a,studiomicrofoon,48000
nvthielen,nvthielen,20130913,nvthielen,0.42608088,True,mannelijk,volwassen,algemeen Nederlands,n/a,studiomicrofoon,48000
nvthielen,nvthielen,20110305,gjsuu,0.38517594,False,mannelijk,volwassen,algemeen Nederlands,n/a,studiomicrofoon,48000
nvthielen,nvthielen,20120930,Pleytos,0.42950392,False,mannelijk,volwassen,algemeen Nederlands,n/a,studiomicrofoon,48000
nvthielen,nvthielen,20130913,nvthielen,0.44214153,True,mannelijk,volwassen,algemeen Nederlands,n/a,studiomicrofoon,48000
nvthielen,nvthielen,20130913,nvthielen,0.45392272,True,mannelijk,volwassen,algemeen Nederlands,n/a,studiomicrofoon,48000
nvthielen,nvthielen,20120329,xatr,0.35818398,False,mannelijk,volwassen,algemeen Nederlands,n/a,studiomicrofoon,48000
nvthielen,nvthielen,20130913,nvthielen,0.46282202,True,mannelijk,volwassen,algemeen Nederlands,n/a,studiomicrofoon,48000
nvthielen,nvthielen,20120930,Pleytos,0.3606037,False,mannelijk,volwassen,algemeen Nederlands,n/a,studiomicrofoon,48000
nvthielen,nvthielen,20130913,nvthielen,0.4096763,True,mannelijk,volwassen,algemeen Nederlands,n/a,studiomicrofoon,48000
nvthielen,nvthielen,04032016,xymedia,0.38036054,False,mannelijk,volwassen,algemeen Nederlands,n/a,studiomicrofoon,48000
nvthielen,nvthielen,20130913,nvthielen,0.47110757,True,mannelijk,volwassen,algemeen Nederlands,n/a,studiomicrofoon,48000
nvthielen,nvthielen,20090813,Mivalo,0.36302027,False,mannelijk,volwassen,algemeen Nederlands,n/a,studiomicrofoon,48000
nvthielen,nvthielen,20130913,nvthielen,0.3885988,True,mannelijk,volwassen,algemeen Nederlands,n/a,studiomicrofoon,48000
nvthielen,nvthielen,20130913,nvthielen,0.5216686,True,mannelijk,volwassen,algemeen Nederlands,n/a,studiomicrofoon,48000
nvthielen,nvthielen,20130913,nvthielen,0.4012615,True,mannelijk,volwassen,algemeen Nederlands,n/a,studiomicrofoon,48000
nvthielen,nvthielen,20130913,nvthielen,0.44226333,True,mannelijk,volwassen,algemeen Nederlands,n/a,studiomicrofoon,48000
nvthielen,nvthielen,20130913,nvthielen,0.4253208,True,mannelijk,volwassen,algemeen Nederlands,n/a,studiomicrofoon,48000
nvthielen,nvthielen,20130913,nvthielen,0.4534544,True,mannelijk,volwassen,algemeen Nederlands,n/a,studiomicrofoon,48000
nvthielen,nvthielen,20130913,nvthielen,0.30739778,True,mannelijk,volwassen,algemeen Nederlands,n/a,studiomicrofoon,48000
nvthielen,nvthielen,20130913,nvthielen,0.5198544,True,mannelijk,volwassen,algemeen Nederlands,n/a,studiomicrofoon,48000
nvthielen,nvthielen,20130913,nvthielen,0.40674937,True,mannelijk,volwassen,algemeen Nederlands,n/a,studiomicrofoon,48000
nvthielen,nvthielen,20130913,nvthielen,0.46358836,True,mannelijk,volwassen,algemeen Nederlands,n/a,studiomicrofoon,48000
nvthielen,nvthielen,20080605,Blackdrive,0.22193278,False,mannelijk,volwassen,algemeen Nederlands,n/a,studiomicrofoon,48000
nvthielen,nvthielen,20081203,jokohoko,0.2602087,False,mannelijk,volwassen,algemeen Nederlands,n/a,studiomicrofoon,48000
nvthielen,nvthielen,20120318,roelof,0.11604287,False,mannelijk,volwassen,algemeen Nederlands,n/a,studiomicrofoon,48000
nvthielen,nvthielen,20140415,zzzax,0.26928556,False,mannelijk,volwassen,algemeen Nederlands,n/a,studiomicrofoon,48000
nvthielen,nvthielen,20081018,Dano,0.41080812,False,mannelijk,volwassen,algemeen Nederlands,n/a,studiomicrofoon,48000
nvthielen,nvthielen,20081022,JaricFjodorowBelarus,0.28497285,False,mannelijk,volwassen,algemeen Nederlands,n/a,studiomicrofoon,48000
nvthielen,nvthielen,20130913,nvthielen,0.43587995,True,mannelijk,volwassen,algemeen Nederlands,n/a,studiomicrofoon,48000
nvthielen,nvthielen,20130913,nvthielen,0.52202845,True,mannelijk,volwassen,algemeen Nederlands,n/a,studiomicrofoon,48000
nvthielen,nvthielen,20130913,nvthielen,0.5705271,True,mannelijk,volwassen,algemeen Nederlands,n/a,studiomicrofoon,48000
nvthielen,nvthielen,20130913,nvthielen,0.50275886,True,mannelijk,volwassen,algemeen Nederlands,n/a,studiomicrofoon,48000
nvthielen,nvthielen,20081018,Dano,0.40653688,False,mannelijk,volwassen,algemeen Nederlands,n/a,studiomicrofoon,48000
nvthielen,nvthielen,20130913,nvthielen,0.42456397,True,mannelijk,volwassen,algemeen Nederlands,n/a,studiomicrofoon,48000
nvthielen,nvthielen,20130913,nvthielen,0.543493,True,mannelijk,volwassen,algemeen Nederlands,n/a,studiomicrofoon,48000
nvthielen,nvthielen,20130913,nvthielen,0.41269165,True,mannelijk,volwassen,algemeen Nederlands,n/a,studiomicrofoon,48000
nvthielen,nvthielen,20081203,jokohoko,0.2345782,False,mannelijk,volwassen,algemeen Nederlands,n/a,studiomicrofoon,48000
nvthielen,nvthielen,20090826,jonas,0.30741102,False,mannelijk,volwassen,algemeen Nederlands,n/a,studiomicrofoon,48000
nvthielen,nvthielen,20110311,GJSUU,0.24417399,False,mannelijk,volwassen,algemeen Nederlands,n/a,studiomicrofoon,48000
nvthielen,nvthielen,20081203,jokohoko,0.2535357,False,mannelijk,volwassen,algemeen Nederlands,n/a,studiomicrofoon,48000
nvthielen,nvthielen,20170510,kevin,0.34774283,False,mannelijk,volwassen,algemeen Nederlands,n/a,studiomicrofoon,48000
nvthielen,nvthielen,20080220,jonascms,0.28171653,False,mannelijk,volwassen,algemeen Nederlands,n/a,studiomicrofoon,48000
nvthielen,nvthielen,20080120,anonymous,0.34325653,False,mannelijk,volwassen,algemeen Nederlands,n/a,studiomicrofoon,48000
nvthielen,nvthielen,20080302,JohanLingen,0.30748665,False,mannelijk,volwassen,algemeen Nederlands,n/a,studiomicrofoon,48000
nvthielen,nvthielen,20130913,nvthielen,0.29614854,True,mannelijk,volwassen,algemeen Nederlands,n/a,studiomicrofoon,48000
nvthielen,nvthielen,20130913,nvthielen,0.3120572,True,mannelijk,volwassen,algemeen Nederlands,n/a,studiomicrofoon,48000
nvthielen,nvthielen,20110305,gjsuu,0.35042107,False,mannelijk,volwassen,algemeen Nederlands,n/a,studiomicrofoon,48000
nvthielen,nvthielen,20160115,tomasf,0.31714827,False,mannelijk,volwassen,algemeen Nederlands,n/a,studiomicrofoon,48000
nvthielen,nvthielen,20130913,nvthielen,0.35864586,True,mannelijk,volwassen,algemeen Nederlands,n/a,studiomicrofoon,48000
nvthielen,nvthielen,dano,NL,0.2712134,False,mannelijk,volwassen,algemeen Nederlands,n/a,studiomicrofoon,48000
nvthielen,nvthielen,20140228,Yannis,0.2821856,False,mannelijk,volwassen,algemeen Nederlands,n/a,studiomicrofoon,48000
nvthielen,nvthielen,20080711,Robin,0.34223115,False,mannelijk,volwassen,algemeen Nederlands,n/a,studiomicrofoon,48000
nvthielen,nvthielen,20130913,nvthielen,0.37566513,True,mannelijk,volwassen,algemeen Nederlands,n/a,studiomicrofoon,48000
nvthielen,nvthielen,20080220,jonascms,0.30917415,False,mannelijk,volwassen,algemeen Nederlands,n/a,studiomicrofoon,48000
nvthielen,nvthielen,20090423,Gerwin,0.3538627,False,mannelijk,volwassen,algemeen Nederlands,n/a,studiomicrofoon,48000
nvthielen,nvthielen,20080302,JohanLingen,0.31837386,False,mannelijk,volwassen,algemeen Nederlands,n/a,studiomicrofoon,48000
nvthielen,nvthielen,20090629,Sjiel2,0.3997336,False,mannelijk,volwassen,algemeen Nederlands,n/a,studiomicrofoon,48000
nvthielen,nvthielen,20120318,roelof,0.3315075,False,mannelijk,volwassen,algemeen Nederlands,n/a,studiomicrofoon,48000
nvthielen,nvthielen,20130913,nvthielen,0.31030247,True,mannelijk,volwassen,algemeen Nederlands,n/a,studiomicrofoon,48000
nvthielen,nvthielen,20140228,Yannis,0.37210262,False,mannelijk,volwassen,algemeen Nederlands,n/a,studiomicrofoon,48000
nvthielen,nvthielen,20130913,nvthielen,0.45468417,True,mannelijk,volwassen,algemeen Nederlands,n/a,studiomicrofoon,48000
nvthielen,nvthielen,20130913,nvthielen,0.41107547,True,mannelijk,volwassen,algemeen Nederlands,n/a,studiomicrofoon,48000
nvthielen,nvthielen,20130913,nvthielen,0.35446945,True,mannelijk,volwassen,algemeen Nederlands,n/a,studiomicrofoon,48000
nvthielen,nvthielen,20130913,nvthielen,0.40390456,True,mannelijk,volwassen,algemeen Nederlands,n/a,studiomicrofoon,48000
nvthielen,nvthielen,20130913,nvthielen,0.51794744,True,mannelijk,volwassen,algemeen Nederlands,n/a,studiomicrofoon,48000
nvthielen,nvthielen,20130913,nvthielen,0.54142344,True,mannelijk,volwassen,algemeen Nederlands,n/a,studiomicrofoon,48000
nvthielen,nvthielen,20080606,jan,0.34633592,False,mannelijk,volwassen,algemeen Nederlands,n/a,studiomicrofoon,48000
nvthielen,nvthielen,20130913,nvthielen,0.39263868,True,mannelijk,volwassen,algemeen Nederlands,n/a,studiomicrofoon,48000
nvthielen,nvthielen,20130913,nvthielen,0.41320062,True,mannelijk,volwassen,algemeen Nederlands,n/a,studiomicrofoon,48000
nvthielen,nvthielen,20130913,nvthielen,0.41841784,True,mannelijk,volwassen,algemeen Nederlands,n/a,studiomicrofoon,48000
nvthielen,nvthielen,20130913,nvthielen,0.48722568,True,mannelijk,volwassen,algemeen Nederlands,n/a,studiomicrofoon,48000
nvthielen,nvthielen,20130913,nvthielen,0.3868669,True,mannelijk,volwassen,algemeen Nederlands,n/a,studiomicrofoon,48000
nvthielen,nvthielen,20130913,nvthielen,0.47809714,True,mannelijk,volwassen,algemeen Nederlands,n/a,studiomicrofoon,48000
nvthielen,nvthielen,20130913,nvthielen,0.51933706,True,mannelijk,volwassen,algemeen Nederlands,n/a,studiomicrofoon,48000
nvthielen,nvthielen,20130913,nvthielen,0.33061898,True,mannelijk,volwassen,algemeen Nederlands,n/a,studiomicrofoon,48000
nvthielen,nvthielen,20130913,nvthielen,0.48813936,True,mannelijk,volwassen,algemeen Nederlands,n/a,studiomicrofoon,48000
nvthielen,nvthielen,20130913,nvthielen,0.42225087,True,mannelijk,volwassen,algemeen Nederlands,n/a,studiomicrofoon,48000
nvthielen,nvthielen,20130913,nvthielen,0.48406714,True,mannelijk,volwassen,algemeen Nederlands,n/a,studiomicrofoon,48000
nvthielen,nvthielen,20130913,nvthielen,0.47229546,True,mannelijk,volwassen,algemeen Nederlands,n/a,studiomicrofoon,48000
nvthielen,nvthielen,20130913,nvthielen,0.41777062,True,mannelijk,volwassen,algemeen Nederlands,n/a,studiomicrofoon,48000
nvthielen,nvthielen,20130913,nvthielen,0.44973278,True,mannelijk,volwassen,algemeen Nederlands,n/a,studiomicrofoon,48000
nvthielen,nvthielen,20130527,Pattattezak,0.27950507,False,mannelijk,volwassen,algemeen Nederlands,n/a,studiomicrofoon,48000
nvthielen,nvthielen,20081128,Hansje1980,0.45828786,False,mannelijk,volwassen,algemeen Nederlands,n/a,studiomicrofoon,48000
nvthielen,nvthielen,20130913,nvthielen,0.43773592,True,mannelijk,volwassen,algemeen Nederlands,n/a,studiomicrofoon,48000
nvthielen,nvthielen,20081128,Hansje1980,0.4416409,False,mannelijk,volwassen,algemeen Nederlands,n/a,studiomicrofoon,48000
nvthielen,nvthielen,20160115,tomasf,0.32269335,False,mannelijk,volwassen,algemeen Nederlands,n/a,studiomicrofoon,48000
nvthielen,nvthielen,20130913,nvthielen,0.46575162,True,mannelijk,volwassen,algemeen Nederlands,n/a,studiomicrofoon,48000
nvthielen,nvthielen,20130913,nvthielen,0.49044883,True,mannelijk,volwassen,algemeen Nederlands,n/a,studiomicrofoon,48000
nvthielen,nvthielen,20130913,nvthielen,0.5594851,True,mannelijk,volwassen,algemeen Nederlands,n/a,studiomicrofoon,48000
nvthielen,nvthielen,20130913,nvthielen,0.3898338,True,mannelijk,volwassen,algemeen Nederlands,n/a,studiomicrofoon,48000
nvthielen,nvthielen,20130913,nvthielen,0.3532433,True,mannelijk,volwassen,algemeen Nederlands,n/a,studiomicrofoon,48000
nvthielen,nvthielen,20130913,nvthielen,0.43964356,True,mannelijk,volwassen,algemeen Nederlands,n/a,studiomicrofoon,48000
nvthielen,nvthielen,20130913,nvthielen,0.5151519,True,mannelijk,volwassen,algemeen Nederlands,n/a,studiomicrofoon,48000
nvthielen,nvthielen,20130913,nvthielen,0.4440739,True,mannelijk,volwassen,algemeen Nederlands,n/a,studiomicrofoon,48000
nvthielen,nvthielen,20130913,nvthielen,0.4032648,True,mannelijk,volwassen,algemeen Nederlands,n/a,studiomicrofoon,48000
nvthielen,nvthielen,20130913,nvthielen,0.4407366,True,mannelijk,volwassen,algemeen Nederlands,n/a,studiomicrofoon,48000
nvthielen,nvthielen,20130913,nvthielen,0.42066908,True,mannelijk,volwassen,algemeen Nederlands,n/a,studiomicrofoon,48000
nvthielen,nvthielen,20130913,nvthielen,0.426004,True,mannelijk,volwassen,algemeen Nederlands,n/a,studiomicrofoon,48000
nvthielen,nvthielen,20130913,nvthielen,0.49319053,True,mannelijk,volwassen,algemeen Nederlands,n/a,studiomicrofoon,48000
nvthielen,nvthielen,20130913,nvthielen,0.41186348,True,mannelijk,volwassen,algemeen Nederlands,n/a,studiomicrofoon,48000
nvthielen,nvthielen,20130913,nvthielen,0.4978419,True,mannelijk,volwassen,algemeen Nederlands,n/a,studiomicrofoon,48000
nvthielen,nvthielen,20110305,gjsuu,0.3805011,False,mannelijk,volwassen,algemeen Nederlands,n/a,studiomicrofoon,48000
nvthielen,nvthielen,20130913,nvthielen,0.4444412,True,mannelijk,volwassen,algemeen Nederlands,n/a,studiomicrofoon,48000
nvthielen,nvthielen,20130913,nvthielen,0.47963843,True,mannelijk,volwassen,algemeen Nederlands,n/a,studiomicrofoon,48000
nvthielen,nvthielen,20130913,nvthielen,0.33776575,True,mannelijk,volwassen,algemeen Nederlands,n/a,studiomicrofoon,48000
nvthielen,nvthielen,20130913,nvthielen,0.33622235,True,mannelijk,volwassen,algemeen Nederlands,n/a,studiomicrofoon,48000
nvthielen,nvthielen,20130913,nvthielen,0.48822904,True,mannelijk,volwassen,algemeen Nederlands,n/a,studiomicrofoon,48000
nvthielen,nvthielen,20080806,VIstaus,0.33201683,False,mannelijk,volwassen,algemeen Nederlands,n/a,studiomicrofoon,48000
nvthielen,nvthielen,20081128,Hansje1980,0.3096668,False,mannelijk,volwassen,algemeen Nederlands,n/a,studiomicrofoon,48000
nvthielen,nvthielen,20140702,rhpv,0.19535807,False,mannelijk,volwassen,algemeen Nederlands,n/a,studiomicrofoon,48000
nvthielen,nvthielen,20120318,roelof,0.28051513,False,mannelijk,volwassen,algemeen Nederlands,n/a,studiomicrofoon,48000
nvthielen,nvthielen,20090322,rickvanderzwet,0.2254203,False,mannelijk,volwassen,algemeen Nederlands,n/a,studiomicrofoon,48000
nvthielen,nvthielen,20120318,roelof,0.3242999,False,mannelijk,volwassen,algemeen Nederlands,n/a,studiomicrofoon,48000
nvthielen,nvthielen,20080302,JohanLingen,0.34105152,False,mannelijk,volwassen,algemeen Nederlands,n/a,studiomicrofoon,48000
nvthielen,nvthielen,20120318,roelof,0.34090626,False,mannelijk,volwassen,algemeen Nederlands,n/a,studiomicrofoon,48000
nvthielen,nvthielen,20120318,roelof,0.45485473,False,mannelijk,volwassen,algemeen Nederlands,n/a,studiomicrofoon,48000
nvthielen,nvthielen,20160115,tomasf,0.30014485,False,mannelijk,volwassen,algemeen Nederlands,n/a,studiomicrofoon,48000
nvthielen,nvthielen,20140212,SvenKortekaas,0.31487688,False,mannelijk,volwassen,algemeen Nederlands,n/a,studiomicrofoon,48000
nvthielen,nvthielen,20130913,nvthielen,0.31590652,True,mannelijk,volwassen,algemeen Nederlands,n/a,studiomicrofoon,48000
nvthielen,nvthielen,20140212,SvenKortekaas,0.37462538,False,mannelijk,volwassen,algemeen Nederlands,n/a,studiomicrofoon,48000
nvthielen,nvthielen,20110311,GJSUU,0.29599065,False,mannelijk,volwassen,algemeen Nederlands,n/a,studiomicrofoon,48000
nvthielen,nvthielen,20130913,nvthielen,0.44924906,True,mannelijk,volwassen,algemeen Nederlands,n/a,studiomicrofoon,48000
nvthielen,nvthielen,20130913,nvthielen,0.4167224,True,mannelijk,volwassen,algemeen Nederlands,n/a,studiomicrofoon,48000
nvthielen,nvthielen,20130913,nvthielen,0.5593535,True,mannelijk,volwassen,algemeen Nederlands,n/a,studiomicrofoon,48000
nvthielen,nvthielen,20130913,nvthielen,0.5575981,True,mannelijk,volwassen,algemeen Nederlands,n/a,studiomicrofoon,48000
nvthielen,nvthielen,20130913,nvthielen,0.5591073,True,mannelijk,volwassen,algemeen Nederlands,n/a,studiomicrofoon,48000
nvthielen,nvthielen,20130913,nvthielen,0.49626356,True,mannelijk,volwassen,algemeen Nederlands,n/a,studiomicrofoon,48000
nvthielen,nvthielen,20130913,nvthielen,0.40479204,True,mannelijk,volwassen,algemeen Nederlands,n/a,studiomicrofoon,48000
nvthielen,nvthielen,20130913,nvthielen,0.41335377,True,mannelijk,volwassen,algemeen Nederlands,n/a,studiomicrofoon,48000
nvthielen,nvthielen,20130913,nvthielen,0.36470476,True,mannelijk,volwassen,algemeen Nederlands,n/a,studiomicrofoon,48000
nvthielen,nvthielen,20130913,nvthielen,0.4645453,True,mannelijk,volwassen,algemeen Nederlands,n/a,studiomicrofoon,48000
nvthielen,nvthielen,20080606,jan,0.25104794,False,mannelijk,volwassen,algemeen Nederlands,n/a,studiomicrofoon,48000
nvthielen,nvthielen,20111018,hdeboo,0.34990534,False,mannelijk,volwassen,algemeen Nederlands,n/a,studiomicrofoon,48000
nvthielen,nvthielen,20111018,hdeboo,0.18527031,False,mannelijk,volwassen,algemeen Nederlands,n/a,studiomicrofoon,48000
nvthielen,nvthielen,20111021,bravoman,0.2011638,False,mannelijk,volwassen,algemeen Nederlands,n/a,studiomicrofoon,48000
nvthielen,nvthielen,20130913,nvthielen,0.36265594,True,mannelijk,volwassen,algemeen Nederlands,n/a,studiomicrofoon,48000
nvthielen,nvthielen,20090629,Sjiel2,0.3778425,False,mannelijk,volwassen,algemeen Nederlands,n/a,studiomicrofoon,48000
nvthielen,nvthielen,20130913,nvthielen,0.46491963,True,mannelijk,volwassen,algemeen Nederlands,n/a,studiomicrofoon,48000
nvthielen,nvthielen,20130913,nvthielen,0.31256402,True,mannelijk,volwassen,algemeen Nederlands,n/a,studiomicrofoon,48000
nvthielen,nvthielen,20130913,nvthielen,0.37680864,True,mannelijk,volwassen,algemeen Nederlands,n/a,studiomicrofoon,48000
nvthielen,nvthielen,20130913,nvthielen,0.4531322,True,mannelijk,volwassen,algemeen Nederlands,n/a,studiomicrofoon,48000
nvthielen,nvthielen,20130913,nvthielen,0.4199346,True,mannelijk,volwassen,algemeen Nederlands,n/a,studiomicrofoon,48000
nvthielen,nvthielen,20130913,nvthielen,0.42020944,True,mannelijk,volwassen,algemeen Nederlands,n/a,studiomicrofoon,48000
nvthielen,nvthielen,20090322,rickvanderzwet,0.45785928,False,mannelijk,volwassen,algemeen Nederlands,n/a,studiomicrofoon,48000
nvthielen,nvthielen,20130913,nvthielen,0.27742004,True,mannelijk,volwassen,algemeen Nederlands,n/a,studiomicrofoon,48000
nvthielen,nvthielen,20130913,nvthielen,0.43478113,True,mannelijk,volwassen,algemeen Nederlands,n/a,studiomicrofoon,48000
nvthielen,nvthielen,20160115,tomasf,0.38800865,False,mannelijk,volwassen,algemeen Nederlands,n/a,studiomicrofoon,48000
nvthielen,nvthielen,20080711,Robin,0.34238505,False,mannelijk,volwassen,algemeen Nederlands,n/a,studiomicrofoon,48000
nvthielen,nvthielen,20080711,Robin,0.32661808,False,mannelijk,volwassen,algemeen Nederlands,n/a,studiomicrofoon,48000
nvthielen,nvthielen,20130527,Pattattezak,0.39326566,False,mannelijk,volwassen,algemeen Nederlands,n/a,studiomicrofoon,48000
nvthielen,nvthielen,20080325,Leontje,0.33056766,False,mannelijk,volwassen,algemeen Nederlands,n/a,studiomicrofoon,48000
nvthielen,nvthielen,20091018,Duckie,0.3475572,False,mannelijk,volwassen,algemeen Nederlands,n/a,studiomicrofoon,48000
nvthielen,nvthielen,20090629,Sjiel2,0.32152015,False,mannelijk,volwassen,algemeen Nederlands,n/a,studiomicrofoon,48000
nvthielen,nvthielen,20080909,floor,0.27013662,False,mannelijk,volwassen,algemeen Nederlands,n/a,studiomicrofoon,48000
nvthielen,nvthielen,20170510,kevin,0.3845865,False,mannelijk,volwassen,algemeen Nederlands,n/a,studiomicrofoon,48000
nvthielen,nvthielen,20080205,Ggandyman,0.12903798,False,mannelijk,volwassen,algemeen Nederlands,n/a,studiomicrofoon,48000
nvthielen,nvthielen,20140228,Yannis,0.2886705,False,mannelijk,volwassen,algemeen Nederlands,n/a,studiomicrofoon,48000
nvthielen,nvthielen,20111119,bverhoeff,0.14844862,False,mannelijk,volwassen,algemeen Nederlands,n/a,studiomicrofoon,48000
nvthielen,nvthielen,20090629,Sjiel2,0.24361303,False,mannelijk,volwassen,algemeen Nederlands,n/a,studiomicrofoon,48000
nvthielen,nvthielen,20110311,GJSUU,0.24119322,False,mannelijk,volwassen,algemeen Nederlands,n/a,studiomicrofoon,48000
nvthielen,nvthielen,20081203,jokohoko,0.20419617,False,mannelijk,volwassen,algemeen Nederlands,n/a,studiomicrofoon,48000
nvthielen,nvthielen,20160115,tomasf,0.38549086,False,mannelijk,volwassen,algemeen Nederlands,n/a,studiomicrofoon,48000
nvthielen,nvthielen,20090813,Mivalo,0.3492943,False,mannelijk,volwassen,algemeen Nederlands,n/a,studiomicrofoon,48000
nvthielen,nvthielen,20090813,Mivalo,0.33251056,False,mannelijk,volwassen,algemeen Nederlands,n/a,studiomicrofoon,48000
nvthielen,nvthielen,20090813,Mivalo,0.33614442,False,mannelijk,volwassen,algemeen Nederlands,n/a,studiomicrofoon,48000
nvthielen,nvthielen,20130913,nvthielen,0.40226454,True,mannelijk,volwassen,algemeen Nederlands,n/a,studiomicrofoon,48000
nvthielen,nvthielen,20080606,jan,0.36518273,False,mannelijk,volwassen,algemeen Nederlands,n/a,studiomicrofoon,48000
nvthielen,nvthielen,20080606,jan,0.24586585,False,mannelijk,volwassen,algemeen Nederlands,n/a,studiomicrofoon,48000
nvthielen,nvthielen,20111210,bekr,0.2410888,False,mannelijk,volwassen,algemeen Nederlands,n/a,studiomicrofoon,48000
nvthielen,nvthielen,20081018,Dano,0.24367431,False,mannelijk,volwassen,algemeen Nederlands,n/a,studiomicrofoon,48000
nvthielen,nvthielen,20080606,jan,0.37893185,False,mannelijk,volwassen,algemeen Nederlands,n/a,studiomicrofoon,48000
nvthielen,nvthielen,20090125,jeroen,0.2208423,False,mannelijk,volwassen,algemeen Nederlands,n/a,studiomicrofoon,48000
nvthielen,nvthielen,20130913,nvthielen,0.47352642,True,mannelijk,volwassen,algemeen Nederlands,n/a,studiomicrofoon,48000
nvthielen,nvthielen,20130913,nvthielen,0.46075076,True,mannelijk,volwassen,algemeen Nederlands,n/a,studiomicrofoon,48000
nvthielen,nvthielen,20070823_nl1,robin,0.14357404,False,mannelijk,volwassen,algemeen Nederlands,n/a,studiomicrofoon,48000
nvthielen,nvthielen,20151021,Walter,0.28136304,False,mannelijk,volwassen,algemeen Nederlands,n/a,studiomicrofoon,48000
nvthielen,nvthielen,20090617,Johan,0.24075612,False,mannelijk,volwassen,algemeen Nederlands,n/a,studiomicrofoon,48000
nvthielen,nvthielen,20070823_nl1,robin,0.26267412,False,mannelijk,volwassen,algemeen Nederlands,n/a,studiomicrofoon,48000
nvthielen,nvthielen,20130913,nvthielen,0.48650518,True,mannelijk,volwassen,algemeen Nederlands,n/a,studiomicrofoon,48000
nvthielen,nvthielen,20130913,nvthielen,0.38557515,True,mannelijk,volwassen,algemeen Nederlands,n/a,studiomicrofoon,48000
nvthielen,nvthielen,20130913,nvthielen,0.45841378,True,mannelijk,volwassen,algemeen Nederlands,n/a,studiomicrofoon,48000
nvthielen,nvthielen,20130913,nvthielen,0.5575139,True,mannelijk,volwassen,algemeen Nederlands,n/a,studiomicrofoon,48000
nvthielen,nvthielen,20130527,Pattattezak,0.4069706,False,mannelijk,volwassen,algemeen Nederlands,n/a,studiomicrofoon,48000
nvthielen,nvthielen,20130913,nvthielen,0.34174198,True,mannelijk,volwassen,algemeen Nederlands,n/a,studiomicrofoon,48000
nvthielen,nvthielen,20130913,nvthielen,0.50764185,True,mannelijk,volwassen,algemeen Nederlands,n/a,studiomicrofoon,48000
nvthielen,nvthielen,20130913,nvthielen,0.49555868,True,mannelijk,volwassen,algemeen Nederlands,n/a,studiomicrofoon,48000
nvthielen,nvthielen,20130913,nvthielen,0.37699452,True,mannelijk,volwassen,algemeen Nederlands,n/a,studiomicrofoon,48000
nvthielen,nvthielen,20130913,nvthielen,0.44647485,True,mannelijk,volwassen,algemeen Nederlands,n/a,studiomicrofoon,48000
nvthielen,nvthielen,20130913,nvthielen,0.33814782,True,mannelijk,volwassen,algemeen Nederlands,n/a,studiomicrofoon,48000
nvthielen,nvthielen,20130913,nvthielen,0.49949828,True,mannelijk,volwassen,algemeen Nederlands,n/a,studiomicrofoon,48000
nvthielen,nvthielen,20130913,nvthielen,0.43656224,True,mannelijk,volwassen,algemeen Nederlands,n/a,studiomicrofoon,48000
nvthielen,nvthielen,20130913,nvthielen,0.40864322,True,mannelijk,volwassen,algemeen Nederlands,n/a,studiomicrofoon,48000
nvthielen,nvthielen,20130913,nvthielen,0.4023946,True,mannelijk,volwassen,algemeen Nederlands,n/a,studiomicrofoon,48000
nvthielen,nvthielen,20081128,Hansje1980,0.4830238,False,mannelijk,volwassen,algemeen Nederlands,n/a,studiomicrofoon,48000
nvthielen,nvthielen,20130913,nvthielen,0.42397287,True,mannelijk,volwassen,algemeen Nederlands,n/a,studiomicrofoon,48000
nvthielen,nvthielen,20130913,nvthielen,0.43877512,True,mannelijk,volwassen,algemeen Nederlands,n/a,studiomicrofoon,48000
Pattattezak,Pattattezak,20130527,Pattattezak,0.7395241,True,mannelijk,volwassen,anders,n/a,headsetmicrofoon,48000
Pattattezak,Pattattezak,20130527,Pattattezak,0.53241044,True,mannelijk,volwassen,anders,n/a,headsetmicrofoon,48000
Pattattezak,Pattattezak,20130527,Pattattezak,0.7813786,True,mannelijk,volwassen,anders,n/a,headsetmicrofoon,48000
Pattattezak,Pattattezak,20130527,Pattattezak,0.7079405,True,mannelijk,volwassen,anders,n/a,headsetmicrofoon,48000
Pattattezak,Pattattezak,20130527,Pattattezak,0.7135583,True,mannelijk,volwassen,anders,n/a,headsetmicrofoon,48000
Pattattezak,Pattattezak,20130527,Pattattezak,0.70257187,True,mannelijk,volwassen,anders,n/a,headsetmicrofoon,48000
Pattattezak,Pattattezak,20130527,Pattattezak,0.810565,True,mannelijk,volwassen,anders,n/a,headsetmicrofoon,48000
Pattattezak,Pattattezak,20130527,Pattattezak,0.6853278,True,mannelijk,volwassen,anders,n/a,headsetmicrofoon,48000
Pattattezak,Pattattezak,20130527,Pattattezak,0.5921699,True,mannelijk,volwassen,anders,n/a,headsetmicrofoon,48000
Pattattezak,Pattattezak,20130527,Pattattezak,0.6335225,True,mannelijk,volwassen,anders,n/a,headsetmicrofoon,48000
Pattattezak,Pattattezak,20130527,Pattattezak,0.70678604,True,mannelijk,volwassen,anders,n/a,headsetmicrofoon,48000
Pattattezak,Pattattezak,20130527,Pattattezak,0.63055086,True,mannelijk,volwassen,anders,n/a,headsetmicrofoon,48000
Pattattezak,Pattattezak,20130527,Pattattezak,0.7162527,True,mannelijk,volwassen,anders,n/a,headsetmicrofoon,48000
Pattattezak,Pattattezak,20130527,Pattattezak,0.5938051,True,mannelijk,volwassen,anders,n/a,headsetmicrofoon,48000
Pattattezak,Pattattezak,20130527,Pattattezak,0.7166987,True,mannelijk,volwassen,anders,n/a,headsetmicrofoon,48000
Pattattezak,Pattattezak,20130527,Pattattezak,0.730273,True,mannelijk,volwassen,anders,n/a,headsetmicrofoon,48000
Pattattezak,Pattattezak,20130527,Pattattezak,0.6935559,True,mannelijk,volwassen,anders,n/a,headsetmicrofoon,48000
Pattattezak,Pattattezak,20130527,Pattattezak,0.74694896,True,mannelijk,volwassen,anders,n/a,headsetmicrofoon,48000
Pattattezak,Pattattezak,20130527,Pattattezak,0.63902897,True,mannelijk,volwassen,anders,n/a,headsetmicrofoon,48000
pcmill,pcmill,20180724,pcmill,0.7599523,True,mannelijk,volwassen,algemeen Nederlands,n/a,headsetmicrofoon (USB),48000
pcmill,pcmill,20180724,pcmill,0.8027512,True,mannelijk,volwassen,algemeen Nederlands,n/a,headsetmicrofoon (USB),48000
pcmill,pcmill,20180724,pcmill,0.6609475,True,mannelijk,volwassen,algemeen Nederlands,n/a,headsetmicrofoon (USB),48000
pcmill,pcmill,20180724,pcmill,0.7199136,True,mannelijk,volwassen,algemeen Nederlands,n/a,headsetmicrofoon (USB),48000
pcmill,pcmill,20180724,pcmill,0.7020767,True,mannelijk,volwassen,algemeen Nederlands,n/a,headsetmicrofoon (USB),48000
pcmill,pcmill,20180724,pcmill,0.8088267,True,mannelijk,volwassen,algemeen Nederlands,n/a,headsetmicrofoon (USB),48000
pcmill,pcmill,20180724,pcmill,0.7335882,True,mannelijk,volwassen,algemeen Nederlands,n/a,headsetmicrofoon (USB),48000
pcmill,pcmill,20180724,pcmill,0.6458683,True,mannelijk,volwassen,algemeen Nederlands,n/a,headsetmicrofoon (USB),48000
pcmill,pcmill,20180724,pcmill,0.7688563,True,mannelijk,volwassen,algemeen Nederlands,n/a,headsetmicrofoon (USB),48000
pcmill,pcmill,20180724,pcmill,0.7167942,True,mannelijk,volwassen,algemeen Nederlands,n/a,headsetmicrofoon (USB),48000
pcmill,pcmill,20180724,pcmill,0.7364948,True,mannelijk,volwassen,algemeen Nederlands,n/a,headsetmicrofoon (USB),48000
pcmill,pcmill,20180724,pcmill,0.7242718,True,mannelijk,volwassen,algemeen Nederlands,n/a,headsetmicrofoon (USB),48000
pcmill,pcmill,20180724,pcmill,0.76878035,True,mannelijk,volwassen,algemeen Nederlands,n/a,headsetmicrofoon (USB),48000
pcmill,pcmill,20180724,pcmill,0.72038364,True,mannelijk,volwassen,algemeen Nederlands,n/a,headsetmicrofoon (USB),48000
pcmill,pcmill,20180724,pcmill,0.67052627,True,mannelijk,volwassen,algemeen Nederlands,n/a,headsetmicrofoon (USB),48000
pcmill,pcmill,20180724,pcmill,0.76621884,True,mannelijk,volwassen,algemeen Nederlands,n/a,headsetmicrofoon (USB),48000
pcmill,pcmill,20180724,pcmill,0.76875544,True,mannelijk,volwassen,algemeen Nederlands,n/a,headsetmicrofoon (USB),48000
pcmill,pcmill,20180724,pcmill,0.7819429,True,mannelijk,volwassen,algemeen Nederlands,n/a,headsetmicrofoon (USB),48000
pcmill,pcmill,20180724,pcmill,0.65437776,True,mannelijk,volwassen,algemeen Nederlands,n/a,headsetmicrofoon (USB),48000
pcmill,pcmill,20180724,pcmill,0.7373916,True,mannelijk,volwassen,algemeen Nederlands,n/a,headsetmicrofoon (USB),48000
pcmill,pcmill,20180724,pcmill,0.7542205,True,mannelijk,volwassen,algemeen Nederlands,n/a,headsetmicrofoon (USB),48000
pcmill,pcmill,20180724,pcmill,0.731833,True,mannelijk,volwassen,algemeen Nederlands,n/a,headsetmicrofoon (USB),48000
pcmill,pcmill,20180724,pcmill,0.74181044,True,mannelijk,volwassen,algemeen Nederlands,n/a,headsetmicrofoon (USB),48000
pcmill,pcmill,20180724,pcmill,0.6492244,True,mannelijk,volwassen,algemeen Nederlands,n/a,headsetmicrofoon (USB),48000
pcmill,pcmill,20180724,pcmill,0.82674307,True,mannelijk,volwassen,algemeen Nederlands,n/a,headsetmicrofoon (USB),48000
pcmill,pcmill,20180724,pcmill,0.64116293,True,mannelijk,volwassen,algemeen Nederlands,n/a,headsetmicrofoon (USB),48000
pcmill,pcmill,20180724,pcmill,0.63697183,True,mannelijk,volwassen,algemeen Nederlands,n/a,headsetmicrofoon (USB),48000
pcmill,pcmill,20180724,pcmill,0.728727,True,mannelijk,volwassen,algemeen Nederlands,n/a,headsetmicrofoon (USB),48000
pcmill,pcmill,20180724,pcmill,0.6981801,True,mannelijk,volwassen,algemeen Nederlands,n/a,headsetmicrofoon (USB),48000
peterbeter,peterbeter,20090108,peterbeter,0.6977385,True,mannelijk,senior,algemeen Nederlands,n/a,headsetmicrofoon,48000
peterbeter,peterbeter,20090108,peterbeter,0.72216773,True,mannelijk,senior,algemeen Nederlands,n/a,headsetmicrofoon,48000
peterbeter,peterbeter,20090108,peterbeter,0.70416254,True,mannelijk,senior,algemeen Nederlands,n/a,headsetmicrofoon,48000
peterbeter,peterbeter,20090108,peterbeter,0.6690598,True,mannelijk,senior,algemeen Nederlands,n/a,headsetmicrofoon,48000
peterbeter,peterbeter,20090108,peterbeter,0.73906726,True,mannelijk,senior,algemeen Nederlands,n/a,headsetmicrofoon,48000
peterbeter,peterbeter,20090108,peterbeter,0.7509491,True,mannelijk,senior,algemeen Nederlands,n/a,headsetmicrofoon,48000
peterbeter,peterbeter,20090108,peterbeter,0.61264503,True,mannelijk,senior,algemeen Nederlands,n/a,headsetmicrofoon,48000
peterbeter,peterbeter,20090108,peterbeter,0.67465657,True,mannelijk,senior,algemeen Nederlands,n/a,headsetmicrofoon,48000
peterbeter,peterbeter,20090108,peterbeter,0.7147006,True,mannelijk,senior,algemeen Nederlands,n/a,headsetmicrofoon,48000
peterbeter,peterbeter,20090108,peterbeter,0.7650371,True,mannelijk,senior,algemeen Nederlands,n/a,headsetmicrofoon,48000
peterbeter,peterbeter,20090108,peterbeter,0.50529027,True,mannelijk,senior,algemeen Nederlands,n/a,headsetmicrofoon,48000
peterbeter,peterbeter,20090108,peterbeter,0.7141726,True,mannelijk,senior,algemeen Nederlands,n/a,headsetmicrofoon,48000
peterbeter,peterbeter,20090108,peterbeter,0.6578268,True,mannelijk,senior,algemeen Nederlands,n/a,headsetmicrofoon,48000
peterbeter,peterbeter,20090108,peterbeter,0.559263,True,mannelijk,senior,algemeen Nederlands,n/a,headsetmicrofoon,48000
peterbeter,peterbeter,20090108,peterbeter,0.6941878,True,mannelijk,senior,algemeen Nederlands,n/a,headsetmicrofoon,48000
peterbeter,peterbeter,20090108,peterbeter,0.7923655,True,mannelijk,senior,algemeen Nederlands,n/a,headsetmicrofoon,48000
peterbeter,peterbeter,20090108,peterbeter,0.5736036,True,mannelijk,senior,algemeen Nederlands,n/a,headsetmicrofoon,48000
peterbeter,peterbeter,20090108,peterbeter,0.6660311,True,mannelijk,senior,algemeen Nederlands,n/a,headsetmicrofoon,48000
peterbeter,peterbeter,20090108,peterbeter,0.5331517,True,mannelijk,senior,algemeen Nederlands,n/a,headsetmicrofoon,48000
peterbeter,peterbeter,20090108,peterbeter,0.69927967,True,mannelijk,senior,algemeen Nederlands,n/a,headsetmicrofoon,48000
peterbeter,peterbeter,20090108,peterbeter,0.69498503,True,mannelijk,senior,algemeen Nederlands,n/a,headsetmicrofoon,48000
peterbeter,peterbeter,20090108,peterbeter,0.63698995,True,mannelijk,senior,algemeen Nederlands,n/a,headsetmicrofoon,48000
peterbeter,peterbeter,20090108,peterbeter,0.77617466,True,mannelijk,senior,algemeen Nederlands,n/a,headsetmicrofoon,48000
peterbeter,peterbeter,20090108,peterbeter,0.7669953,True,mannelijk,senior,algemeen Nederlands,n/a,headsetmicrofoon,48000
peterbeter,peterbeter,20090108,peterbeter,0.7765767,True,mannelijk,senior,algemeen Nederlands,n/a,headsetmicrofoon,48000
peterbeter,peterbeter,20090108,peterbeter,0.65335685,True,mannelijk,senior,algemeen Nederlands,n/a,headsetmicrofoon,48000
peterbeter,peterbeter,20090108,peterbeter,0.39971435,True,mannelijk,senior,algemeen Nederlands,n/a,headsetmicrofoon,48000
peterbeter,peterbeter,20090108,peterbeter,0.7036401,True,mannelijk,senior,algemeen Nederlands,n/a,headsetmicrofoon,48000
peterbeter,peterbeter,20090108,peterbeter,0.6551962,True,mannelijk,senior,algemeen Nederlands,n/a,headsetmicrofoon,48000
peterbeter,peterbeter,20090108,peterbeter,0.78124726,True,mannelijk,senior,algemeen Nederlands,n/a,headsetmicrofoon,48000
peterbeter,peterbeter,20090108,peterbeter,0.6687859,True,mannelijk,senior,algemeen Nederlands,n/a,headsetmicrofoon,48000
peterbeter,peterbeter,20090108,peterbeter,0.7067892,True,mannelijk,senior,algemeen Nederlands,n/a,headsetmicrofoon,48000
peterbeter,peterbeter,20090108,peterbeter,0.6642077,True,mannelijk,senior,algemeen Nederlands,n/a,headsetmicrofoon,48000
peterbeter,peterbeter,20090108,peterbeter,0.6271287,True,mannelijk,senior,algemeen Nederlands,n/a,headsetmicrofoon,48000
peterbeter,peterbeter,20090108,peterbeter,0.54861194,True,mannelijk,senior,algemeen Nederlands,n/a,headsetmicrofoon,48000
peterbeter,peterbeter,20090108,peterbeter,0.6782052,True,mannelijk,senior,algemeen Nederlands,n/a,headsetmicrofoon,48000
peterbeter,peterbeter,20090108,peterbeter,0.7208158,True,mannelijk,senior,algemeen Nederlands,n/a,headsetmicrofoon,48000
peterbeter,peterbeter,20090108,peterbeter,0.75267017,True,mannelijk,senior,algemeen Nederlands,n/a,headsetmicrofoon,48000
peterbeter,peterbeter,20090108,peterbeter,0.693606,True,mannelijk,senior,algemeen Nederlands,n/a,headsetmicrofoon,48000
Pleytos,Pleytos,20120930,Pleytos,0.6939403,True,mannelijk,volwassen,Zuidwestelijk,n/a,bureaumicrofoon,48000
Pleytos,Pleytos,20120930,Pleytos,0.60148364,True,mannelijk,volwassen,Zuidwestelijk,n/a,bureaumicrofoon,48000
Pleytos,Pleytos,20120930,Pleytos,0.76690555,True,mannelijk,volwassen,Zuidwestelijk,n/a,bureaumicrofoon,48000
Pleytos,Pleytos,20120930,Pleytos,0.7946227,True,mannelijk,volwassen,Zuidwestelijk,n/a,bureaumicrofoon,48000
Pleytos,Pleytos,20120930,Pleytos,0.75277627,True,mannelijk,volwassen,Zuidwestelijk,n/a,bureaumicrofoon,48000
Pleytos,Pleytos,20120930,Pleytos,0.75193155,True,mannelijk,volwassen,Zuidwestelijk,n/a,bureaumicrofoon,48000
Pleytos,Pleytos,20120930,Pleytos,0.71749115,True,mannelijk,volwassen,Zuidwestelijk,n/a,bureaumicrofoon,48000
Pleytos,Pleytos,20120930,Pleytos,0.72744226,True,mannelijk,volwassen,Zuidwestelijk,n/a,bureaumicrofoon,48000
Pleytos,Pleytos,20120930,Pleytos,0.73872185,True,mannelijk,volwassen,Zuidwestelijk,n/a,bureaumicrofoon,48000
rhpv,rhpv,20140702,rhpv,0.7528444,True,mannelijk,volwassen,algemeen Nederlands,n/a,headsetmicrofoon,48000
rhpv,rhpv,20140702,rhpv,0.7153147,True,mannelijk,volwassen,algemeen Nederlands,n/a,headsetmicrofoon,48000
rhpv,rhpv,20140702,rhpv,0.7383492,True,mannelijk,volwassen,algemeen Nederlands,n/a,headsetmicrofoon,48000
rhpv,rhpv,20140702,rhpv,0.7330805,True,mannelijk,volwassen,algemeen Nederlands,n/a,headsetmicrofoon,48000
rhpv,rhpv,20140702,rhpv,0.75567156,True,mannelijk,volwassen,algemeen Nederlands,n/a,headsetmicrofoon,48000
rhpv,rhpv,20140702,rhpv,0.72900367,True,mannelijk,volwassen,algemeen Nederlands,n/a,headsetmicrofoon,48000
rhpv,rhpv,20140702,rhpv,0.7558878,True,mannelijk,volwassen,algemeen Nederlands,n/a,headsetmicrofoon,48000
rhpv,rhpv,20140702,rhpv,0.7368219,True,mannelijk,volwassen,algemeen Nederlands,n/a,headsetmicrofoon,48000
rhpv,rhpv,20140702,rhpv,0.75258976,True,mannelijk,volwassen,algemeen Nederlands,n/a,headsetmicrofoon,48000
rhpv,rhpv,20140702,rhpv,0.72353375,True,mannelijk,volwassen,algemeen Nederlands,n/a,headsetmicrofoon,48000
rhpv,rhpv,20140702,rhpv,0.72892547,True,mannelijk,volwassen,algemeen Nederlands,n/a,headsetmicrofoon,48000
rhpv,rhpv,20140702,rhpv,0.79518676,True,mannelijk,volwassen,algemeen Nederlands,n/a,headsetmicrofoon,48000
rhpv,rhpv,20140702,rhpv,0.7701405,True,mannelijk,volwassen,algemeen Nederlands,n/a,headsetmicrofoon,48000
rhpv,rhpv,20140702,rhpv,0.74873585,True,mannelijk,volwassen,algemeen Nederlands,n/a,headsetmicrofoon,48000
rhpv,rhpv,20140702,rhpv,0.6684438,True,mannelijk,volwassen,algemeen Nederlands,n/a,headsetmicrofoon,48000
rhpv,rhpv,20140702,rhpv,0.6422066,True,mannelijk,volwassen,algemeen Nederlands,n/a,headsetmicrofoon,48000
rhpv,rhpv,20140702,rhpv,0.6719024,True,mannelijk,volwassen,algemeen Nederlands,n/a,headsetmicrofoon,48000
rhpv,rhpv,20140702,rhpv,0.72798616,True,mannelijk,volwassen,algemeen Nederlands,n/a,headsetmicrofoon,48000
rhpv,rhpv,20140702,rhpv,0.7090451,True,mannelijk,volwassen,algemeen Nederlands,n/a,headsetmicrofoon,48000
rickvanderzwet,rickvanderzwet,20090322,rickvanderzwet,0.4924909,True,mannelijk,volwassen,algemeen Nederlands,n/a,microfoon in laptop,48000
rickvanderzwet,rickvanderzwet,20090322,rickvanderzwet,0.5611716,True,mannelijk,volwassen,algemeen Nederlands,n/a,microfoon in laptop,48000
rickvanderzwet,rickvanderzwet,20090322,rickvanderzwet,0.66123414,True,mannelijk,volwassen,algemeen Nederlands,n/a,microfoon in laptop,48000
rickvanderzwet,rickvanderzwet,20090322,rickvanderzwet,0.7413964,True,mannelijk,volwassen,algemeen Nederlands,n/a,microfoon in laptop,48000
rickvanderzwet,rickvanderzwet,20111210,bekr,0.2825852,False,mannelijk,volwassen,algemeen Nederlands,n/a,microfoon in laptop,48000
rickvanderzwet,rickvanderzwet,20090322,rickvanderzwet,0.50576854,True,mannelijk,volwassen,algemeen Nederlands,n/a,microfoon in laptop,48000
rickvanderzwet,rickvanderzwet,20090322,rickvanderzwet,0.5727513,True,mannelijk,volwassen,algemeen Nederlands,n/a,microfoon in laptop,48000
rickvanderzwet,rickvanderzwet,20111210,bekr,0.40214294,False,mannelijk,volwassen,algemeen Nederlands,n/a,microfoon in laptop,48000
rickvanderzwet,rickvanderzwet,20090322,rickvanderzwet,0.6490356,True,mannelijk,volwassen,algemeen Nederlands,n/a,microfoon in laptop,48000
robin,robin,20070823_nl1,robin,0.7006995,True,male;,,algemeen Nederlands.,,,
robin,robin,20070823_nl1,robin,0.72912097,True,male;,,algemeen Nederlands.,,,
robin,robin,20070823_nl1,robin,0.7796167,True,male;,,algemeen Nederlands.,,,
robin,robin,20070823_nl1,robin,0.67406857,True,male;,,algemeen Nederlands.,,,
robin,robin,20070823_nl1,robin,0.7559606,True,male;,,algemeen Nederlands.,,,
robin,robin,20070823_nl1,robin,0.6314894,True,male;,,algemeen Nederlands.,,,
robin,robin,20070823_nl1,robin,0.7513293,True,male;,,algemeen Nederlands.,,,
robin,robin,20070823_nl1,robin,0.6705715,True,male;,,algemeen Nederlands.,,,
robin,robin,20070823_nl1,robin,0.7070443,True,male;,,algemeen Nederlands.,,,
robin,robin,20070823_nl1,robin,0.6834078,True,male;,,algemeen Nederlands.,,,
robin,robin,20070823_nl1,robin,0.72777164,True,male;,,algemeen Nederlands.,,,
robin,robin,20070823_nl1,robin,0.6722654,True,male;,,algemeen Nederlands.,,,
robin,robin,20070823_nl1,robin,0.69719994,True,male;,,algemeen Nederlands.,,,
robin,robin,20070823_nl1,robin,0.7433971,True,male;,,algemeen Nederlands.,,,
robin,robin,20070823_nl1,robin,0.6365839,True,male;,,algemeen Nederlands.,,,
robin,robin,20070823_nl1,robin,0.7086066,True,male;,,algemeen Nederlands.,,,
robin,robin,20070823_nl1,robin,0.7451929,True,male;,,algemeen Nederlands.,,,
robin,robin,20070823_nl1,robin,0.65063286,True,male;,,algemeen Nederlands.,,,
robin,robin,20070823_nl1,robin,0.7096026,True,male;,,algemeen Nederlands.,,,
robin,robin,20070823_nl1,robin,0.6813022,True,male;,,algemeen Nederlands.,,,
robin,robin,20070823_nl1,robin,0.63794005,True,male;,,algemeen Nederlands.,,,
robin,robin,20070823_nl1,robin,0.66451776,True,male;,,algemeen Nederlands.,,,
robin,robin,20070823_nl1,robin,0.7450814,True,male;,,algemeen Nederlands.,,,
robin,robin,20070823_nl1,robin,0.6548859,True,male;,,algemeen Nederlands.,,,
robin,robin,20070823_nl1,robin,0.6138176,True,male;,,algemeen Nederlands.,,,
robin,robin,20070823_nl1,robin,0.67819095,True,male;,,algemeen Nederlands.,,,
robin,robin,20070823_nl1,robin,0.69772905,True,male;,,algemeen Nederlands.,,,
robin,robin,20070823_nl1,robin,0.78064454,True,male;,,algemeen Nederlands.,,,
robin,robin,20070823_nl1,robin,0.7479159,True,male;,,algemeen Nederlands.,,,
robin,robin,20070823_nl1,robin,0.73016524,True,male;,,algemeen Nederlands.,,,
robin,robin,20070823_nl1,robin,0.7220386,True,male;,,algemeen Nederlands.,,,
robin,robin,20070823_nl1,robin,0.7520858,True,male;,,algemeen Nederlands.,,,
robin,robin,20070823_nl1,robin,0.70548904,True,male;,,algemeen Nederlands.,,,
robin,robin,20070823_nl1,robin,0.72423947,True,male;,,algemeen Nederlands.,,,
robin,robin,20070823_nl1,robin,0.6633134,True,male;,,algemeen Nederlands.,,,
robin,robin,20070823_nl1,robin,0.861312,True,male;,,algemeen Nederlands.,,,
robin,robin,20070823_nl1,robin,0.73243356,True,male;,,algemeen Nederlands.,,,
robin,robin,20070823_nl1,robin,0.76654655,True,male;,,algemeen Nederlands.,,,
robin,robin,20070823_nl1,robin,0.7013077,True,male;,,algemeen Nederlands.,,,
robin,robin,20070823_nl1,robin,0.722708,True,male;,,algemeen Nederlands.,,,
robin,robin,20070823_nl1,robin,0.7631992,True,male;,,algemeen Nederlands.,,,
robin,robin,20070823_nl1,robin,0.68914557,True,male;,,algemeen Nederlands.,,,
robin,robin,20070823_nl1,robin,0.77907217,True,male;,,algemeen Nederlands.,,,
robin,robin,20070823_nl1,robin,0.7238427,True,male;,,algemeen Nederlands.,,,
robin,robin,20070823_nl1,robin,0.7669498,True,male;,,algemeen Nederlands.,,,
robin,robin,20070823_nl1,robin,0.742638,True,male;,,algemeen Nederlands.,,,
robin,robin,20070823_nl1,robin,0.72300744,True,male;,,algemeen Nederlands.,,,
robin,robin,20070823_nl1,robin,0.67364717,True,male;,,algemeen Nederlands.,,,
robin,robin,20070823_nl1,robin,0.7371706,True,male;,,algemeen Nederlands.,,,
robin,robin,20070823_nl1,robin,0.70931137,True,male;,,algemeen Nederlands.,,,
robin,robin,20070823_nl1,robin,0.6091746,True,male;,,algemeen Nederlands.,,,
robin,robin,20070823_nl1,robin,0.73519987,True,male;,,algemeen Nederlands.,,,
robin,robin,20070823_nl1,robin,0.7459666,True,male;,,algemeen Nederlands.,,,
robin,robin,20070823_nl1,robin,0.7148476,True,male;,,algemeen Nederlands.,,,
robin,robin,20070823_nl1,robin,0.7602618,True,male;,,algemeen Nederlands.,,,
robin,robin,20070823_nl1,robin,0.7850579,True,male;,,algemeen Nederlands.,,,
robin,robin,20070823_nl1,robin,0.7706247,True,male;,,algemeen Nederlands.,,,
robin,robin,20070823_nl1,robin,0.7550241,True,male;,,algemeen Nederlands.,,,
robin,robin,20070823_nl1,robin,0.68891215,True,male;,,algemeen Nederlands.,,,
robin,robin,20070823_nl1,robin,0.7064519,True,male;,,algemeen Nederlands.,,,
robin,robin,20070823_nl1,robin,0.74323726,True,male;,,algemeen Nederlands.,,,
robin,robin,20070823_nl1,robin,0.7160112,True,male;,,algemeen Nederlands.,,,
robin,robin,20070823_nl1,robin,0.6982243,True,male;,,algemeen Nederlands.,,,
robin,robin,20070823_nl1,robin,0.7550508,True,male;,,algemeen Nederlands.,,,
robin,robin,20070823_nl1,robin,0.7247552,True,male;,,algemeen Nederlands.,,,
robin,robin,20070823_nl1,robin,0.6551922,True,male;,,algemeen Nederlands.,,,
robin,robin,20070823_nl1,robin,0.7454618,True,male;,,algemeen Nederlands.,,,
robin,robin,20070823_nl1,robin,0.7586648,True,male;,,algemeen Nederlands.,,,
robin,robin,20070823_nl1,robin,0.69593346,True,male;,,algemeen Nederlands.,,,
robin,robin,20070823_nl1,robin,0.716763,True,male;,,algemeen Nederlands.,,,
robin,robin,20070823_nl1,robin,0.60765827,True,male;,,algemeen Nederlands.,,,
robin,robin,20070823_nl1,robin,0.72070795,True,male;,,algemeen Nederlands.,,,
robin,robin,20070823_nl1,robin,0.7469804,True,male;,,algemeen Nederlands.,,,
robin,robin,20070823_nl1,robin,0.75796425,True,male;,,algemeen Nederlands.,,,
robin,robin,20070823_nl1,robin,0.7069061,True,male;,,algemeen Nederlands.,,,
robin,robin,20070823_nl1,robin,0.7039134,True,male;,,algemeen Nederlands.,,,
robin,robin,20070823_nl1,robin,0.66119695,True,male;,,algemeen Nederlands.,,,
robin,robin,20070823_nl1,robin,0.66125,True,male;,,algemeen Nederlands.,,,
robin,robin,20070823_nl1,robin,0.73201406,True,male;,,algemeen Nederlands.,,,
robin,robin,20070823_nl1,robin,0.7279116,True,male;,,algemeen Nederlands.,,,
robin,robin,20070823_nl1,robin,0.7490191,True,male;,,algemeen Nederlands.,,,
robin,robin,20070823_nl1,robin,0.81459683,True,male;,,algemeen Nederlands.,,,
robin,robin,20070823_nl1,robin,0.77908635,True,male;,,algemeen Nederlands.,,,
robin,robin,20070823_nl1,robin,0.7321583,True,male;,,algemeen Nederlands.,,,
robin,robin,20070823_nl1,robin,0.6751268,True,male;,,algemeen Nederlands.,,,
robin,robin,20070823_nl1,robin,0.716714,True,male;,,algemeen Nederlands.,,,
robin,robin,20070823_nl1,robin,0.73505586,True,male;,,algemeen Nederlands.,,,
robin,robin,20070823_nl1,robin,0.6969513,True,male;,,algemeen Nederlands.,,,
robin,robin,20070823_nl1,robin,0.6774718,True,male;,,algemeen Nederlands.,,,
robin,robin,20070823_nl1,robin,0.6889646,True,male;,,algemeen Nederlands.,,,
robin,robin,20070823_nl1,robin,0.66777426,True,male;,,algemeen Nederlands.,,,
robin,robin,20070823_nl1,robin,0.72459805,True,male;,,algemeen Nederlands.,,,
robin,robin,20070823_nl1,robin,0.77808297,True,male;,,algemeen Nederlands.,,,
robin,robin,20070823_nl1,robin,0.69912755,True,male;,,algemeen Nederlands.,,,
robin,robin,20070823_nl1,robin,0.7204199,True,male;,,algemeen Nederlands.,,,
robin,robin,20070823_nl1,robin,0.67193687,True,male;,,algemeen Nederlands.,,,
robin,robin,20070823_nl1,robin,0.7140743,True,male;,,algemeen Nederlands.,,,
robin,robin,20070823_nl1,robin,0.66107976,True,male;,,algemeen Nederlands.,,,
robin,robin,20070823_nl1,robin,0.63437116,True,male;,,algemeen Nederlands.,,,
robin,robin,20070823_nl1,robin,0.6892524,True,male;,,algemeen Nederlands.,,,
robin,robin,20070823_nl1,robin,0.71210927,True,male;,,algemeen Nederlands.,,,
robin,robin,20070823_nl1,robin,0.58471,True,male;,,algemeen Nederlands.,,,
robin,robin,20071209,tester,0.6678674,False,male;,,algemeen Nederlands.,,,
robin,robin,20070823_nl1,robin,0.62025857,True,male;,,algemeen Nederlands.,,,
robin,robin,20070823_nl1,robin,0.6720989,True,male;,,algemeen Nederlands.,,,
robin,robin,20070823_nl1,robin,0.64719814,True,male;,,algemeen Nederlands.,,,
robin,robin,20070823_nl1,robin,0.58526057,True,male;,,algemeen Nederlands.,,,
robin,robin,20070823_nl1,robin,0.66676915,True,male;,,algemeen Nederlands.,,,
robin,robin,20071209,tester,0.6221792,False,male;,,algemeen Nederlands.,,,
robin,robin,20071209,tester,0.59225607,False,male;,,algemeen Nederlands.,,,
robin,robin,20070823_nl1,robin,0.58646595,True,male;,,algemeen Nederlands.,,,
robin,robin,20070823_nl1,robin,0.6168479,True,male;,,algemeen Nederlands.,,,
robin,robin,20070823_nl1,robin,0.62990665,True,male;,,algemeen Nederlands.,,,
robin,robin,20070823_nl1,robin,0.6914323,True,male;,,algemeen Nederlands.,,,
robin,robin,20070823_nl1,robin,0.6469523,True,male;,,algemeen Nederlands.,,,
robin,robin,20070823_nl1,robin,0.73931473,True,male;,,algemeen Nederlands.,,,
robin,robin,20070823_nl1,robin,0.77047247,True,male;,,algemeen Nederlands.,,,
robin,robin,20070823_nl1,robin,0.71236897,True,male;,,algemeen Nederlands.,,,
robin,robin,20070823_nl1,robin,0.7751068,True,male;,,algemeen Nederlands.,,,
robin,robin,20070823_nl1,robin,0.6951959,True,male;,,algemeen Nederlands.,,,
robin,robin,20070823_nl1,robin,0.7589307,True,male;,,algemeen Nederlands.,,,
robin,robin,20070823_nl1,robin,0.6231424,True,male;,,algemeen Nederlands.,,,
robin,robin,20070823_nl1,robin,0.5982123,True,male;,,algemeen Nederlands.,,,
robin,robin,20070823_nl1,robin,0.64741564,True,male;,,algemeen Nederlands.,,,
robin,robin,20070823_nl1,robin,0.5793571,True,male;,,algemeen Nederlands.,,,
robin,robin,20070823_nl1,robin,0.7032225,True,male;,,algemeen Nederlands.,,,
robin,robin,20070823_nl1,robin,0.661736,True,male;,,algemeen Nederlands.,,,
robin,robin,20070823_nl1,robin,0.7354524,True,male;,,algemeen Nederlands.,,,
robin,robin,20070823_nl1,robin,0.65625274,True,male;,,algemeen Nederlands.,,,
robin,robin,20070823_nl1,robin,0.7055851,True,male;,,algemeen Nederlands.,,,
robin,robin,20070823_nl1,robin,0.7385516,True,male;,,algemeen Nederlands.,,,
robin,robin,20070823_nl1,robin,0.7247138,True,male;,,algemeen Nederlands.,,,
robin,robin,20070823_nl1,robin,0.7154597,True,male;,,algemeen Nederlands.,,,
robin,robin,20070823_nl1,robin,0.66402876,True,male;,,algemeen Nederlands.,,,
robin,robin,20070823_nl1,robin,0.6855998,True,male;,,algemeen Nederlands.,,,
robin,robin,20070823_nl1,robin,0.64521545,True,male;,,algemeen Nederlands.,,,
robin,robin,20070823_nl1,robin,0.6398486,True,male;,,algemeen Nederlands.,,,
robin,robin,20070823_nl1,robin,0.7052576,True,male;,,algemeen Nederlands.,,,
robin,robin,20070823_nl1,robin,0.6870154,True,male;,,algemeen Nederlands.,,,
robin,robin,20070823_nl1,robin,0.5333955,True,male;,,algemeen Nederlands.,,,
robin,robin,20070823_nl1,robin,0.67308915,True,male;,,algemeen Nederlands.,,,
robin,robin,20070823_nl1,robin,0.5516977,True,male;,,algemeen Nederlands.,,,
robin,robin,20070823_nl1,robin,0.51871765,True,male;,,algemeen Nederlands.,,,
robin,robin,20071209,tester,0.61002904,False,male;,,algemeen Nederlands.,,,
robin,robin,20070823_nl1,robin,0.58384836,True,male;,,algemeen Nederlands.,,,
robin,robin,20070823_nl1,robin,0.6497747,True,male;,,algemeen Nederlands.,,,
robin,robin,20070823_nl1,robin,0.60334414,True,male;,,algemeen Nederlands.,,,
robin,robin,20070823_nl1,robin,0.58761656,True,male;,,algemeen Nederlands.,,,
robin,robin,20070823_nl1,robin,0.6548754,True,male;,,algemeen Nederlands.,,,
robin,robin,20070823_nl1,robin,0.7794136,True,male;,,algemeen Nederlands.,,,
robin,robin,20070823_nl1,robin,0.63256305,True,male;,,algemeen Nederlands.,,,
robin,robin,20070823_nl1,robin,0.64989936,True,male;,,algemeen Nederlands.,,,
robin,robin,20070823_nl1,robin,0.71289873,True,male;,,algemeen Nederlands.,,,
robin,robin,20070823_nl1,robin,0.70722526,True,male;,,algemeen Nederlands.,,,
robin,robin,20070823_nl1,robin,0.6928787,True,male;,,algemeen Nederlands.,,,
robin,robin,20070823_nl1,robin,0.6732242,True,male;,,algemeen Nederlands.,,,
robin,robin,20070823_nl1,robin,0.6154319,True,male;,,algemeen Nederlands.,,,
robin,robin,20070823_nl1,robin,0.75802875,True,male;,,algemeen Nederlands.,,,
robin,robin,20070823_nl1,robin,0.66654575,True,male;,,algemeen Nederlands.,,,
robin,robin,20070823_nl1,robin,0.6291537,True,male;,,algemeen Nederlands.,,,
robin,robin,20070823_nl1,robin,0.76053035,True,male;,,algemeen Nederlands.,,,
robin,robin,20070823_nl1,robin,0.77617025,True,male;,,algemeen Nederlands.,,,
robin,robin,20070823_nl1,robin,0.75333804,True,male;,,algemeen Nederlands.,,,
robin,robin,20070823_nl1,robin,0.563583,True,male;,,algemeen Nederlands.,,,
robin,robin,20070823_nl1,robin,0.6709707,True,male;,,algemeen Nederlands.,,,
robin,robin,20070823_nl1,robin,0.65256786,True,male;,,algemeen Nederlands.,,,
robin,robin,20070823_nl1,robin,0.6187923,True,male;,,algemeen Nederlands.,,,
robin,robin,20070823_nl1,robin,0.7010755,True,male;,,algemeen Nederlands.,,,
robin,robin,20070823_nl1,robin,0.6717429,True,male;,,algemeen Nederlands.,,,
robin,robin,20070823_nl1,robin,0.6801648,True,male;,,algemeen Nederlands.,,,
robin,robin,20070823_nl1,robin,0.67785335,True,male;,,algemeen Nederlands.,,,
robin,robin,20070823_nl1,robin,0.6668638,True,male;,,algemeen Nederlands.,,,
robin,robin,20070823_nl1,robin,0.6674272,True,male;,,algemeen Nederlands.,,,
robin,robin,20070823_nl1,robin,0.75033927,True,male;,,algemeen Nederlands.,,,
robin,robin,20070823_nl1,robin,0.70584047,True,male;,,algemeen Nederlands.,,,
robin,robin,20070823_nl1,robin,0.6081746,True,male;,,algemeen Nederlands.,,,
robin,robin,20070823_nl1,robin,0.6746362,True,male;,,algemeen Nederlands.,,,
robin,robin,20070823_nl1,robin,0.57974267,True,male;,,algemeen Nederlands.,,,
robin,robin,20070823_nl1,robin,0.7190594,True,male;,,algemeen Nederlands.,,,
robin,robin,20070823_nl1,robin,0.6106638,True,male;,,algemeen Nederlands.,,,
robin,robin,20070823_nl1,robin,0.65170586,True,male;,,algemeen Nederlands.,,,
robin,robin,20070823_nl1,robin,0.5271899,True,male;,,algemeen Nederlands.,,,
robin,robin,20070823_nl1,robin,0.60191435,True,male;,,algemeen Nederlands.,,,
robin,robin,20070823_nl1,robin,0.7001411,True,male;,,algemeen Nederlands.,,,
robin,robin,20070823_nl1,robin,0.6683454,True,male;,,algemeen Nederlands.,,,
robin,robin,20070823_nl1,robin,0.60774314,True,male;,,algemeen Nederlands.,,,
robin,robin,20070823_nl1,robin,0.634785,True,male;,,algemeen Nederlands.,,,
robin,robin,20070823_nl1,robin,0.5414606,True,male;,,algemeen Nederlands.,,,
robin,robin,20070823_nl1,robin,0.6457058,True,male;,,algemeen Nederlands.,,,
robin,robin,20070823_nl1,robin,0.61818147,True,male;,,algemeen Nederlands.,,,
robin,robin,20070823_nl1,robin,0.6405896,True,male;,,algemeen Nederlands.,,,
robin,robin,20070823_nl1,robin,0.6730758,True,male;,,algemeen Nederlands.,,,
robin,robin,20070823_nl1,robin,0.69733775,True,male;,,algemeen Nederlands.,,,
robin,robin,20071209,tester,0.461148,False,male;,,algemeen Nederlands.,,,
robin,robin,20070823_nl1,robin,0.6129638,True,male;,,algemeen Nederlands.,,,
robin,robin,20070823_nl1,robin,0.68111926,True,male;,,algemeen Nederlands.,,,
robin,robin,20071209,tester,0.577278,False,male;,,algemeen Nederlands.,,,
robin,robin,20070823_nl1,robin,0.5415449,True,male;,,algemeen Nederlands.,,,
robin,robin,20070823_nl1,robin,0.6952321,True,male;,,algemeen Nederlands.,,,
robin,robin,20070823_nl1,robin,0.7099322,True,male;,,algemeen Nederlands.,,,
robin,robin,20070823_nl1,robin,0.6913643,True,male;,,algemeen Nederlands.,,,
robin,robin,20070823_nl1,robin,0.68802905,True,male;,,algemeen Nederlands.,,,
robin,robin,20070823_nl1,robin,0.6680254,True,male;,,algemeen Nederlands.,,,
robin,robin,20070823_nl1,robin,0.65140957,True,male;,,algemeen Nederlands.,,,
robin,robin,20070823_nl1,robin,0.7281487,True,male;,,algemeen Nederlands.,,,
robin,robin,20071209,tester,0.6160724,False,male;,,algemeen Nederlands.,,,
robin,robin,20070823_nl1,robin,0.64321864,True,male;,,algemeen Nederlands.,,,
robin,robin,20070823_nl1,robin,0.7110611,True,male;,,algemeen Nederlands.,,,
robin,robin,20070823_nl1,robin,0.61944354,True,male;,,algemeen Nederlands.,,,
robin,robin,20070823_nl1,robin,0.7131216,True,male;,,algemeen Nederlands.,,,
robin,robin,20070823_nl1,robin,0.7249527,True,male;,,algemeen Nederlands.,,,
robin,robin,20070823_nl1,robin,0.7601107,True,male;,,algemeen Nederlands.,,,
robin,robin,20070823_nl1,robin,0.6381912,True,male;,,algemeen Nederlands.,,,
robin,robin,20070823_nl1,robin,0.7341919,True,male;,,algemeen Nederlands.,,,
robin,robin,20070823_nl1,robin,0.70946044,True,male;,,algemeen Nederlands.,,,
robin,robin,20070823_nl1,robin,0.7342962,True,male;,,algemeen Nederlands.,,,
robin,robin,20070823_nl1,robin,0.5901183,True,male;,,algemeen Nederlands.,,,
robin,robin,20070823_nl1,robin,0.7640003,True,male;,,algemeen Nederlands.,,,
robin,robin,20070823_nl1,robin,0.68718636,True,male;,,algemeen Nederlands.,,,
robin,robin,20070823_nl1,robin,0.7418028,True,male;,,algemeen Nederlands.,,,
robin,robin,20070823_nl1,robin,0.74005,True,male;,,algemeen Nederlands.,,,
robin,robin,20070823_nl1,robin,0.6916418,True,male;,,algemeen Nederlands.,,,
robin,robin,20070823_nl1,robin,0.6429664,True,male;,,algemeen Nederlands.,,,
robin,robin,20070823_nl1,robin,0.71893126,True,male;,,algemeen Nederlands.,,,
robin,robin,20070823_nl1,robin,0.6279843,True,male;,,algemeen Nederlands.,,,
robin,robin,20070823_nl1,robin,0.6522963,True,male;,,algemeen Nederlands.,,,
robin,robin,20070823_nl1,robin,0.657801,True,male;,,algemeen Nederlands.,,,
robin,robin,20070823_nl1,robin,0.66307944,True,male;,,algemeen Nederlands.,,,
robin,robin,20070823_nl1,robin,0.64996386,True,male;,,algemeen Nederlands.,,,
robin,robin,20070823_nl1,robin,0.7431413,True,male;,,algemeen Nederlands.,,,
robin,robin,20070823_nl1,robin,0.7660109,True,male;,,algemeen Nederlands.,,,
robin,robin,20070823_nl1,robin,0.70789087,True,male;,,algemeen Nederlands.,,,
robin,robin,20070823_nl1,robin,0.7045898,True,male;,,algemeen Nederlands.,,,
robin,robin,20071209,tester,0.60391283,False,male;,,algemeen Nederlands.,,,
robin,robin,20070823_nl1,robin,0.7396446,True,male;,,algemeen Nederlands.,,,
robin,robin,20070823_nl1,robin,0.74331534,True,male;,,algemeen Nederlands.,,,
robin,robin,20070823_nl1,robin,0.7412227,True,male;,,algemeen Nederlands.,,,
robin,robin,20070823_nl1,robin,0.6061002,True,male;,,algemeen Nederlands.,,,
robin,robin,20071209,tester,0.6345725,False,male;,,algemeen Nederlands.,,,
robin,robin,20071209,tester,0.63465655,False,male;,,algemeen Nederlands.,,,
robin,robin,20070823_nl1,robin,0.68699473,True,male;,,algemeen Nederlands.,,,
robin,robin,20070823_nl1,robin,0.6616047,True,male;,,algemeen Nederlands.,,,
robin,robin,20070823_nl1,robin,0.72005427,True,male;,,algemeen Nederlands.,,,
robin,robin,20070823_nl1,robin,0.6841153,True,male;,,algemeen Nederlands.,,,
robin,robin,20071209,tester,0.69339186,False,male;,,algemeen Nederlands.,,,
robin,robin,20071209,tester,0.55796987,False,male;,,algemeen Nederlands.,,,
robin,robin,20070823_nl1,robin,0.6975904,True,male;,,algemeen Nederlands.,,,
robin,robin,20070823_nl1,robin,0.65461075,True,male;,,algemeen Nederlands.,,,
robin,robin,20070823_nl1,robin,0.7485088,True,male;,,algemeen Nederlands.,,,
robin,robin,20070823_nl1,robin,0.67841387,True,male;,,algemeen Nederlands.,,,
robin,robin,20070823_nl1,robin,0.7066088,True,male;,,algemeen Nederlands.,,,
robin,robin,20070823_nl1,robin,0.7404356,True,male;,,algemeen Nederlands.,,,
robin,robin,20070823_nl1,robin,0.6515274,True,male;,,algemeen Nederlands.,,,
robin,robin,20071209,tester,0.6541152,False,male;,,algemeen Nederlands.,,,
robin,robin,20070823_nl1,robin,0.6681719,True,male;,,algemeen Nederlands.,,,
robin,robin,20070823_nl1,robin,0.63279915,True,male;,,algemeen Nederlands.,,,
robin,robin,20071209,tester,0.68130004,False,male;,,algemeen Nederlands.,,,
robin,robin,20070823_nl1,robin,0.5003496,True,male;,,algemeen Nederlands.,,,
robin,robin,20070823_nl1,robin,0.6762852,True,male;,,algemeen Nederlands.,,,
robin,robin,20070823_nl1,robin,0.6814599,True,male;,,algemeen Nederlands.,,,
robin,robin,20071209,tester,0.5824948,False,male;,,algemeen Nederlands.,,,
robin,robin,20070823_nl1,robin,0.7030159,True,male;,,algemeen Nederlands.,,,
robin,robin,20070823_nl1,robin,0.59766835,True,male;,,algemeen Nederlands.,,,
robin,robin,20070823_nl1,robin,0.63103485,True,male;,,algemeen Nederlands.,,,
robin,robin,20071209,tester,0.66122645,False,male;,,algemeen Nederlands.,,,
robin,robin,20070823_nl1,robin,0.64226425,True,male;,,algemeen Nederlands.,,,
robin,robin,20070823_nl1,robin,0.61397254,True,male;,,algemeen Nederlands.,,,
robin,robin,20071209,tester,0.6707241,False,male;,,algemeen Nederlands.,,,
robin,robin,20071209,tester,0.67519045,False,male;,,algemeen Nederlands.,,,
robin,robin,20070823_nl1,robin,0.7387973,True,male;,,algemeen Nederlands.,,,
robin,robin,20070823_nl1,robin,0.64897,True,male;,,algemeen Nederlands.,,,
robin,robin,20070823_nl1,robin,0.69333446,True,male;,,algemeen Nederlands.,,,
robin,robin,20070823_nl1,robin,0.58416045,True,male;,,algemeen Nederlands.,,,
robin,robin,20070823_nl1,robin,0.6217766,True,male;,,algemeen Nederlands.,,,
robin,robin,20070823_nl1,robin,0.62272096,True,male;,,algemeen Nederlands.,,,
robin,robin,20070823_nl1,robin,0.72878194,True,male;,,algemeen Nederlands.,,,
robin,robin,20070823_nl1,robin,0.68036354,True,male;,,algemeen Nederlands.,,,
robin,robin,20071209,tester,0.605914,False,male;,,algemeen Nederlands.,,,
robin,robin,20070823_nl1,robin,0.6146094,True,male;,,algemeen Nederlands.,,,
robin,robin,20070823_nl1,robin,0.73323464,True,male;,,algemeen Nederlands.,,,
robin,robin,20070823_nl1,robin,0.7528963,True,male;,,algemeen Nederlands.,,,
robin,robin,20070823_nl1,robin,0.6060242,True,male;,,algemeen Nederlands.,,,
robin,robin,20070823_nl1,robin,0.5704535,True,male;,,algemeen Nederlands.,,,
robin,robin,20070823_nl1,robin,0.6891227,True,male;,,algemeen Nederlands.,,,
robin,robin,20070823_nl1,robin,0.75171876,True,male;,,algemeen Nederlands.,,,
robin,robin,20070823_nl1,robin,0.59558165,True,male;,,algemeen Nederlands.,,,
robin,robin,20070823_nl1,robin,0.7491175,True,male;,,algemeen Nederlands.,,,
robin,robin,20070823_nl1,robin,0.67497975,True,male;,,algemeen Nederlands.,,,
robin,robin,20070823_nl1,robin,0.6212189,True,male;,,algemeen Nederlands.,,,
robin,robin,20070823_nl1,robin,0.6732755,True,male;,,algemeen Nederlands.,,,
robin,robin,20070823_nl1,robin,0.72909176,True,male;,,algemeen Nederlands.,,,
robin,robin,20070823_nl1,robin,0.72093666,True,male;,,algemeen Nederlands.,,,
robin,robin,20070823_nl1,robin,0.6928804,True,male;,,algemeen Nederlands.,,,
robin,robin,20070823_nl1,robin,0.64911115,True,male;,,algemeen Nederlands.,,,
robin,robin,20070823_nl1,robin,0.7374464,True,male;,,algemeen Nederlands.,,,
robin,robin,20070823_nl1,robin,0.7948108,True,male;,,algemeen Nederlands.,,,
robin,robin,20070823_nl1,robin,0.68855846,True,male;,,algemeen Nederlands.,,,
robin,robin,20070823_nl1,robin,0.68657714,True,male;,,algemeen Nederlands.,,,
robin,robin,20070823_nl1,robin,0.6791959,True,male;,,algemeen Nederlands.,,,
robin,robin,20070823_nl1,robin,0.6191699,True,male;,,algemeen Nederlands.,,,
robin,robin,20070823_nl1,robin,0.6406202,True,male;,,algemeen Nederlands.,,,
robin,robin,20070823_nl1,robin,0.6708424,True,male;,,algemeen Nederlands.,,,
robin,robin,20070823_nl1,robin,0.67075866,True,male;,,algemeen Nederlands.,,,
robin,robin,20070823_nl1,robin,0.7631876,True,male;,,algemeen Nederlands.,,,
robin,robin,20070823_nl1,robin,0.745986,True,male;,,algemeen Nederlands.,,,
robin,robin,20070823_nl1,robin,0.71241677,True,male;,,algemeen Nederlands.,,,
robin,robin,20070823_nl1,robin,0.69106156,True,male;,,algemeen Nederlands.,,,
robin,robin,20070823_nl1,robin,0.70545423,True,male;,,algemeen Nederlands.,,,
robin,robin,20070823_nl1,robin,0.7184477,True,male;,,algemeen Nederlands.,,,
robin,robin,20070823_nl1,robin,0.77554476,True,male;,,algemeen Nederlands.,,,
robin,robin,20070823_nl1,robin,0.7073198,True,male;,,algemeen Nederlands.,,,
robin,robin,20070823_nl1,robin,0.6336198,True,male;,,algemeen Nederlands.,,,
robin,robin,20070823_nl1,robin,0.6950864,True,male;,,algemeen Nederlands.,,,
robin,robin,20070823_nl1,robin,0.7511056,True,male;,,algemeen Nederlands.,,,
robin,robin,20070823_nl1,robin,0.67997617,True,male;,,algemeen Nederlands.,,,
robin,robin,20070823_nl1,robin,0.66708153,True,male;,,algemeen Nederlands.,,,
robin,robin,20070823_nl1,robin,0.7546653,True,male;,,algemeen Nederlands.,,,
robin,robin,20070823_nl1,robin,0.62554,True,male;,,algemeen Nederlands.,,,
robin,robin,20070823_nl1,robin,0.7231544,True,male;,,algemeen Nederlands.,,,
robin,robin,20070823_nl1,robin,0.7483872,True,male;,,algemeen Nederlands.,,,
robin,robin,20070823_nl1,robin,0.7331605,True,male;,,algemeen Nederlands.,,,
robin,robin,20070823_nl1,robin,0.6684194,True,male;,,algemeen Nederlands.,,,
robin,robin,20070823_nl1,robin,0.75998217,True,male;,,algemeen Nederlands.,,,
robin,robin,20070823_nl1,robin,0.736976,True,male;,,algemeen Nederlands.,,,
robin,robin,20070823_nl1,robin,0.69311345,True,male;,,algemeen Nederlands.,,,
robin,robin,20070823_nl1,robin,0.680889,True,male;,,algemeen Nederlands.,,,
robin,robin,20070823_nl1,robin,0.7790321,True,male;,,algemeen Nederlands.,,,
robin,robin,20070823_nl1,robin,0.72586656,True,male;,,algemeen Nederlands.,,,
robin,robin,20070823_nl1,robin,0.7484192,True,male;,,algemeen Nederlands.,,,
robin,robin,20070823_nl1,robin,0.73941195,True,male;,,algemeen Nederlands.,,,
robin,robin,20070823_nl1,robin,0.68087643,True,male;,,algemeen Nederlands.,,,
robin,robin,20070823_nl1,robin,0.7437972,True,male;,,algemeen Nederlands.,,,
robin,robin,20070823_nl1,robin,0.795586,True,male;,,algemeen Nederlands.,,,
robin,robin,20070823_nl1,robin,0.7480699,True,male;,,algemeen Nederlands.,,,
robin,robin,20070823_nl1,robin,0.7642165,True,male;,,algemeen Nederlands.,,,
robin,robin,20070823_nl1,robin,0.6866077,True,male;,,algemeen Nederlands.,,,
robin,robin,20070823_nl1,robin,0.72789997,True,male;,,algemeen Nederlands.,,,
robin,robin,20070823_nl1,robin,0.7068932,True,male;,,algemeen Nederlands.,,,
robin,robin,20070823_nl1,robin,0.6231456,True,male;,,algemeen Nederlands.,,,
robin,robin,20070823_nl1,robin,0.7328047,True,male;,,algemeen Nederlands.,,,
robin,robin,20070823_nl1,robin,0.7432605,True,male;,,algemeen Nederlands.,,,
robin,robin,20070823_nl1,robin,0.69908077,True,male;,,algemeen Nederlands.,,,
robin,robin,20070823_nl1,robin,0.74175084,True,male;,,algemeen Nederlands.,,,
robin,robin,20070823_nl1,robin,0.7454975,True,male;,,algemeen Nederlands.,,,
robin,robin,20070823_nl1,robin,0.72976625,True,male;,,algemeen Nederlands.,,,
robin,robin,20070823_nl1,robin,0.7342405,True,male;,,algemeen Nederlands.,,,
robin,robin,20070823_nl1,robin,0.70488155,True,male;,,algemeen Nederlands.,,,
robin,robin,20070823_nl1,robin,0.6671543,True,male;,,algemeen Nederlands.,,,
robin,robin,20070823_nl1,robin,0.7578413,True,male;,,algemeen Nederlands.,,,
robin,robin,20070823_nl1,robin,0.72015893,True,male;,,algemeen Nederlands.,,,
robin,robin,20071209,tester,0.7172861,False,male;,,algemeen Nederlands.,,,
robin,robin,20070823_nl1,robin,0.69246596,True,male;,,algemeen Nederlands.,,,
robin,robin,20070823_nl1,robin,0.7420181,True,male;,,algemeen Nederlands.,,,
robin,robin,20070823_nl1,robin,0.7409108,True,male;,,algemeen Nederlands.,,,
robin,robin,20070823_nl1,robin,0.7238504,True,male;,,algemeen Nederlands.,,,
robin,robin,20070823_nl1,robin,0.673802,True,male;,,algemeen Nederlands.,,,
robin,robin,20070823_nl1,robin,0.77456874,True,male;,,algemeen Nederlands.,,,
robin,robin,20070823_nl1,robin,0.7822043,True,male;,,algemeen Nederlands.,,,
robin,robin,20070823_nl1,robin,0.57740474,True,male;,,algemeen Nederlands.,,,
robin,robin,20070823_nl1,robin,0.7416151,True,male;,,algemeen Nederlands.,,,
robin,robin,20070823_nl1,robin,0.7782756,True,male;,,algemeen Nederlands.,,,
robin,robin,20070823_nl1,robin,0.7821902,True,male;,,algemeen Nederlands.,,,
robin,robin,20070823_nl1,robin,0.73298526,True,male;,,algemeen Nederlands.,,,
robin,robin,20070823_nl1,robin,0.7251537,True,male;,,algemeen Nederlands.,,,
robin,robin,20070823_nl1,robin,0.75647664,True,male;,,algemeen Nederlands.,,,
robin,robin,20070823_nl1,robin,0.70011604,True,male;,,algemeen Nederlands.,,,
robin,robin,20070823_nl1,robin,0.69770277,True,male;,,algemeen Nederlands.,,,
robin,robin,20070823_nl1,robin,0.7427577,True,male;,,algemeen Nederlands.,,,
robin,robin,20070823_nl1,robin,0.72809005,True,male;,,algemeen Nederlands.,,,
robin,robin,20070823_nl1,robin,0.7686831,True,male;,,algemeen Nederlands.,,,
robin,robin,20070823_nl1,robin,0.6778463,True,male;,,algemeen Nederlands.,,,
robin,robin,20070823_nl1,robin,0.73655593,True,male;,,algemeen Nederlands.,,,
robin,robin,20070823_nl1,robin,0.7206118,True,male;,,algemeen Nederlands.,,,
robin,robin,20070823_nl1,robin,0.7054815,True,male;,,algemeen Nederlands.,,,
robin,robin,20070823_nl1,robin,0.72008425,True,male;,,algemeen Nederlands.,,,
robin,robin,20070823_nl1,robin,0.73976415,True,male;,,algemeen Nederlands.,,,
robin,robin,20070823_nl1,robin,0.6653973,True,male;,,algemeen Nederlands.,,,
robin,robin,20070823_nl1,robin,0.73300695,True,male;,,algemeen Nederlands.,,,
robin,robin,20070823_nl1,robin,0.6395863,True,male;,,algemeen Nederlands.,,,
robin,robin,20070823_nl1,robin,0.6940218,True,male;,,algemeen Nederlands.,,,
robin,robin,20070823_nl1,robin,0.6584048,True,male;,,algemeen Nederlands.,,,
robin,robin,20070823_nl1,robin,0.71381354,True,male;,,algemeen Nederlands.,,,
robin,robin,20070823_nl1,robin,0.7160575,True,male;,,algemeen Nederlands.,,,
robin,robin,20070823_nl1,robin,0.7315753,True,male;,,algemeen Nederlands.,,,
robin,robin,20070823_nl1,robin,0.5842345,True,male;,,algemeen Nederlands.,,,
robin,robin,20070823_nl1,robin,0.7464927,True,male;,,algemeen Nederlands.,,,
robin,robin,20070823_nl1,robin,0.72884905,True,male;,,algemeen Nederlands.,,,
robin,robin,20070823_nl1,robin,0.6896132,True,male;,,algemeen Nederlands.,,,
robin,robin,20070823_nl1,robin,0.61994773,True,male;,,algemeen Nederlands.,,,
robin,robin,20070823_nl1,robin,0.70800674,True,male;,,algemeen Nederlands.,,,
robin,robin,20070823_nl1,robin,0.741768,True,male;,,algemeen Nederlands.,,,
robin,robin,20070823_nl1,robin,0.7387263,True,male;,,algemeen Nederlands.,,,
robin,robin,20070823_nl1,robin,0.7310612,True,male;,,algemeen Nederlands.,,,
robin,robin,20070823_nl1,robin,0.6069015,True,male;,,algemeen Nederlands.,,,
robin,robin,20070823_nl1,robin,0.6947732,True,male;,,algemeen Nederlands.,,,
robin,robin,20070823_nl1,robin,0.70201457,True,male;,,algemeen Nederlands.,,,
robin,robin,20070823_nl1,robin,0.67689866,True,male;,,algemeen Nederlands.,,,
robin,robin,20070823_nl1,robin,0.7642856,True,male;,,algemeen Nederlands.,,,
robin,robin,20070823_nl1,robin,0.7472415,True,male;,,algemeen Nederlands.,,,
robin,robin,20070823_nl1,robin,0.7815792,True,male;,,algemeen Nederlands.,,,
robin,robin,20070823_nl1,robin,0.704638,True,male;,,algemeen Nederlands.,,,
robin,robin,20070823_nl1,robin,0.70692444,True,male;,,algemeen Nederlands.,,,
robin,robin,20070823_nl1,robin,0.70620316,True,male;,,algemeen Nederlands.,,,
robin,robin,20070823_nl1,robin,0.6924143,True,male;,,algemeen Nederlands.,,,
robin,robin,20070823_nl1,robin,0.76244295,True,male;,,algemeen Nederlands.,,,
robin,robin,20070823_nl1,robin,0.7155582,True,male;,,algemeen Nederlands.,,,
robin,robin,20070823_nl1,robin,0.6181699,True,male;,,algemeen Nederlands.,,,
robin,robin,20070823_nl1,robin,0.572018,True,male;,,algemeen Nederlands.,,,
robin,robin,20070823_nl1,robin,0.7335811,True,male;,,algemeen Nederlands.,,,
robin,robin,20070823_nl1,robin,0.6683612,True,male;,,algemeen Nederlands.,,,
robin,robin,20070823_nl1,robin,0.79419464,True,male;,,algemeen Nederlands.,,,
robin,robin,20070823_nl1,robin,0.7948817,True,male;,,algemeen Nederlands.,,,
robin,robin,20070823_nl1,robin,0.7510108,True,male;,,algemeen Nederlands.,,,
robin,robin,20070823_nl1,robin,0.68741333,True,male;,,algemeen Nederlands.,,,
robin,robin,20070823_nl1,robin,0.7572517,True,male;,,algemeen Nederlands.,,,
robin,robin,20070823_nl1,robin,0.7205125,True,male;,,algemeen Nederlands.,,,
robin,robin,20070823_nl1,robin,0.7497905,True,male;,,algemeen Nederlands.,,,
robin,robin,20070823_nl1,robin,0.7736548,True,male;,,algemeen Nederlands.,,,
robin,robin,20070823_nl1,robin,0.7580832,True,male;,,algemeen Nederlands.,,,
robin,robin,20070823_nl1,robin,0.77840453,True,male;,,algemeen Nederlands.,,,
robin,robin,20070823_nl1,robin,0.6276963,True,male;,,algemeen Nederlands.,,,
robin,robin,20070823_nl1,robin,0.74434537,True,male;,,algemeen Nederlands.,,,
robin,robin,20070823_nl1,robin,0.72369105,True,male;,,algemeen Nederlands.,,,
robin,robin,20070823_nl1,robin,0.75375795,True,male;,,algemeen Nederlands.,,,
robin,robin,20070823_nl1,robin,0.72747433,True,male;,,algemeen Nederlands.,,,
robin,robin,20070823_nl1,robin,0.62637687,True,male;,,algemeen Nederlands.,,,
robin,robin,20070823_nl1,robin,0.6923008,True,male;,,algemeen Nederlands.,,,
robin,robin,20070823_nl1,robin,0.6819948,True,male;,,algemeen Nederlands.,,,
robin,robin,20070823_nl1,robin,0.64367133,True,male;,,algemeen Nederlands.,,,
robin,robin,20070823_nl1,robin,0.73324573,True,male;,,algemeen Nederlands.,,,
robin,robin,20070823_nl1,robin,0.78816015,True,male;,,algemeen Nederlands.,,,
robin,robin,20070823_nl1,robin,0.7150518,True,male;,,algemeen Nederlands.,,,
robin,robin,20070823_nl1,robin,0.6759275,True,male;,,algemeen Nederlands.,,,
robin,robin,20070823_nl1,robin,0.6671313,True,male;,,algemeen Nederlands.,,,
robin,robin,20070823_nl1,robin,0.7322073,True,male;,,algemeen Nederlands.,,,
robin,robin,20070823_nl1,robin,0.7473203,True,male;,,algemeen Nederlands.,,,
robin,robin,20070823_nl1,robin,0.6456231,True,male;,,algemeen Nederlands.,,,
robin,robin,20070823_nl1,robin,0.7788526,True,male;,,algemeen Nederlands.,,,
robin,robin,20070823_nl1,robin,0.7314203,True,male;,,algemeen Nederlands.,,,
robin,robin,20070823_nl1,robin,0.56078243,True,male;,,algemeen Nederlands.,,,
robin,robin,20071209,tester,0.4727903,False,male;,,algemeen Nederlands.,,,
robin,robin,20071209,tester,0.5153418,False,male;,,algemeen Nederlands.,,,
robin,robin,20071209,tester,0.58159935,False,male;,,algemeen Nederlands.,,,
robin,robin,20091123,Gurbe,0.29141772,False,male;,,algemeen Nederlands.,,,
robin,robin,20070823_nl1,robin,0.43125507,True,male;,,algemeen Nederlands.,,,
robin,robin,20071209,tester,0.46751454,False,male;,,algemeen Nederlands.,,,
robin,robin,20071209,tester,0.5716414,False,male;,,algemeen Nederlands.,,,
robin,robin,20070823_nl1,robin,0.46014673,True,male;,,algemeen Nederlands.,,,
robin,robin,20071209,tester,0.545607,False,male;,,algemeen Nederlands.,,,
robin,robin,20071209,tester,0.55034214,False,male;,,algemeen Nederlands.,,,
robin,robin,20070823_nl1,robin,0.50236213,True,male;,,algemeen Nederlands.,,,
robin,robin,20070823_nl1,robin,0.43387166,True,male;,,algemeen Nederlands.,,,
robin,robin,20141218,Harm,0.5070305,False,male;,,algemeen Nederlands.,,,
robin,robin,20071209,tester,0.5548871,False,male;,,algemeen Nederlands.,,,
robin,robin,20071209,tester,0.5824024,False,male;,,algemeen Nederlands.,,,
robin,robin,20070823_nl1,robin,0.4628842,True,male;,,algemeen Nederlands.,,,
robin,robin,20071209,tester,0.464114,False,male;,,algemeen Nederlands.,,,
robin,robin,20070823_nl1,robin,0.48391634,True,male;,,algemeen Nederlands.,,,
robin,robin,20070823_nl1,robin,0.5428292,True,male;,,algemeen Nederlands.,,,
robin,robin,20070823_nl1,robin,0.53775334,True,male;,,algemeen Nederlands.,,,
robin,robin,20070823_nl1,robin,0.5577723,True,male;,,algemeen Nederlands.,,,
robin,robin,20071209,tester,0.58048344,False,male;,,algemeen Nederlands.,,,
robin,robin,20070823_nl1,robin,0.5708933,True,male;,,algemeen Nederlands.,,,
robin,robin,20071209,tester,0.5157963,False,male;,,algemeen Nederlands.,,,
robin,robin,20071209,tester,0.5511247,False,male;,,algemeen Nederlands.,,,
robin,robin,20070823_nl1,robin,0.5309254,True,male;,,algemeen Nederlands.,,,
robin,robin,20071209,tester,0.5433699,False,male;,,algemeen Nederlands.,,,
robin,robin,20110305,gjsuu,0.47695643,False,male;,,algemeen Nederlands.,,,
robin,robin,20141218,Harm,0.53924996,False,male;,,algemeen Nederlands.,,,
robin,robin,20070823_nl1,robin,0.52864873,True,male;,,algemeen Nederlands.,,,
robin,robin,20070823_nl1,robin,0.5205748,True,male;,,algemeen Nederlands.,,,
robin,robin,20071209,tester,0.5125064,False,male;,,algemeen Nederlands.,,,
robin,robin,20070823_nl1,robin,0.52400076,True,male;,,algemeen Nederlands.,,,
robin,robin,20070823_nl1,robin,0.5890938,True,male;,,algemeen Nederlands.,,,
robin,robin,20070823_nl1,robin,0.5891664,True,male;,,algemeen Nederlands.,,,
robin,robin,20070823_nl1,robin,0.5907623,True,male;,,algemeen Nederlands.,,,
robin,robin,20070823_nl1,robin,0.484232,True,male;,,algemeen Nederlands.,,,
robin,robin,20070823_nl1,robin,0.5694325,True,male;,,algemeen Nederlands.,,,
robin,robin,20070823_nl1,robin,0.56722164,True,male;,,algemeen Nederlands.,,,
robin,robin,20070823_nl1,robin,0.60713947,True,male;,,algemeen Nederlands.,,,
robin,robin,20070823_nl1,robin,0.7784023,True,male;,,algemeen Nederlands.,,,
robin,robin,20070823_nl1,robin,0.7290888,True,male;,,algemeen Nederlands.,,,
robin,robin,20070823_nl1,robin,0.75768644,True,male;,,algemeen Nederlands.,,,
robin,robin,20070823_nl1,robin,0.733117,True,male;,,algemeen Nederlands.,,,
robin,robin,20070823_nl1,robin,0.72712016,True,male;,,algemeen Nederlands.,,,
robin,robin,20070823_nl1,robin,0.63405246,True,male;,,algemeen Nederlands.,,,
robin,robin,20070823_nl1,robin,0.74882734,True,male;,,algemeen Nederlands.,,,
robin,robin,20070823_nl1,robin,0.80008256,True,male;,,algemeen Nederlands.,,,
robin,robin,20070823_nl1,robin,0.7433919,True,male;,,algemeen Nederlands.,,,
robin,robin,20070823_nl1,robin,0.8171321,True,male;,,algemeen Nederlands.,,,
robin,robin,20070823_nl1,robin,0.7801538,True,male;,,algemeen Nederlands.,,,
robin,robin,20070823_nl1,robin,0.7724012,True,male;,,algemeen Nederlands.,,,
robin,robin,20070823_nl1,robin,0.6354915,True,male;,,algemeen Nederlands.,,,
robin,robin,20070823_nl1,robin,0.6896921,True,male;,,algemeen Nederlands.,,,
robin,robin,20070823_nl1,robin,0.7241787,True,male;,,algemeen Nederlands.,,,
robin,robin,20070823_nl1,robin,0.66887784,True,male;,,algemeen Nederlands.,,,
robin,robin,20070823_nl1,robin,0.65153307,True,male;,,algemeen Nederlands.,,,
robin,robin,20070823_nl1,robin,0.72511196,True,male;,,algemeen Nederlands.,,,
robin,robin,20070823_nl1,robin,0.69963443,True,male;,,algemeen Nederlands.,,,
robin,robin,20070823_nl1,robin,0.74410594,True,male;,,algemeen Nederlands.,,,
robin,robin,20070823_nl1,robin,0.72979975,True,male;,,algemeen Nederlands.,,,
robin,robin,20070823_nl1,robin,0.52362716,True,male;,,algemeen Nederlands.,,,
robin,robin,20070823_nl1,robin,0.68113685,True,male;,,algemeen Nederlands.,,,
robin,robin,20070823_nl1,robin,0.6494071,True,male;,,algemeen Nederlands.,,,
robin,robin,20070823_nl1,robin,0.68650484,True,male;,,algemeen Nederlands.,,,
robin,robin,20070823_nl1,robin,0.7093305,True,male;,,algemeen Nederlands.,,,
robin,robin,20070823_nl1,robin,0.59289575,True,male;,,algemeen Nederlands.,,,
robin,robin,20070823_nl1,robin,0.604408,True,male;,,algemeen Nederlands.,,,
robin,robin,20070823_nl1,robin,0.59164417,True,male;,,algemeen Nederlands.,,,
robin,robin,20070823_nl1,robin,0.67186755,True,male;,,algemeen Nederlands.,,,
robin,robin,20070823_nl1,robin,0.532063,True,male;,,algemeen Nederlands.,,,
robin,robin,20070823_nl1,robin,0.62900245,True,male;,,algemeen Nederlands.,,,
robin,robin,20070823_nl1,robin,0.72634405,True,male;,,algemeen Nederlands.,,,
robin,robin,20070823_nl1,robin,0.7461382,True,male;,,algemeen Nederlands.,,,
robin,robin,20070823_nl1,robin,0.72170615,True,male;,,algemeen Nederlands.,,,
robin,robin,20070823_nl1,robin,0.5843596,True,male;,,algemeen Nederlands.,,,
robin,robin,20070823_nl1,robin,0.69396985,True,male;,,algemeen Nederlands.,,,
robin,robin,20070823_nl1,robin,0.674379,True,male;,,algemeen Nederlands.,,,
robin,robin,20070823_nl1,robin,0.71900165,True,male;,,algemeen Nederlands.,,,
robin,robin,20070823_nl1,robin,0.64367867,True,male;,,algemeen Nederlands.,,,
robin,robin,20070823_nl1,robin,0.7862785,True,male;,,algemeen Nederlands.,,,
robin,robin,20070823_nl1,robin,0.8132427,True,male;,,algemeen Nederlands.,,,
robin,robin,20070823_nl1,robin,0.7288766,True,male;,,algemeen Nederlands.,,,
robin,robin,20070823_nl1,robin,0.714519,True,male;,,algemeen Nederlands.,,,
robin,robin,20070823_nl1,robin,0.7343403,True,male;,,algemeen Nederlands.,,,
robin,robin,20070823_nl1,robin,0.6531026,True,male;,,algemeen Nederlands.,,,
robin,robin,20070823_nl1,robin,0.7323333,True,male;,,algemeen Nederlands.,,,
robin,robin,20070823_nl1,robin,0.718094,True,male;,,algemeen Nederlands.,,,
robin,robin,20070823_nl1,robin,0.78576183,True,male;,,algemeen Nederlands.,,,
robin,robin,20070823_nl1,robin,0.65124154,True,male;,,algemeen Nederlands.,,,
robin,robin,20070823_nl1,robin,0.536886,True,male;,,algemeen Nederlands.,,,
robin,robin,20070823_nl1,robin,0.60215425,True,male;,,algemeen Nederlands.,,,
robin,robin,20070823_nl1,robin,0.4973358,True,male;,,algemeen Nederlands.,,,
robin,robin,20070823_nl1,robin,0.56253016,True,male;,,algemeen Nederlands.,,,
robin,robin,20071209,tester,0.54287595,False,male;,,algemeen Nederlands.,,,
robin,robin,20070823_nl1,robin,0.58219975,True,male;,,algemeen Nederlands.,,,
robin,robin,20070823_nl1,robin,0.6547997,True,male;,,algemeen Nederlands.,,,
robin,robin,20070823_nl1,robin,0.5082865,True,male;,,algemeen Nederlands.,,,
robin,robin,20070823_nl1,robin,0.48547637,True,male;,,algemeen Nederlands.,,,
robin,robin,20070823_nl1,robin,0.62366843,True,male;,,algemeen Nederlands.,,,
robin,robin,20070823_nl1,robin,0.5894305,True,male;,,algemeen Nederlands.,,,
robin,robin,20070823_nl1,robin,0.5829225,True,male;,,algemeen Nederlands.,,,
robin,robin,20070823_nl1,robin,0.5938056,True,male;,,algemeen Nederlands.,,,
robin,robin,20070823_nl1,robin,0.64097214,True,male;,,algemeen Nederlands.,,,
robin,robin,20070823_nl1,robin,0.6942364,True,male;,,algemeen Nederlands.,,,
robin,robin,20070823_nl1,robin,0.5890517,True,male;,,algemeen Nederlands.,,,
robin,robin,20070823_nl1,robin,0.51207405,True,male;,,algemeen Nederlands.,,,
robin,robin,20070823_nl1,robin,0.718461,True,male;,,algemeen Nederlands.,,,
robin,robin,20070823_nl1,robin,0.6095761,True,male;,,algemeen Nederlands.,,,
robin,robin,20070823_nl1,robin,0.5532627,True,male;,,algemeen Nederlands.,,,
robin,robin,20070823_nl1,robin,0.6304585,True,male;,,algemeen Nederlands.,,,
robin,robin,20070823_nl1,robin,0.53615385,True,male;,,algemeen Nederlands.,,,
robin,robin,20070823_nl1,robin,0.64654684,True,male;,,algemeen Nederlands.,,,
robin,robin,20071209,tester,0.61055803,False,male;,,algemeen Nederlands.,,,
robin,robin,20070823_nl1,robin,0.6796966,True,male;,,algemeen Nederlands.,,,
robin,robin,20070823_nl1,robin,0.65051013,True,male;,,algemeen Nederlands.,,,
robin,robin,20070823_nl1,robin,0.6285871,True,male;,,algemeen Nederlands.,,,
robin,robin,20070823_nl1,robin,0.610239,True,male;,,algemeen Nederlands.,,,
robin,robin,20070823_nl1,robin,0.66338027,True,male;,,algemeen Nederlands.,,,
robin,robin,20070823_nl1,robin,0.5892085,True,male;,,algemeen Nederlands.,,,
robin,robin,20070823_nl1,robin,0.59095,True,male;,,algemeen Nederlands.,,,
robin,robin,20070823_nl1,robin,0.6401913,True,male;,,algemeen Nederlands.,,,
robin,robin,20070823_nl1,robin,0.5823062,True,male;,,algemeen Nederlands.,,,
robin,robin,20070823_nl1,robin,0.6068466,True,male;,,algemeen Nederlands.,,,
robin,robin,20070823_nl1,robin,0.685095,True,male;,,algemeen Nederlands.,,,
robin,robin,20070823_nl1,robin,0.6906446,True,male;,,algemeen Nederlands.,,,
robin,robin,20070823_nl1,robin,0.6276156,True,male;,,algemeen Nederlands.,,,
robin,robin,20070823_nl1,robin,0.55772114,True,male;,,algemeen Nederlands.,,,
robin,robin,20070823_nl1,robin,0.56632996,True,male;,,algemeen Nederlands.,,,
robin,robin,20070823_nl1,robin,0.67669356,True,male;,,algemeen Nederlands.,,,
robin,robin,20071209,tester,0.5802515,False,male;,,algemeen Nederlands.,,,
robin,robin,20070823_nl1,robin,0.5552443,True,male;,,algemeen Nederlands.,,,
robin,robin,20070823_nl1,robin,0.6260244,True,male;,,algemeen Nederlands.,,,
robin,robin,20070823_nl1,robin,0.59776866,True,male;,,algemeen Nederlands.,,,
robin,robin,20071209,tester,0.62472814,False,male;,,algemeen Nederlands.,,,
robin,robin,20070823_nl1,robin,0.6231686,True,male;,,algemeen Nederlands.,,,
robin,robin,20071209,tester,0.55179155,False,male;,,algemeen Nederlands.,,,
Robin,Robin,20080711,Robin,0.6639148,True,mannelijk,volwassen,Noordwestelijk,n/a,microfoon in laptop,48000
robin,robin,20070823_nl1,robin,0.61896956,True,male;,,algemeen Nederlands.,,,
robin,robin,20071209,tester,0.5858153,False,male;,,algemeen Nederlands.,,,
Robin,Robin,20080711,Robin,0.53483945,True,mannelijk,volwassen,Noordwestelijk,n/a,microfoon in laptop,48000
Robin,Robin,20080711,Robin,0.5486689,True,mannelijk,volwassen,Noordwestelijk,n/a,microfoon in laptop,48000
Robin,Robin,20080711,Robin,0.64324176,True,mannelijk,volwassen,Noordwestelijk,n/a,microfoon in laptop,48000
Robin,Robin,20080711,Robin,0.72410107,True,mannelijk,volwassen,Noordwestelijk,n/a,microfoon in laptop,48000
Robin,Robin,20080711,Robin,0.596504,True,mannelijk,volwassen,Noordwestelijk,n/a,microfoon in laptop,48000
Robin,Robin,20080711,Robin,0.7157972,True,mannelijk,volwassen,Noordwestelijk,n/a,microfoon in laptop,48000
Robin,Robin,20080711,Robin,0.6760078,True,mannelijk,volwassen,Noordwestelijk,n/a,microfoon in laptop,48000
Robin,Robin,20080711,Robin,0.6758356,True,mannelijk,volwassen,Noordwestelijk,n/a,microfoon in laptop,48000
roelof,roelof,20120318,roelof,0.8151438,True,mannelijk,volwassen,algemeen Nederlands,n/a,headsetmicrofoon,48000
roelof,roelof,20120318,roelof,0.79562795,True,mannelijk,volwassen,algemeen Nederlands,n/a,headsetmicrofoon,48000
roelof,roelof,20120318,roelof,0.812968,True,mannelijk,volwassen,algemeen Nederlands,n/a,headsetmicrofoon,48000
roelof,roelof,20120318,roelof,0.8581087,True,mannelijk,volwassen,algemeen Nederlands,n/a,headsetmicrofoon,48000
roelof,roelof,20120318,roelof,0.7624742,True,mannelijk,volwassen,algemeen Nederlands,n/a,headsetmicrofoon,48000
roelof,roelof,20120318,roelof,0.71689916,True,mannelijk,volwassen,algemeen Nederlands,n/a,headsetmicrofoon,48000
roelof,roelof,20120318,roelof,0.76473105,True,mannelijk,volwassen,algemeen Nederlands,n/a,headsetmicrofoon,48000
roelof,roelof,20120318,roelof,0.78210163,True,mannelijk,volwassen,algemeen Nederlands,n/a,headsetmicrofoon,48000
roelof,roelof,20120318,roelof,0.8451613,True,mannelijk,volwassen,algemeen Nederlands,n/a,headsetmicrofoon,48000
roelof,roelof,20120318,roelof,0.81812686,True,mannelijk,volwassen,algemeen Nederlands,n/a,headsetmicrofoon,48000
roelof,roelof,20120318,roelof,0.7974672,True,mannelijk,volwassen,algemeen Nederlands,n/a,headsetmicrofoon,48000
roelof,roelof,20120318,roelof,0.8363352,True,mannelijk,volwassen,algemeen Nederlands,n/a,headsetmicrofoon,48000
roelof,roelof,20120318,roelof,0.70773315,True,mannelijk,volwassen,algemeen Nederlands,n/a,headsetmicrofoon,48000
roelof,roelof,20120318,roelof,0.8192221,True,mannelijk,volwassen,algemeen Nederlands,n/a,headsetmicrofoon,48000
roelof,roelof,20120318,roelof,0.72203755,True,mannelijk,volwassen,algemeen Nederlands,n/a,headsetmicrofoon,48000
roelof,roelof,20120318,roelof,0.8310422,True,mannelijk,volwassen,algemeen Nederlands,n/a,headsetmicrofoon,48000
roelof,roelof,20120318,roelof,0.7833394,True,mannelijk,volwassen,algemeen Nederlands,n/a,headsetmicrofoon,48000
roelof,roelof,20120318,roelof,0.8298454,True,mannelijk,volwassen,algemeen Nederlands,n/a,headsetmicrofoon,48000
roelof,roelof,20120318,roelof,0.84662807,True,mannelijk,volwassen,algemeen Nederlands,n/a,headsetmicrofoon,48000
roelof,roelof,20120318,roelof,0.77064854,True,mannelijk,volwassen,algemeen Nederlands,n/a,headsetmicrofoon,48000
roelof,roelof,20120318,roelof,0.70666516,True,mannelijk,volwassen,algemeen Nederlands,n/a,headsetmicrofoon,48000
roelof,roelof,20120318,roelof,0.69238436,True,mannelijk,volwassen,algemeen Nederlands,n/a,headsetmicrofoon,48000
roelof,roelof,20120318,roelof,0.771598,True,mannelijk,volwassen,algemeen Nederlands,n/a,headsetmicrofoon,48000
roelof,roelof,20120318,roelof,0.7903627,True,mannelijk,volwassen,algemeen Nederlands,n/a,headsetmicrofoon,48000
roelof,roelof,20120318,roelof,0.756256,True,mannelijk,volwassen,algemeen Nederlands,n/a,headsetmicrofoon,48000
roelof,roelof,20120318,roelof,0.8420496,True,mannelijk,volwassen,algemeen Nederlands,n/a,headsetmicrofoon,48000
roelof,roelof,20120318,roelof,0.8376765,True,mannelijk,volwassen,algemeen Nederlands,n/a,headsetmicrofoon,48000
roelof,roelof,20120318,roelof,0.77541685,True,mannelijk,volwassen,algemeen Nederlands,n/a,headsetmicrofoon,48000
roelof,roelof,20120318,roelof,0.8655457,True,mannelijk,volwassen,algemeen Nederlands,n/a,headsetmicrofoon,48000
roelof,roelof,20120318,roelof,0.7696244,True,mannelijk,volwassen,algemeen Nederlands,n/a,headsetmicrofoon,48000
roelof,roelof,20120318,roelof,0.71693975,True,mannelijk,volwassen,algemeen Nederlands,n/a,headsetmicrofoon,48000
roelof,roelof,20120318,roelof,0.7775311,True,mannelijk,volwassen,algemeen Nederlands,n/a,headsetmicrofoon,48000
roelof,roelof,20120318,roelof,0.81220925,True,mannelijk,volwassen,algemeen Nederlands,n/a,headsetmicrofoon,48000
roelof,roelof,20120318,roelof,0.75155556,True,mannelijk,volwassen,algemeen Nederlands,n/a,headsetmicrofoon,48000
roelof,roelof,20120318,roelof,0.8096528,True,mannelijk,volwassen,algemeen Nederlands,n/a,headsetmicrofoon,48000
roelof,roelof,20120318,roelof,0.7636504,True,mannelijk,volwassen,algemeen Nederlands,n/a,headsetmicrofoon,48000
roelof,roelof,20120318,roelof,0.81458586,True,mannelijk,volwassen,algemeen Nederlands,n/a,headsetmicrofoon,48000
roelof,roelof,20120318,roelof,0.6562183,True,mannelijk,volwassen,algemeen Nederlands,n/a,headsetmicrofoon,48000
Ronin,Ronin,20080326,Ronin,0.65287656,True,mannelijk,volwassen,algemeen Nederlands,n/a,headsetmicrofoon,48000
Ronin,Ronin,20080326,Ronin,0.64865327,True,mannelijk,volwassen,algemeen Nederlands,n/a,headsetmicrofoon,48000
roelof,roelof,20120318,roelof,0.8301385,True,mannelijk,volwassen,algemeen Nederlands,n/a,headsetmicrofoon,48000
Ronin,Ronin,20080326,Ronin,0.7169173,True,mannelijk,volwassen,algemeen Nederlands,n/a,headsetmicrofoon,48000
Ronin,Ronin,20080326,Ronin,0.5411853,True,mannelijk,volwassen,algemeen Nederlands,n/a,headsetmicrofoon,48000
Ronin,Ronin,20080326,Ronin,0.4841895,True,mannelijk,volwassen,algemeen Nederlands,n/a,headsetmicrofoon,48000
Ronin,Ronin,20080326,Ronin,0.6523171,True,mannelijk,volwassen,algemeen Nederlands,n/a,headsetmicrofoon,48000
Ronin,Ronin,20080326,Ronin,0.65393215,True,mannelijk,volwassen,algemeen Nederlands,n/a,headsetmicrofoon,48000
Ronin,Ronin,20080326,Ronin,0.66132206,True,mannelijk,volwassen,algemeen Nederlands,n/a,headsetmicrofoon,48000
Ronin,Ronin,20080326,Ronin,0.63212085,True,mannelijk,volwassen,algemeen Nederlands,n/a,headsetmicrofoon,48000
Ronin,Ronin,20080326,Ronin,0.6904502,True,mannelijk,volwassen,algemeen Nederlands,n/a,headsetmicrofoon,48000
Ronin,Ronin,20080326,Ronin,0.57781553,True,mannelijk,volwassen,algemeen Nederlands,n/a,headsetmicrofoon,48000
Ronin,Ronin,20080326,Ronin,0.49569482,True,mannelijk,volwassen,algemeen Nederlands,n/a,headsetmicrofoon,48000
Ronin,Ronin,20080326,Ronin,0.54639137,True,mannelijk,volwassen,algemeen Nederlands,n/a,headsetmicrofoon,48000
Ronin,Ronin,20080326,Ronin,0.6586742,True,mannelijk,volwassen,algemeen Nederlands,n/a,headsetmicrofoon,48000
Ronin,Ronin,20080326,Ronin,0.58997434,True,mannelijk,volwassen,algemeen Nederlands,n/a,headsetmicrofoon,48000
Ronin,Ronin,20080326,Ronin,0.65509695,True,mannelijk,volwassen,algemeen Nederlands,n/a,headsetmicrofoon,48000
Ronin,Ronin,20080326,Ronin,0.62025607,True,mannelijk,volwassen,algemeen Nederlands,n/a,headsetmicrofoon,48000
Ronin,Ronin,20080326,Ronin,0.61433256,True,mannelijk,volwassen,algemeen Nederlands,n/a,headsetmicrofoon,48000
Ronin,Ronin,20080326,Ronin,0.63306487,True,mannelijk,volwassen,algemeen Nederlands,n/a,headsetmicrofoon,48000
Ronin,Ronin,20080326,Ronin,0.62987363,True,mannelijk,volwassen,algemeen Nederlands,n/a,headsetmicrofoon,48000
Ronin,Ronin,20080326,Ronin,0.6769354,True,mannelijk,volwassen,algemeen Nederlands,n/a,headsetmicrofoon,48000
Ronin,Ronin,20080326,Ronin,0.69978046,True,mannelijk,volwassen,algemeen Nederlands,n/a,headsetmicrofoon,48000
Ronin,Ronin,20080326,Ronin,0.65427804,True,mannelijk,volwassen,algemeen Nederlands,n/a,headsetmicrofoon,48000
Ronin,Ronin,20080326,Ronin,0.65170026,True,mannelijk,volwassen,algemeen Nederlands,n/a,headsetmicrofoon,48000
Ronin,Ronin,20080326,Ronin,0.64861155,True,mannelijk,volwassen,algemeen Nederlands,n/a,headsetmicrofoon,48000
Ronin,Ronin,20080326,Ronin,0.7048664,True,mannelijk,volwassen,algemeen Nederlands,n/a,headsetmicrofoon,48000
Ronin,Ronin,20080326,Ronin,0.53501153,True,mannelijk,volwassen,algemeen Nederlands,n/a,headsetmicrofoon,48000
Ronin,Ronin,20080326,Ronin,0.666816,True,mannelijk,volwassen,algemeen Nederlands,n/a,headsetmicrofoon,48000
Ronin,Ronin,20080326,Ronin,0.74538076,True,mannelijk,volwassen,algemeen Nederlands,n/a,headsetmicrofoon,48000
ruth,ruth,20080302,ruth,0.8000947,True,vrouwelijk,volwassen,Noordoostelijk,n/a,headsetmicrofoon,48000
ruth,ruth,20080302,ruth,0.7320454,True,vrouwelijk,volwassen,Noordoostelijk,n/a,headsetmicrofoon,48000
ruth,ruth,20080302,ruth,0.5929493,True,vrouwelijk,volwassen,Noordoostelijk,n/a,headsetmicrofoon,48000
ruth,ruth,20080302,ruth,0.7385916,True,vrouwelijk,volwassen,Noordoostelijk,n/a,headsetmicrofoon,48000
ruth,ruth,20080302,ruth,0.7030953,True,vrouwelijk,volwassen,Noordoostelijk,n/a,headsetmicrofoon,48000
ruth,ruth,20080302,ruth,0.74304235,True,vrouwelijk,volwassen,Noordoostelijk,n/a,headsetmicrofoon,48000
ruth,ruth,20080302,ruth,0.73751277,True,vrouwelijk,volwassen,Noordoostelijk,n/a,headsetmicrofoon,48000
ruth,ruth,20080302,ruth,0.7245229,True,vrouwelijk,volwassen,Noordoostelijk,n/a,headsetmicrofoon,48000
ruth,ruth,20080302,ruth,0.5787998,True,vrouwelijk,volwassen,Noordoostelijk,n/a,headsetmicrofoon,48000
ruth,ruth,20080302,ruth,0.59412646,True,vrouwelijk,volwassen,Noordoostelijk,n/a,headsetmicrofoon,48000
ruth,ruth,20080302,ruth,0.73720837,True,vrouwelijk,volwassen,Noordoostelijk,n/a,headsetmicrofoon,48000
ruth,ruth,20080302,ruth,0.7340282,True,vrouwelijk,volwassen,Noordoostelijk,n/a,headsetmicrofoon,48000
ruth,ruth,20080302,ruth,0.68573344,True,vrouwelijk,volwassen,Noordoostelijk,n/a,headsetmicrofoon,48000
ruth,ruth,20080302,ruth,0.745514,True,vrouwelijk,volwassen,Noordoostelijk,n/a,headsetmicrofoon,48000
ruth,ruth,20080302,ruth,0.7407176,True,vrouwelijk,volwassen,Noordoostelijk,n/a,headsetmicrofoon,48000
ruth,ruth,20080302,ruth,0.63745034,True,vrouwelijk,volwassen,Noordoostelijk,n/a,headsetmicrofoon,48000
ruth,ruth,20080302,ruth,0.7610173,True,vrouwelijk,volwassen,Noordoostelijk,n/a,headsetmicrofoon,48000
ruth,ruth,20080302,ruth,0.6853883,True,vrouwelijk,volwassen,Noordoostelijk,n/a,headsetmicrofoon,48000
ruth,ruth,20080302,ruth,0.70630693,True,vrouwelijk,volwassen,Noordoostelijk,n/a,headsetmicrofoon,48000
ruth,ruth,20080302,ruth,0.70718807,True,vrouwelijk,volwassen,Noordoostelijk,n/a,headsetmicrofoon,48000
ruth,ruth,20080302,ruth,0.35113475,True,vrouwelijk,volwassen,Noordoostelijk,n/a,headsetmicrofoon,48000
ruth,ruth,20080302,ruth,0.76175326,True,vrouwelijk,volwassen,Noordoostelijk,n/a,headsetmicrofoon,48000
ruth,ruth,20080302,ruth,0.7719538,True,vrouwelijk,volwassen,Noordoostelijk,n/a,headsetmicrofoon,48000
ruth,ruth,20080302,ruth,0.7616349,True,vrouwelijk,volwassen,Noordoostelijk,n/a,headsetmicrofoon,48000
ruth,ruth,20080302,ruth,0.7610301,True,vrouwelijk,volwassen,Noordoostelijk,n/a,headsetmicrofoon,48000
ruth,ruth,20080302,ruth,0.6996347,True,vrouwelijk,volwassen,Noordoostelijk,n/a,headsetmicrofoon,48000
ruth,ruth,20080302,ruth,0.6956746,True,vrouwelijk,volwassen,Noordoostelijk,n/a,headsetmicrofoon,48000
ruth,ruth,20080302,ruth,0.73310995,True,vrouwelijk,volwassen,Noordoostelijk,n/a,headsetmicrofoon,48000
ruth,ruth,20080302,ruth,0.69861066,True,vrouwelijk,volwassen,Noordoostelijk,n/a,headsetmicrofoon,48000
sandervdm,sandervdm,20080418,boergerrit,0.13194856,False,mannelijk,jeugd,algemeen Nederlands,n/a,microfoon in laptop,48000
sandervdm,sandervdm,20080708,Vistaus,0.22434911,False,mannelijk,jeugd,algemeen Nederlands,n/a,microfoon in laptop,48000
sandervdm,sandervdm,20120318,siety,0.18393344,False,mannelijk,jeugd,algemeen Nederlands,n/a,microfoon in laptop,48000
sandervdm,sandervdm,20080302,ruth,0.22193107,False,mannelijk,jeugd,algemeen Nederlands,n/a,microfoon in laptop,48000
sandervdm,sandervdm,20090412,john332,0.26072648,False,mannelijk,jeugd,algemeen Nederlands,n/a,microfoon in laptop,48000
sandervdm,sandervdm,20140702,rhpv,0.16592963,False,mannelijk,jeugd,algemeen Nederlands,n/a,microfoon in laptop,48000
sandervdm,sandervdm,20090412,john332,0.19588019,False,mannelijk,jeugd,algemeen Nederlands,n/a,microfoon in laptop,48000
sandervdm,sandervdm,20180724,pcmill,0.1368924,False,mannelijk,jeugd,algemeen Nederlands,n/a,microfoon in laptop,48000
sandervdm,sandervdm,20081203,jokohoko,0.17072478,False,mannelijk,jeugd,algemeen Nederlands,n/a,microfoon in laptop,48000
sandervdm,sandervdm,20140323,fin,0.2870188,False,mannelijk,jeugd,algemeen Nederlands,n/a,microfoon in laptop,48000
sandervdm,sandervdm,20090205,StijnFrima,0.2612681,False,mannelijk,jeugd,algemeen Nederlands,n/a,microfoon in laptop,48000
sandervdm,sandervdm,20160115,tomasf,0.30705965,False,mannelijk,jeugd,algemeen Nederlands,n/a,microfoon in laptop,48000
sandervdm,sandervdm,20121219,JensVerwaerde,0.25223514,False,mannelijk,jeugd,algemeen Nederlands,n/a,microfoon in laptop,48000
sandervdm,sandervdm,20080326,Ronin,0.43624604,False,mannelijk,jeugd,algemeen Nederlands,n/a,microfoon in laptop,48000
sandervdm,sandervdm,20080326,Ronin,0.40491694,False,mannelijk,jeugd,algemeen Nederlands,n/a,microfoon in laptop,48000
sandervdm,sandervdm,20160115,tomasf,0.3385487,False,mannelijk,jeugd,algemeen Nederlands,n/a,microfoon in laptop,48000
sandervdm,sandervdm,20081022,JaricFjodorowBelarus,0.31367463,False,mannelijk,jeugd,algemeen Nederlands,n/a,microfoon in laptop,48000
sandervdm,sandervdm,20090813,Mivalo,0.4509893,False,mannelijk,jeugd,algemeen Nederlands,n/a,microfoon in laptop,48000
sandervdm,sandervdm,20080326,Ronin,0.4125293,False,mannelijk,jeugd,algemeen Nederlands,n/a,microfoon in laptop,48000
sandervdm,sandervdm,20080326,Hyshinara,0.40476897,False,mannelijk,jeugd,algemeen Nederlands,n/a,microfoon in laptop,48000
sandervdm,sandervdm,20080326,Ronin,0.33384848,False,mannelijk,jeugd,algemeen Nederlands,n/a,microfoon in laptop,48000
sandervdm,sandervdm,20080326,Ronin,0.35520983,False,mannelijk,jeugd,algemeen Nederlands,n/a,microfoon in laptop,48000
sandervdm,sandervdm,20131123,kaas,0.46449992,False,mannelijk,jeugd,algemeen Nederlands,n/a,microfoon in laptop,48000
sandervdm,sandervdm,20151021,Walter,0.3732016,False,mannelijk,jeugd,algemeen Nederlands,n/a,microfoon in laptop,48000
sandervdm,sandervdm,20090629,Sjiel2,0.4143697,False,mannelijk,jeugd,algemeen Nederlands,n/a,microfoon in laptop,48000
sandervdm,sandervdm,20180724,pcmill,0.376185,False,mannelijk,jeugd,algemeen Nederlands,n/a,microfoon in laptop,48000
sandervdm,sandervdm,20110422,bakeds,0.3665018,False,mannelijk,jeugd,algemeen Nederlands,n/a,microfoon in laptop,48000
sandervdm,sandervdm,20080326,Ronin,0.33406213,False,mannelijk,jeugd,algemeen Nederlands,n/a,microfoon in laptop,48000
sandervdm,sandervdm,20110422,bakeds,0.3587858,False,mannelijk,jeugd,algemeen Nederlands,n/a,microfoon in laptop,48000
ServaisP,ServaisP,20090604,ServaisP,0.7221625,True,mannelijk,volwassen,anders,n/a,microfoon in laptop,48000
ServaisP,ServaisP,20090604,ServaisP,0.55465865,True,mannelijk,volwassen,anders,n/a,microfoon in laptop,48000
ServaisP,ServaisP,20090604,ServaisP,0.5957376,True,mannelijk,volwassen,anders,n/a,microfoon in laptop,48000
ServaisP,ServaisP,20090604,ServaisP,0.7076936,True,mannelijk,volwassen,anders,n/a,microfoon in laptop,48000
ServaisP,ServaisP,20090604,ServaisP,0.68393743,True,mannelijk,volwassen,anders,n/a,microfoon in laptop,48000
ServaisP,ServaisP,20090604,ServaisP,0.5028877,True,mannelijk,volwassen,anders,n/a,microfoon in laptop,48000
ServaisP,ServaisP,20090604,ServaisP,0.55640936,True,mannelijk,volwassen,anders,n/a,microfoon in laptop,48000
ServaisP,ServaisP,20090604,ServaisP,0.57403815,True,mannelijk,volwassen,anders,n/a,microfoon in laptop,48000
ServaisP,ServaisP,20090604,ServaisP,0.544726,True,mannelijk,volwassen,anders,n/a,microfoon in laptop,48000
ServaisP,ServaisP,20090604,ServaisP,0.6872195,True,mannelijk,volwassen,anders,n/a,microfoon in laptop,48000
ServaisP,ServaisP,20090604,ServaisP,0.69276905,True,mannelijk,volwassen,anders,n/a,microfoon in laptop,48000
ServaisP,ServaisP,20090604,ServaisP,0.5486555,True,mannelijk,volwassen,anders,n/a,microfoon in laptop,48000
ServaisP,ServaisP,20090604,ServaisP,0.676587,True,mannelijk,volwassen,anders,n/a,microfoon in laptop,48000
ServaisP,ServaisP,20090604,ServaisP,0.6733179,True,mannelijk,volwassen,anders,n/a,microfoon in laptop,48000
ServaisP,ServaisP,20090604,ServaisP,0.5801959,True,mannelijk,volwassen,anders,n/a,microfoon in laptop,48000
ServaisP,ServaisP,20090604,ServaisP,0.65348953,True,mannelijk,volwassen,anders,n/a,microfoon in laptop,48000
ServaisP,ServaisP,20090604,ServaisP,0.63905084,True,mannelijk,volwassen,anders,n/a,microfoon in laptop,48000
ServaisP,ServaisP,20090604,ServaisP,0.5972849,True,mannelijk,volwassen,anders,n/a,microfoon in laptop,48000
ServaisP,ServaisP,20090604,ServaisP,0.6772226,True,mannelijk,volwassen,anders,n/a,microfoon in laptop,48000
ServaisP,ServaisP,20090604,ServaisP,0.5433192,True,mannelijk,volwassen,anders,n/a,microfoon in laptop,48000
ServaisP,ServaisP,20090604,ServaisP,0.5563835,True,mannelijk,volwassen,anders,n/a,microfoon in laptop,48000
ServaisP,ServaisP,20090604,ServaisP,0.68621767,True,mannelijk,volwassen,anders,n/a,microfoon in laptop,48000
ServaisP,ServaisP,20090604,ServaisP,0.5713495,True,mannelijk,volwassen,anders,n/a,microfoon in laptop,48000
ServaisP,ServaisP,20090604,ServaisP,0.6271213,True,mannelijk,volwassen,anders,n/a,microfoon in laptop,48000
ServaisP,ServaisP,20090604,ServaisP,0.7234431,True,mannelijk,volwassen,anders,n/a,microfoon in laptop,48000
ServaisP,ServaisP,20090604,ServaisP,0.55941635,True,mannelijk,volwassen,anders,n/a,microfoon in laptop,48000
ServaisP,ServaisP,20090604,ServaisP,0.6571683,True,mannelijk,volwassen,anders,n/a,microfoon in laptop,48000
ServaisP,ServaisP,20090604,ServaisP,0.6295033,True,mannelijk,volwassen,anders,n/a,microfoon in laptop,48000
ServaisP,ServaisP,20090604,ServaisP,0.5193931,True,mannelijk,volwassen,anders,n/a,microfoon in laptop,48000
siety,siety,20120318,siety,0.7842829,True,vrouwelijk,volwassen,algemeen Nederlands,n/a,headsetmicrofoon,48000
siety,siety,20120318,siety,0.8315644,True,vrouwelijk,volwassen,algemeen Nederlands,n/a,headsetmicrofoon,48000
siety,siety,20120318,siety,0.84683704,True,vrouwelijk,volwassen,algemeen Nederlands,n/a,headsetmicrofoon,48000
siety,siety,20120318,siety,0.833916,True,vrouwelijk,volwassen,algemeen Nederlands,n/a,headsetmicrofoon,48000
siety,siety,20120318,siety,0.85017115,True,vrouwelijk,volwassen,algemeen Nederlands,n/a,headsetmicrofoon,48000
siety,siety,20120318,siety,0.8017233,True,vrouwelijk,volwassen,algemeen Nederlands,n/a,headsetmicrofoon,48000
siety,siety,20120318,siety,0.7840284,True,vrouwelijk,volwassen,algemeen Nederlands,n/a,headsetmicrofoon,48000
siety,siety,20120318,siety,0.7669504,True,vrouwelijk,volwassen,algemeen Nederlands,n/a,headsetmicrofoon,48000
siety,siety,20120318,siety,0.6018065,True,vrouwelijk,volwassen,algemeen Nederlands,n/a,headsetmicrofoon,48000
siety,siety,20120318,siety,0.66253424,True,vrouwelijk,volwassen,algemeen Nederlands,n/a,headsetmicrofoon,48000
siety,siety,20120318,siety,0.62500346,True,vrouwelijk,volwassen,algemeen Nederlands,n/a,headsetmicrofoon,48000
siety,siety,20120318,siety,0.8227942,True,vrouwelijk,volwassen,algemeen Nederlands,n/a,headsetmicrofoon,48000
siety,siety,20120318,siety,0.7246512,True,vrouwelijk,volwassen,algemeen Nederlands,n/a,headsetmicrofoon,48000
siety,siety,20120318,siety,0.5410074,True,vrouwelijk,volwassen,algemeen Nederlands,n/a,headsetmicrofoon,48000
siety,siety,20120318,siety,0.6560711,True,vrouwelijk,volwassen,algemeen Nederlands,n/a,headsetmicrofoon,48000
siety,siety,20120318,siety,0.49883097,True,vrouwelijk,volwassen,algemeen Nederlands,n/a,headsetmicrofoon,48000
siety,siety,20120318,siety,0.63596296,True,vrouwelijk,volwassen,algemeen Nederlands,n/a,headsetmicrofoon,48000
siety,siety,20120318,siety,0.6517168,True,vrouwelijk,volwassen,algemeen Nederlands,n/a,headsetmicrofoon,48000
siety,siety,20120318,siety,0.59828395,True,vrouwelijk,volwassen,algemeen Nederlands,n/a,headsetmicrofoon,48000
siety,siety,20120318,siety,0.8025141,True,vrouwelijk,volwassen,algemeen Nederlands,n/a,headsetmicrofoon,48000
siety,siety,20120318,siety,0.6766215,True,vrouwelijk,volwassen,algemeen Nederlands,n/a,headsetmicrofoon,48000
siety,siety,20120318,siety,0.7865478,True,vrouwelijk,volwassen,algemeen Nederlands,n/a,headsetmicrofoon,48000
siety,siety,20120318,siety,0.6815437,True,vrouwelijk,volwassen,algemeen Nederlands,n/a,headsetmicrofoon,48000
siety,siety,20120318,siety,0.6838157,True,vrouwelijk,volwassen,algemeen Nederlands,n/a,headsetmicrofoon,48000
siety,siety,20120318,siety,0.7372193,True,vrouwelijk,volwassen,algemeen Nederlands,n/a,headsetmicrofoon,48000
siety,siety,20120318,siety,0.7131251,True,vrouwelijk,volwassen,algemeen Nederlands,n/a,headsetmicrofoon,48000
siety,siety,20120318,siety,0.74696076,True,vrouwelijk,volwassen,algemeen Nederlands,n/a,headsetmicrofoon,48000
Sjiel1,Sjiel1,20090629,Sjiel3,0.628253,False,mannelijk,volwassen,algemeen Nederlands,n/a,headsetmicrofoon,48000
Sjiel1,Sjiel1,20090629,Sjiel3,0.75130063,False,mannelijk,volwassen,algemeen Nederlands,n/a,headsetmicrofoon,48000
Sjiel1,Sjiel1,20090629,Sjiel3,0.7055928,False,mannelijk,volwassen,algemeen Nederlands,n/a,headsetmicrofoon,48000
siety,siety,20120318,siety,0.6341761,True,vrouwelijk,volwassen,algemeen Nederlands,n/a,headsetmicrofoon,48000
Sjiel1,Sjiel1,20090629,Sjiel2,0.78885174,False,mannelijk,volwassen,algemeen Nederlands,n/a,headsetmicrofoon,48000
siety,siety,20120318,siety,0.7268417,True,vrouwelijk,volwassen,algemeen Nederlands,n/a,headsetmicrofoon,48000
Sjiel1,Sjiel1,20090629,Sjiel4,0.66843534,False,mannelijk,volwassen,algemeen Nederlands,n/a,headsetmicrofoon,48000
Sjiel1,Sjiel1,20090629,Sjiel2,0.65700024,False,mannelijk,volwassen,algemeen Nederlands,n/a,headsetmicrofoon,48000
Sjiel1,Sjiel1,20090629,Sjiel3,0.6251037,False,mannelijk,volwassen,algemeen Nederlands,n/a,headsetmicrofoon,48000
Sjiel1,Sjiel1,20090629,Sjiel2,0.7086117,False,mannelijk,volwassen,algemeen Nederlands,n/a,headsetmicrofoon,48000
Sjiel2,Sjiel2,20090629,Sjiel3,0.5345861,False,mannelijk,volwassen,algemeen Nederlands,n/a,headsetmicrofoon,48000
Sjiel1,Sjiel1,20090629,Sjiel3,0.70947695,False,mannelijk,volwassen,algemeen Nederlands,n/a,headsetmicrofoon,48000
Sjiel2,Sjiel2,20090629,Sjiel4,0.67955923,False,mannelijk,volwassen,algemeen Nederlands,n/a,headsetmicrofoon,48000
Sjiel2,Sjiel2,20090629,Sjiel3,0.7333208,False,mannelijk,volwassen,algemeen Nederlands,n/a,headsetmicrofoon,48000
Sjiel2,Sjiel2,20090629,Sjiel4,0.7786918,False,mannelijk,volwassen,algemeen Nederlands,n/a,headsetmicrofoon,48000
Sjiel2,Sjiel2,20090629,Sjiel4,0.7353803,False,mannelijk,volwassen,algemeen Nederlands,n/a,headsetmicrofoon,48000
Sjiel2,Sjiel2,20090629,Sjiel4,0.732894,False,mannelijk,volwassen,algemeen Nederlands,n/a,headsetmicrofoon,48000
Sjiel2,Sjiel2,20090629,Sjiel3,0.8155218,False,mannelijk,volwassen,algemeen Nederlands,n/a,headsetmicrofoon,48000
Sjiel3,Sjiel3,20090629,Sjiel3,0.51489544,True,mannelijk,volwassen,algemeen Nederlands,n/a,headsetmicrofoon,48000
Sjiel2,Sjiel2,20090629,Sjiel4,0.79528785,False,mannelijk,volwassen,algemeen Nederlands,n/a,headsetmicrofoon,48000
Sjiel2,Sjiel2,20090629,Sjiel4,0.7007317,False,mannelijk,volwassen,algemeen Nederlands,n/a,headsetmicrofoon,48000
Sjiel3,Sjiel3,20090629,Sjiel4,0.7657881,False,mannelijk,volwassen,algemeen Nederlands,n/a,headsetmicrofoon,48000
Sjiel3,Sjiel3,20090629,Sjiel4,0.77173597,False,mannelijk,volwassen,algemeen Nederlands,n/a,headsetmicrofoon,48000
Sjiel3,Sjiel3,20090629,Sjiel3,0.7444764,True,mannelijk,volwassen,algemeen Nederlands,n/a,headsetmicrofoon,48000
Sjiel3,Sjiel3,20090629,Sjiel4,0.74835646,False,mannelijk,volwassen,algemeen Nederlands,n/a,headsetmicrofoon,48000
Sjiel3,Sjiel3,20090629,Sjiel2,0.7436,False,mannelijk,volwassen,algemeen Nederlands,n/a,headsetmicrofoon,48000
Sjiel3,Sjiel3,20090629,Sjiel4,0.7444781,False,mannelijk,volwassen,algemeen Nederlands,n/a,headsetmicrofoon,48000
Sjiel3,Sjiel3,20090629,Sjiel4,0.7816777,False,mannelijk,volwassen,algemeen Nederlands,n/a,headsetmicrofoon,48000
Sjiel3,Sjiel3,20090629,Sjiel2,0.7037751,False,mannelijk,volwassen,algemeen Nederlands,n/a,headsetmicrofoon,48000
Sjiel4,Sjiel4,20090629,Sjiel4,0.7447691,True,mannelijk,volwassen,algemeen Nederlands,n/a,headsetmicrofoon,48000
Sjiel4,Sjiel4,20090629,Sjiel4,0.7975525,True,mannelijk,volwassen,algemeen Nederlands,n/a,headsetmicrofoon,48000
Sjiel4,Sjiel4,20090629,Sjiel4,0.7071203,True,mannelijk,volwassen,algemeen Nederlands,n/a,headsetmicrofoon,48000
Sjiel4,Sjiel4,20090629,Sjiel4,0.7562138,True,mannelijk,volwassen,algemeen Nederlands,n/a,headsetmicrofoon,48000
Sjiel4,Sjiel4,20090629,Sjiel4,0.75884235,True,mannelijk,volwassen,algemeen Nederlands,n/a,headsetmicrofoon,48000
Sjiel4,Sjiel4,20090629,Sjiel4,0.7137931,True,mannelijk,volwassen,algemeen Nederlands,n/a,headsetmicrofoon,48000
Sjiel4,Sjiel4,20090629,Sjiel4,0.76998746,True,mannelijk,volwassen,algemeen Nederlands,n/a,headsetmicrofoon,48000
Sjiel4,Sjiel4,20090629,Sjiel4,0.74168074,True,mannelijk,volwassen,algemeen Nederlands,n/a,headsetmicrofoon,48000
Sjiel4,Sjiel4,20090629,Sjiel4,0.80788326,True,mannelijk,volwassen,algemeen Nederlands,n/a,headsetmicrofoon,48000
StijnFrima,StijnFrima,20090205,StijnFrima,0.76917374,True,mannelijk,jeugd,algemeen Nederlands,n/a,headsetmicrofoon,48000
StijnFrima,StijnFrima,20090205,StijnFrima,0.6577449,True,mannelijk,jeugd,algemeen Nederlands,n/a,headsetmicrofoon,48000
StijnFrima,StijnFrima,20090205,StijnFrima,0.7565106,True,mannelijk,jeugd,algemeen Nederlands,n/a,headsetmicrofoon,48000
StijnFrima,StijnFrima,20090205,StijnFrima,0.5888439,True,mannelijk,jeugd,algemeen Nederlands,n/a,headsetmicrofoon,48000
StijnFrima,StijnFrima,20090205,StijnFrima,0.6663065,True,mannelijk,jeugd,algemeen Nederlands,n/a,headsetmicrofoon,48000
StijnFrima,StijnFrima,20090205,StijnFrima,0.5321752,True,mannelijk,jeugd,algemeen Nederlands,n/a,headsetmicrofoon,48000
StijnFrima,StijnFrima,20090205,StijnFrima,0.72868955,True,mannelijk,jeugd,algemeen Nederlands,n/a,headsetmicrofoon,48000
StijnFrima,StijnFrima,20090205,StijnFrima,0.7256265,True,mannelijk,jeugd,algemeen Nederlands,n/a,headsetmicrofoon,48000
StijnFrima,StijnFrima,20090205,StijnFrima,0.5373285,True,mannelijk,jeugd,algemeen Nederlands,n/a,headsetmicrofoon,48000
SvenKortekaas,SvenKortekaas,20090617,Johan,0.4824757,False,mannelijk,volwassen,algemeen Nederlands,n/a,microfoon in laptop,48000
SvenKortekaas,SvenKortekaas,20140212,SvenKortekaas,0.60998726,True,mannelijk,volwassen,algemeen Nederlands,n/a,microfoon in laptop,48000
SvenKortekaas,SvenKortekaas,20140212,SvenKortekaas,0.5845796,True,mannelijk,volwassen,algemeen Nederlands,n/a,microfoon in laptop,48000
SvenKortekaas,SvenKortekaas,20140212,SvenKortekaas,0.49375635,True,mannelijk,volwassen,algemeen Nederlands,n/a,microfoon in laptop,48000
SvenKortekaas,SvenKortekaas,20140212,SvenKortekaas,0.6024632,True,mannelijk,volwassen,algemeen Nederlands,n/a,microfoon in laptop,48000
SvenKortekaas,SvenKortekaas,20140212,SvenKortekaas,0.6012683,True,mannelijk,volwassen,algemeen Nederlands,n/a,microfoon in laptop,48000
SvenKortekaas,SvenKortekaas,20140212,SvenKortekaas,0.51704824,True,mannelijk,volwassen,algemeen Nederlands,n/a,microfoon in laptop,48000
SvenKortekaas,SvenKortekaas,20140212,SvenKortekaas,0.5016475,True,mannelijk,volwassen,algemeen Nederlands,n/a,microfoon in laptop,48000
SvenKortekaas,SvenKortekaas,20140212,SvenKortekaas,0.54536855,True,mannelijk,volwassen,algemeen Nederlands,n/a,microfoon in laptop,48000
tbeertje,tbeertje,20111222,tbeertje,0.6989064,True,mannelijk,volwassen,anders,n/a,headsetmicrofoon,48000
tbeertje,tbeertje,20111222,tbeertje,0.65006053,True,mannelijk,volwassen,anders,n/a,headsetmicrofoon,48000
tbeertje,tbeertje,20111222,tbeertje,0.66276336,True,mannelijk,volwassen,anders,n/a,headsetmicrofoon,48000
tbeertje,tbeertje,20111222,tbeertje,0.65483624,True,mannelijk,volwassen,anders,n/a,headsetmicrofoon,48000
tbeertje,tbeertje,20111222,tbeertje,0.61230755,True,mannelijk,volwassen,anders,n/a,headsetmicrofoon,48000
tbeertje,tbeertje,20111222,tbeertje,0.6192721,True,mannelijk,volwassen,anders,n/a,headsetmicrofoon,48000
tbeertje,tbeertje,20111222,tbeertje,0.6769258,True,mannelijk,volwassen,anders,n/a,headsetmicrofoon,48000
tbeertje,tbeertje,20111222,tbeertje,0.64000744,True,mannelijk,volwassen,anders,n/a,headsetmicrofoon,48000
tester,tester,20071209,tester,0.7270253,True,mannelijk,volwassen,algemeen Nederlands,n/a,bureaumicrofoon (USB),48000
tbeertje,tbeertje,20111222,tbeertje,0.57492864,True,mannelijk,volwassen,anders,n/a,headsetmicrofoon,48000
tester,tester,20071209,tester,0.70998985,True,mannelijk,volwassen,algemeen Nederlands,n/a,bureaumicrofoon (USB),48000
tester,tester,20071209,tester,0.73488075,True,mannelijk,volwassen,algemeen Nederlands,n/a,bureaumicrofoon (USB),48000
tester,tester,20071209,tester,0.6192797,True,mannelijk,volwassen,algemeen Nederlands,n/a,bureaumicrofoon (USB),48000
tester,tester,20071209,tester,0.7818481,True,mannelijk,volwassen,algemeen Nederlands,n/a,bureaumicrofoon (USB),48000
tester,tester,20071209,tester,0.6365684,True,mannelijk,volwassen,algemeen Nederlands,n/a,bureaumicrofoon (USB),48000
tester,tester,20071209,tester,0.7451023,True,mannelijk,volwassen,algemeen Nederlands,n/a,bureaumicrofoon (USB),48000
tester,tester,20071209,tester,0.5981642,True,mannelijk,volwassen,algemeen Nederlands,n/a,bureaumicrofoon (USB),48000
tester,tester,20070823_nl1,robin,0.61422694,False,mannelijk,volwassen,algemeen Nederlands,n/a,bureaumicrofoon (USB),48000
tester,tester,20070823_nl1,robin,0.6240647,False,mannelijk,volwassen,algemeen Nederlands,n/a,bureaumicrofoon (USB),48000
tester,tester,20071209,tester,0.7152728,True,mannelijk,volwassen,algemeen Nederlands,n/a,bureaumicrofoon (USB),48000
tester,tester,20071209,tester,0.58511144,True,mannelijk,volwassen,algemeen Nederlands,n/a,bureaumicrofoon (USB),48000
tester,tester,20071209,tester,0.505092,True,mannelijk,volwassen,algemeen Nederlands,n/a,bureaumicrofoon (USB),48000
tester,tester,20070823_nl1,robin,0.5309663,False,mannelijk,volwassen,algemeen Nederlands,n/a,bureaumicrofoon (USB),48000
tester,tester,20070823_nl1,robin,0.5907066,False,mannelijk,volwassen,algemeen Nederlands,n/a,bureaumicrofoon (USB),48000
tester,tester,20070823_nl1,robin,0.5600455,False,mannelijk,volwassen,algemeen Nederlands,n/a,bureaumicrofoon (USB),48000
tester,tester,20071209,tester,0.6095907,True,mannelijk,volwassen,algemeen Nederlands,n/a,bureaumicrofoon (USB),48000
tester,tester,20071209,tester,0.53520495,True,mannelijk,volwassen,algemeen Nederlands,n/a,bureaumicrofoon (USB),48000
tester,tester,20071209,tester,0.6001061,True,mannelijk,volwassen,algemeen Nederlands,n/a,bureaumicrofoon (USB),48000
tomasf,tomasf,20160115,tomasf,0.68307173,True,mannelijk,volwassen,anders,n/a,microfoon in laptop,48000
tomasf,tomasf,20160115,tomasf,0.7170849,True,mannelijk,volwassen,anders,n/a,microfoon in laptop,48000
tomasf,tomasf,20160115,tomasf,0.7389132,True,mannelijk,volwassen,anders,n/a,microfoon in laptop,48000
tomasf,tomasf,20160115,tomasf,0.736357,True,mannelijk,volwassen,anders,n/a,microfoon in laptop,48000
tomasf,tomasf,20160115,tomasf,0.67751974,True,mannelijk,volwassen,anders,n/a,microfoon in laptop,48000
tomasf,tomasf,20160115,tomasf,0.74110526,True,mannelijk,volwassen,anders,n/a,microfoon in laptop,48000
tomasf,tomasf,20160115,tomasf,0.7958948,True,mannelijk,volwassen,anders,n/a,microfoon in laptop,48000
tomasf,tomasf,20160115,tomasf,0.8307998,True,mannelijk,volwassen,anders,n/a,microfoon in laptop,48000
tomasf,tomasf,20160115,tomasf,0.7850889,True,mannelijk,volwassen,anders,n/a,microfoon in laptop,48000
Vistaus,Vistaus,20080708,Vistaus,0.4926408,True,mannelijk,jeugd,algemeen Nederlands,n/a,microfoon in laptop,48000
Vistaus,Vistaus,20080708,Vistaus,0.61416423,True,mannelijk,jeugd,algemeen Nederlands,n/a,microfoon in laptop,48000
Vistaus,Vistaus,20080708,Vistaus,0.56445646,True,mannelijk,jeugd,algemeen Nederlands,n/a,microfoon in laptop,48000
Vistaus,Vistaus,20080708,Vistaus,0.5769769,True,mannelijk,jeugd,algemeen Nederlands,n/a,microfoon in laptop,48000
Vistaus,Vistaus,20080708,Vistaus,0.6289681,True,mannelijk,jeugd,algemeen Nederlands,n/a,microfoon in laptop,48000
Vistaus,Vistaus,20080806,VIstaus,0.66510135,False,mannelijk,jeugd,algemeen Nederlands,n/a,microfoon in laptop,48000
Vistaus,Vistaus,20080708,Vistaus,0.49518883,True,mannelijk,jeugd,algemeen Nederlands,n/a,microfoon in laptop,48000
Vistaus,Vistaus,20080708,Vistaus,0.6375491,True,mannelijk,jeugd,algemeen Nederlands,n/a,microfoon in laptop,48000
Vistaus,Vistaus,20080708,Vistaus,0.70693874,True,mannelijk,jeugd,algemeen Nederlands,n/a,microfoon in laptop,48000
Vistaus,Vistaus,20080708,Vistaus,0.5676595,True,mannelijk,jeugd,algemeen Nederlands,n/a,microfoon in laptop,48000
Vistaus,Vistaus,20080708,Vistaus,0.4644333,True,mannelijk,jeugd,algemeen Nederlands,n/a,microfoon in laptop,48000
Vistaus,Vistaus,20080708,Vistaus,0.5110353,True,mannelijk,jeugd,algemeen Nederlands,n/a,microfoon in laptop,48000
Vistaus,Vistaus,20080708,Vistaus,0.4948905,True,mannelijk,jeugd,algemeen Nederlands,n/a,microfoon in laptop,48000
Vistaus,Vistaus,20080708,Vistaus,0.508993,True,mannelijk,jeugd,algemeen Nederlands,n/a,microfoon in laptop,48000
Vistaus,Vistaus,20080708,Vistaus,0.4384386,True,mannelijk,jeugd,algemeen Nederlands,n/a,microfoon in laptop,48000
Vistaus,Vistaus,20080708,Vistaus,0.5490334,True,mannelijk,jeugd,algemeen Nederlands,n/a,microfoon in laptop,48000
Vistaus,Vistaus,20080708,Vistaus,0.6221917,True,mannelijk,jeugd,algemeen Nederlands,n/a,microfoon in laptop,48000
Vistaus,Vistaus,20080708,Vistaus,0.39301592,True,mannelijk,jeugd,algemeen Nederlands,n/a,microfoon in laptop,48000
Vistaus,Vistaus,20080708,Vistaus,0.5836382,True,mannelijk,jeugd,algemeen Nederlands,n/a,microfoon in laptop,48000
Vistaus,Vistaus,20080708,Vistaus,0.4680105,True,mannelijk,jeugd,algemeen Nederlands,n/a,microfoon in laptop,48000
Vistaus,Vistaus,20080708,Vistaus,0.5343609,True,mannelijk,jeugd,algemeen Nederlands,n/a,microfoon in laptop,48000
Vistaus,Vistaus,20080708,Vistaus,0.50311226,True,mannelijk,jeugd,algemeen Nederlands,n/a,microfoon in laptop,48000
Vistaus,Vistaus,20080806,VIstaus,0.44005936,False,mannelijk,jeugd,algemeen Nederlands,n/a,microfoon in laptop,48000
Vistaus,Vistaus,20080708,Vistaus,0.5402545,True,mannelijk,jeugd,algemeen Nederlands,n/a,microfoon in laptop,48000
Vistaus,Vistaus,20080708,Vistaus,0.5755583,True,mannelijk,jeugd,algemeen Nederlands,n/a,microfoon in laptop,48000
Vistaus,Vistaus,20080806,VIstaus,0.5126779,False,mannelijk,jeugd,algemeen Nederlands,n/a,microfoon in laptop,48000
Vistaus,Vistaus,20080708,Vistaus,0.5862572,True,mannelijk,jeugd,algemeen Nederlands,n/a,microfoon in laptop,48000
Vistaus,Vistaus,20080806,VIstaus,0.6069329,False,mannelijk,jeugd,algemeen Nederlands,n/a,microfoon in laptop,48000
Vistaus,Vistaus,20080806,VIstaus,0.58283806,False,mannelijk,jeugd,algemeen Nederlands,n/a,microfoon in laptop,48000
Vistaus,Vistaus,20080708,Vistaus,0.5188767,True,mannelijk,jeugd,algemeen Nederlands,n/a,microfoon in laptop,48000
Vistaus,Vistaus,20080708,Vistaus,0.5209628,True,mannelijk,jeugd,algemeen Nederlands,n/a,microfoon in laptop,48000
Vistaus,Vistaus,20080708,Vistaus,0.5641686,True,mannelijk,jeugd,algemeen Nederlands,n/a,microfoon in laptop,48000
Vistaus,Vistaus,20080708,Vistaus,0.45612088,True,mannelijk,jeugd,algemeen Nederlands,n/a,microfoon in laptop,48000
Vistaus,Vistaus,20080708,Vistaus,0.37244675,True,mannelijk,jeugd,algemeen Nederlands,n/a,microfoon in laptop,48000
Vistaus,Vistaus,20080708,Vistaus,0.4692623,True,mannelijk,jeugd,algemeen Nederlands,n/a,microfoon in laptop,48000
Vistaus,Vistaus,20080708,Vistaus,0.67674994,True,mannelijk,jeugd,algemeen Nederlands,n/a,microfoon in laptop,48000
Vistaus,Vistaus,20080708,Vistaus,0.3956121,True,mannelijk,jeugd,algemeen Nederlands,n/a,microfoon in laptop,48000
Vistaus,Vistaus,20080708,Vistaus,0.52997684,True,mannelijk,jeugd,algemeen Nederlands,n/a,microfoon in laptop,48000
Vistaus,Vistaus,20080205,Ggandyman,0.25462687,False,mannelijk,jeugd,algemeen Nederlands,n/a,microfoon in laptop,48000
VIstaus,VIstaus,20080708,Vistaus,0.5290673,False,mannelijk,jeugd,algemeen Nederlands,n/a,microfoon in laptop,48000
VIstaus,VIstaus,20080806,VIstaus,0.5044128,True,mannelijk,jeugd,algemeen Nederlands,n/a,microfoon in laptop,48000
VIstaus,VIstaus,20080708,Vistaus,0.6148516,False,mannelijk,jeugd,algemeen Nederlands,n/a,microfoon in laptop,48000
VIstaus,VIstaus,20080708,Vistaus,0.4632157,False,mannelijk,jeugd,algemeen Nederlands,n/a,microfoon in laptop,48000
VIstaus,VIstaus,20080806,VIstaus,0.5481202,True,mannelijk,jeugd,algemeen Nederlands,n/a,microfoon in laptop,48000
VIstaus,VIstaus,20080708,Vistaus,0.60745454,False,mannelijk,jeugd,algemeen Nederlands,n/a,microfoon in laptop,48000
VIstaus,VIstaus,20080708,Vistaus,0.5188999,False,mannelijk,jeugd,algemeen Nederlands,n/a,microfoon in laptop,48000
VIstaus,VIstaus,20080708,Vistaus,0.50206554,False,mannelijk,jeugd,algemeen Nederlands,n/a,microfoon in laptop,48000
VIstaus,VIstaus,20080708,Vistaus,0.51436293,False,mannelijk,jeugd,algemeen Nederlands,n/a,microfoon in laptop,48000
voicedonation,voicedonation,20080720,voicedonation,0.67426217,True,mannelijk,volwassen,algemeen Nederlands,n/a,headsetmicrofoon,48000
voicedonation,voicedonation,20080720,voicedonation,0.62763506,True,mannelijk,volwassen,algemeen Nederlands,n/a,headsetmicrofoon,48000
voicedonation,voicedonation,20080720,voicedonation,0.6193396,True,mannelijk,volwassen,algemeen Nederlands,n/a,headsetmicrofoon,48000
voicedonation,voicedonation,20080720,voicedonation,0.7098058,True,mannelijk,volwassen,algemeen Nederlands,n/a,headsetmicrofoon,48000
voicedonation,voicedonation,20080720,voicedonation,0.65185666,True,mannelijk,volwassen,algemeen Nederlands,n/a,headsetmicrofoon,48000
voicedonation,voicedonation,20080720,voicedonation,0.6627394,True,mannelijk,volwassen,algemeen Nederlands,n/a,headsetmicrofoon,48000
voicedonation,voicedonation,20080720,voicedonation,0.7381512,True,mannelijk,volwassen,algemeen Nederlands,n/a,headsetmicrofoon,48000
voicedonation,voicedonation,20080720,voicedonation,0.71543276,True,mannelijk,volwassen,algemeen Nederlands,n/a,headsetmicrofoon,48000
voicedonation,voicedonation,20080720,voicedonation,0.7157434,True,mannelijk,volwassen,algemeen Nederlands,n/a,headsetmicrofoon,48000
voicedonation,voicedonation,20080720,voicedonation,0.6085567,True,mannelijk,volwassen,algemeen Nederlands,n/a,headsetmicrofoon,48000
voicedonation,voicedonation,20080720,voicedonation,0.63179076,True,mannelijk,volwassen,algemeen Nederlands,n/a,headsetmicrofoon,48000
voicedonation,voicedonation,20080720,voicedonation,0.5740632,True,mannelijk,volwassen,algemeen Nederlands,n/a,headsetmicrofoon,48000
voicedonation,voicedonation,20080720,voicedonation,0.69148767,True,mannelijk,volwassen,algemeen Nederlands,n/a,headsetmicrofoon,48000
voicedonation,voicedonation,20080720,voicedonation,0.5942712,True,mannelijk,volwassen,algemeen Nederlands,n/a,headsetmicrofoon,48000
voicedonation,voicedonation,20080720,voicedonation,0.52939475,True,mannelijk,volwassen,algemeen Nederlands,n/a,headsetmicrofoon,48000
voicedonation,voicedonation,20080720,voicedonation,0.6578486,True,mannelijk,volwassen,algemeen Nederlands,n/a,headsetmicrofoon,48000
voicedonation,voicedonation,20080720,voicedonation,0.5085187,True,mannelijk,volwassen,algemeen Nederlands,n/a,headsetmicrofoon,48000
voicedonation,voicedonation,20080720,voicedonation,0.6085774,True,mannelijk,volwassen,algemeen Nederlands,n/a,headsetmicrofoon,48000
voicedonation,voicedonation,20080720,voicedonation,0.6749421,True,mannelijk,volwassen,algemeen Nederlands,n/a,headsetmicrofoon,48000
Vrest,Vrest,20090719,Vrest,0.7079158,True,mannelijk,volwassen,algemeen Nederlands,n/a,webcam microfoon,48000
Vrest,Vrest,20090719,Vrest,0.78431547,True,mannelijk,volwassen,algemeen Nederlands,n/a,webcam microfoon,48000
Vrest,Vrest,20090719,Vrest,0.78877395,True,mannelijk,volwassen,algemeen Nederlands,n/a,webcam microfoon,48000
Vrest,Vrest,20090719,Vrest,0.69321287,True,mannelijk,volwassen,algemeen Nederlands,n/a,webcam microfoon,48000
Vrest,Vrest,20090719,Vrest,0.8134199,True,mannelijk,volwassen,algemeen Nederlands,n/a,webcam microfoon,48000
Vrest,Vrest,20090719,Vrest,0.71503556,True,mannelijk,volwassen,algemeen Nederlands,n/a,webcam microfoon,48000
Vrest,Vrest,20090719,Vrest,0.8244903,True,mannelijk,volwassen,algemeen Nederlands,n/a,webcam microfoon,48000
Vrest,Vrest,20090719,Vrest,0.710685,True,mannelijk,volwassen,algemeen Nederlands,n/a,webcam microfoon,48000
Vrest,Vrest,20090719,Vrest,0.7476347,True,mannelijk,volwassen,algemeen Nederlands,n/a,webcam microfoon,48000
Vrest,Vrest,20090719,Vrest,0.77673686,True,mannelijk,volwassen,algemeen Nederlands,n/a,webcam microfoon,48000
Vrest,Vrest,20090719,Vrest,0.7583508,True,mannelijk,volwassen,algemeen Nederlands,n/a,webcam microfoon,48000
Vrest,Vrest,20090719,Vrest,0.7003689,True,mannelijk,volwassen,algemeen Nederlands,n/a,webcam microfoon,48000
Vrest,Vrest,20090719,Vrest,0.73034966,True,mannelijk,volwassen,algemeen Nederlands,n/a,webcam microfoon,48000
Vrest,Vrest,20090719,Vrest,0.7311169,True,mannelijk,volwassen,algemeen Nederlands,n/a,webcam microfoon,48000
Vrest,Vrest,20090719,Vrest,0.75756097,True,mannelijk,volwassen,algemeen Nederlands,n/a,webcam microfoon,48000
Vrest,Vrest,20090719,Vrest,0.7805894,True,mannelijk,volwassen,algemeen Nederlands,n/a,webcam microfoon,48000
Vrest,Vrest,20090719,Vrest,0.7545667,True,mannelijk,volwassen,algemeen Nederlands,n/a,webcam microfoon,48000
Vrest,Vrest,20090719,Vrest,0.74129736,True,mannelijk,volwassen,algemeen Nederlands,n/a,webcam microfoon,48000
Vrest,Vrest,20090719,Vrest,0.7171573,True,mannelijk,volwassen,algemeen Nederlands,n/a,webcam microfoon,48000
Vrest,Vrest,20090719,Vrest,0.6518838,True,mannelijk,volwassen,algemeen Nederlands,n/a,webcam microfoon,48000
Vrest,Vrest,20090719,Vrest,0.76993746,True,mannelijk,volwassen,algemeen Nederlands,n/a,webcam microfoon,48000
Vrest,Vrest,20090719,Vrest,0.6488514,True,mannelijk,volwassen,algemeen Nederlands,n/a,webcam microfoon,48000
Vrest,Vrest,20090719,Vrest,0.74438846,True,mannelijk,volwassen,algemeen Nederlands,n/a,webcam microfoon,48000
Vrest,Vrest,20090719,Vrest,0.6490034,True,mannelijk,volwassen,algemeen Nederlands,n/a,webcam microfoon,48000
Vrest,Vrest,20090719,Vrest,0.66310954,True,mannelijk,volwassen,algemeen Nederlands,n/a,webcam microfoon,48000
Vrest,Vrest,20090719,Vrest,0.7321774,True,mannelijk,volwassen,algemeen Nederlands,n/a,webcam microfoon,48000
Vrest,Vrest,20090719,Vrest,0.6473799,True,mannelijk,volwassen,algemeen Nederlands,n/a,webcam microfoon,48000
Vrest,Vrest,20090719,Vrest,0.730363,True,mannelijk,volwassen,algemeen Nederlands,n/a,webcam microfoon,48000
Vrest,Vrest,20090719,Vrest,0.71698177,True,mannelijk,volwassen,algemeen Nederlands,n/a,webcam microfoon,48000
Vrest,Vrest,20090719,Vrest,0.7416909,True,mannelijk,volwassen,algemeen Nederlands,n/a,webcam microfoon,48000
Vrest,Vrest,20090719,Vrest,0.6911069,True,mannelijk,volwassen,algemeen Nederlands,n/a,webcam microfoon,48000
Vrest,Vrest,20090719,Vrest,0.75925314,True,mannelijk,volwassen,algemeen Nederlands,n/a,webcam microfoon,48000
Vrest,Vrest,20090719,Vrest,0.77693605,True,mannelijk,volwassen,algemeen Nederlands,n/a,webcam microfoon,48000
Vrest,Vrest,20090719,Vrest,0.61689,True,mannelijk,volwassen,algemeen Nederlands,n/a,webcam microfoon,48000
Vrest,Vrest,20090719,Vrest,0.5784956,True,mannelijk,volwassen,algemeen Nederlands,n/a,webcam microfoon,48000
Vrest,Vrest,20090719,Vrest,0.68757725,True,mannelijk,volwassen,algemeen Nederlands,n/a,webcam microfoon,48000
Vrest,Vrest,20090719,Vrest,0.6978039,True,mannelijk,volwassen,algemeen Nederlands,n/a,webcam microfoon,48000
Vrest,Vrest,20090719,Vrest,0.6558736,True,mannelijk,volwassen,algemeen Nederlands,n/a,webcam microfoon,48000
Vrest,Vrest,20090719,Vrest,0.6053535,True,mannelijk,volwassen,algemeen Nederlands,n/a,webcam microfoon,48000
Vrest,Vrest,20090719,Vrest,0.6933249,True,mannelijk,volwassen,algemeen Nederlands,n/a,webcam microfoon,48000
Vrest,Vrest,20090719,Vrest,0.7034272,True,mannelijk,volwassen,algemeen Nederlands,n/a,webcam microfoon,48000
Vrest,Vrest,20120329,xatr,0.553407,False,mannelijk,volwassen,algemeen Nederlands,n/a,webcam microfoon,48000
Vrest,Vrest,20090719,Vrest,0.4893486,True,mannelijk,volwassen,algemeen Nederlands,n/a,webcam microfoon,48000
Vrest,Vrest,20090719,Vrest,0.5631722,True,mannelijk,volwassen,algemeen Nederlands,n/a,webcam microfoon,48000
Vrest,Vrest,20090719,Vrest,0.67514086,True,mannelijk,volwassen,algemeen Nederlands,n/a,webcam microfoon,48000
Vrest,Vrest,20120930,Pleytos,0.47381705,False,mannelijk,volwassen,algemeen Nederlands,n/a,webcam microfoon,48000
Vrest,Vrest,20080220,jonascms,0.48281246,False,mannelijk,volwassen,algemeen Nederlands,n/a,webcam microfoon,48000
Vrest,Vrest,20090719,Vrest,0.5512713,True,mannelijk,volwassen,algemeen Nederlands,n/a,webcam microfoon,48000
Vrest,Vrest,20090719,Vrest,0.51623094,True,mannelijk,volwassen,algemeen Nederlands,n/a,webcam microfoon,48000
Vrest,Vrest,20090719,Vrest,0.7198805,True,mannelijk,volwassen,algemeen Nederlands,n/a,webcam microfoon,48000
Vrest,Vrest,20090719,Vrest,0.7191888,True,mannelijk,volwassen,algemeen Nederlands,n/a,webcam microfoon,48000
Vrest,Vrest,20090719,Vrest,0.699768,True,mannelijk,volwassen,algemeen Nederlands,n/a,webcam microfoon,48000
Vrest,Vrest,20090719,Vrest,0.6939881,True,mannelijk,volwassen,algemeen Nederlands,n/a,webcam microfoon,48000
Vrest,Vrest,20090719,Vrest,0.7290979,True,mannelijk,volwassen,algemeen Nederlands,n/a,webcam microfoon,48000
Vrest,Vrest,20090719,Vrest,0.7361101,True,mannelijk,volwassen,algemeen Nederlands,n/a,webcam microfoon,48000
Vrest,Vrest,20090719,Vrest,0.67247194,True,mannelijk,volwassen,algemeen Nederlands,n/a,webcam microfoon,48000
Vrest,Vrest,20090719,Vrest,0.686855,True,mannelijk,volwassen,algemeen Nederlands,n/a,webcam microfoon,48000
Vrest,Vrest,20090719,Vrest,0.7675404,True,mannelijk,volwassen,algemeen Nederlands,n/a,webcam microfoon,48000
Vrest,Vrest,20090719,Vrest,0.70688725,True,mannelijk,volwassen,algemeen Nederlands,n/a,webcam microfoon,48000
Vrest,Vrest,20090719,Vrest,0.7074672,True,mannelijk,volwassen,algemeen Nederlands,n/a,webcam microfoon,48000
Vrest,Vrest,20090719,Vrest,0.6586996,True,mannelijk,volwassen,algemeen Nederlands,n/a,webcam microfoon,48000
Vrest,Vrest,20090719,Vrest,0.6365363,True,mannelijk,volwassen,algemeen Nederlands,n/a,webcam microfoon,48000
Vrest,Vrest,20090719,Vrest,0.64327025,True,mannelijk,volwassen,algemeen Nederlands,n/a,webcam microfoon,48000
Vrest,Vrest,20090719,Vrest,0.68927574,True,mannelijk,volwassen,algemeen Nederlands,n/a,webcam microfoon,48000
Vrest,Vrest,20090719,Vrest,0.6799592,True,mannelijk,volwassen,algemeen Nederlands,n/a,webcam microfoon,48000
Vrest,Vrest,20090719,Vrest,0.71086687,True,mannelijk,volwassen,algemeen Nederlands,n/a,webcam microfoon,48000
Vrest,Vrest,20090719,Vrest,0.72811604,True,mannelijk,volwassen,algemeen Nederlands,n/a,webcam microfoon,48000
Vrest,Vrest,20090719,Vrest,0.6560347,True,mannelijk,volwassen,algemeen Nederlands,n/a,webcam microfoon,48000
Vrest,Vrest,20090719,Vrest,0.74906397,True,mannelijk,volwassen,algemeen Nederlands,n/a,webcam microfoon,48000
vrielance,vrielance,20120315,vrielance,0.67596203,True,mannelijk,volwassen,algemeen Nederlands,n/a,headsetmicrofoon,48000
vrielance,vrielance,20120315,vrielance,0.7587428,True,mannelijk,volwassen,algemeen Nederlands,n/a,headsetmicrofoon,48000
vrielance,vrielance,20120315,vrielance,0.6201968,True,mannelijk,volwassen,algemeen Nederlands,n/a,headsetmicrofoon,48000
vrielance,vrielance,20120315,vrielance,0.8561075,True,mannelijk,volwassen,algemeen Nederlands,n/a,headsetmicrofoon,48000
vrielance,vrielance,20120315,vrielance,0.7278733,True,mannelijk,volwassen,algemeen Nederlands,n/a,headsetmicrofoon,48000
vrielance,vrielance,20120315,vrielance,0.6962176,True,mannelijk,volwassen,algemeen Nederlands,n/a,headsetmicrofoon,48000
vrielance,vrielance,20120315,vrielance,0.72892874,True,mannelijk,volwassen,algemeen Nederlands,n/a,headsetmicrofoon,48000
vrielance,vrielance,20120315,vrielance,0.6558403,True,mannelijk,volwassen,algemeen Nederlands,n/a,headsetmicrofoon,48000
vrielance,vrielance,20120315,vrielance,0.7517119,True,mannelijk,volwassen,algemeen Nederlands,n/a,headsetmicrofoon,48000
vrielance,vrielance,20120315,vrielance,0.7571947,True,mannelijk,volwassen,algemeen Nederlands,n/a,headsetmicrofoon,48000
vrielance,vrielance,20120315,vrielance,0.74313223,True,mannelijk,volwassen,algemeen Nederlands,n/a,headsetmicrofoon,48000
vrielance,vrielance,20120315,vrielance,0.76976407,True,mannelijk,volwassen,algemeen Nederlands,n/a,headsetmicrofoon,48000
vrielance,vrielance,20120315,vrielance,0.78399825,True,mannelijk,volwassen,algemeen Nederlands,n/a,headsetmicrofoon,48000
vrielance,vrielance,20120315,vrielance,0.7438698,True,mannelijk,volwassen,algemeen Nederlands,n/a,headsetmicrofoon,48000
vrielance,vrielance,20120315,vrielance,0.7253829,True,mannelijk,volwassen,algemeen Nederlands,n/a,headsetmicrofoon,48000
vrielance,vrielance,20120315,vrielance,0.7982613,True,mannelijk,volwassen,algemeen Nederlands,n/a,headsetmicrofoon,48000
vrielance,vrielance,20120315,vrielance,0.7208298,True,mannelijk,volwassen,algemeen Nederlands,n/a,headsetmicrofoon,48000
vrielance,vrielance,20120315,vrielance,0.7700518,True,mannelijk,volwassen,algemeen Nederlands,n/a,headsetmicrofoon,48000
vrielance,vrielance,20120315,vrielance,0.81320596,True,mannelijk,volwassen,algemeen Nederlands,n/a,headsetmicrofoon,48000
vrielance,vrielance,20120315,vrielance,0.7623261,True,mannelijk,volwassen,algemeen Nederlands,n/a,headsetmicrofoon,48000
vrielance,vrielance,20120315,vrielance,0.77105343,True,mannelijk,volwassen,algemeen Nederlands,n/a,headsetmicrofoon,48000
vrielance,vrielance,20120315,vrielance,0.7742512,True,mannelijk,volwassen,algemeen Nederlands,n/a,headsetmicrofoon,48000
vrielance,vrielance,20120315,vrielance,0.72771883,True,mannelijk,volwassen,algemeen Nederlands,n/a,headsetmicrofoon,48000
vrielance,vrielance,20120315,vrielance,0.6496975,True,mannelijk,volwassen,algemeen Nederlands,n/a,headsetmicrofoon,48000
vrielance,vrielance,20120315,vrielance,0.7083676,True,mannelijk,volwassen,algemeen Nederlands,n/a,headsetmicrofoon,48000
vrielance,vrielance,20120315,vrielance,0.74905896,True,mannelijk,volwassen,algemeen Nederlands,n/a,headsetmicrofoon,48000
vrielance,vrielance,20120315,vrielance,0.742041,True,mannelijk,volwassen,algemeen Nederlands,n/a,headsetmicrofoon,48000
vrielance,vrielance,20120315,vrielance,0.7033404,True,mannelijk,volwassen,algemeen Nederlands,n/a,headsetmicrofoon,48000
vrielance,vrielance,20120315,vrielance,0.76294863,True,mannelijk,volwassen,algemeen Nederlands,n/a,headsetmicrofoon,48000
vrielance,vrielance,20120315,vrielance,0.7636994,True,mannelijk,volwassen,algemeen Nederlands,n/a,headsetmicrofoon,48000
vrielance,vrielance,20120315,vrielance,0.757615,True,mannelijk,volwassen,algemeen Nederlands,n/a,headsetmicrofoon,48000
vrielance,vrielance,20120315,vrielance,0.7269192,True,mannelijk,volwassen,algemeen Nederlands,n/a,headsetmicrofoon,48000
vrielance,vrielance,20120315,vrielance,0.8022183,True,mannelijk,volwassen,algemeen Nederlands,n/a,headsetmicrofoon,48000
vrielance,vrielance,20120315,vrielance,0.74266136,True,mannelijk,volwassen,algemeen Nederlands,n/a,headsetmicrofoon,48000
vrielance,vrielance,20120315,vrielance,0.7565956,True,mannelijk,volwassen,algemeen Nederlands,n/a,headsetmicrofoon,48000
vrielance,vrielance,20120315,vrielance,0.82980466,True,mannelijk,volwassen,algemeen Nederlands,n/a,headsetmicrofoon,48000
vrielance,vrielance,20120315,vrielance,0.77226394,True,mannelijk,volwassen,algemeen Nederlands,n/a,headsetmicrofoon,48000
vrielance,vrielance,20120315,vrielance,0.7918868,True,mannelijk,volwassen,algemeen Nederlands,n/a,headsetmicrofoon,48000
vrielance,vrielance,20120315,vrielance,0.5620016,True,mannelijk,volwassen,algemeen Nederlands,n/a,headsetmicrofoon,48000
vrielance,vrielance,20120315,vrielance,0.83617485,True,mannelijk,volwassen,algemeen Nederlands,n/a,headsetmicrofoon,48000
vrielance,vrielance,20120315,vrielance,0.7648046,True,mannelijk,volwassen,algemeen Nederlands,n/a,headsetmicrofoon,48000
vrielance,vrielance,20120315,vrielance,0.75162077,True,mannelijk,volwassen,algemeen Nederlands,n/a,headsetmicrofoon,48000
vrielance,vrielance,20120315,vrielance,0.6514398,True,mannelijk,volwassen,algemeen Nederlands,n/a,headsetmicrofoon,48000
vrielance,vrielance,20120315,vrielance,0.66478455,True,mannelijk,volwassen,algemeen Nederlands,n/a,headsetmicrofoon,48000
vrielance,vrielance,20120315,vrielance,0.7083282,True,mannelijk,volwassen,algemeen Nederlands,n/a,headsetmicrofoon,48000
vrielance,vrielance,20120315,vrielance,0.7527284,True,mannelijk,volwassen,algemeen Nederlands,n/a,headsetmicrofoon,48000
vrielance,vrielance,20120315,vrielance,0.7874832,True,mannelijk,volwassen,algemeen Nederlands,n/a,headsetmicrofoon,48000
vrielance,vrielance,20120315,vrielance,0.696378,True,mannelijk,volwassen,algemeen Nederlands,n/a,headsetmicrofoon,48000
vrielance,vrielance,20120315,vrielance,0.7292651,True,mannelijk,volwassen,algemeen Nederlands,n/a,headsetmicrofoon,48000
vrielance,vrielance,20120315,vrielance,0.7065657,True,mannelijk,volwassen,algemeen Nederlands,n/a,headsetmicrofoon,48000
vrielance,vrielance,20120315,vrielance,0.691779,True,mannelijk,volwassen,algemeen Nederlands,n/a,headsetmicrofoon,48000
vrielance,vrielance,20120315,vrielance,0.69949424,True,mannelijk,volwassen,algemeen Nederlands,n/a,headsetmicrofoon,48000
vrielance,vrielance,20120315,vrielance,0.7714298,True,mannelijk,volwassen,algemeen Nederlands,n/a,headsetmicrofoon,48000
vrielance,vrielance,20120315,vrielance,0.75813305,True,mannelijk,volwassen,algemeen Nederlands,n/a,headsetmicrofoon,48000
vrielance,vrielance,20120315,vrielance,0.7628941,True,mannelijk,volwassen,algemeen Nederlands,n/a,headsetmicrofoon,48000
vrielance,vrielance,20120315,vrielance,0.77055407,True,mannelijk,volwassen,algemeen Nederlands,n/a,headsetmicrofoon,48000
vrielance,vrielance,20120315,vrielance,0.7538575,True,mannelijk,volwassen,algemeen Nederlands,n/a,headsetmicrofoon,48000
vrielance,vrielance,20120315,vrielance,0.7238772,True,mannelijk,volwassen,algemeen Nederlands,n/a,headsetmicrofoon,48000
vrielance,vrielance,20120315,vrielance,0.72196573,True,mannelijk,volwassen,algemeen Nederlands,n/a,headsetmicrofoon,48000
Walter,Walter,20151021,Walter,0.69246966,True,mannelijk,volwassen,algemeen Nederlands,n/a,microfoon in laptop,48000
Walter,Walter,20151021,Walter,0.8226994,True,mannelijk,volwassen,algemeen Nederlands,n/a,microfoon in laptop,48000
Walter,Walter,20151021,Walter,0.8236914,True,mannelijk,volwassen,algemeen Nederlands,n/a,microfoon in laptop,48000
Walter,Walter,20151021,Walter,0.66920483,True,mannelijk,volwassen,algemeen Nederlands,n/a,microfoon in laptop,48000
Walter,Walter,20151021,Walter,0.7551001,True,mannelijk,volwassen,algemeen Nederlands,n/a,microfoon in laptop,48000
Walter,Walter,20151021,Walter,0.74764633,True,mannelijk,volwassen,algemeen Nederlands,n/a,microfoon in laptop,48000
Walter,Walter,20151021,Walter,0.75650334,True,mannelijk,volwassen,algemeen Nederlands,n/a,microfoon in laptop,48000
Walter,Walter,20151021,Walter,0.72241616,True,mannelijk,volwassen,algemeen Nederlands,n/a,microfoon in laptop,48000
Walter,Walter,20151021,Walter,0.7869606,True,mannelijk,volwassen,algemeen Nederlands,n/a,microfoon in laptop,48000
Willem,Willem,20130325,Willem,0.5918402,True,mannelijk,volwassen,algemeen Nederlands,n/a,webcam microfoon,48000
Willem,Willem,20130325,Willem,0.6174412,True,mannelijk,volwassen,algemeen Nederlands,n/a,webcam microfoon,48000
Willem,Willem,20130325,Willem,0.6515319,True,mannelijk,volwassen,algemeen Nederlands,n/a,webcam microfoon,48000
Willem,Willem,20130325,Willem,0.7299742,True,mannelijk,volwassen,algemeen Nederlands,n/a,webcam microfoon,48000
Willem,Willem,20130325,Willem,0.70123184,True,mannelijk,volwassen,algemeen Nederlands,n/a,webcam microfoon,48000
Willem,Willem,20130325,Willem,0.5851414,True,mannelijk,volwassen,algemeen Nederlands,n/a,webcam microfoon,48000
Willem,Willem,20130325,Willem,0.60188806,True,mannelijk,volwassen,algemeen Nederlands,n/a,webcam microfoon,48000
Willem,Willem,20130325,Willem,0.56258357,True,mannelijk,volwassen,algemeen Nederlands,n/a,webcam microfoon,48000
Willem,Willem,20130325,Willem,0.5682925,True,mannelijk,volwassen,algemeen Nederlands,n/a,webcam microfoon,48000
Willem,Willem,20091123,Gurbe,0.40024167,False,mannelijk,volwassen,algemeen Nederlands,n/a,webcam microfoon,48000
Willem,Willem,20130325,Willem,0.51684016,True,mannelijk,volwassen,algemeen Nederlands,n/a,webcam microfoon,48000
Willem,Willem,20130325,Willem,0.6161271,True,mannelijk,volwassen,algemeen Nederlands,n/a,webcam microfoon,48000
Willem,Willem,20130325,Willem,0.62980396,True,mannelijk,volwassen,algemeen Nederlands,n/a,webcam microfoon,48000
Willem,Willem,20130325,Willem,0.57313555,True,mannelijk,volwassen,algemeen Nederlands,n/a,webcam microfoon,48000
Willem,Willem,20120329,xatr,0.5111635,False,mannelijk,volwassen,algemeen Nederlands,n/a,webcam microfoon,48000
Willem,Willem,20130325,Willem,0.5347215,True,mannelijk,volwassen,algemeen Nederlands,n/a,webcam microfoon,48000
Willem,Willem,20130325,Willem,0.5569969,True,mannelijk,volwassen,algemeen Nederlands,n/a,webcam microfoon,48000
Willem,Willem,20130325,Willem,0.62125695,True,mannelijk,volwassen,algemeen Nederlands,n/a,webcam microfoon,48000
Willem,Willem,20130325,Willem,0.45560634,True,mannelijk,volwassen,algemeen Nederlands,n/a,webcam microfoon,48000
Willem,Willem,20130325,Willem,0.48701644,True,mannelijk,volwassen,algemeen Nederlands,n/a,webcam microfoon,48000
Willem,Willem,20130325,Willem,0.64149934,True,mannelijk,volwassen,algemeen Nederlands,n/a,webcam microfoon,48000
Willem,Willem,20130325,Willem,0.61391294,True,mannelijk,volwassen,algemeen Nederlands,n/a,webcam microfoon,48000
Willem,Willem,20130325,Willem,0.62033457,True,mannelijk,volwassen,algemeen Nederlands,n/a,webcam microfoon,48000
Willem,Willem,20130325,Willem,0.6658064,True,mannelijk,volwassen,algemeen Nederlands,n/a,webcam microfoon,48000
Willem,Willem,20130325,Willem,0.57278746,True,mannelijk,volwassen,algemeen Nederlands,n/a,webcam microfoon,48000
Willem,Willem,20130325,Willem,0.5616054,True,mannelijk,volwassen,algemeen Nederlands,n/a,webcam microfoon,48000
Willem,Willem,20130325,Willem,0.65882266,True,mannelijk,volwassen,algemeen Nederlands,n/a,webcam microfoon,48000
Willem,Willem,20130325,Willem,0.51436853,True,mannelijk,volwassen,algemeen Nederlands,n/a,webcam microfoon,48000
Willem,Willem,20130325,Willem,0.4764071,True,mannelijk,volwassen,algemeen Nederlands,n/a,webcam microfoon,48000
Willem,Willem,20130325,Willem,0.64211637,True,mannelijk,volwassen,algemeen Nederlands,n/a,webcam microfoon,48000
Willem,Willem,20130325,Willem,0.6623604,True,mannelijk,volwassen,algemeen Nederlands,n/a,webcam microfoon,48000
Willem,Willem,20130325,Willem,0.52865374,True,mannelijk,volwassen,algemeen Nederlands,n/a,webcam microfoon,48000
Willem,Willem,20130325,Willem,0.5753914,True,mannelijk,volwassen,algemeen Nederlands,n/a,webcam microfoon,48000
Willem,Willem,20130325,Willem,0.47516772,True,mannelijk,volwassen,algemeen Nederlands,n/a,webcam microfoon,48000
Willem,Willem,20130325,Willem,0.5016288,True,mannelijk,volwassen,algemeen Nederlands,n/a,webcam microfoon,48000
Willem,Willem,20130325,Willem,0.45434785,True,mannelijk,volwassen,algemeen Nederlands,n/a,webcam microfoon,48000
Willem,Willem,20130325,Willem,0.7108184,True,mannelijk,volwassen,algemeen Nederlands,n/a,webcam microfoon,48000
Willem,Willem,20130325,Willem,0.4232701,True,mannelijk,volwassen,algemeen Nederlands,n/a,webcam microfoon,48000
Willem,Willem,20130325,Willem,0.40868187,True,mannelijk,volwassen,algemeen Nederlands,n/a,webcam microfoon,48000
Willem,Willem,20130325,Willem,0.5605694,True,mannelijk,volwassen,algemeen Nederlands,n/a,webcam microfoon,48000
Willem,Willem,20130325,Willem,0.63017243,True,mannelijk,volwassen,algemeen Nederlands,n/a,webcam microfoon,48000
Willem,Willem,20130325,Willem,0.6323365,True,mannelijk,volwassen,algemeen Nederlands,n/a,webcam microfoon,48000
Willem,Willem,20130325,Willem,0.44734064,True,mannelijk,volwassen,algemeen Nederlands,n/a,webcam microfoon,48000
Willem,Willem,20130325,Willem,0.7140941,True,mannelijk,volwassen,algemeen Nederlands,n/a,webcam microfoon,48000
Willem,Willem,20130325,Willem,0.6469337,True,mannelijk,volwassen,algemeen Nederlands,n/a,webcam microfoon,48000
Willem,Willem,20130325,Willem,0.6075262,True,mannelijk,volwassen,algemeen Nederlands,n/a,webcam microfoon,48000
Willem,Willem,20130325,Willem,0.66508406,True,mannelijk,volwassen,algemeen Nederlands,n/a,webcam microfoon,48000
Willem,Willem,20130325,Willem,0.53515434,True,mannelijk,volwassen,algemeen Nederlands,n/a,webcam microfoon,48000
Willem,Willem,20130325,Willem,0.6030867,True,mannelijk,volwassen,algemeen Nederlands,n/a,webcam microfoon,48000
Willem,Willem,20130325,Willem,0.5531031,True,mannelijk,volwassen,algemeen Nederlands,n/a,webcam microfoon,48000
Willem,Willem,20130325,Willem,0.5407245,True,mannelijk,volwassen,algemeen Nederlands,n/a,webcam microfoon,48000
Willem,Willem,20130325,Willem,0.7466872,True,mannelijk,volwassen,algemeen Nederlands,n/a,webcam microfoon,48000
Willem,Willem,20130325,Willem,0.59734285,True,mannelijk,volwassen,algemeen Nederlands,n/a,webcam microfoon,48000
Willem,Willem,20130325,Willem,0.58282447,True,mannelijk,volwassen,algemeen Nederlands,n/a,webcam microfoon,48000
Willem,Willem,20130325,Willem,0.5170046,True,mannelijk,volwassen,algemeen Nederlands,n/a,webcam microfoon,48000
Willem,Willem,20130325,Willem,0.5592021,True,mannelijk,volwassen,algemeen Nederlands,n/a,webcam microfoon,48000
Willem,Willem,20130325,Willem,0.6022507,True,mannelijk,volwassen,algemeen Nederlands,n/a,webcam microfoon,48000
Willem,Willem,20130325,Willem,0.5642822,True,mannelijk,volwassen,algemeen Nederlands,n/a,webcam microfoon,48000
Willem,Willem,20130325,Willem,0.4544863,True,mannelijk,volwassen,algemeen Nederlands,n/a,webcam microfoon,48000
Willem,Willem,20091123,Gurbe,0.4550034,False,mannelijk,volwassen,algemeen Nederlands,n/a,webcam microfoon,48000
Willem,Willem,20130325,Willem,0.44972745,True,mannelijk,volwassen,algemeen Nederlands,n/a,webcam microfoon,48000
Willem,Willem,20130325,Willem,0.5910662,True,mannelijk,volwassen,algemeen Nederlands,n/a,webcam microfoon,48000
Willem,Willem,20090826,jonas,0.430543,False,mannelijk,volwassen,algemeen Nederlands,n/a,webcam microfoon,48000
Willem,Willem,20130325,Willem,0.5869703,True,mannelijk,volwassen,algemeen Nederlands,n/a,webcam microfoon,48000
Willem,Willem,20130325,Willem,0.55248976,True,mannelijk,volwassen,algemeen Nederlands,n/a,webcam microfoon,48000
Willem,Willem,20130325,Willem,0.6492226,True,mannelijk,volwassen,algemeen Nederlands,n/a,webcam microfoon,48000
Willem,Willem,20130325,Willem,0.60115236,True,mannelijk,volwassen,algemeen Nederlands,n/a,webcam microfoon,48000
Willem,Willem,20130325,Willem,0.5495199,True,mannelijk,volwassen,algemeen Nederlands,n/a,webcam microfoon,48000
Willem,Willem,20130325,Willem,0.563633,True,mannelijk,volwassen,algemeen Nederlands,n/a,webcam microfoon,48000
Wol,Wol,20090329,Wol,0.65659827,True,mannelijk,volwassen,algemeen Nederlands,n/a,studiomicrofoon,48000
Wol,Wol,20090329,Wol,0.46107012,True,mannelijk,volwassen,algemeen Nederlands,n/a,studiomicrofoon,48000
Wol,Wol,20090329,Wol,0.6892131,True,mannelijk,volwassen,algemeen Nederlands,n/a,studiomicrofoon,48000
Wol,Wol,20090329,Wol,0.6003517,True,mannelijk,volwassen,algemeen Nederlands,n/a,studiomicrofoon,48000
Wol,Wol,20090329,Wol,0.68943137,True,mannelijk,volwassen,algemeen Nederlands,n/a,studiomicrofoon,48000
Wol,Wol,20090329,Wol,0.36579266,True,mannelijk,volwassen,algemeen Nederlands,n/a,studiomicrofoon,48000
Wol,Wol,20090329,Wol,0.69027275,True,mannelijk,volwassen,algemeen Nederlands,n/a,studiomicrofoon,48000
Wol,Wol,20090329,Wol,0.6249695,True,mannelijk,volwassen,algemeen Nederlands,n/a,studiomicrofoon,48000
Wol,Wol,20090329,Wol,0.5694001,True,mannelijk,volwassen,algemeen Nederlands,n/a,studiomicrofoon,48000
xatr,xatr,20120329,xatr,0.4109379,True,mannelijk,volwassen,algemeen Nederlands,n/a,webcam microfoon,48000
xatr,xatr,20120329,xatr,0.587162,True,mannelijk,volwassen,algemeen Nederlands,n/a,webcam microfoon,48000
xatr,xatr,20120329,xatr,0.51898545,True,mannelijk,volwassen,algemeen Nederlands,n/a,webcam microfoon,48000
xatr,xatr,20120329,xatr,0.57619286,True,mannelijk,volwassen,algemeen Nederlands,n/a,webcam microfoon,48000
xatr,xatr,20120329,xatr,0.58041525,True,mannelijk,volwassen,algemeen Nederlands,n/a,webcam microfoon,48000
xatr,xatr,20120329,xatr,0.63081396,True,mannelijk,volwassen,algemeen Nederlands,n/a,webcam microfoon,48000
xatr,xatr,20120329,xatr,0.62243205,True,mannelijk,volwassen,algemeen Nederlands,n/a,webcam microfoon,48000
xatr,xatr,20120329,xatr,0.64910865,True,mannelijk,volwassen,algemeen Nederlands,n/a,webcam microfoon,48000
xatr,xatr,20120329,xatr,0.685299,True,mannelijk,volwassen,algemeen Nederlands,n/a,webcam microfoon,48000
xatr,xatr,20120329,xatr,0.6439725,True,mannelijk,volwassen,algemeen Nederlands,n/a,webcam microfoon,48000
xatr,xatr,20120329,xatr,0.60019684,True,mannelijk,volwassen,algemeen Nederlands,n/a,webcam microfoon,48000
xatr,xatr,20120329,xatr,0.6660578,True,mannelijk,volwassen,algemeen Nederlands,n/a,webcam microfoon,48000
xatr,xatr,20120329,xatr,0.6387629,True,mannelijk,volwassen,algemeen Nederlands,n/a,webcam microfoon,48000
xatr,xatr,20120329,xatr,0.57672435,True,mannelijk,volwassen,algemeen Nederlands,n/a,webcam microfoon,48000
xatr,xatr,20120329,xatr,0.596169,True,mannelijk,volwassen,algemeen Nederlands,n/a,webcam microfoon,48000
xatr,xatr,20120329,xatr,0.5844668,True,mannelijk,volwassen,algemeen Nederlands,n/a,webcam microfoon,48000
xatr,xatr,20120329,xatr,0.38801956,True,mannelijk,volwassen,algemeen Nederlands,n/a,webcam microfoon,48000
xatr,xatr,20120329,xatr,0.64232063,True,mannelijk,volwassen,algemeen Nederlands,n/a,webcam microfoon,48000
xatr,xatr,20120329,xatr,0.6002943,True,mannelijk,volwassen,algemeen Nederlands,n/a,webcam microfoon,48000
xatr,xatr,20120329,xatr,0.65483224,True,mannelijk,volwassen,algemeen Nederlands,n/a,webcam microfoon,48000
xatr,xatr,20120329,xatr,0.55936074,True,mannelijk,volwassen,algemeen Nederlands,n/a,webcam microfoon,48000
xatr,xatr,20120329,xatr,0.5484056,True,mannelijk,volwassen,algemeen Nederlands,n/a,webcam microfoon,48000
xatr,xatr,20120329,xatr,0.56350136,True,mannelijk,volwassen,algemeen Nederlands,n/a,webcam microfoon,48000
xatr,xatr,20120329,xatr,0.6032781,True,mannelijk,volwassen,algemeen Nederlands,n/a,webcam microfoon,48000
xatr,xatr,20120329,xatr,0.62044775,True,mannelijk,volwassen,algemeen Nederlands,n/a,webcam microfoon,48000
xatr,xatr,20120329,xatr,0.6804681,True,mannelijk,volwassen,algemeen Nederlands,n/a,webcam microfoon,48000
xatr,xatr,20120329,xatr,0.6872576,True,mannelijk,volwassen,algemeen Nederlands,n/a,webcam microfoon,48000
xatr,xatr,20120329,xatr,0.60646546,True,mannelijk,volwassen,algemeen Nederlands,n/a,webcam microfoon,48000
xatr,xatr,20120329,xatr,0.6162157,True,mannelijk,volwassen,algemeen Nederlands,n/a,webcam microfoon,48000
xatr,xatr,20120329,xatr,0.56407094,True,mannelijk,volwassen,algemeen Nederlands,n/a,webcam microfoon,48000
xatr,xatr,20120329,xatr,0.66877925,True,mannelijk,volwassen,algemeen Nederlands,n/a,webcam microfoon,48000
xatr,xatr,20120329,xatr,0.55430263,True,mannelijk,volwassen,algemeen Nederlands,n/a,webcam microfoon,48000
xatr,xatr,20120329,xatr,0.53950286,True,mannelijk,volwassen,algemeen Nederlands,n/a,webcam microfoon,48000
xatr,xatr,20120329,xatr,0.5877416,True,mannelijk,volwassen,algemeen Nederlands,n/a,webcam microfoon,48000
xatr,xatr,20120329,xatr,0.6414578,True,mannelijk,volwassen,algemeen Nederlands,n/a,webcam microfoon,48000
xatr,xatr,20170801,darend,0.37212545,False,mannelijk,volwassen,algemeen Nederlands,n/a,webcam microfoon,48000
xatr,xatr,20120329,xatr,0.64205277,True,mannelijk,volwassen,algemeen Nederlands,n/a,webcam microfoon,48000
xatr,xatr,20120329,xatr,0.69695044,True,mannelijk,volwassen,algemeen Nederlands,n/a,webcam microfoon,48000
xatr,xatr,20120329,xatr,0.7079693,True,mannelijk,volwassen,algemeen Nederlands,n/a,webcam microfoon,48000
xatr,xatr,20120329,xatr,0.6104306,True,mannelijk,volwassen,algemeen Nederlands,n/a,webcam microfoon,48000
xatr,xatr,20120329,xatr,0.62658095,True,mannelijk,volwassen,algemeen Nederlands,n/a,webcam microfoon,48000
xatr,xatr,20120329,xatr,0.4143294,True,mannelijk,volwassen,algemeen Nederlands,n/a,webcam microfoon,48000
xatr,xatr,20120329,xatr,0.4358008,True,mannelijk,volwassen,algemeen Nederlands,n/a,webcam microfoon,48000
xatr,xatr,20120329,xatr,0.5781237,True,mannelijk,volwassen,algemeen Nederlands,n/a,webcam microfoon,48000
xatr,xatr,20120329,xatr,0.570813,True,mannelijk,volwassen,algemeen Nederlands,n/a,webcam microfoon,48000
xatr,xatr,20120329,xatr,0.5200131,True,mannelijk,volwassen,algemeen Nederlands,n/a,webcam microfoon,48000
xatr,xatr,20120329,xatr,0.72934246,True,mannelijk,volwassen,algemeen Nederlands,n/a,webcam microfoon,48000
xatr,xatr,20120329,xatr,0.69193256,True,mannelijk,volwassen,algemeen Nederlands,n/a,webcam microfoon,48000
xatr,xatr,20120329,xatr,0.5926764,True,mannelijk,volwassen,algemeen Nederlands,n/a,webcam microfoon,48000
xatr,xatr,20120329,xatr,0.69527936,True,mannelijk,volwassen,algemeen Nederlands,n/a,webcam microfoon,48000
xatr,xatr,20120329,xatr,0.59663975,True,mannelijk,volwassen,algemeen Nederlands,n/a,webcam microfoon,48000
xatr,xatr,20120329,xatr,0.62637097,True,mannelijk,volwassen,algemeen Nederlands,n/a,webcam microfoon,48000
xatr,xatr,20090412,john332,0.5230969,False,mannelijk,volwassen,algemeen Nederlands,n/a,webcam microfoon,48000
xatr,xatr,20120329,xatr,0.6379719,True,mannelijk,volwassen,algemeen Nederlands,n/a,webcam microfoon,48000
xatr,xatr,20120329,xatr,0.7367512,True,mannelijk,volwassen,algemeen Nederlands,n/a,webcam microfoon,48000
xatr,xatr,20120329,xatr,0.6153669,True,mannelijk,volwassen,algemeen Nederlands,n/a,webcam microfoon,48000
xatr,xatr,20120329,xatr,0.6126503,True,mannelijk,volwassen,algemeen Nederlands,n/a,webcam microfoon,48000
xatr,xatr,20120329,xatr,0.5398452,True,mannelijk,volwassen,algemeen Nederlands,n/a,webcam microfoon,48000
xatr,xatr,20120329,xatr,0.6345938,True,mannelijk,volwassen,algemeen Nederlands,n/a,webcam microfoon,48000
xatr,xatr,20120329,xatr,0.69850916,True,mannelijk,volwassen,algemeen Nederlands,n/a,webcam microfoon,48000
xatr,xatr,20120329,xatr,0.68922883,True,mannelijk,volwassen,algemeen Nederlands,n/a,webcam microfoon,48000
xatr,xatr,20170510,kevin,0.48493323,False,mannelijk,volwassen,algemeen Nederlands,n/a,webcam microfoon,48000
xatr,xatr,20120329,xatr,0.5533829,True,mannelijk,volwassen,algemeen Nederlands,n/a,webcam microfoon,48000
xatr,xatr,20120329,xatr,0.5944982,True,mannelijk,volwassen,algemeen Nederlands,n/a,webcam microfoon,48000
xatr,xatr,20120329,xatr,0.6584584,True,mannelijk,volwassen,algemeen Nederlands,n/a,webcam microfoon,48000
xatr,xatr,20120329,xatr,0.5918964,True,mannelijk,volwassen,algemeen Nederlands,n/a,webcam microfoon,48000
xatr,xatr,20120329,xatr,0.6128269,True,mannelijk,volwassen,algemeen Nederlands,n/a,webcam microfoon,48000
xatr,xatr,20120329,xatr,0.5017061,True,mannelijk,volwassen,algemeen Nederlands,n/a,webcam microfoon,48000
xatr,xatr,20120329,xatr,0.51295066,True,mannelijk,volwassen,algemeen Nederlands,n/a,webcam microfoon,48000
xatr,xatr,20120329,xatr,0.55337435,True,mannelijk,volwassen,algemeen Nederlands,n/a,webcam microfoon,48000
xatr,xatr,20120329,xatr,0.46210396,True,mannelijk,volwassen,algemeen Nederlands,n/a,webcam microfoon,48000
xatr,xatr,20120329,xatr,0.43233418,True,mannelijk,volwassen,algemeen Nederlands,n/a,webcam microfoon,48000
xatr,xatr,20120329,xatr,0.71731716,True,mannelijk,volwassen,algemeen Nederlands,n/a,webcam microfoon,48000
xatr,xatr,20120329,xatr,0.56370175,True,mannelijk,volwassen,algemeen Nederlands,n/a,webcam microfoon,48000
xatr,xatr,20120329,xatr,0.6427878,True,mannelijk,volwassen,algemeen Nederlands,n/a,webcam microfoon,48000
xatr,xatr,20120329,xatr,0.5141971,True,mannelijk,volwassen,algemeen Nederlands,n/a,webcam microfoon,48000
xatr,xatr,20120329,xatr,0.54998404,True,mannelijk,volwassen,algemeen Nederlands,n/a,webcam microfoon,48000
xatr,xatr,20120329,xatr,0.49752328,True,mannelijk,volwassen,algemeen Nederlands,n/a,webcam microfoon,48000
xatr,xatr,20120329,xatr,0.5086962,True,mannelijk,volwassen,algemeen Nederlands,n/a,webcam microfoon,48000
xymedia,xymedia,04032016,xymedia,0.7702509,True,[male];,,[algemeen nederlands].,[(inbuilt)];,[dynamic|field recorder];,
xymedia,xymedia,04032016,xymedia,0.706097,True,[male];,,[algemeen nederlands].,[(inbuilt)];,[dynamic|field recorder];,
xymedia,xymedia,04032016,xymedia,0.6823217,True,[male];,,[algemeen nederlands].,[(inbuilt)];,[dynamic|field recorder];,
xymedia,xymedia,04032016,xymedia,0.6940293,True,[male];,,[algemeen nederlands].,[(inbuilt)];,[dynamic|field recorder];,
xymedia,xymedia,04032016,xymedia,0.70111346,True,[male];,,[algemeen nederlands].,[(inbuilt)];,[dynamic|field recorder];,
xymedia,xymedia,04032016,xymedia,0.7572577,True,[male];,,[algemeen nederlands].,[(inbuilt)];,[dynamic|field recorder];,
xymedia,xymedia,04032016,xymedia,0.7603749,True,[male];,,[algemeen nederlands].,[(inbuilt)];,[dynamic|field recorder];,
xymedia,xymedia,04032016,xymedia,0.71584105,True,[male];,,[algemeen nederlands].,[(inbuilt)];,[dynamic|field recorder];,
xymedia,xymedia,04032016,xymedia,0.53314435,True,[male];,,[algemeen nederlands].,[(inbuilt)];,[dynamic|field recorder];,
xymedia,xymedia,04032016,xymedia,0.6512568,True,[male];,,[algemeen nederlands].,[(inbuilt)];,[dynamic|field recorder];,
xymedia,xymedia,04032016,xymedia,0.787629,True,[male];,,[algemeen nederlands].,[(inbuilt)];,[dynamic|field recorder];,
xymedia,xymedia,04032016,xymedia,0.7844712,True,[male];,,[algemeen nederlands].,[(inbuilt)];,[dynamic|field recorder];,
xymedia,xymedia,04032016,xymedia,0.71011984,True,[male];,,[algemeen nederlands].,[(inbuilt)];,[dynamic|field recorder];,
xymedia,xymedia,04032016,xymedia,0.70108575,True,[male];,,[algemeen nederlands].,[(inbuilt)];,[dynamic|field recorder];,
xymedia,xymedia,04032016,xymedia,0.7345972,True,[male];,,[algemeen nederlands].,[(inbuilt)];,[dynamic|field recorder];,
xymedia,xymedia,04032016,xymedia,0.74069923,True,[male];,,[algemeen nederlands].,[(inbuilt)];,[dynamic|field recorder];,
xymedia,xymedia,04032016,xymedia,0.600984,True,[male];,,[algemeen nederlands].,[(inbuilt)];,[dynamic|field recorder];,
xymedia,xymedia,04032016,xymedia,0.75052327,True,[male];,,[algemeen nederlands].,[(inbuilt)];,[dynamic|field recorder];,
xymedia,xymedia,04032016,xymedia,0.7159418,True,[male];,,[algemeen nederlands].,[(inbuilt)];,[dynamic|field recorder];,
xymedia,xymedia,04032016,xymedia,0.68487346,True,[male];,,[algemeen nederlands].,[(inbuilt)];,[dynamic|field recorder];,
xymedia,xymedia,04032016,xymedia,0.6575565,True,[male];,,[algemeen nederlands].,[(inbuilt)];,[dynamic|field recorder];,
xymedia,xymedia,04032016,xymedia,0.6737783,True,[male];,,[algemeen nederlands].,[(inbuilt)];,[dynamic|field recorder];,
xymedia,xymedia,04032016,xymedia,0.68419075,True,[male];,,[algemeen nederlands].,[(inbuilt)];,[dynamic|field recorder];,
xymedia,xymedia,04032016,xymedia,0.76039624,True,[male];,,[algemeen nederlands].,[(inbuilt)];,[dynamic|field recorder];,
xymedia,xymedia,04032016,xymedia,0.76276994,True,[male];,,[algemeen nederlands].,[(inbuilt)];,[dynamic|field recorder];,
xymedia,xymedia,04032016,xymedia,0.6220248,True,[male];,,[algemeen nederlands].,[(inbuilt)];,[dynamic|field recorder];,
xymedia,xymedia,04032016,xymedia,0.74463314,True,[male];,,[algemeen nederlands].,[(inbuilt)];,[dynamic|field recorder];,
xymedia,xymedia,04032016,xymedia,0.6942421,True,[male];,,[algemeen nederlands].,[(inbuilt)];,[dynamic|field recorder];,
xymedia,xymedia,04032016,xymedia,0.72190607,True,[male];,,[algemeen nederlands].,[(inbuilt)];,[dynamic|field recorder];,
xymedia,xymedia,04032016,xymedia,0.60913944,True,[male];,,[algemeen nederlands].,[(inbuilt)];,[dynamic|field recorder];,
xymedia,xymedia,04032016,xymedia,0.71709657,True,[male];,,[algemeen nederlands].,[(inbuilt)];,[dynamic|field recorder];,
xymedia,xymedia,04032016,xymedia,0.7544554,True,[male];,,[algemeen nederlands].,[(inbuilt)];,[dynamic|field recorder];,
xymedia,xymedia,04032016,xymedia,0.6390121,True,[male];,,[algemeen nederlands].,[(inbuilt)];,[dynamic|field recorder];,
xymedia,xymedia,04032016,xymedia,0.76539403,True,[male];,,[algemeen nederlands].,[(inbuilt)];,[dynamic|field recorder];,
xymedia,xymedia,04032016,xymedia,0.754073,True,[male];,,[algemeen nederlands].,[(inbuilt)];,[dynamic|field recorder];,
xymedia,xymedia,04032016,xymedia,0.75359607,True,[male];,,[algemeen nederlands].,[(inbuilt)];,[dynamic|field recorder];,
xymedia,xymedia,04032016,xymedia,0.738273,True,[male];,,[algemeen nederlands].,[(inbuilt)];,[dynamic|field recorder];,
xymedia,xymedia,04032016,xymedia,0.7102411,True,[male];,,[algemeen nederlands].,[(inbuilt)];,[dynamic|field recorder];,
xymedia,xymedia,04032016,xymedia,0.55637133,True,[male];,,[algemeen nederlands].,[(inbuilt)];,[dynamic|field recorder];,
xymedia,xymedia,04032016,xymedia,0.63467014,True,[male];,,[algemeen nederlands].,[(inbuilt)];,[dynamic|field recorder];,
xymedia,xymedia,04032016,xymedia,0.6263533,True,[male];,,[algemeen nederlands].,[(inbuilt)];,[dynamic|field recorder];,
xymedia,xymedia,04032016,xymedia,0.616,True,[male];,,[algemeen nederlands].,[(inbuilt)];,[dynamic|field recorder];,
xymedia,xymedia,04032016,xymedia,0.6610112,True,[male];,,[algemeen nederlands].,[(inbuilt)];,[dynamic|field recorder];,
xymedia,xymedia,04032016,xymedia,0.59112346,True,[male];,,[algemeen nederlands].,[(inbuilt)];,[dynamic|field recorder];,
xymedia,xymedia,04032016,xymedia,0.6267749,True,[male];,,[algemeen nederlands].,[(inbuilt)];,[dynamic|field recorder];,
xymedia,xymedia,04032016,xymedia,0.5180606,True,[male];,,[algemeen nederlands].,[(inbuilt)];,[dynamic|field recorder];,
xymedia,xymedia,04032016,xymedia,0.702638,True,[male];,,[algemeen nederlands].,[(inbuilt)];,[dynamic|field recorder];,
xymedia,xymedia,04032016,xymedia,0.6625724,True,[male];,,[algemeen nederlands].,[(inbuilt)];,[dynamic|field recorder];,
xymedia,xymedia,04032016,xymedia,0.55853724,True,[male];,,[algemeen nederlands].,[(inbuilt)];,[dynamic|field recorder];,
xymedia,xymedia,04032016,xymedia,0.65382147,True,[male];,,[algemeen nederlands].,[(inbuilt)];,[dynamic|field recorder];,
xymedia,xymedia,04032016,xymedia,0.5854785,True,[male];,,[algemeen nederlands].,[(inbuilt)];,[dynamic|field recorder];,
xymedia,xymedia,04032016,xymedia,0.6545863,True,[male];,,[algemeen nederlands].,[(inbuilt)];,[dynamic|field recorder];,
xymedia,xymedia,04032016,xymedia,0.537015,True,[male];,,[algemeen nederlands].,[(inbuilt)];,[dynamic|field recorder];,
xymedia,xymedia,04032016,xymedia,0.5882678,True,[male];,,[algemeen nederlands].,[(inbuilt)];,[dynamic|field recorder];,
xymedia,xymedia,04032016,xymedia,0.7015815,True,[male];,,[algemeen nederlands].,[(inbuilt)];,[dynamic|field recorder];,
xymedia,xymedia,04032016,xymedia,0.679911,True,[male];,,[algemeen nederlands].,[(inbuilt)];,[dynamic|field recorder];,
xymedia,xymedia,04032016,xymedia,0.6745274,True,[male];,,[algemeen nederlands].,[(inbuilt)];,[dynamic|field recorder];,
xymedia,xymedia,04032016,xymedia,0.61383545,True,[male];,,[algemeen nederlands].,[(inbuilt)];,[dynamic|field recorder];,
xymedia,xymedia,04032016,xymedia,0.6544126,True,[male];,,[algemeen nederlands].,[(inbuilt)];,[dynamic|field recorder];,
xymedia,xymedia,04032016,xymedia,0.63644964,True,[male];,,[algemeen nederlands].,[(inbuilt)];,[dynamic|field recorder];,
xymedia,xymedia,04032016,xymedia,0.58150375,True,[male];,,[algemeen nederlands].,[(inbuilt)];,[dynamic|field recorder];,
xymedia,xymedia,04032016,xymedia,0.64474076,True,[male];,,[algemeen nederlands].,[(inbuilt)];,[dynamic|field recorder];,
xymedia,xymedia,04032016,xymedia,0.6891475,True,[male];,,[algemeen nederlands].,[(inbuilt)];,[dynamic|field recorder];,
xymedia,xymedia,04032016,xymedia,0.67832696,True,[male];,,[algemeen nederlands].,[(inbuilt)];,[dynamic|field recorder];,
xymedia,xymedia,04032016,xymedia,0.5379139,True,[male];,,[algemeen nederlands].,[(inbuilt)];,[dynamic|field recorder];,
xymedia,xymedia,04032016,xymedia,0.6343982,True,[male];,,[algemeen nederlands].,[(inbuilt)];,[dynamic|field recorder];,
xymedia,xymedia,04032016,xymedia,0.5808919,True,[male];,,[algemeen nederlands].,[(inbuilt)];,[dynamic|field recorder];,
xymedia,xymedia,04032016,xymedia,0.6990413,True,[male];,,[algemeen nederlands].,[(inbuilt)];,[dynamic|field recorder];,
xymedia,xymedia,04032016,xymedia,0.6563344,True,[male];,,[algemeen nederlands].,[(inbuilt)];,[dynamic|field recorder];,
xymedia,xymedia,04032016,xymedia,0.62482023,True,[male];,,[algemeen nederlands].,[(inbuilt)];,[dynamic|field recorder];,
xymedia,xymedia,04032016,xymedia,0.5994702,True,[male];,,[algemeen nederlands].,[(inbuilt)];,[dynamic|field recorder];,
xymedia,xymedia,20130527,Pattattezak,0.5342415,False,[male];,,[algemeen nederlands].,[(inbuilt)];,[dynamic|field recorder];,
xymedia,xymedia,04032016,xymedia,0.58643264,True,[male];,,[algemeen nederlands].,[(inbuilt)];,[dynamic|field recorder];,
xymedia,xymedia,04032016,xymedia,0.615767,True,[male];,,[algemeen nederlands].,[(inbuilt)];,[dynamic|field recorder];,
xymedia,xymedia,04032016,xymedia,0.6780377,True,[male];,,[algemeen nederlands].,[(inbuilt)];,[dynamic|field recorder];,
xymedia,xymedia,04032016,xymedia,0.46043304,True,[male];,,[algemeen nederlands].,[(inbuilt)];,[dynamic|field recorder];,
xymedia,xymedia,20120930,Pleytos,0.56605303,False,[male];,,[algemeen nederlands].,[(inbuilt)];,[dynamic|field recorder];,
xymedia,xymedia,04032016,xymedia,0.6153562,True,[male];,,[algemeen nederlands].,[(inbuilt)];,[dynamic|field recorder];,
xymedia,xymedia,04032016,xymedia,0.5823019,True,[male];,,[algemeen nederlands].,[(inbuilt)];,[dynamic|field recorder];,
xymedia,xymedia,04032016,xymedia,0.52218056,True,[male];,,[algemeen nederlands].,[(inbuilt)];,[dynamic|field recorder];,
xymedia,xymedia,04032016,xymedia,0.6515328,True,[male];,,[algemeen nederlands].,[(inbuilt)];,[dynamic|field recorder];,
xymedia,xymedia,04032016,xymedia,0.667832,True,[male];,,[algemeen nederlands].,[(inbuilt)];,[dynamic|field recorder];,
xymedia,xymedia,04032016,xymedia,0.55309206,True,[male];,,[algemeen nederlands].,[(inbuilt)];,[dynamic|field recorder];,
xymedia,xymedia,04032016,xymedia,0.66014975,True,[male];,,[algemeen nederlands].,[(inbuilt)];,[dynamic|field recorder];,
xymedia,xymedia,20080711,Robin,0.43445346,False,[male];,,[algemeen nederlands].,[(inbuilt)];,[dynamic|field recorder];,
xymedia,xymedia,04032016,xymedia,0.60629797,True,[male];,,[algemeen nederlands].,[(inbuilt)];,[dynamic|field recorder];,
xymedia,xymedia,04032016,xymedia,0.60949874,True,[male];,,[algemeen nederlands].,[(inbuilt)];,[dynamic|field recorder];,
xymedia,xymedia,04032016,xymedia,0.52455145,True,[male];,,[algemeen nederlands].,[(inbuilt)];,[dynamic|field recorder];,
xymedia,xymedia,20090617,Johan,0.5706872,False,[male];,,[algemeen nederlands].,[(inbuilt)];,[dynamic|field recorder];,
xymedia,xymedia,04032016,xymedia,0.54533416,True,[male];,,[algemeen nederlands].,[(inbuilt)];,[dynamic|field recorder];,
xymedia,xymedia,04032016,xymedia,0.6283195,True,[male];,,[algemeen nederlands].,[(inbuilt)];,[dynamic|field recorder];,
xymedia,xymedia,04032016,xymedia,0.5683783,True,[male];,,[algemeen nederlands].,[(inbuilt)];,[dynamic|field recorder];,
xymedia,xymedia,04032016,xymedia,0.6772606,True,[male];,,[algemeen nederlands].,[(inbuilt)];,[dynamic|field recorder];,
xymedia,xymedia,04032016,xymedia,0.50082064,True,[male];,,[algemeen nederlands].,[(inbuilt)];,[dynamic|field recorder];,
xymedia,xymedia,04032016,xymedia,0.651029,True,[male];,,[algemeen nederlands].,[(inbuilt)];,[dynamic|field recorder];,
xymedia,xymedia,04032016,xymedia,0.6472361,True,[male];,,[algemeen nederlands].,[(inbuilt)];,[dynamic|field recorder];,
xymedia,xymedia,04032016,xymedia,0.62037134,True,[male];,,[algemeen nederlands].,[(inbuilt)];,[dynamic|field recorder];,
xymedia,xymedia,04032016,xymedia,0.5889534,True,[male];,,[algemeen nederlands].,[(inbuilt)];,[dynamic|field recorder];,
xymedia,xymedia,04032016,xymedia,0.63949186,True,[male];,,[algemeen nederlands].,[(inbuilt)];,[dynamic|field recorder];,
xymedia,xymedia,04032016,xymedia,0.53735346,True,[male];,,[algemeen nederlands].,[(inbuilt)];,[dynamic|field recorder];,
xymedia,xymedia,04032016,xymedia,0.6350349,True,[male];,,[algemeen nederlands].,[(inbuilt)];,[dynamic|field recorder];,
xymedia,xymedia,04032016,xymedia,0.5817243,True,[male];,,[algemeen nederlands].,[(inbuilt)];,[dynamic|field recorder];,
xymedia,xymedia,04032016,xymedia,0.6404021,True,[male];,,[algemeen nederlands].,[(inbuilt)];,[dynamic|field recorder];,
xymedia,xymedia,04032016,xymedia,0.604355,True,[male];,,[algemeen nederlands].,[(inbuilt)];,[dynamic|field recorder];,
xymedia,xymedia,04032016,xymedia,0.6183609,True,[male];,,[algemeen nederlands].,[(inbuilt)];,[dynamic|field recorder];,
xymedia,xymedia,04032016,xymedia,0.6013416,True,[male];,,[algemeen nederlands].,[(inbuilt)];,[dynamic|field recorder];,
xymedia,xymedia,04032016,xymedia,0.506879,True,[male];,,[algemeen nederlands].,[(inbuilt)];,[dynamic|field recorder];,
xymedia,xymedia,04032016,xymedia,0.5918834,True,[male];,,[algemeen nederlands].,[(inbuilt)];,[dynamic|field recorder];,
xymedia,xymedia,04032016,xymedia,0.6348516,True,[male];,,[algemeen nederlands].,[(inbuilt)];,[dynamic|field recorder];,
xymedia,xymedia,04032016,xymedia,0.61812603,True,[male];,,[algemeen nederlands].,[(inbuilt)];,[dynamic|field recorder];,
xymedia,xymedia,04032016,xymedia,0.66272783,True,[male];,,[algemeen nederlands].,[(inbuilt)];,[dynamic|field recorder];,
xymedia,xymedia,04032016,xymedia,0.51171553,True,[male];,,[algemeen nederlands].,[(inbuilt)];,[dynamic|field recorder];,
xymedia,xymedia,04032016,xymedia,0.70402193,True,[male];,,[algemeen nederlands].,[(inbuilt)];,[dynamic|field recorder];,
xymedia,xymedia,04032016,xymedia,0.5472869,True,[male];,,[algemeen nederlands].,[(inbuilt)];,[dynamic|field recorder];,
xymedia,xymedia,04032016,xymedia,0.7069191,True,[male];,,[algemeen nederlands].,[(inbuilt)];,[dynamic|field recorder];,
xymedia,xymedia,04032016,xymedia,0.6489174,True,[male];,,[algemeen nederlands].,[(inbuilt)];,[dynamic|field recorder];,
xymedia,xymedia,04032016,xymedia,0.69327563,True,[male];,,[algemeen nederlands].,[(inbuilt)];,[dynamic|field recorder];,
xymedia,xymedia,04032016,xymedia,0.5483403,True,[male];,,[algemeen nederlands].,[(inbuilt)];,[dynamic|field recorder];,
xymedia,xymedia,04032016,xymedia,0.583461,True,[male];,,[algemeen nederlands].,[(inbuilt)];,[dynamic|field recorder];,
xymedia,xymedia,04032016,xymedia,0.574843,True,[male];,,[algemeen nederlands].,[(inbuilt)];,[dynamic|field recorder];,
xymedia,xymedia,04032016,xymedia,0.67133296,True,[male];,,[algemeen nederlands].,[(inbuilt)];,[dynamic|field recorder];,
xymedia,xymedia,04032016,xymedia,0.6172338,True,[male];,,[algemeen nederlands].,[(inbuilt)];,[dynamic|field recorder];,
xymedia,xymedia,04032016,xymedia,0.62158567,True,[male];,,[algemeen nederlands].,[(inbuilt)];,[dynamic|field recorder];,
xymedia,xymedia,04032016,xymedia,0.6863835,True,[male];,,[algemeen nederlands].,[(inbuilt)];,[dynamic|field recorder];,
xymedia,xymedia,04032016,xymedia,0.70495856,True,[male];,,[algemeen nederlands].,[(inbuilt)];,[dynamic|field recorder];,
xymedia,xymedia,04032016,xymedia,0.60806096,True,[male];,,[algemeen nederlands].,[(inbuilt)];,[dynamic|field recorder];,
xymedia,xymedia,04032016,xymedia,0.61291456,True,[male];,,[algemeen nederlands].,[(inbuilt)];,[dynamic|field recorder];,
xymedia,xymedia,04032016,xymedia,0.5912658,True,[male];,,[algemeen nederlands].,[(inbuilt)];,[dynamic|field recorder];,
xymedia,xymedia,04032016,xymedia,0.5956843,True,[male];,,[algemeen nederlands].,[(inbuilt)];,[dynamic|field recorder];,
xymedia,xymedia,04032016,xymedia,0.7127008,True,[male];,,[algemeen nederlands].,[(inbuilt)];,[dynamic|field recorder];,
xymedia,xymedia,04032016,xymedia,0.71675915,True,[male];,,[algemeen nederlands].,[(inbuilt)];,[dynamic|field recorder];,
xymedia,xymedia,04032016,xymedia,0.7041215,True,[male];,,[algemeen nederlands].,[(inbuilt)];,[dynamic|field recorder];,
xymedia,xymedia,04032016,xymedia,0.68698394,True,[male];,,[algemeen nederlands].,[(inbuilt)];,[dynamic|field recorder];,
xymedia,xymedia,04032016,xymedia,0.59819317,True,[male];,,[algemeen nederlands].,[(inbuilt)];,[dynamic|field recorder];,
xymedia,xymedia,04032016,xymedia,0.6253588,True,[male];,,[algemeen nederlands].,[(inbuilt)];,[dynamic|field recorder];,
xymedia,xymedia,04032016,xymedia,0.60272145,True,[male];,,[algemeen nederlands].,[(inbuilt)];,[dynamic|field recorder];,
xymedia,xymedia,04032016,xymedia,0.7031829,True,[male];,,[algemeen nederlands].,[(inbuilt)];,[dynamic|field recorder];,
xymedia,xymedia,04032016,xymedia,0.6244644,True,[male];,,[algemeen nederlands].,[(inbuilt)];,[dynamic|field recorder];,
xymedia,xymedia,04032016,xymedia,0.6072879,True,[male];,,[algemeen nederlands].,[(inbuilt)];,[dynamic|field recorder];,
Yannis,Yannis,20140228,Yannis,0.70049655,True,mannelijk,volwassen,algemeen Nederlands,n/a,microfoon in laptop,48000
Yannis,Yannis,20140228,Yannis,0.7234993,True,mannelijk,volwassen,algemeen Nederlands,n/a,microfoon in laptop,48000
Yannis,Yannis,20140228,Yannis,0.6853971,True,mannelijk,volwassen,algemeen Nederlands,n/a,microfoon in laptop,48000
Yannis,Yannis,20140228,Yannis,0.8018364,True,mannelijk,volwassen,algemeen Nederlands,n/a,microfoon in laptop,48000
Yannis,Yannis,20140228,Yannis,0.7649894,True,mannelijk,volwassen,algemeen Nederlands,n/a,microfoon in laptop,48000
Yannis,Yannis,20140228,Yannis,0.68197596,True,mannelijk,volwassen,algemeen Nederlands,n/a,microfoon in laptop,48000
Yannis,Yannis,20140228,Yannis,0.66255283,True,mannelijk,volwassen,algemeen Nederlands,n/a,microfoon in laptop,48000
Yannis,Yannis,20140228,Yannis,0.6575906,True,mannelijk,volwassen,algemeen Nederlands,n/a,microfoon in laptop,48000
Yannis,Yannis,20140228,Yannis,0.7065267,True,mannelijk,volwassen,algemeen Nederlands,n/a,microfoon in laptop,48000
Yannis,Yannis,20140228,Yannis,0.7497866,True,mannelijk,volwassen,algemeen Nederlands,n/a,microfoon in laptop,48000
Yannis,Yannis,20140228,Yannis,0.7895597,True,mannelijk,volwassen,algemeen Nederlands,n/a,microfoon in laptop,48000
Yannis,Yannis,20140228,Yannis,0.7661375,True,mannelijk,volwassen,algemeen Nederlands,n/a,microfoon in laptop,48000
Yannis,Yannis,20140228,Yannis,0.7613499,True,mannelijk,volwassen,algemeen Nederlands,n/a,microfoon in laptop,48000
Yannis,Yannis,20140228,Yannis,0.7653192,True,mannelijk,volwassen,algemeen Nederlands,n/a,microfoon in laptop,48000
Yannis,Yannis,20140228,Yannis,0.6715503,True,mannelijk,volwassen,algemeen Nederlands,n/a,microfoon in laptop,48000
Yannis,Yannis,20140228,Yannis,0.790838,True,mannelijk,volwassen,algemeen Nederlands,n/a,microfoon in laptop,48000
Yoox,Yoox,20080226,Yoox,0.6245632,True,vrouwelijk,volwassen,algemeen Nederlands,n/a,headsetmicrofoon,48000
Yannis,Yannis,20140228,Yannis,0.7163862,True,mannelijk,volwassen,algemeen Nederlands,n/a,microfoon in laptop,48000
Yannis,Yannis,20140228,Yannis,0.7649064,True,mannelijk,volwassen,algemeen Nederlands,n/a,microfoon in laptop,48000
Yannis,Yannis,20140228,Yannis,0.7113243,True,mannelijk,volwassen,algemeen Nederlands,n/a,microfoon in laptop,48000
Yoox,Yoox,20080226,Yoox,0.5863656,True,vrouwelijk,volwassen,algemeen Nederlands,n/a,headsetmicrofoon,48000
Yoox,Yoox,20080226,Yoox,0.65640646,True,vrouwelijk,volwassen,algemeen Nederlands,n/a,headsetmicrofoon,48000
Yoox,Yoox,20080226,Yoox,0.684451,True,vrouwelijk,volwassen,algemeen Nederlands,n/a,headsetmicrofoon,48000
Yoox,Yoox,20080226,Yoox,0.74052584,True,vrouwelijk,volwassen,algemeen Nederlands,n/a,headsetmicrofoon,48000
Yoox,Yoox,20080226,Yoox,0.659954,True,vrouwelijk,volwassen,algemeen Nederlands,n/a,headsetmicrofoon,48000
Yoox,Yoox,20080226,Yoox,0.7661191,True,vrouwelijk,volwassen,algemeen Nederlands,n/a,headsetmicrofoon,48000
Yoox,Yoox,20080226,Yoox,0.6005958,True,vrouwelijk,volwassen,algemeen Nederlands,n/a,headsetmicrofoon,48000
Yoox,Yoox,20080226,Yoox,0.69558394,True,vrouwelijk,volwassen,algemeen Nederlands,n/a,headsetmicrofoon,48000
zusje,zusje,20081011,zusje,0.7017098,True,vrouwelijk,volwassen,Noordoostelijk,n/a,headsetmicrofoon,48000
zusje,zusje,20081011,zusje,0.69329005,True,vrouwelijk,volwassen,Noordoostelijk,n/a,headsetmicrofoon,48000
zusje,zusje,20081011,zusje,0.640066,True,vrouwelijk,volwassen,Noordoostelijk,n/a,headsetmicrofoon,48000
zusje,zusje,20081011,zusje,0.5693202,True,vrouwelijk,volwassen,Noordoostelijk,n/a,headsetmicrofoon,48000
zusje,zusje,20081011,zusje,0.6696457,True,vrouwelijk,volwassen,Noordoostelijk,n/a,headsetmicrofoon,48000
zusje,zusje,20081011,zusje,0.73150504,True,vrouwelijk,volwassen,Noordoostelijk,n/a,headsetmicrofoon,48000
zusje,zusje,20081011,zusje,0.72765285,True,vrouwelijk,volwassen,Noordoostelijk,n/a,headsetmicrofoon,48000
zusje,zusje,20081011,zusje,0.61618596,True,vrouwelijk,volwassen,Noordoostelijk,n/a,headsetmicrofoon,48000
zusje,zusje,20081011,zusje,0.73240036,True,vrouwelijk,volwassen,Noordoostelijk,n/a,headsetmicrofoon,48000
zusje,zusje,20081011,zusje,0.72933424,True,vrouwelijk,volwassen,Noordoostelijk,n/a,headsetmicrofoon,48000
zusje,zusje,20081011,zusje,0.67048395,True,vrouwelijk,volwassen,Noordoostelijk,n/a,headsetmicrofoon,48000
zusje,zusje,20081011,zusje,0.7453252,True,vrouwelijk,volwassen,Noordoostelijk,n/a,headsetmicrofoon,48000
zusje,zusje,20081011,zusje,0.7162334,True,vrouwelijk,volwassen,Noordoostelijk,n/a,headsetmicrofoon,48000
zusje,zusje,20081011,zusje,0.672434,True,vrouwelijk,volwassen,Noordoostelijk,n/a,headsetmicrofoon,48000
zusje,zusje,20081011,zusje,0.69772637,True,vrouwelijk,volwassen,Noordoostelijk,n/a,headsetmicrofoon,48000
zusje,zusje,20081011,zusje,0.5911,True,vrouwelijk,volwassen,Noordoostelijk,n/a,headsetmicrofoon,48000
zusje,zusje,20081011,zusje,0.70010984,True,vrouwelijk,volwassen,Noordoostelijk,n/a,headsetmicrofoon,48000
zusje,zusje,20081011,zusje,0.61830866,True,vrouwelijk,volwassen,Noordoostelijk,n/a,headsetmicrofoon,48000
zusje,zusje,20081011,zusje,0.6547215,True,vrouwelijk,volwassen,Noordoostelijk,n/a,headsetmicrofoon,48000
zusje,zusje,20081011,zusje,0.6009857,True,vrouwelijk,volwassen,Noordoostelijk,n/a,headsetmicrofoon,48000
zusje,zusje,20081011,zusje,0.6624246,True,vrouwelijk,volwassen,Noordoostelijk,n/a,headsetmicrofoon,48000
zusje,zusje,20081011,zusje,0.68360823,True,vrouwelijk,volwassen,Noordoostelijk,n/a,headsetmicrofoon,48000
zusje,zusje,20081011,zusje,0.53381675,True,vrouwelijk,volwassen,Noordoostelijk,n/a,headsetmicrofoon,48000
zusje,zusje,20081011,zusje,0.6505717,True,vrouwelijk,volwassen,Noordoostelijk,n/a,headsetmicrofoon,48000
zusje,zusje,20081011,zusje,0.6546371,True,vrouwelijk,volwassen,Noordoostelijk,n/a,headsetmicrofoon,48000
zusje,zusje,20081011,zusje,0.6024676,True,vrouwelijk,volwassen,Noordoostelijk,n/a,headsetmicrofoon,48000
zusje,zusje,20081011,zusje,0.6438093,True,vrouwelijk,volwassen,Noordoostelijk,n/a,headsetmicrofoon,48000
zusje,zusje,20081011,zusje,0.55408734,True,vrouwelijk,volwassen,Noordoostelijk,n/a,headsetmicrofoon,48000
zusje,zusje,20081011,zusje,0.61143446,True,vrouwelijk,volwassen,Noordoostelijk,n/a,headsetmicrofoon,48000
zusje,zusje,20081011,zusje,0.71711147,True,vrouwelijk,volwassen,Noordoostelijk,n/a,headsetmicrofoon,48000
zusje,zusje,20081011,zusje,0.6995642,True,vrouwelijk,volwassen,Noordoostelijk,n/a,headsetmicrofoon,48000
zusje,zusje,20081011,zusje,0.57198673,True,vrouwelijk,volwassen,Noordoostelijk,n/a,headsetmicrofoon,48000
zusje,zusje,20081011,zusje,0.6607448,True,vrouwelijk,volwassen,Noordoostelijk,n/a,headsetmicrofoon,48000
zusje,zusje,20081011,zusje,0.6693621,True,vrouwelijk,volwassen,Noordoostelijk,n/a,headsetmicrofoon,48000
zusje,zusje,20081011,zusje,0.7109717,True,vrouwelijk,volwassen,Noordoostelijk,n/a,headsetmicrofoon,48000
zusje,zusje,20081011,zusje,0.66509545,True,vrouwelijk,volwassen,Noordoostelijk,n/a,headsetmicrofoon,48000
zusje,zusje,20081011,zusje,0.5600441,True,vrouwelijk,volwassen,Noordoostelijk,n/a,headsetmicrofoon,48000
zusje,zusje,20081011,zusje,0.6002569,True,vrouwelijk,volwassen,Noordoostelijk,n/a,headsetmicrofoon,48000
zusje,zusje,20081011,zusje,0.5192412,True,vrouwelijk,volwassen,Noordoostelijk,n/a,headsetmicrofoon,48000
zusje,zusje,20080909,floor,0.56203586,False,vrouwelijk,volwassen,Noordoostelijk,n/a,headsetmicrofoon,48000
zusje,zusje,20081011,zusje,0.6471421,True,vrouwelijk,volwassen,Noordoostelijk,n/a,headsetmicrofoon,48000
zusje,zusje,20081011,zusje,0.5277052,True,vrouwelijk,volwassen,Noordoostelijk,n/a,headsetmicrofoon,48000
zusje,zusje,20081011,zusje,0.675293,True,vrouwelijk,volwassen,Noordoostelijk,n/a,headsetmicrofoon,48000
zusje,zusje,20081011,zusje,0.59269804,True,vrouwelijk,volwassen,Noordoostelijk,n/a,headsetmicrofoon,48000
zusje,zusje,20081011,zusje,0.5650269,True,vrouwelijk,volwassen,Noordoostelijk,n/a,headsetmicrofoon,48000
zusje,zusje,20081011,zusje,0.62423694,True,vrouwelijk,volwassen,Noordoostelijk,n/a,headsetmicrofoon,48000
zusje,zusje,20081011,zusje,0.643789,True,vrouwelijk,volwassen,Noordoostelijk,n/a,headsetmicrofoon,48000
zusje,zusje,20081011,zusje,0.599091,True,vrouwelijk,volwassen,Noordoostelijk,n/a,headsetmicrofoon,48000
zusje,zusje,20081011,zusje,0.57296044,True,vrouwelijk,volwassen,Noordoostelijk,n/a,headsetmicrofoon,48000
zusje,zusje,20081011,zusje,0.5357809,True,vrouwelijk,volwassen,Noordoostelijk,n/a,headsetmicrofoon,48000
zusje,zusje,20081011,zusje,0.56990504,True,vrouwelijk,volwassen,Noordoostelijk,n/a,headsetmicrofoon,48000
zusje,zusje,20081011,zusje,0.66944647,True,vrouwelijk,volwassen,Noordoostelijk,n/a,headsetmicrofoon,48000
zusje,zusje,20081011,zusje,0.56372046,True,vrouwelijk,volwassen,Noordoostelijk,n/a,headsetmicrofoon,48000
zusje,zusje,20081011,zusje,0.6665839,True,vrouwelijk,volwassen,Noordoostelijk,n/a,headsetmicrofoon,48000
zusje,zusje,20081011,zusje,0.5597173,True,vrouwelijk,volwassen,Noordoostelijk,n/a,headsetmicrofoon,48000
zusje,zusje,20081011,zusje,0.5848898,True,vrouwelijk,volwassen,Noordoostelijk,n/a,headsetmicrofoon,48000
zusje,zusje,20080302,ruth,0.4547306,False,vrouwelijk,volwassen,Noordoostelijk,n/a,headsetmicrofoon,48000
zusje,zusje,20081011,zusje,0.65030706,True,vrouwelijk,volwassen,Noordoostelijk,n/a,headsetmicrofoon,48000
zusje,zusje,20081011,zusje,0.5963349,True,vrouwelijk,volwassen,Noordoostelijk,n/a,headsetmicrofoon,48000
zusje,zusje,20081011,zusje,0.5462157,True,vrouwelijk,volwassen,Noordoostelijk,n/a,headsetmicrofoon,48000
zusje,zusje,20080909,floor,0.4675809,False,vrouwelijk,volwassen,Noordoostelijk,n/a,headsetmicrofoon,48000
zusje,zusje,20081011,zusje,0.59307665,True,vrouwelijk,volwassen,Noordoostelijk,n/a,headsetmicrofoon,48000
zusje,zusje,20081011,zusje,0.5284533,True,vrouwelijk,volwassen,Noordoostelijk,n/a,headsetmicrofoon,48000
zusje,zusje,20081011,zusje,0.6865474,True,vrouwelijk,volwassen,Noordoostelijk,n/a,headsetmicrofoon,48000
zusje,zusje,20081011,zusje,0.71073836,True,vrouwelijk,volwassen,Noordoostelijk,n/a,headsetmicrofoon,48000
zusje,zusje,20081011,zusje,0.6825416,True,vrouwelijk,volwassen,Noordoostelijk,n/a,headsetmicrofoon,48000
zusje,zusje,20081011,zusje,0.5606086,True,vrouwelijk,volwassen,Noordoostelijk,n/a,headsetmicrofoon,48000
zusje,zusje,20081011,zusje,0.59518075,True,vrouwelijk,volwassen,Noordoostelijk,n/a,headsetmicrofoon,48000
zusje,zusje,20081011,zusje,0.6784281,True,vrouwelijk,volwassen,Noordoostelijk,n/a,headsetmicrofoon,48000
zusje,zusje,20081011,zusje,0.3873597,True,vrouwelijk,volwassen,Noordoostelijk,n/a,headsetmicrofoon,48000
zusje,zusje,20081011,zusje,0.50639766,True,vrouwelijk,volwassen,Noordoostelijk,n/a,headsetmicrofoon,48000
zusje,zusje,20081011,zusje,0.5725848,True,vrouwelijk,volwassen,Noordoostelijk,n/a,headsetmicrofoon,48000
zusje,zusje,20081011,zusje,0.6253289,True,vrouwelijk,volwassen,Noordoostelijk,n/a,headsetmicrofoon,48000
zusje,zusje,20081011,zusje,0.5809447,True,vrouwelijk,volwassen,Noordoostelijk,n/a,headsetmicrofoon,48000
zusje,zusje,20081011,zusje,0.63421607,True,vrouwelijk,volwassen,Noordoostelijk,n/a,headsetmicrofoon,48000
zusje,zusje,20081011,zusje,0.56740385,True,vrouwelijk,volwassen,Noordoostelijk,n/a,headsetmicrofoon,48000
zusje,zusje,20081011,zusje,0.54613817,True,vrouwelijk,volwassen,Noordoostelijk,n/a,headsetmicrofoon,48000
zusje,zusje,20081011,zusje,0.5049748,True,vrouwelijk,volwassen,Noordoostelijk,n/a,headsetmicrofoon,48000
zusje,zusje,20081011,zusje,0.5427054,True,vrouwelijk,volwassen,Noordoostelijk,n/a,headsetmicrofoon,48000
zusje,zusje,20081011,zusje,0.59913373,True,vrouwelijk,volwassen,Noordoostelijk,n/a,headsetmicrofoon,48000
zusje,zusje,20081011,zusje,0.43683004,True,vrouwelijk,volwassen,Noordoostelijk,n/a,headsetmicrofoon,48000
zusje,zusje,20081011,zusje,0.6185957,True,vrouwelijk,volwassen,Noordoostelijk,n/a,headsetmicrofoon,48000
zusje,zusje,20081011,zusje,0.6187172,True,vrouwelijk,volwassen,Noordoostelijk,n/a,headsetmicrofoon,48000
zusje,zusje,20081011,zusje,0.63691413,True,vrouwelijk,volwassen,Noordoostelijk,n/a,headsetmicrofoon,48000
zusje,zusje,20081011,zusje,0.5560789,True,vrouwelijk,volwassen,Noordoostelijk,n/a,headsetmicrofoon,48000
zusje,zusje,20081011,zusje,0.62601185,True,vrouwelijk,volwassen,Noordoostelijk,n/a,headsetmicrofoon,48000
zusje,zusje,20081011,zusje,0.6408297,True,vrouwelijk,volwassen,Noordoostelijk,n/a,headsetmicrofoon,48000
zusje,zusje,20081011,zusje,0.5606424,True,vrouwelijk,volwassen,Noordoostelijk,n/a,headsetmicrofoon,48000
zusje,zusje,20080909,floor,0.5263617,False,vrouwelijk,volwassen,Noordoostelijk,n/a,headsetmicrofoon,48000
zusje,zusje,20081011,zusje,0.5246125,True,vrouwelijk,volwassen,Noordoostelijk,n/a,headsetmicrofoon,48000
zusje,zusje,20081011,zusje,0.6352861,True,vrouwelijk,volwassen,Noordoostelijk,n/a,headsetmicrofoon,48000
zusje,zusje,20081011,zusje,0.4107073,True,vrouwelijk,volwassen,Noordoostelijk,n/a,headsetmicrofoon,48000
zusje,zusje,20081011,zusje,0.626372,True,vrouwelijk,volwassen,Noordoostelijk,n/a,headsetmicrofoon,48000
zusje,zusje,20081011,zusje,0.54012704,True,vrouwelijk,volwassen,Noordoostelijk,n/a,headsetmicrofoon,48000
zusje,zusje,20081011,zusje,0.5780902,True,vrouwelijk,volwassen,Noordoostelijk,n/a,headsetmicrofoon,48000
zusje,zusje,20081011,zusje,0.6166154,True,vrouwelijk,volwassen,Noordoostelijk,n/a,headsetmicrofoon,48000
zusje,zusje,20081011,zusje,0.54824483,True,vrouwelijk,volwassen,Noordoostelijk,n/a,headsetmicrofoon,48000
zusje,zusje,20081011,zusje,0.47563493,True,vrouwelijk,volwassen,Noordoostelijk,n/a,headsetmicrofoon,48000
zusje,zusje,20081011,zusje,0.6458979,True,vrouwelijk,volwassen,Noordoostelijk,n/a,headsetmicrofoon,48000
zusje,zusje,20081011,zusje,0.519748,True,vrouwelijk,volwassen,Noordoostelijk,n/a,headsetmicrofoon,48000
zusje,zusje,20081011,zusje,0.5487493,True,vrouwelijk,volwassen,Noordoostelijk,n/a,headsetmicrofoon,48000
zusje,zusje,20081011,zusje,0.47880334,True,vrouwelijk,volwassen,Noordoostelijk,n/a,headsetmicrofoon,48000
zusje,zusje,20081011,zusje,0.59603286,True,vrouwelijk,volwassen,Noordoostelijk,n/a,headsetmicrofoon,48000
zusje,zusje,20081011,zusje,0.5730184,True,vrouwelijk,volwassen,Noordoostelijk,n/a,headsetmicrofoon,48000
zusje,zusje,20081011,zusje,0.63447297,True,vrouwelijk,volwassen,Noordoostelijk,n/a,headsetmicrofoon,48000
zusje,zusje,20081011,zusje,0.5615684,True,vrouwelijk,volwassen,Noordoostelijk,n/a,headsetmicrofoon,48000
zusje,zusje,20081011,zusje,0.6391581,True,vrouwelijk,volwassen,Noordoostelijk,n/a,headsetmicrofoon,48000
zusje,zusje,20081011,zusje,0.5576695,True,vrouwelijk,volwassen,Noordoostelijk,n/a,headsetmicrofoon,48000
zusje,zusje,20081011,zusje,0.4942559,True,vrouwelijk,volwassen,Noordoostelijk,n/a,headsetmicrofoon,48000
zusje,zusje,20081011,zusje,0.5984779,True,vrouwelijk,volwassen,Noordoostelijk,n/a,headsetmicrofoon,48000
zusje,zusje,20081011,zusje,0.5833343,True,vrouwelijk,volwassen,Noordoostelijk,n/a,headsetmicrofoon,48000
zusje,zusje,20081011,zusje,0.5606791,True,vrouwelijk,volwassen,Noordoostelijk,n/a,headsetmicrofoon,48000
zusje,zusje,20081011,zusje,0.5251326,True,vrouwelijk,volwassen,Noordoostelijk,n/a,headsetmicrofoon,48000
zusje,zusje,20081011,zusje,0.6710683,True,vrouwelijk,volwassen,Noordoostelijk,n/a,headsetmicrofoon,48000
zusje,zusje,20081011,zusje,0.606728,True,vrouwelijk,volwassen,Noordoostelijk,n/a,headsetmicrofoon,48000
zusje,zusje,20081011,zusje,0.57162803,True,vrouwelijk,volwassen,Noordoostelijk,n/a,headsetmicrofoon,48000
zusje,zusje,20081011,zusje,0.6707717,True,vrouwelijk,volwassen,Noordoostelijk,n/a,headsetmicrofoon,48000
zusje,zusje,20081011,zusje,0.5561431,True,vrouwelijk,volwassen,Noordoostelijk,n/a,headsetmicrofoon,48000
zusje,zusje,20081011,zusje,0.6044105,True,vrouwelijk,volwassen,Noordoostelijk,n/a,headsetmicrofoon,48000
zusje,zusje,20081011,zusje,0.53473526,True,vrouwelijk,volwassen,Noordoostelijk,n/a,headsetmicrofoon,48000
zusje,zusje,20081011,zusje,0.6822933,True,vrouwelijk,volwassen,Noordoostelijk,n/a,headsetmicrofoon,48000
zusje,zusje,20081011,zusje,0.627455,True,vrouwelijk,volwassen,Noordoostelijk,n/a,headsetmicrofoon,48000
zusje,zusje,20081011,zusje,0.6265193,True,vrouwelijk,volwassen,Noordoostelijk,n/a,headsetmicrofoon,48000
zusje,zusje,20081011,zusje,0.5373499,True,vrouwelijk,volwassen,Noordoostelijk,n/a,headsetmicrofoon,48000
zusje,zusje,20081011,zusje,0.5305277,True,vrouwelijk,volwassen,Noordoostelijk,n/a,headsetmicrofoon,48000
zusje,zusje,20081011,zusje,0.6063769,True,vrouwelijk,volwassen,Noordoostelijk,n/a,headsetmicrofoon,48000
zusje,zusje,20081011,zusje,0.62304664,True,vrouwelijk,volwassen,Noordoostelijk,n/a,headsetmicrofoon,48000
zusje,zusje,20081011,zusje,0.6290727,True,vrouwelijk,volwassen,Noordoostelijk,n/a,headsetmicrofoon,48000
zusje,zusje,20081011,zusje,0.63009304,True,vrouwelijk,volwassen,Noordoostelijk,n/a,headsetmicrofoon,48000
zusje,zusje,20081011,zusje,0.5963206,True,vrouwelijk,volwassen,Noordoostelijk,n/a,headsetmicrofoon,48000
zusje,zusje,20081011,zusje,0.5840453,True,vrouwelijk,volwassen,Noordoostelijk,n/a,headsetmicrofoon,48000
zusje,zusje,20081011,zusje,0.59466946,True,vrouwelijk,volwassen,Noordoostelijk,n/a,headsetmicrofoon,48000
zusje,zusje,20081011,zusje,0.5451055,True,vrouwelijk,volwassen,Noordoostelijk,n/a,headsetmicrofoon,48000
zusje,zusje,20081011,zusje,0.5558363,True,vrouwelijk,volwassen,Noordoostelijk,n/a,headsetmicrofoon,48000
zusje,zusje,20081011,zusje,0.5744948,True,vrouwelijk,volwassen,Noordoostelijk,n/a,headsetmicrofoon,48000
zusje,zusje,20081011,zusje,0.5649316,True,vrouwelijk,volwassen,Noordoostelijk,n/a,headsetmicrofoon,48000
zusje,zusje,20081011,zusje,0.5939993,True,vrouwelijk,volwassen,Noordoostelijk,n/a,headsetmicrofoon,48000
zusje,zusje,20081011,zusje,0.5303978,True,vrouwelijk,volwassen,Noordoostelijk,n/a,headsetmicrofoon,48000
zusje,zusje,20081011,zusje,0.5815012,True,vrouwelijk,volwassen,Noordoostelijk,n/a,headsetmicrofoon,48000
zzzax,zzzax,20140415,zzzax,0.586712,True,mannelijk,volwassen,Zuidoostelijk,n/a,Maak een keuze,48000
zzzax,zzzax,20140415,zzzax,0.6452114,True,mannelijk,volwassen,Zuidoostelijk,n/a,Maak een keuze,48000
zzzax,zzzax,20140415,zzzax,0.495084,True,mannelijk,volwassen,Zuidoostelijk,n/a,Maak een keuze,48000
zzzax,zzzax,20140415,zzzax,0.68445015,True,mannelijk,volwassen,Zuidoostelijk,n/a,Maak een keuze,48000
zzzax,zzzax,20140415,zzzax,0.70469964,True,mannelijk,volwassen,Zuidoostelijk,n/a,Maak een keuze,48000
zzzax,zzzax,20140415,zzzax,0.6817886,True,mannelijk,volwassen,Zuidoostelijk,n/a,Maak een keuze,48000
zzzax,zzzax,20140415,zzzax,0.5869771,True,mannelijk,volwassen,Zuidoostelijk,n/a,Maak een keuze,48000
zzzax,zzzax,20140415,zzzax,0.5237316,True,mannelijk,volwassen,Zuidoostelijk,n/a,Maak een keuze,48000
zzzax,zzzax,20140415,zzzax,0.75499356,True,mannelijk,volwassen,Zuidoostelijk,n/a,Maak een keuze,48000
